scheduler_name,config,config_id,instance_id,size,makespan,execution_time_s,solution_count,best_known_makespan,rpd
TS,"{'neighbourhood_size': 50, 'dynamic_tenure': True, 'base_tabu_tenure': 10, 'no_improve_diversify': 25, 'diversification_factor': 0.1}",1,1,20,123.32514925565765,2.3670713901519775,100001,123.15082171840821,0.14155612996886854
TS,"{'neighbourhood_size': 50, 'dynamic_tenure': True, 'base_tabu_tenure': 10, 'no_improve_diversify': 25, 'diversification_factor': 0.1}",1,2,20,118.3412502482198,2.2803711891174316,100001,118.09705683670249,0.20677349466461065
TS,"{'neighbourhood_size': 50, 'dynamic_tenure': True, 'base_tabu_tenure': 10, 'no_improve_diversify': 25, 'diversification_factor': 0.1}",1,3,20,163.71933808007844,2.2739675045013428,101251,163.3323639440824,0.23692434656032033
TS,"{'neighbourhood_size': 50, 'dynamic_tenure': True, 'base_tabu_tenure': 10, 'no_improve_diversify': 25, 'diversification_factor': 0.1}",1,4,50,315.2101326492654,5.69430947303772,100001,313.8657229517305,0.42833912696534143
TS,"{'neighbourhood_size': 50, 'dynamic_tenure': True, 'base_tabu_tenure': 10, 'no_improve_diversify': 25, 'diversification_factor': 0.1}",1,5,50,357.22148705904243,5.850905895233154,100001,355.5040934692093,0.48308686774147724
TS,"{'neighbourhood_size': 50, 'dynamic_tenure': True, 'base_tabu_tenure': 10, 'no_improve_diversify': 25, 'diversification_factor': 0.1}",1,6,50,381.8875591941223,5.952019929885864,100001,380.5631116201899,0.34802310930603697
TS,"{'neighbourhood_size': 50, 'dynamic_tenure': True, 'base_tabu_tenure': 10, 'no_improve_diversify': 25, 'diversification_factor': 0.1}",1,7,100,758.4662128751488,11.925602674484253,100001,753.8146630781174,0.6170680970886566
TS,"{'neighbourhood_size': 50, 'dynamic_tenure': True, 'base_tabu_tenure': 10, 'no_improve_diversify': 25, 'diversification_factor': 0.1}",1,8,100,709.964295490469,11.474725246429443,100001,703.8324388468143,0.8712097233968614
TS,"{'neighbourhood_size': 50, 'dynamic_tenure': True, 'base_tabu_tenure': 10, 'no_improve_diversify': 25, 'diversification_factor': 0.1}",1,9,100,731.0791607070055,11.285798788070679,100001,726.7409971715465,0.596933921760708
TS,"{'neighbourhood_size': 50, 'dynamic_tenure': True, 'base_tabu_tenure': 10, 'no_improve_diversify': 25, 'diversification_factor': 0.15}",2,1,20,123.42677352502476,2.384124279022217,100001,123.15082171840821,0.22407630153498076
TS,"{'neighbourhood_size': 50, 'dynamic_tenure': True, 'base_tabu_tenure': 10, 'no_improve_diversify': 25, 'diversification_factor': 0.15}",2,2,20,118.38545126229344,2.2633090019226074,100001,118.09705683670249,0.24420119630053583
TS,"{'neighbourhood_size': 50, 'dynamic_tenure': True, 'base_tabu_tenure': 10, 'no_improve_diversify': 25, 'diversification_factor': 0.15}",2,3,20,164.0702566805827,2.3134939670562744,106601,163.3323639440824,0.4517737444569898
TS,"{'neighbourhood_size': 50, 'dynamic_tenure': True, 'base_tabu_tenure': 10, 'no_improve_diversify': 25, 'diversification_factor': 0.15}",2,4,50,315.318180142249,5.702746629714966,100001,313.8657229517305,0.4627638777687938
TS,"{'neighbourhood_size': 50, 'dynamic_tenure': True, 'base_tabu_tenure': 10, 'no_improve_diversify': 25, 'diversification_factor': 0.15}",2,5,50,357.71260951720416,5.821611166000366,100001,355.5040934692093,0.6212350542698167
TS,"{'neighbourhood_size': 50, 'dynamic_tenure': True, 'base_tabu_tenure': 10, 'no_improve_diversify': 25, 'diversification_factor': 0.15}",2,6,50,382.1418334212231,6.583768844604492,111101,380.5631116201899,0.41483836788911466
TS,"{'neighbourhood_size': 50, 'dynamic_tenure': True, 'base_tabu_tenure': 10, 'no_improve_diversify': 25, 'diversification_factor': 0.15}",2,7,100,758.9725252298824,11.759886503219604,100001,753.8146630781174,0.6842347866653942
TS,"{'neighbourhood_size': 50, 'dynamic_tenure': True, 'base_tabu_tenure': 10, 'no_improve_diversify': 25, 'diversification_factor': 0.15}",2,8,100,707.654965305087,11.466285705566406,100001,703.8324388468143,0.5431017735607181
TS,"{'neighbourhood_size': 50, 'dynamic_tenure': True, 'base_tabu_tenure': 10, 'no_improve_diversify': 25, 'diversification_factor': 0.15}",2,9,100,731.559109786315,11.164175748825073,100001,726.7409971715465,0.6629752048557185
TS,"{'neighbourhood_size': 50, 'dynamic_tenure': True, 'base_tabu_tenure': 10, 'no_improve_diversify': 25, 'diversification_factor': 0.25}",3,1,20,123.35278852254581,2.3363616466522217,100001,123.15082171840821,0.1639995586869954
TS,"{'neighbourhood_size': 50, 'dynamic_tenure': True, 'base_tabu_tenure': 10, 'no_improve_diversify': 25, 'diversification_factor': 0.25}",3,2,20,118.35811972005541,2.289188861846924,100001,118.09705683670249,0.22105790808479042
TS,"{'neighbourhood_size': 50, 'dynamic_tenure': True, 'base_tabu_tenure': 10, 'no_improve_diversify': 25, 'diversification_factor': 0.25}",3,3,20,164.25554555363152,2.1778979301452637,100001,163.3323639440824,0.5652165849171044
TS,"{'neighbourhood_size': 50, 'dynamic_tenure': True, 'base_tabu_tenure': 10, 'no_improve_diversify': 25, 'diversification_factor': 0.25}",3,4,50,316.1012071308221,5.703704118728638,100001,313.8657229517305,0.7122422155780915
TS,"{'neighbourhood_size': 50, 'dynamic_tenure': True, 'base_tabu_tenure': 10, 'no_improve_diversify': 25, 'diversification_factor': 0.25}",3,5,50,357.92013891936574,5.815593481063843,100001,355.5040934692093,0.6796111478152932
TS,"{'neighbourhood_size': 50, 'dynamic_tenure': True, 'base_tabu_tenure': 10, 'no_improve_diversify': 25, 'diversification_factor': 0.25}",3,6,50,382.44207050928287,5.942009687423706,100001,380.5631116201899,0.49373121874413983
TS,"{'neighbourhood_size': 50, 'dynamic_tenure': True, 'base_tabu_tenure': 10, 'no_improve_diversify': 25, 'diversification_factor': 0.25}",3,7,100,759.763677923589,11.844518661499023,100001,753.8146630781174,0.7891879976411449
TS,"{'neighbourhood_size': 50, 'dynamic_tenure': True, 'base_tabu_tenure': 10, 'no_improve_diversify': 25, 'diversification_factor': 0.25}",3,8,100,706.7245153168658,11.588846445083618,100001,703.8324388468143,0.4109041172910407
TS,"{'neighbourhood_size': 50, 'dynamic_tenure': True, 'base_tabu_tenure': 10, 'no_improve_diversify': 25, 'diversification_factor': 0.25}",3,9,100,731.5396731554675,11.448570013046265,100001,726.7409971715465,0.6603007127157189
TS,"{'neighbourhood_size': 50, 'dynamic_tenure': True, 'base_tabu_tenure': 10, 'no_improve_diversify': 50, 'diversification_factor': 0.1}",4,1,20,123.32113970968706,2.3685426712036133,100001,123.15082171840821,0.1383003287369794
TS,"{'neighbourhood_size': 50, 'dynamic_tenure': True, 'base_tabu_tenure': 10, 'no_improve_diversify': 50, 'diversification_factor': 0.1}",4,2,20,118.31368657814252,2.316178321838379,100001,118.09705683670249,0.18343364961209238
TS,"{'neighbourhood_size': 50, 'dynamic_tenure': True, 'base_tabu_tenure': 10, 'no_improve_diversify': 50, 'diversification_factor': 0.1}",4,3,20,163.43977870797806,2.1951980590820312,100001,163.3323639440824,0.0657645314754862
TS,"{'neighbourhood_size': 50, 'dynamic_tenure': True, 'base_tabu_tenure': 10, 'no_improve_diversify': 50, 'diversification_factor': 0.1}",4,4,50,314.5849885364667,5.993468284606934,100001,313.8657229517305,0.22916347091740957
TS,"{'neighbourhood_size': 50, 'dynamic_tenure': True, 'base_tabu_tenure': 10, 'no_improve_diversify': 50, 'diversification_factor': 0.1}",4,5,50,357.0570466096272,6.118387937545776,100001,355.5040934692093,0.43683129644537155
TS,"{'neighbourhood_size': 50, 'dynamic_tenure': True, 'base_tabu_tenure': 10, 'no_improve_diversify': 50, 'diversification_factor': 0.1}",4,6,50,381.6268274442419,7.41346001625061,123551,380.5631116201899,0.2795110171144511
TS,"{'neighbourhood_size': 50, 'dynamic_tenure': True, 'base_tabu_tenure': 10, 'no_improve_diversify': 50, 'diversification_factor': 0.1}",4,7,100,757.5108840238001,12.099782705307007,100001,753.8146630781174,0.4903355064213844
TS,"{'neighbourhood_size': 50, 'dynamic_tenure': True, 'base_tabu_tenure': 10, 'no_improve_diversify': 50, 'diversification_factor': 0.1}",4,8,100,707.4375292771726,11.640698671340942,100001,703.8324388468143,0.5122086211691346
TS,"{'neighbourhood_size': 50, 'dynamic_tenure': True, 'base_tabu_tenure': 10, 'no_improve_diversify': 50, 'diversification_factor': 0.1}",4,9,100,730.5512275687597,15.481206893920898,100001,726.7409971715465,0.5242900031844242
TS,"{'neighbourhood_size': 50, 'dynamic_tenure': True, 'base_tabu_tenure': 10, 'no_improve_diversify': 50, 'diversification_factor': 0.15}",5,1,20,123.21449866432856,4.4701032638549805,108751,123.15082171840821,0.05170647262585905
TS,"{'neighbourhood_size': 50, 'dynamic_tenure': True, 'base_tabu_tenure': 10, 'no_improve_diversify': 50, 'diversification_factor': 0.15}",5,2,20,118.30539158118142,4.0175135135650635,100001,118.09705683670249,0.17640976842209138
TS,"{'neighbourhood_size': 50, 'dynamic_tenure': True, 'base_tabu_tenure': 10, 'no_improve_diversify': 50, 'diversification_factor': 0.15}",5,3,20,163.8816355533535,3.822854995727539,100001,163.3323639440824,0.3362907362677661
TS,"{'neighbourhood_size': 50, 'dynamic_tenure': True, 'base_tabu_tenure': 10, 'no_improve_diversify': 50, 'diversification_factor': 0.15}",5,4,50,315.3478040665237,9.597036838531494,100001,313.8657229517305,0.47220228473980397
TS,"{'neighbourhood_size': 50, 'dynamic_tenure': True, 'base_tabu_tenure': 10, 'no_improve_diversify': 50, 'diversification_factor': 0.15}",5,5,50,357.06785342754443,9.953092575073242,100001,355.5040934692093,0.4398711539648079
TS,"{'neighbourhood_size': 50, 'dynamic_tenure': True, 'base_tabu_tenure': 10, 'no_improve_diversify': 50, 'diversification_factor': 0.15}",5,6,50,382.224488558884,10.163923025131226,100001,380.5631116201899,0.43655753486485943
TS,"{'neighbourhood_size': 50, 'dynamic_tenure': True, 'base_tabu_tenure': 10, 'no_improve_diversify': 50, 'diversification_factor': 0.15}",5,7,100,757.8105416330523,19.95491862297058,100001,753.8146630781174,0.5300876661934549
TS,"{'neighbourhood_size': 50, 'dynamic_tenure': True, 'base_tabu_tenure': 10, 'no_improve_diversify': 50, 'diversification_factor': 0.15}",5,8,100,707.9517002628146,19.46846866607666,100001,703.8324388468143,0.5852616601118111
TS,"{'neighbourhood_size': 50, 'dynamic_tenure': True, 'base_tabu_tenure': 10, 'no_improve_diversify': 50, 'diversification_factor': 0.15}",5,9,100,731.9373404146762,18.867704391479492,100001,726.7409971715465,0.715019967685011
TS,"{'neighbourhood_size': 50, 'dynamic_tenure': True, 'base_tabu_tenure': 10, 'no_improve_diversify': 50, 'diversification_factor': 0.25}",6,1,20,123.41152080248983,4.145028114318848,100001,123.15082171840821,0.21169090099758045
TS,"{'neighbourhood_size': 50, 'dynamic_tenure': True, 'base_tabu_tenure': 10, 'no_improve_diversify': 50, 'diversification_factor': 0.25}",6,2,20,118.39904933403115,3.9824142456054688,100001,118.09705683670249,0.2557155152022391
TS,"{'neighbourhood_size': 50, 'dynamic_tenure': True, 'base_tabu_tenure': 10, 'no_improve_diversify': 50, 'diversification_factor': 0.25}",6,3,20,163.7651085488436,3.8375182151794434,100001,163.3323639440824,0.2649472488559362
TS,"{'neighbourhood_size': 50, 'dynamic_tenure': True, 'base_tabu_tenure': 10, 'no_improve_diversify': 50, 'diversification_factor': 0.25}",6,4,50,315.16311830465867,9.616994380950928,100001,313.8657229517305,0.41336000017041996
TS,"{'neighbourhood_size': 50, 'dynamic_tenure': True, 'base_tabu_tenure': 10, 'no_improve_diversify': 50, 'diversification_factor': 0.25}",6,5,50,357.3927143202444,9.91690444946289,100001,355.5040934692093,0.531251506165481
TS,"{'neighbourhood_size': 50, 'dynamic_tenure': True, 'base_tabu_tenure': 10, 'no_improve_diversify': 50, 'diversification_factor': 0.25}",6,6,50,382.27209499390995,10.081014394760132,100001,380.5631116201899,0.44906700663769566
TS,"{'neighbourhood_size': 50, 'dynamic_tenure': True, 'base_tabu_tenure': 10, 'no_improve_diversify': 50, 'diversification_factor': 0.25}",6,7,100,757.1480654207097,19.852307558059692,100001,753.8146630781174,0.44220449745309204
TS,"{'neighbourhood_size': 50, 'dynamic_tenure': True, 'base_tabu_tenure': 10, 'no_improve_diversify': 50, 'diversification_factor': 0.25}",6,8,100,708.6255468783291,19.36757755279541,100001,703.8324388468143,0.6810012961846532
TS,"{'neighbourhood_size': 50, 'dynamic_tenure': True, 'base_tabu_tenure': 10, 'no_improve_diversify': 50, 'diversification_factor': 0.25}",6,9,100,731.9525087274358,18.9773588180542,100001,726.7409971715465,0.7171071366789978
TS,"{'neighbourhood_size': 50, 'dynamic_tenure': True, 'base_tabu_tenure': 10, 'no_improve_diversify': 100, 'diversification_factor': 0.1}",7,1,20,123.339591891869,4.117903470993042,100001,123.15082171840821,0.15328373032900278
TS,"{'neighbourhood_size': 50, 'dynamic_tenure': True, 'base_tabu_tenure': 10, 'no_improve_diversify': 100, 'diversification_factor': 0.1}",7,2,20,118.18939147303678,4.911217212677002,124351,118.09705683670249,0.07818538311412843
TS,"{'neighbourhood_size': 50, 'dynamic_tenure': True, 'base_tabu_tenure': 10, 'no_improve_diversify': 100, 'diversification_factor': 0.1}",7,3,20,163.76499867271932,3.8324122428894043,100001,163.3323639440824,0.26487997736016805
TS,"{'neighbourhood_size': 50, 'dynamic_tenure': True, 'base_tabu_tenure': 10, 'no_improve_diversify': 100, 'diversification_factor': 0.1}",7,4,50,314.57887009249816,9.730637311935425,100001,313.8657229517305,0.22721408826070982
TS,"{'neighbourhood_size': 50, 'dynamic_tenure': True, 'base_tabu_tenure': 10, 'no_improve_diversify': 100, 'diversification_factor': 0.1}",7,5,50,357.07676872499,9.897094249725342,100001,355.5040934692093,0.4423789443417294
TS,"{'neighbourhood_size': 50, 'dynamic_tenure': True, 'base_tabu_tenure': 10, 'no_improve_diversify': 100, 'diversification_factor': 0.1}",7,6,50,381.4269401616807,10.114348888397217,100001,380.5631116201899,0.2269869346540706
TS,"{'neighbourhood_size': 50, 'dynamic_tenure': True, 'base_tabu_tenure': 10, 'no_improve_diversify': 100, 'diversification_factor': 0.1}",7,7,100,756.923428109615,19.91627788543701,100001,753.8146630781174,0.4124044256187956
TS,"{'neighbourhood_size': 50, 'dynamic_tenure': True, 'base_tabu_tenure': 10, 'no_improve_diversify': 100, 'diversification_factor': 0.1}",7,8,100,706.3881021993626,25.77615714073181,133301,703.8324388468143,0.36310678671412444
TS,"{'neighbourhood_size': 50, 'dynamic_tenure': True, 'base_tabu_tenure': 10, 'no_improve_diversify': 100, 'diversification_factor': 0.1}",7,9,100,729.822216427723,18.8005588054657,100001,726.7409971715465,0.42397763001791644
TS,"{'neighbourhood_size': 50, 'dynamic_tenure': True, 'base_tabu_tenure': 10, 'no_improve_diversify': 100, 'diversification_factor': 0.15}",8,1,20,123.39438549100652,4.138925313949585,100001,123.15082171840821,0.19777681480293358
TS,"{'neighbourhood_size': 50, 'dynamic_tenure': True, 'base_tabu_tenure': 10, 'no_improve_diversify': 100, 'diversification_factor': 0.15}",8,2,20,118.30539158118142,4.018788576126099,100001,118.09705683670249,0.17640976842209138
TS,"{'neighbourhood_size': 50, 'dynamic_tenure': True, 'base_tabu_tenure': 10, 'no_improve_diversify': 100, 'diversification_factor': 0.15}",8,3,20,164.019015331443,3.867325782775879,100001,163.3323639440824,0.42040130368508993
TS,"{'neighbourhood_size': 50, 'dynamic_tenure': True, 'base_tabu_tenure': 10, 'no_improve_diversify': 100, 'diversification_factor': 0.15}",8,4,50,314.6925687578182,9.719622373580933,100001,313.8657229517305,0.26343934543462866
TS,"{'neighbourhood_size': 50, 'dynamic_tenure': True, 'base_tabu_tenure': 10, 'no_improve_diversify': 100, 'diversification_factor': 0.15}",8,5,50,356.9892326353126,9.964191913604736,100001,355.5040934692093,0.41775585524500436
TS,"{'neighbourhood_size': 50, 'dynamic_tenure': True, 'base_tabu_tenure': 10, 'no_improve_diversify': 100, 'diversification_factor': 0.15}",8,6,50,381.583867493462,18.22569990158081,180951,380.5631116201899,0.2682224950616943
TS,"{'neighbourhood_size': 50, 'dynamic_tenure': True, 'base_tabu_tenure': 10, 'no_improve_diversify': 100, 'diversification_factor': 0.15}",8,7,100,756.9441733914215,19.89365243911743,100001,753.8146630781174,0.41515646571865267
TS,"{'neighbourhood_size': 50, 'dynamic_tenure': True, 'base_tabu_tenure': 10, 'no_improve_diversify': 100, 'diversification_factor': 0.15}",8,8,100,707.1554202512648,19.47471809387207,100001,703.8324388468143,0.4721267763524797
TS,"{'neighbourhood_size': 50, 'dynamic_tenure': True, 'base_tabu_tenure': 10, 'no_improve_diversify': 100, 'diversification_factor': 0.15}",8,9,100,729.7156917684266,19.03989052772522,100001,726.7409971715465,0.4093197725816395
TS,"{'neighbourhood_size': 50, 'dynamic_tenure': True, 'base_tabu_tenure': 10, 'no_improve_diversify': 100, 'diversification_factor': 0.25}",9,1,20,123.45048708144436,5.814235687255859,140451,123.15082171840821,0.24333200449231102
TS,"{'neighbourhood_size': 50, 'dynamic_tenure': True, 'base_tabu_tenure': 10, 'no_improve_diversify': 100, 'diversification_factor': 0.25}",9,2,20,118.30539158118142,4.021292448043823,100001,118.09705683670249,0.17640976842209138
TS,"{'neighbourhood_size': 50, 'dynamic_tenure': True, 'base_tabu_tenure': 10, 'no_improve_diversify': 100, 'diversification_factor': 0.25}",9,3,20,164.23945477495198,3.8496861457824707,100001,163.3323639440824,0.5553650292970256
TS,"{'neighbourhood_size': 50, 'dynamic_tenure': True, 'base_tabu_tenure': 10, 'no_improve_diversify': 100, 'diversification_factor': 0.25}",9,4,50,315.3347896795386,13.758904218673706,141101,313.8657229517305,0.4680558023323871
TS,"{'neighbourhood_size': 50, 'dynamic_tenure': True, 'base_tabu_tenure': 10, 'no_improve_diversify': 100, 'diversification_factor': 0.25}",9,5,50,357.3262970471138,9.88304352760315,100001,355.5040934692093,0.5125689440373082
TS,"{'neighbourhood_size': 50, 'dynamic_tenure': True, 'base_tabu_tenure': 10, 'no_improve_diversify': 100, 'diversification_factor': 0.25}",9,6,50,381.60014535467474,10.071831464767456,100001,380.5631116201899,0.2724998043215057
TS,"{'neighbourhood_size': 50, 'dynamic_tenure': True, 'base_tabu_tenure': 10, 'no_improve_diversify': 100, 'diversification_factor': 0.25}",9,7,100,757.4044217057965,19.584343910217285,100001,753.8146630781174,0.47621236406051237
TS,"{'neighbourhood_size': 50, 'dynamic_tenure': True, 'base_tabu_tenure': 10, 'no_improve_diversify': 100, 'diversification_factor': 0.25}",9,8,100,706.0360833034972,19.417954444885254,100001,703.8324388468143,0.3130921985200707
TS,"{'neighbourhood_size': 50, 'dynamic_tenure': True, 'base_tabu_tenure': 10, 'no_improve_diversify': 100, 'diversification_factor': 0.25}",9,9,100,729.9004681827216,18.717254161834717,100001,726.7409971715465,0.43474511875230537
TS,"{'neighbourhood_size': 50, 'dynamic_tenure': True, 'base_tabu_tenure': 15, 'no_improve_diversify': 25, 'diversification_factor': 0.1}",10,1,20,123.29966842266258,4.000481367111206,100001,123.15082171840821,0.1208653764363136
TS,"{'neighbourhood_size': 50, 'dynamic_tenure': True, 'base_tabu_tenure': 15, 'no_improve_diversify': 25, 'diversification_factor': 0.1}",10,2,20,118.182620805516,3.849971055984497,100001,118.09705683670249,0.07245224487839313
TS,"{'neighbourhood_size': 50, 'dynamic_tenure': True, 'base_tabu_tenure': 15, 'no_improve_diversify': 25, 'diversification_factor': 0.1}",10,3,20,164.0472721518667,3.725623607635498,100001,163.3323639440824,0.43770150049934803
TS,"{'neighbourhood_size': 50, 'dynamic_tenure': True, 'base_tabu_tenure': 15, 'no_improve_diversify': 25, 'diversification_factor': 0.1}",10,4,50,315.6300155746285,9.422170877456665,100001,313.8657229517305,0.5621170117927513
TS,"{'neighbourhood_size': 50, 'dynamic_tenure': True, 'base_tabu_tenure': 15, 'no_improve_diversify': 25, 'diversification_factor': 0.1}",10,5,50,357.5480835652009,9.599750995635986,100001,355.5040934692093,0.5749554318897416
TS,"{'neighbourhood_size': 50, 'dynamic_tenure': True, 'base_tabu_tenure': 15, 'no_improve_diversify': 25, 'diversification_factor': 0.1}",10,6,50,382.6978959060825,9.794587135314941,100001,380.5631116201899,0.5609540758703896
TS,"{'neighbourhood_size': 50, 'dynamic_tenure': True, 'base_tabu_tenure': 15, 'no_improve_diversify': 25, 'diversification_factor': 0.1}",10,7,100,756.9789138663552,19.363221645355225,100001,753.8146630781174,0.41976508858516687
TS,"{'neighbourhood_size': 50, 'dynamic_tenure': True, 'base_tabu_tenure': 15, 'no_improve_diversify': 25, 'diversification_factor': 0.1}",10,8,100,708.514876941246,18.889057159423828,100001,703.8324388468143,0.6652773921735732
TS,"{'neighbourhood_size': 50, 'dynamic_tenure': True, 'base_tabu_tenure': 15, 'no_improve_diversify': 25, 'diversification_factor': 0.1}",10,9,100,732.8974864274701,18.44047784805298,100001,726.7409971715465,0.8471366387591254
TS,"{'neighbourhood_size': 50, 'dynamic_tenure': True, 'base_tabu_tenure': 15, 'no_improve_diversify': 25, 'diversification_factor': 0.15}",11,1,20,123.41549650376672,3.991580009460449,100001,123.15082171840821,0.21491921991694313
TS,"{'neighbourhood_size': 50, 'dynamic_tenure': True, 'base_tabu_tenure': 15, 'no_improve_diversify': 25, 'diversification_factor': 0.15}",11,2,20,118.09705683670249,3.906343460083008,100001,118.09705683670249,0.0
TS,"{'neighbourhood_size': 50, 'dynamic_tenure': True, 'base_tabu_tenure': 15, 'no_improve_diversify': 25, 'diversification_factor': 0.15}",11,3,20,164.1548524553231,3.8167569637298584,100001,163.3323639440824,0.5035673833278229
TS,"{'neighbourhood_size': 50, 'dynamic_tenure': True, 'base_tabu_tenure': 15, 'no_improve_diversify': 25, 'diversification_factor': 0.15}",11,4,50,315.8873481003208,9.663957595825195,100001,313.8657229517305,0.6441051063423142
TS,"{'neighbourhood_size': 50, 'dynamic_tenure': True, 'base_tabu_tenure': 15, 'no_improve_diversify': 25, 'diversification_factor': 0.15}",11,5,50,357.8996895909612,9.834537982940674,100001,355.5040934692093,0.6738589416437741
TS,"{'neighbourhood_size': 50, 'dynamic_tenure': True, 'base_tabu_tenure': 15, 'no_improve_diversify': 25, 'diversification_factor': 0.15}",11,6,50,381.59699838759354,10.852046966552734,108101,380.5631116201899,0.2716728804854578
TS,"{'neighbourhood_size': 50, 'dynamic_tenure': True, 'base_tabu_tenure': 15, 'no_improve_diversify': 25, 'diversification_factor': 0.15}",11,7,100,757.7416344416893,19.714839935302734,100001,753.8146630781174,0.5209465344619997
TS,"{'neighbourhood_size': 50, 'dynamic_tenure': True, 'base_tabu_tenure': 15, 'no_improve_diversify': 25, 'diversification_factor': 0.15}",11,8,100,708.6164566664876,19.491151571273804,100001,703.8324388468143,0.6797097655106108
TS,"{'neighbourhood_size': 50, 'dynamic_tenure': True, 'base_tabu_tenure': 15, 'no_improve_diversify': 25, 'diversification_factor': 0.15}",11,9,100,730.7205974784335,18.944415807724,100001,726.7409971715465,0.5475954050171288
TS,"{'neighbourhood_size': 50, 'dynamic_tenure': True, 'base_tabu_tenure': 15, 'no_improve_diversify': 25, 'diversification_factor': 0.25}",12,1,20,123.48801980699704,4.204376697540283,102201,123.15082171840821,0.2738090447823877
TS,"{'neighbourhood_size': 50, 'dynamic_tenure': True, 'base_tabu_tenure': 15, 'no_improve_diversify': 25, 'diversification_factor': 0.25}",12,2,20,118.22282616781284,3.9956510066986084,100001,118.09705683670249,0.10649658380924286
TS,"{'neighbourhood_size': 50, 'dynamic_tenure': True, 'base_tabu_tenure': 15, 'no_improve_diversify': 25, 'diversification_factor': 0.25}",12,3,20,164.1172040471842,3.8223772048950195,100001,163.3323639440824,0.4805172007248322
TS,"{'neighbourhood_size': 50, 'dynamic_tenure': True, 'base_tabu_tenure': 15, 'no_improve_diversify': 25, 'diversification_factor': 0.25}",12,4,50,315.83586501987895,9.733489274978638,100001,313.8657229517305,0.6277022064150141
TS,"{'neighbourhood_size': 50, 'dynamic_tenure': True, 'base_tabu_tenure': 15, 'no_improve_diversify': 25, 'diversification_factor': 0.25}",12,5,50,358.4223172427053,9.846961498260498,100001,355.5040934692093,0.8208692465446205
TS,"{'neighbourhood_size': 50, 'dynamic_tenure': True, 'base_tabu_tenure': 15, 'no_improve_diversify': 25, 'diversification_factor': 0.25}",12,6,50,381.873549492549,10.490907907485962,103851,380.5631116201899,0.344341800964395
TS,"{'neighbourhood_size': 50, 'dynamic_tenure': True, 'base_tabu_tenure': 15, 'no_improve_diversify': 25, 'diversification_factor': 0.25}",12,7,100,760.8088047364205,19.711216688156128,100001,753.8146630781174,0.9278330604161092
TS,"{'neighbourhood_size': 50, 'dynamic_tenure': True, 'base_tabu_tenure': 15, 'no_improve_diversify': 25, 'diversification_factor': 0.25}",12,8,100,708.1927225110206,19.45383048057556,100001,703.8324388468143,0.619505925494199
TS,"{'neighbourhood_size': 50, 'dynamic_tenure': True, 'base_tabu_tenure': 15, 'no_improve_diversify': 25, 'diversification_factor': 0.25}",12,9,100,732.8683848522586,18.92732548713684,100001,726.7409971715465,0.8431322444391754
TS,"{'neighbourhood_size': 50, 'dynamic_tenure': True, 'base_tabu_tenure': 15, 'no_improve_diversify': 50, 'diversification_factor': 0.1}",13,1,20,123.39334356256425,4.140118837356567,100001,123.15082171840821,0.19693075593972525
TS,"{'neighbourhood_size': 50, 'dynamic_tenure': True, 'base_tabu_tenure': 15, 'no_improve_diversify': 50, 'diversification_factor': 0.1}",13,2,20,118.09705683670249,4.810485363006592,119901,118.09705683670249,0.0
TS,"{'neighbourhood_size': 50, 'dynamic_tenure': True, 'base_tabu_tenure': 15, 'no_improve_diversify': 50, 'diversification_factor': 0.1}",13,3,20,164.15161869819536,3.8431427478790283,100001,163.3323639440824,0.5015875202745715
TS,"{'neighbourhood_size': 50, 'dynamic_tenure': True, 'base_tabu_tenure': 15, 'no_improve_diversify': 50, 'diversification_factor': 0.1}",13,4,50,315.13291849377646,9.722687482833862,100001,313.8657229517305,0.40373811135816073
TS,"{'neighbourhood_size': 50, 'dynamic_tenure': True, 'base_tabu_tenure': 15, 'no_improve_diversify': 50, 'diversification_factor': 0.1}",13,5,50,356.8731465945056,9.92519998550415,100001,355.5040934692093,0.3851019300330205
TS,"{'neighbourhood_size': 50, 'dynamic_tenure': True, 'base_tabu_tenure': 15, 'no_improve_diversify': 50, 'diversification_factor': 0.1}",13,6,50,382.19874766142505,10.130669832229614,100001,380.5631116201899,0.4297936377153545
TS,"{'neighbourhood_size': 50, 'dynamic_tenure': True, 'base_tabu_tenure': 15, 'no_improve_diversify': 50, 'diversification_factor': 0.1}",13,7,100,757.790140191167,19.81095838546753,100001,753.8146630781174,0.5273812394171485
TS,"{'neighbourhood_size': 50, 'dynamic_tenure': True, 'base_tabu_tenure': 15, 'no_improve_diversify': 50, 'diversification_factor': 0.1}",13,8,100,706.0857962312165,19.363349437713623,100001,703.8324388468143,0.32015537506259006
TS,"{'neighbourhood_size': 50, 'dynamic_tenure': True, 'base_tabu_tenure': 15, 'no_improve_diversify': 50, 'diversification_factor': 0.1}",13,9,100,731.2669261877573,18.7458975315094,100001,726.7409971715465,0.6227705652805647
TS,"{'neighbourhood_size': 50, 'dynamic_tenure': True, 'base_tabu_tenure': 15, 'no_improve_diversify': 50, 'diversification_factor': 0.15}",14,1,20,123.51425727334089,4.087321996688843,100001,123.15082171840821,0.29511419401138533
TS,"{'neighbourhood_size': 50, 'dynamic_tenure': True, 'base_tabu_tenure': 15, 'no_improve_diversify': 50, 'diversification_factor': 0.15}",14,2,20,118.35811972005541,3.98154878616333,100001,118.09705683670249,0.22105790808479042
TS,"{'neighbourhood_size': 50, 'dynamic_tenure': True, 'base_tabu_tenure': 15, 'no_improve_diversify': 50, 'diversification_factor': 0.15}",14,3,20,163.97361998530917,3.8941895961761475,102201,163.3323639440824,0.39260806966971046
TS,"{'neighbourhood_size': 50, 'dynamic_tenure': True, 'base_tabu_tenure': 15, 'no_improve_diversify': 50, 'diversification_factor': 0.15}",14,4,50,314.76598427592205,11.131188154220581,115451,313.8657229517305,0.2868300863582986
TS,"{'neighbourhood_size': 50, 'dynamic_tenure': True, 'base_tabu_tenure': 15, 'no_improve_diversify': 50, 'diversification_factor': 0.15}",14,5,50,356.6979971003346,9.921072483062744,100001,355.5040934692093,0.33583400389978924
TS,"{'neighbourhood_size': 50, 'dynamic_tenure': True, 'base_tabu_tenure': 15, 'no_improve_diversify': 50, 'diversification_factor': 0.15}",14,6,50,382.46509193903427,10.104593753814697,100001,380.5631116201899,0.4997805254290114
TS,"{'neighbourhood_size': 50, 'dynamic_tenure': True, 'base_tabu_tenure': 15, 'no_improve_diversify': 50, 'diversification_factor': 0.15}",14,7,100,756.7922409299637,19.803176164627075,100001,753.8146630781174,0.3950013176564726
TS,"{'neighbourhood_size': 50, 'dynamic_tenure': True, 'base_tabu_tenure': 15, 'no_improve_diversify': 50, 'diversification_factor': 0.15}",14,8,100,707.1354762134625,19.270649194717407,100001,703.8324388468143,0.46929314199556876
TS,"{'neighbourhood_size': 50, 'dynamic_tenure': True, 'base_tabu_tenure': 15, 'no_improve_diversify': 50, 'diversification_factor': 0.15}",14,9,100,730.3426365086748,18.74125337600708,100001,726.7409971715465,0.49558774737434097
TS,"{'neighbourhood_size': 50, 'dynamic_tenure': True, 'base_tabu_tenure': 15, 'no_improve_diversify': 50, 'diversification_factor': 0.25}",15,1,20,123.56651202553495,4.1219072341918945,100001,123.15082171840821,0.33754570316813554
TS,"{'neighbourhood_size': 50, 'dynamic_tenure': True, 'base_tabu_tenure': 15, 'no_improve_diversify': 50, 'diversification_factor': 0.25}",15,2,20,118.09705683670249,4.49368143081665,112401,118.09705683670249,0.0
TS,"{'neighbourhood_size': 50, 'dynamic_tenure': True, 'base_tabu_tenure': 15, 'no_improve_diversify': 50, 'diversification_factor': 0.25}",15,3,20,164.10988026475675,4.4914162158966064,117051,163.3323639440824,0.4760332256873094
TS,"{'neighbourhood_size': 50, 'dynamic_tenure': True, 'base_tabu_tenure': 15, 'no_improve_diversify': 50, 'diversification_factor': 0.25}",15,4,50,315.6948504487025,9.810801029205322,100001,313.8657229517305,0.5827738944444341
TS,"{'neighbourhood_size': 50, 'dynamic_tenure': True, 'base_tabu_tenure': 15, 'no_improve_diversify': 50, 'diversification_factor': 0.25}",15,5,50,357.3910483624236,9.969754934310913,100001,355.5040934692093,0.5307828877018899
TS,"{'neighbourhood_size': 50, 'dynamic_tenure': True, 'base_tabu_tenure': 15, 'no_improve_diversify': 50, 'diversification_factor': 0.25}",15,6,50,381.6039795802933,10.910996437072754,108051,380.5631116201899,0.2735073180561496
TS,"{'neighbourhood_size': 50, 'dynamic_tenure': True, 'base_tabu_tenure': 15, 'no_improve_diversify': 50, 'diversification_factor': 0.25}",15,7,100,758.9789377992236,19.806692838668823,100001,753.8146630781174,0.6850854691547679
TS,"{'neighbourhood_size': 50, 'dynamic_tenure': True, 'base_tabu_tenure': 15, 'no_improve_diversify': 50, 'diversification_factor': 0.25}",15,8,100,708.4578029950328,19.493831872940063,100001,703.8324388468143,0.657168367487707
TS,"{'neighbourhood_size': 50, 'dynamic_tenure': True, 'base_tabu_tenure': 15, 'no_improve_diversify': 50, 'diversification_factor': 0.25}",15,9,100,730.4118086106279,18.939295768737793,100001,726.7409971715465,0.5051058703675808
TS,"{'neighbourhood_size': 50, 'dynamic_tenure': True, 'base_tabu_tenure': 15, 'no_improve_diversify': 100, 'diversification_factor': 0.1}",16,1,20,123.38125595215733,4.153322696685791,100001,123.15082171840821,0.187115465844007
TS,"{'neighbourhood_size': 50, 'dynamic_tenure': True, 'base_tabu_tenure': 15, 'no_improve_diversify': 100, 'diversification_factor': 0.1}",16,2,20,118.31167132649271,4.019976854324341,100001,118.09705683670249,0.1817272128017363
TS,"{'neighbourhood_size': 50, 'dynamic_tenure': True, 'base_tabu_tenure': 15, 'no_improve_diversify': 100, 'diversification_factor': 0.1}",16,3,20,164.06921661882254,4.97373366355896,129051,163.3323639440824,0.4511369681714762
TS,"{'neighbourhood_size': 50, 'dynamic_tenure': True, 'base_tabu_tenure': 15, 'no_improve_diversify': 100, 'diversification_factor': 0.1}",16,4,50,314.1030257463017,9.800500869750977,100001,313.8657229517305,0.07560647028910296
TS,"{'neighbourhood_size': 50, 'dynamic_tenure': True, 'base_tabu_tenure': 15, 'no_improve_diversify': 100, 'diversification_factor': 0.1}",16,5,50,357.1844406292072,9.933966875076294,100001,355.5040934692093,0.47266605107134463
TS,"{'neighbourhood_size': 50, 'dynamic_tenure': True, 'base_tabu_tenure': 15, 'no_improve_diversify': 100, 'diversification_factor': 0.1}",16,6,50,382.00244411632247,13.477286100387573,133201,380.5631116201899,0.37821124859023736
TS,"{'neighbourhood_size': 50, 'dynamic_tenure': True, 'base_tabu_tenure': 15, 'no_improve_diversify': 100, 'diversification_factor': 0.1}",16,7,100,757.1917997238214,19.715723991394043,100001,753.8146630781174,0.44800622899982545
TS,"{'neighbourhood_size': 50, 'dynamic_tenure': True, 'base_tabu_tenure': 15, 'no_improve_diversify': 100, 'diversification_factor': 0.1}",16,8,100,706.1688656926488,19.31944227218628,100001,703.8324388468143,0.3319578236067887
TS,"{'neighbourhood_size': 50, 'dynamic_tenure': True, 'base_tabu_tenure': 15, 'no_improve_diversify': 100, 'diversification_factor': 0.1}",16,9,100,729.6675668314122,18.864562511444092,100001,726.7409971715465,0.4026977521917412
TS,"{'neighbourhood_size': 50, 'dynamic_tenure': True, 'base_tabu_tenure': 15, 'no_improve_diversify': 100, 'diversification_factor': 0.15}",17,1,20,123.60793161605001,5.979827404022217,145001,123.15082171840821,0.3711789261845198
TS,"{'neighbourhood_size': 50, 'dynamic_tenure': True, 'base_tabu_tenure': 15, 'no_improve_diversify': 100, 'diversification_factor': 0.15}",17,2,20,118.43129309690617,4.527916193008423,113201,118.09705683670249,0.28301828102781873
TS,"{'neighbourhood_size': 50, 'dynamic_tenure': True, 'base_tabu_tenure': 15, 'no_improve_diversify': 100, 'diversification_factor': 0.15}",17,3,20,163.93064327281826,5.14763069152832,135001,163.3323639440824,0.36629564055087077
TS,"{'neighbourhood_size': 50, 'dynamic_tenure': True, 'base_tabu_tenure': 15, 'no_improve_diversify': 100, 'diversification_factor': 0.15}",17,4,50,314.92544910654954,9.726925134658813,100001,313.8657229517305,0.33763679093495896
TS,"{'neighbourhood_size': 50, 'dynamic_tenure': True, 'base_tabu_tenure': 15, 'no_improve_diversify': 100, 'diversification_factor': 0.15}",17,5,50,357.03061549713067,9.861352920532227,100001,355.5040934692093,0.42939646996036285
TS,"{'neighbourhood_size': 50, 'dynamic_tenure': True, 'base_tabu_tenure': 15, 'no_improve_diversify': 100, 'diversification_factor': 0.15}",17,6,50,381.5471662902404,10.841684341430664,107901,380.5631116201899,0.25857857474967755
TS,"{'neighbourhood_size': 50, 'dynamic_tenure': True, 'base_tabu_tenure': 15, 'no_improve_diversify': 100, 'diversification_factor': 0.15}",17,7,100,755.4728657016818,19.7049560546875,100001,753.8146630781174,0.2199748432583331
TS,"{'neighbourhood_size': 50, 'dynamic_tenure': True, 'base_tabu_tenure': 15, 'no_improve_diversify': 100, 'diversification_factor': 0.15}",17,8,100,707.0595491593263,19.40491485595703,100001,703.8324388468143,0.4585054814750209
TS,"{'neighbourhood_size': 50, 'dynamic_tenure': True, 'base_tabu_tenure': 15, 'no_improve_diversify': 100, 'diversification_factor': 0.15}",17,9,100,729.8547922947481,18.874316930770874,100001,726.7409971715465,0.428460088989118
TS,"{'neighbourhood_size': 50, 'dynamic_tenure': True, 'base_tabu_tenure': 15, 'no_improve_diversify': 100, 'diversification_factor': 0.25}",18,1,20,123.37173069603288,4.105690956115723,100001,123.15082171840821,0.17938083931733395
TS,"{'neighbourhood_size': 50, 'dynamic_tenure': True, 'base_tabu_tenure': 15, 'no_improve_diversify': 100, 'diversification_factor': 0.25}",18,2,20,118.34264529888068,5.662992000579834,142451,118.09705683670249,0.2079547693705657
TS,"{'neighbourhood_size': 50, 'dynamic_tenure': True, 'base_tabu_tenure': 15, 'no_improve_diversify': 100, 'diversification_factor': 0.25}",18,3,20,163.7719168668594,3.832796573638916,100001,163.3323639440824,0.2691156315642956
TS,"{'neighbourhood_size': 50, 'dynamic_tenure': True, 'base_tabu_tenure': 15, 'no_improve_diversify': 100, 'diversification_factor': 0.25}",18,4,50,315.51693737786195,9.72640347480774,100001,313.8657229517305,0.526089440606226
TS,"{'neighbourhood_size': 50, 'dynamic_tenure': True, 'base_tabu_tenure': 15, 'no_improve_diversify': 100, 'diversification_factor': 0.25}",18,5,50,357.072592639167,9.923621654510498,100001,355.5040934692093,0.4412042501821583
TS,"{'neighbourhood_size': 50, 'dynamic_tenure': True, 'base_tabu_tenure': 15, 'no_improve_diversify': 100, 'diversification_factor': 0.25}",18,6,50,381.94473820236493,10.166520595550537,100001,380.5631116201899,0.3630479518345797
TS,"{'neighbourhood_size': 50, 'dynamic_tenure': True, 'base_tabu_tenure': 15, 'no_improve_diversify': 100, 'diversification_factor': 0.25}",18,7,100,756.1579162522402,25.26711130142212,127101,753.8146630781174,0.310852692166315
TS,"{'neighbourhood_size': 50, 'dynamic_tenure': True, 'base_tabu_tenure': 15, 'no_improve_diversify': 100, 'diversification_factor': 0.25}",18,8,100,706.4022563400555,21.327057123184204,109951,703.8324388468143,0.36511779670907035
TS,"{'neighbourhood_size': 50, 'dynamic_tenure': True, 'base_tabu_tenure': 15, 'no_improve_diversify': 100, 'diversification_factor': 0.25}",18,9,100,730.1376860653702,19.01255488395691,100001,726.7409971715465,0.4673864426313503
TS,"{'neighbourhood_size': 50, 'dynamic_tenure': True, 'base_tabu_tenure': 25, 'no_improve_diversify': 25, 'diversification_factor': 0.1}",19,1,20,123.42715965272166,4.1218085289001465,100001,123.15082171840821,0.2243898420307007
TS,"{'neighbourhood_size': 50, 'dynamic_tenure': True, 'base_tabu_tenure': 25, 'no_improve_diversify': 25, 'diversification_factor': 0.1}",19,2,20,118.30539158118142,4.012892723083496,100001,118.09705683670249,0.17640976842209138
TS,"{'neighbourhood_size': 50, 'dynamic_tenure': True, 'base_tabu_tenure': 25, 'no_improve_diversify': 25, 'diversification_factor': 0.1}",19,3,20,163.79223009635342,4.326061010360718,112751,163.3323639440824,0.28155237649560755
TS,"{'neighbourhood_size': 50, 'dynamic_tenure': True, 'base_tabu_tenure': 25, 'no_improve_diversify': 25, 'diversification_factor': 0.1}",19,4,50,315.8097198598252,10.10321569442749,103351,313.8657229517305,0.6193721601111706
TS,"{'neighbourhood_size': 50, 'dynamic_tenure': True, 'base_tabu_tenure': 25, 'no_improve_diversify': 25, 'diversification_factor': 0.1}",19,5,50,357.87307306473576,10.844767808914185,109051,355.5040934692093,0.6663719599987248
TS,"{'neighbourhood_size': 50, 'dynamic_tenure': True, 'base_tabu_tenure': 25, 'no_improve_diversify': 25, 'diversification_factor': 0.1}",19,6,50,382.39845905710877,10.190468549728394,100001,380.5631116201899,0.48227150264384955
TS,"{'neighbourhood_size': 50, 'dynamic_tenure': True, 'base_tabu_tenure': 25, 'no_improve_diversify': 25, 'diversification_factor': 0.1}",19,7,100,760.9700115545031,19.901233673095703,100001,753.8146630781174,0.9492185316703248
TS,"{'neighbourhood_size': 50, 'dynamic_tenure': True, 'base_tabu_tenure': 25, 'no_improve_diversify': 25, 'diversification_factor': 0.1}",19,8,100,707.9860056879188,19.491747617721558,100001,703.8324388468143,0.5901357499108569
TS,"{'neighbourhood_size': 50, 'dynamic_tenure': True, 'base_tabu_tenure': 25, 'no_improve_diversify': 25, 'diversification_factor': 0.1}",19,9,100,732.0141659029872,18.87611484527588,100001,726.7409971715465,0.7255912012620335
TS,"{'neighbourhood_size': 50, 'dynamic_tenure': True, 'base_tabu_tenure': 25, 'no_improve_diversify': 25, 'diversification_factor': 0.15}",20,1,20,123.34676833324698,4.116371393203735,100001,123.15082171840821,0.15911109004763158
TS,"{'neighbourhood_size': 50, 'dynamic_tenure': True, 'base_tabu_tenure': 25, 'no_improve_diversify': 25, 'diversification_factor': 0.15}",20,2,20,118.3669680575682,3.7532577514648438,100001,118.09705683670249,0.2285503365582814
TS,"{'neighbourhood_size': 50, 'dynamic_tenure': True, 'base_tabu_tenure': 25, 'no_improve_diversify': 25, 'diversification_factor': 0.15}",20,3,20,163.94285601327465,3.3397645950317383,100001,163.3323639440824,0.37377287296304124
TS,"{'neighbourhood_size': 50, 'dynamic_tenure': True, 'base_tabu_tenure': 25, 'no_improve_diversify': 25, 'diversification_factor': 0.15}",20,4,50,315.87952649389985,9.69321322441101,100001,313.8657229517305,0.6416130832098047
TS,"{'neighbourhood_size': 50, 'dynamic_tenure': True, 'base_tabu_tenure': 25, 'no_improve_diversify': 25, 'diversification_factor': 0.15}",20,5,50,358.35764462610126,9.888413667678833,100001,355.5040934692093,0.8026774400951074
TS,"{'neighbourhood_size': 50, 'dynamic_tenure': True, 'base_tabu_tenure': 25, 'no_improve_diversify': 25, 'diversification_factor': 0.15}",20,6,50,382.21141852089255,11.12204909324646,109551,380.5631116201899,0.43312314051807255
TS,"{'neighbourhood_size': 50, 'dynamic_tenure': True, 'base_tabu_tenure': 25, 'no_improve_diversify': 25, 'diversification_factor': 0.15}",20,7,100,759.3089416323669,19.816063404083252,100001,753.8146630781174,0.7288633165895475
TS,"{'neighbourhood_size': 50, 'dynamic_tenure': True, 'base_tabu_tenure': 25, 'no_improve_diversify': 25, 'diversification_factor': 0.15}",20,8,100,708.0518392066853,19.52249264717102,100001,703.8324388468143,0.5994893282816289
TS,"{'neighbourhood_size': 50, 'dynamic_tenure': True, 'base_tabu_tenure': 25, 'no_improve_diversify': 25, 'diversification_factor': 0.15}",20,9,100,732.5970288783063,18.848926782608032,100001,726.7409971715465,0.805793498584961
TS,"{'neighbourhood_size': 50, 'dynamic_tenure': True, 'base_tabu_tenure': 25, 'no_improve_diversify': 25, 'diversification_factor': 0.25}",21,1,20,123.41612854682745,4.0988945960998535,100001,123.15082171840821,0.21543244674881792
TS,"{'neighbourhood_size': 50, 'dynamic_tenure': True, 'base_tabu_tenure': 25, 'no_improve_diversify': 25, 'diversification_factor': 0.25}",21,2,20,118.28798244447728,3.2235262393951416,100001,118.09705683670249,0.1616683877556639
TS,"{'neighbourhood_size': 50, 'dynamic_tenure': True, 'base_tabu_tenure': 25, 'no_improve_diversify': 25, 'diversification_factor': 0.25}",21,3,20,163.90820275797864,2.535289764404297,100001,163.3323639440824,0.35255646829025344
TS,"{'neighbourhood_size': 50, 'dynamic_tenure': True, 'base_tabu_tenure': 25, 'no_improve_diversify': 25, 'diversification_factor': 0.25}",21,4,50,316.95319373844285,8.243527173995972,100001,313.8657229517305,0.983691611073812
TS,"{'neighbourhood_size': 50, 'dynamic_tenure': True, 'base_tabu_tenure': 25, 'no_improve_diversify': 25, 'diversification_factor': 0.25}",21,5,50,357.910178840367,9.903604984283447,100001,355.5040934692093,0.676809470090137
TS,"{'neighbourhood_size': 50, 'dynamic_tenure': True, 'base_tabu_tenure': 25, 'no_improve_diversify': 25, 'diversification_factor': 0.25}",21,6,50,383.42525669814404,10.098560333251953,100001,380.5631116201899,0.7520815839898417
TS,"{'neighbourhood_size': 50, 'dynamic_tenure': True, 'base_tabu_tenure': 25, 'no_improve_diversify': 25, 'diversification_factor': 0.25}",21,7,100,758.3648062180009,19.831353902816772,100001,753.8146630781174,0.603615631633314
TS,"{'neighbourhood_size': 50, 'dynamic_tenure': True, 'base_tabu_tenure': 25, 'no_improve_diversify': 25, 'diversification_factor': 0.25}",21,8,100,708.6633855561889,19.38506841659546,100001,703.8324388468143,0.6863773879603857
TS,"{'neighbourhood_size': 50, 'dynamic_tenure': True, 'base_tabu_tenure': 25, 'no_improve_diversify': 25, 'diversification_factor': 0.25}",21,9,100,732.9549711429896,18.84264898300171,100001,726.7409971715465,0.8550465703225384
TS,"{'neighbourhood_size': 50, 'dynamic_tenure': True, 'base_tabu_tenure': 25, 'no_improve_diversify': 50, 'diversification_factor': 0.1}",22,1,20,123.15082171840821,4.084930658340454,100001,123.15082171840821,0.0
TS,"{'neighbourhood_size': 50, 'dynamic_tenure': True, 'base_tabu_tenure': 25, 'no_improve_diversify': 50, 'diversification_factor': 0.1}",22,2,20,118.56394482225687,4.01076602935791,100001,118.09705683670249,0.39534260891866585
TS,"{'neighbourhood_size': 50, 'dynamic_tenure': True, 'base_tabu_tenure': 25, 'no_improve_diversify': 50, 'diversification_factor': 0.1}",22,3,20,164.01677083323273,3.8491759300231934,100001,163.3323639440824,0.4190271129514993
TS,"{'neighbourhood_size': 50, 'dynamic_tenure': True, 'base_tabu_tenure': 25, 'no_improve_diversify': 50, 'diversification_factor': 0.1}",22,4,50,315.27191173136777,9.711732625961304,100001,313.8657229517305,0.4480224111167182
TS,"{'neighbourhood_size': 50, 'dynamic_tenure': True, 'base_tabu_tenure': 25, 'no_improve_diversify': 50, 'diversification_factor': 0.1}",22,5,50,357.3053986570261,9.828453540802002,100001,355.5040934692093,0.5066904209846523
TS,"{'neighbourhood_size': 50, 'dynamic_tenure': True, 'base_tabu_tenure': 25, 'no_improve_diversify': 50, 'diversification_factor': 0.1}",22,6,50,381.70863012762493,9.994262933731079,100001,380.5631116201899,0.30100618595380163
TS,"{'neighbourhood_size': 50, 'dynamic_tenure': True, 'base_tabu_tenure': 25, 'no_improve_diversify': 50, 'diversification_factor': 0.1}",22,7,100,757.5819058536197,19.798917293548584,100001,753.8146630781174,0.49975716313598306
TS,"{'neighbourhood_size': 50, 'dynamic_tenure': True, 'base_tabu_tenure': 25, 'no_improve_diversify': 50, 'diversification_factor': 0.1}",22,8,100,707.1061879122524,19.28554344177246,100001,703.8324388468143,0.465131881503207
TS,"{'neighbourhood_size': 50, 'dynamic_tenure': True, 'base_tabu_tenure': 25, 'no_improve_diversify': 50, 'diversification_factor': 0.1}",22,9,100,730.3568593128289,18.90527844429016,100001,726.7409971715465,0.4975448138133395
TS,"{'neighbourhood_size': 50, 'dynamic_tenure': True, 'base_tabu_tenure': 25, 'no_improve_diversify': 50, 'diversification_factor': 0.15}",23,1,20,123.21449866432856,4.156549692153931,100001,123.15082171840821,0.05170647262585905
TS,"{'neighbourhood_size': 50, 'dynamic_tenure': True, 'base_tabu_tenure': 25, 'no_improve_diversify': 50, 'diversification_factor': 0.15}",23,2,20,118.47890056241938,4.026835918426514,100001,118.09705683670249,0.3233304334119702
TS,"{'neighbourhood_size': 50, 'dynamic_tenure': True, 'base_tabu_tenure': 25, 'no_improve_diversify': 50, 'diversification_factor': 0.15}",23,3,20,163.81497784625626,4.022667407989502,104301,163.3323639440824,0.29547965297255957
TS,"{'neighbourhood_size': 50, 'dynamic_tenure': True, 'base_tabu_tenure': 25, 'no_improve_diversify': 50, 'diversification_factor': 0.15}",23,4,50,315.9241397829144,9.800848484039307,100001,313.8657229517305,0.6558272154810741
TS,"{'neighbourhood_size': 50, 'dynamic_tenure': True, 'base_tabu_tenure': 25, 'no_improve_diversify': 50, 'diversification_factor': 0.15}",23,5,50,356.9727019929538,11.943716287612915,120201,355.5040934692093,0.4131059390661213
TS,"{'neighbourhood_size': 50, 'dynamic_tenure': True, 'base_tabu_tenure': 25, 'no_improve_diversify': 50, 'diversification_factor': 0.15}",23,6,50,381.8941510943582,10.0817289352417,100001,380.5631116201899,0.3497552530779024
TS,"{'neighbourhood_size': 50, 'dynamic_tenure': True, 'base_tabu_tenure': 25, 'no_improve_diversify': 50, 'diversification_factor': 0.15}",23,7,100,757.4389577979822,19.940492153167725,100001,753.8146630781174,0.4807938737972266
TS,"{'neighbourhood_size': 50, 'dynamic_tenure': True, 'base_tabu_tenure': 25, 'no_improve_diversify': 50, 'diversification_factor': 0.15}",23,8,100,707.2025586798856,19.411882162094116,100001,703.8324388468143,0.47882416993922633
TS,"{'neighbourhood_size': 50, 'dynamic_tenure': True, 'base_tabu_tenure': 25, 'no_improve_diversify': 50, 'diversification_factor': 0.15}",23,9,100,731.2037352070272,18.76883816719055,100001,726.7409971715465,0.614075448178861
TS,"{'neighbourhood_size': 50, 'dynamic_tenure': True, 'base_tabu_tenure': 25, 'no_improve_diversify': 50, 'diversification_factor': 0.25}",24,1,20,123.38235922405427,4.118485689163208,100001,123.15082171840821,0.1880113363559068
TS,"{'neighbourhood_size': 50, 'dynamic_tenure': True, 'base_tabu_tenure': 25, 'no_improve_diversify': 50, 'diversification_factor': 0.25}",24,2,20,118.3240411710207,4.032445192337036,100601,118.09705683670249,0.19220151661532386
TS,"{'neighbourhood_size': 50, 'dynamic_tenure': True, 'base_tabu_tenure': 25, 'no_improve_diversify': 50, 'diversification_factor': 0.25}",24,3,20,163.9793683478094,3.835082530975342,100001,163.3323639440824,0.39612749617002724
TS,"{'neighbourhood_size': 50, 'dynamic_tenure': True, 'base_tabu_tenure': 25, 'no_improve_diversify': 50, 'diversification_factor': 0.25}",24,4,50,315.7156349700366,11.386242389678955,116851,313.8657229517305,0.5893960005918193
TS,"{'neighbourhood_size': 50, 'dynamic_tenure': True, 'base_tabu_tenure': 25, 'no_improve_diversify': 50, 'diversification_factor': 0.25}",24,5,50,356.88755214937925,9.990320920944214,100001,355.5040934692093,0.389154078837569
TS,"{'neighbourhood_size': 50, 'dynamic_tenure': True, 'base_tabu_tenure': 25, 'no_improve_diversify': 50, 'diversification_factor': 0.25}",24,6,50,382.5866841003168,10.10047960281372,100001,380.5631116201899,0.5317311159013447
TS,"{'neighbourhood_size': 50, 'dynamic_tenure': True, 'base_tabu_tenure': 25, 'no_improve_diversify': 50, 'diversification_factor': 0.25}",24,7,100,759.6012355028187,19.9724600315094,100001,753.8146630781174,0.7676386130607283
TS,"{'neighbourhood_size': 50, 'dynamic_tenure': True, 'base_tabu_tenure': 25, 'no_improve_diversify': 50, 'diversification_factor': 0.25}",24,8,100,707.7682773863334,19.50210690498352,100001,703.8324388468143,0.5592010714890742
TS,"{'neighbourhood_size': 50, 'dynamic_tenure': True, 'base_tabu_tenure': 25, 'no_improve_diversify': 50, 'diversification_factor': 0.25}",24,9,100,731.2349499578675,18.9073965549469,100001,726.7409971715465,0.6183706167412167
TS,"{'neighbourhood_size': 50, 'dynamic_tenure': True, 'base_tabu_tenure': 25, 'no_improve_diversify': 100, 'diversification_factor': 0.1}",25,1,20,123.56708846144534,6.0150673389434814,146251,123.15082171840821,0.33801377630183116
TS,"{'neighbourhood_size': 50, 'dynamic_tenure': True, 'base_tabu_tenure': 25, 'no_improve_diversify': 100, 'diversification_factor': 0.1}",25,2,20,118.182620805516,6.78238582611084,170751,118.09705683670249,0.07245224487839313
TS,"{'neighbourhood_size': 50, 'dynamic_tenure': True, 'base_tabu_tenure': 25, 'no_improve_diversify': 100, 'diversification_factor': 0.1}",25,3,20,163.98375849275075,4.557187080383301,118451,163.3323639440824,0.3988153559642091
TS,"{'neighbourhood_size': 50, 'dynamic_tenure': True, 'base_tabu_tenure': 25, 'no_improve_diversify': 100, 'diversification_factor': 0.1}",25,4,50,315.0480036885884,9.713045597076416,100001,313.8657229517305,0.37668361034750514
TS,"{'neighbourhood_size': 50, 'dynamic_tenure': True, 'base_tabu_tenure': 25, 'no_improve_diversify': 100, 'diversification_factor': 0.1}",25,5,50,357.0880692691308,11.547104597091675,116851,355.5040934692093,0.445557682462722
TS,"{'neighbourhood_size': 50, 'dynamic_tenure': True, 'base_tabu_tenure': 25, 'no_improve_diversify': 100, 'diversification_factor': 0.1}",25,6,50,381.34524295858466,10.57875919342041,105001,380.5631116201899,0.2055194827120713
TS,"{'neighbourhood_size': 50, 'dynamic_tenure': True, 'base_tabu_tenure': 25, 'no_improve_diversify': 100, 'diversification_factor': 0.1}",25,7,100,757.1571094910717,19.76110601425171,100001,753.8146630781174,0.44340427119124237
TS,"{'neighbourhood_size': 50, 'dynamic_tenure': True, 'base_tabu_tenure': 25, 'no_improve_diversify': 100, 'diversification_factor': 0.1}",25,8,100,706.8521538618974,19.359652280807495,100001,703.8324388468143,0.4290389087537219
TS,"{'neighbourhood_size': 50, 'dynamic_tenure': True, 'base_tabu_tenure': 25, 'no_improve_diversify': 100, 'diversification_factor': 0.1}",25,9,100,730.2419857398411,18.447693824768066,100001,726.7409971715465,0.48173814081224636
TS,"{'neighbourhood_size': 50, 'dynamic_tenure': True, 'base_tabu_tenure': 25, 'no_improve_diversify': 100, 'diversification_factor': 0.15}",26,1,20,123.15082171840821,4.6474223136901855,113701,123.15082171840821,0.0
TS,"{'neighbourhood_size': 50, 'dynamic_tenure': True, 'base_tabu_tenure': 25, 'no_improve_diversify': 100, 'diversification_factor': 0.15}",26,2,20,118.43274934634341,4.055011034011841,101701,118.09705683670249,0.28425137648019183
TS,"{'neighbourhood_size': 50, 'dynamic_tenure': True, 'base_tabu_tenure': 25, 'no_improve_diversify': 100, 'diversification_factor': 0.15}",26,3,20,163.96991275925913,3.8325700759887695,100001,163.3323639440824,0.39033832596398127
TS,"{'neighbourhood_size': 50, 'dynamic_tenure': True, 'base_tabu_tenure': 25, 'no_improve_diversify': 100, 'diversification_factor': 0.15}",26,4,50,315.24100743507677,9.726056098937988,100001,313.8657229517305,0.43817606790970565
TS,"{'neighbourhood_size': 50, 'dynamic_tenure': True, 'base_tabu_tenure': 25, 'no_improve_diversify': 100, 'diversification_factor': 0.15}",26,5,50,356.680124051716,9.882079839706421,100001,355.5040934692093,0.33080648130668283
TS,"{'neighbourhood_size': 50, 'dynamic_tenure': True, 'base_tabu_tenure': 25, 'no_improve_diversify': 100, 'diversification_factor': 0.15}",26,6,50,382.2873233234599,10.132499694824219,100001,380.5631116201899,0.45306853203123554
TS,"{'neighbourhood_size': 50, 'dynamic_tenure': True, 'base_tabu_tenure': 25, 'no_improve_diversify': 100, 'diversification_factor': 0.15}",26,7,100,757.9176631411383,19.898974418640137,100001,753.8146630781174,0.5442982557896588
TS,"{'neighbourhood_size': 50, 'dynamic_tenure': True, 'base_tabu_tenure': 25, 'no_improve_diversify': 100, 'diversification_factor': 0.15}",26,8,100,706.5024926857285,19.52969741821289,100001,703.8324388468143,0.37935930365598536
TS,"{'neighbourhood_size': 50, 'dynamic_tenure': True, 'base_tabu_tenure': 25, 'no_improve_diversify': 100, 'diversification_factor': 0.15}",26,9,100,729.9092702596269,18.966464281082153,100001,726.7409971715465,0.4359562898489525
TS,"{'neighbourhood_size': 50, 'dynamic_tenure': True, 'base_tabu_tenure': 25, 'no_improve_diversify': 100, 'diversification_factor': 0.25}",27,1,20,123.41263128291114,4.087700128555298,100001,123.15082171840821,0.21259262492098435
TS,"{'neighbourhood_size': 50, 'dynamic_tenure': True, 'base_tabu_tenure': 25, 'no_improve_diversify': 100, 'diversification_factor': 0.25}",27,2,20,118.182620805516,4.163254976272583,104101,118.09705683670249,0.07245224487839313
TS,"{'neighbourhood_size': 50, 'dynamic_tenure': True, 'base_tabu_tenure': 25, 'no_improve_diversify': 100, 'diversification_factor': 0.25}",27,3,20,163.86455626724347,4.22055983543396,110051,163.3323639440824,0.3258339684248176
TS,"{'neighbourhood_size': 50, 'dynamic_tenure': True, 'base_tabu_tenure': 25, 'no_improve_diversify': 100, 'diversification_factor': 0.25}",27,4,50,315.0754033348238,9.699012517929077,100001,313.8657229517305,0.3854133454640891
TS,"{'neighbourhood_size': 50, 'dynamic_tenure': True, 'base_tabu_tenure': 25, 'no_improve_diversify': 100, 'diversification_factor': 0.25}",27,5,50,357.4112051000759,9.866464376449585,100001,355.5040934692093,0.5364527908120379
TS,"{'neighbourhood_size': 50, 'dynamic_tenure': True, 'base_tabu_tenure': 25, 'no_improve_diversify': 100, 'diversification_factor': 0.25}",27,6,50,381.97521201818887,10.072672843933105,100001,380.5631116201899,0.3710555108684023
TS,"{'neighbourhood_size': 50, 'dynamic_tenure': True, 'base_tabu_tenure': 25, 'no_improve_diversify': 100, 'diversification_factor': 0.25}",27,7,100,756.9974469708327,19.747381448745728,100001,753.8146630781174,0.42222366433132946
TS,"{'neighbourhood_size': 50, 'dynamic_tenure': True, 'base_tabu_tenure': 25, 'no_improve_diversify': 100, 'diversification_factor': 0.25}",27,8,100,707.2700147871457,19.38422918319702,100001,703.8324388468143,0.48840828450073137
TS,"{'neighbourhood_size': 50, 'dynamic_tenure': True, 'base_tabu_tenure': 25, 'no_improve_diversify': 100, 'diversification_factor': 0.25}",27,9,100,730.9573631039138,18.951066970825195,100001,726.7409971715465,0.5801744980367585
TS,"{'neighbourhood_size': 100, 'dynamic_tenure': True, 'base_tabu_tenure': 10, 'no_improve_diversify': 25, 'diversification_factor': 0.1}",28,1,20,123.29226493033885,4.111622333526611,100001,123.15082171840821,0.11485364852380273
TS,"{'neighbourhood_size': 100, 'dynamic_tenure': True, 'base_tabu_tenure': 10, 'no_improve_diversify': 25, 'diversification_factor': 0.1}",28,2,20,118.182620805516,4.234487295150757,106701,118.09705683670249,0.07245224487839313
TS,"{'neighbourhood_size': 100, 'dynamic_tenure': True, 'base_tabu_tenure': 10, 'no_improve_diversify': 25, 'diversification_factor': 0.1}",28,3,20,163.67871613128804,3.819852113723755,100001,163.3323639440824,0.21205361805956247
TS,"{'neighbourhood_size': 100, 'dynamic_tenure': True, 'base_tabu_tenure': 10, 'no_improve_diversify': 25, 'diversification_factor': 0.1}",28,4,50,315.79317947575476,9.797521591186523,100001,313.8657229517305,0.6141022682877273
TS,"{'neighbourhood_size': 100, 'dynamic_tenure': True, 'base_tabu_tenure': 10, 'no_improve_diversify': 25, 'diversification_factor': 0.1}",28,5,50,356.48079240644864,9.991406679153442,100001,355.5040934692093,0.27473634064467994
TS,"{'neighbourhood_size': 100, 'dynamic_tenure': True, 'base_tabu_tenure': 10, 'no_improve_diversify': 25, 'diversification_factor': 0.1}",28,6,50,381.62948698001287,10.060422420501709,100001,380.5631116201899,0.28020985935369636
TS,"{'neighbourhood_size': 100, 'dynamic_tenure': True, 'base_tabu_tenure': 10, 'no_improve_diversify': 25, 'diversification_factor': 0.1}",28,7,100,759.6023011704237,19.643834352493286,100001,753.8146630781174,0.7677799830363035
TS,"{'neighbourhood_size': 100, 'dynamic_tenure': True, 'base_tabu_tenure': 10, 'no_improve_diversify': 25, 'diversification_factor': 0.1}",28,8,100,708.1178382337882,19.24886441230774,100001,703.8324388468143,0.6088664219562415
TS,"{'neighbourhood_size': 100, 'dynamic_tenure': True, 'base_tabu_tenure': 10, 'no_improve_diversify': 25, 'diversification_factor': 0.1}",28,9,100,729.9207604896595,18.830592393875122,100001,726.7409971715465,0.4375373524389807
TS,"{'neighbourhood_size': 100, 'dynamic_tenure': True, 'base_tabu_tenure': 10, 'no_improve_diversify': 25, 'diversification_factor': 0.15}",29,1,20,123.29789955587714,4.151591539382935,100001,123.15082171840821,0.11942903459079615
TS,"{'neighbourhood_size': 100, 'dynamic_tenure': True, 'base_tabu_tenure': 10, 'no_improve_diversify': 25, 'diversification_factor': 0.15}",29,2,20,118.26152117916037,4.407137870788574,109401,118.09705683670249,0.1392620162289797
TS,"{'neighbourhood_size': 100, 'dynamic_tenure': True, 'base_tabu_tenure': 10, 'no_improve_diversify': 25, 'diversification_factor': 0.15}",29,3,20,163.91936456257508,3.860868215560913,100001,163.3323639440824,0.3593902667652831
TS,"{'neighbourhood_size': 100, 'dynamic_tenure': True, 'base_tabu_tenure': 10, 'no_improve_diversify': 25, 'diversification_factor': 0.15}",29,4,50,315.85343380727426,9.738713264465332,100001,313.8657229517305,0.6332997553381908
TS,"{'neighbourhood_size': 100, 'dynamic_tenure': True, 'base_tabu_tenure': 10, 'no_improve_diversify': 25, 'diversification_factor': 0.15}",29,5,50,356.91684567651515,9.973859071731567,100001,355.5040934692093,0.3973940759779796
TS,"{'neighbourhood_size': 100, 'dynamic_tenure': True, 'base_tabu_tenure': 10, 'no_improve_diversify': 25, 'diversification_factor': 0.15}",29,6,50,381.41168276320224,10.19733738899231,100001,380.5631116201899,0.22297777086162843
TS,"{'neighbourhood_size': 100, 'dynamic_tenure': True, 'base_tabu_tenure': 10, 'no_improve_diversify': 25, 'diversification_factor': 0.15}",29,7,100,755.5069412618003,19.905218601226807,100001,753.8146630781174,0.2244952594544492
TS,"{'neighbourhood_size': 100, 'dynamic_tenure': True, 'base_tabu_tenure': 10, 'no_improve_diversify': 25, 'diversification_factor': 0.15}",29,8,100,707.476181068181,19.523250341415405,100001,703.8324388468143,0.5177002394684607
TS,"{'neighbourhood_size': 100, 'dynamic_tenure': True, 'base_tabu_tenure': 10, 'no_improve_diversify': 25, 'diversification_factor': 0.15}",29,9,100,728.6971209452258,18.72680640220642,100001,726.7409971715465,0.2691638123200027
TS,"{'neighbourhood_size': 100, 'dynamic_tenure': True, 'base_tabu_tenure': 10, 'no_improve_diversify': 25, 'diversification_factor': 0.25}",30,1,20,123.36193475016798,4.126575231552124,100001,123.15082171840821,0.17142640935233733
TS,"{'neighbourhood_size': 100, 'dynamic_tenure': True, 'base_tabu_tenure': 10, 'no_improve_diversify': 25, 'diversification_factor': 0.25}",30,2,20,118.30539158118142,4.0169031620025635,100001,118.09705683670249,0.17640976842209138
TS,"{'neighbourhood_size': 100, 'dynamic_tenure': True, 'base_tabu_tenure': 10, 'no_improve_diversify': 25, 'diversification_factor': 0.25}",30,3,20,164.14157745547146,4.250348806381226,110701,163.3323639440824,0.49543978416065704
TS,"{'neighbourhood_size': 100, 'dynamic_tenure': True, 'base_tabu_tenure': 10, 'no_improve_diversify': 25, 'diversification_factor': 0.25}",30,4,50,314.9069903121078,9.708086013793945,100001,313.8657229517305,0.3317556790160908
TS,"{'neighbourhood_size': 100, 'dynamic_tenure': True, 'base_tabu_tenure': 10, 'no_improve_diversify': 25, 'diversification_factor': 0.25}",30,5,50,357.2882580519403,9.82814645767212,100001,355.5040934692093,0.5018689279552704
TS,"{'neighbourhood_size': 100, 'dynamic_tenure': True, 'base_tabu_tenure': 10, 'no_improve_diversify': 25, 'diversification_factor': 0.25}",30,6,50,381.8679311232729,10.079290866851807,100001,380.5631116201899,0.34286547046768473
TS,"{'neighbourhood_size': 100, 'dynamic_tenure': True, 'base_tabu_tenure': 10, 'no_improve_diversify': 25, 'diversification_factor': 0.25}",30,7,100,756.6345381652982,19.777592658996582,100001,753.8146630781174,0.37408068923283255
TS,"{'neighbourhood_size': 100, 'dynamic_tenure': True, 'base_tabu_tenure': 10, 'no_improve_diversify': 25, 'diversification_factor': 0.25}",30,8,100,706.0535020584826,19.462442874908447,100001,703.8324388468143,0.3155670425346464
TS,"{'neighbourhood_size': 100, 'dynamic_tenure': True, 'base_tabu_tenure': 10, 'no_improve_diversify': 25, 'diversification_factor': 0.25}",30,9,100,731.240107056817,18.8560791015625,100001,726.7409971715465,0.6190802366704109
TS,"{'neighbourhood_size': 100, 'dynamic_tenure': True, 'base_tabu_tenure': 10, 'no_improve_diversify': 50, 'diversification_factor': 0.1}",31,1,20,123.39438549100652,4.119338035583496,100001,123.15082171840821,0.19777681480293358
TS,"{'neighbourhood_size': 100, 'dynamic_tenure': True, 'base_tabu_tenure': 10, 'no_improve_diversify': 50, 'diversification_factor': 0.1}",31,2,20,118.30539158118142,5.923839807510376,147901,118.09705683670249,0.17640976842209138
TS,"{'neighbourhood_size': 100, 'dynamic_tenure': True, 'base_tabu_tenure': 10, 'no_improve_diversify': 50, 'diversification_factor': 0.1}",31,3,20,163.3323639440824,5.284400701522827,137701,163.3323639440824,0.0
TS,"{'neighbourhood_size': 100, 'dynamic_tenure': True, 'base_tabu_tenure': 10, 'no_improve_diversify': 50, 'diversification_factor': 0.1}",31,4,50,315.149023369498,9.742984533309937,100001,313.8657229517305,0.40886924691833254
TS,"{'neighbourhood_size': 100, 'dynamic_tenure': True, 'base_tabu_tenure': 10, 'no_improve_diversify': 50, 'diversification_factor': 0.1}",31,5,50,356.4525654941303,9.893487215042114,100001,355.5040934692093,0.2667963723470141
TS,"{'neighbourhood_size': 100, 'dynamic_tenure': True, 'base_tabu_tenure': 10, 'no_improve_diversify': 50, 'diversification_factor': 0.1}",31,6,50,381.33592109302253,10.064861536026001,100001,380.5631116201899,0.20306999003201565
TS,"{'neighbourhood_size': 100, 'dynamic_tenure': True, 'base_tabu_tenure': 10, 'no_improve_diversify': 50, 'diversification_factor': 0.1}",31,7,100,756.6645629138128,30.321514129638672,153801,753.8146630781174,0.3780637304212352
TS,"{'neighbourhood_size': 100, 'dynamic_tenure': True, 'base_tabu_tenure': 10, 'no_improve_diversify': 50, 'diversification_factor': 0.1}",31,8,100,706.3507881071637,19.281368732452393,100001,703.8324388468143,0.35780522768679923
TS,"{'neighbourhood_size': 100, 'dynamic_tenure': True, 'base_tabu_tenure': 10, 'no_improve_diversify': 50, 'diversification_factor': 0.1}",31,9,100,729.0827975296953,18.900200605392456,100001,726.7409971715465,0.3222331432054929
TS,"{'neighbourhood_size': 100, 'dynamic_tenure': True, 'base_tabu_tenure': 10, 'no_improve_diversify': 50, 'diversification_factor': 0.15}",32,1,20,123.34764107728981,4.374557256698608,105701,123.15082171840821,0.15981976907278556
TS,"{'neighbourhood_size': 100, 'dynamic_tenure': True, 'base_tabu_tenure': 10, 'no_improve_diversify': 50, 'diversification_factor': 0.15}",32,2,20,118.3412502482198,3.9790215492248535,100001,118.09705683670249,0.20677349466461065
TS,"{'neighbourhood_size': 100, 'dynamic_tenure': True, 'base_tabu_tenure': 10, 'no_improve_diversify': 50, 'diversification_factor': 0.15}",32,3,20,163.93737283780854,4.328258514404297,112401,163.3323639440824,0.3704158068349908
TS,"{'neighbourhood_size': 100, 'dynamic_tenure': True, 'base_tabu_tenure': 10, 'no_improve_diversify': 50, 'diversification_factor': 0.15}",32,4,50,314.91318711078134,9.74355673789978,100001,313.8657229517305,0.33373002607612634
TS,"{'neighbourhood_size': 100, 'dynamic_tenure': True, 'base_tabu_tenure': 10, 'no_improve_diversify': 50, 'diversification_factor': 0.15}",32,5,50,356.2726194035901,9.828493118286133,100001,355.5040934692093,0.21617920820013892
TS,"{'neighbourhood_size': 100, 'dynamic_tenure': True, 'base_tabu_tenure': 10, 'no_improve_diversify': 50, 'diversification_factor': 0.15}",32,6,50,381.1123171288364,12.01806902885437,118301,380.5631116201899,0.14431391059117046
TS,"{'neighbourhood_size': 100, 'dynamic_tenure': True, 'base_tabu_tenure': 10, 'no_improve_diversify': 50, 'diversification_factor': 0.15}",32,7,100,756.8912593798572,19.743419647216797,100001,753.8146630781174,0.40813696687416773
TS,"{'neighbourhood_size': 100, 'dynamic_tenure': True, 'base_tabu_tenure': 10, 'no_improve_diversify': 50, 'diversification_factor': 0.15}",32,8,100,706.0485081215336,19.335267305374146,100001,703.8324388468143,0.3148575076122087
TS,"{'neighbourhood_size': 100, 'dynamic_tenure': True, 'base_tabu_tenure': 10, 'no_improve_diversify': 50, 'diversification_factor': 0.15}",32,9,100,729.1807457045578,18.7964608669281,100001,726.7409971715465,0.3357108712053864
TS,"{'neighbourhood_size': 100, 'dynamic_tenure': True, 'base_tabu_tenure': 10, 'no_improve_diversify': 50, 'diversification_factor': 0.25}",33,1,20,123.29789955587714,4.100337505340576,100001,123.15082171840821,0.11942903459079615
TS,"{'neighbourhood_size': 100, 'dynamic_tenure': True, 'base_tabu_tenure': 10, 'no_improve_diversify': 50, 'diversification_factor': 0.25}",33,2,20,118.09705683670249,4.866948843002319,122201,118.09705683670249,0.0
TS,"{'neighbourhood_size': 100, 'dynamic_tenure': True, 'base_tabu_tenure': 10, 'no_improve_diversify': 50, 'diversification_factor': 0.25}",33,3,20,163.7710114588477,5.153759479522705,134601,163.3323639440824,0.26856129683856184
TS,"{'neighbourhood_size': 100, 'dynamic_tenure': True, 'base_tabu_tenure': 10, 'no_improve_diversify': 50, 'diversification_factor': 0.25}",33,4,50,315.9369095096215,9.742990255355835,100001,313.8657229517305,0.6598957472681797
TS,"{'neighbourhood_size': 100, 'dynamic_tenure': True, 'base_tabu_tenure': 10, 'no_improve_diversify': 50, 'diversification_factor': 0.25}",33,5,50,357.13319162017376,9.804748773574829,100001,355.5040934692093,0.4582501807691745
TS,"{'neighbourhood_size': 100, 'dynamic_tenure': True, 'base_tabu_tenure': 10, 'no_improve_diversify': 50, 'diversification_factor': 0.25}",33,6,50,381.09935638384076,10.055691719055176,100001,380.5631116201899,0.14090823500151908
TS,"{'neighbourhood_size': 100, 'dynamic_tenure': True, 'base_tabu_tenure': 10, 'no_improve_diversify': 50, 'diversification_factor': 0.25}",33,7,100,756.5507525016047,19.871692657470703,100001,753.8146630781174,0.3629658001497099
TS,"{'neighbourhood_size': 100, 'dynamic_tenure': True, 'base_tabu_tenure': 10, 'no_improve_diversify': 50, 'diversification_factor': 0.25}",33,8,100,707.0265578142129,19.569024562835693,100001,703.8324388468143,0.4538180952034493
TS,"{'neighbourhood_size': 100, 'dynamic_tenure': True, 'base_tabu_tenure': 10, 'no_improve_diversify': 50, 'diversification_factor': 0.25}",33,9,100,729.5317847906288,19.11525797843933,100001,726.7409971715465,0.38401406139792926
TS,"{'neighbourhood_size': 100, 'dynamic_tenure': True, 'base_tabu_tenure': 10, 'no_improve_diversify': 100, 'diversification_factor': 0.1}",34,1,20,123.43087692147586,4.426888942718506,106001,123.15082171840821,0.22740831052513008
TS,"{'neighbourhood_size': 100, 'dynamic_tenure': True, 'base_tabu_tenure': 10, 'no_improve_diversify': 100, 'diversification_factor': 0.1}",34,2,20,118.18714157490899,4.875066757202148,120601,118.09705683670249,0.07628025678155832
TS,"{'neighbourhood_size': 100, 'dynamic_tenure': True, 'base_tabu_tenure': 10, 'no_improve_diversify': 100, 'diversification_factor': 0.1}",34,3,20,163.66317034229357,7.017534971237183,183101,163.3323639440824,0.20253573157394533
TS,"{'neighbourhood_size': 100, 'dynamic_tenure': True, 'base_tabu_tenure': 10, 'no_improve_diversify': 100, 'diversification_factor': 0.1}",34,4,50,313.8657229517305,21.734851598739624,221301,313.8657229517305,0.0
TS,"{'neighbourhood_size': 100, 'dynamic_tenure': True, 'base_tabu_tenure': 10, 'no_improve_diversify': 100, 'diversification_factor': 0.1}",34,5,50,356.73307272991894,13.567217588424683,136101,355.5040934692093,0.34570045276176087
TS,"{'neighbourhood_size': 100, 'dynamic_tenure': True, 'base_tabu_tenure': 10, 'no_improve_diversify': 100, 'diversification_factor': 0.1}",34,6,50,381.01530231238667,16.403003931045532,162101,380.5631116201899,0.1188214722839653
TS,"{'neighbourhood_size': 100, 'dynamic_tenure': True, 'base_tabu_tenure': 10, 'no_improve_diversify': 100, 'diversification_factor': 0.1}",34,7,100,754.8534089717731,36.98040437698364,188301,753.8146630781174,0.1377985789522964
TS,"{'neighbourhood_size': 100, 'dynamic_tenure': True, 'base_tabu_tenure': 10, 'no_improve_diversify': 100, 'diversification_factor': 0.1}",34,8,100,705.915072800824,23.51309895515442,121601,703.8324388468143,0.29589911448553663
TS,"{'neighbourhood_size': 100, 'dynamic_tenure': True, 'base_tabu_tenure': 10, 'no_improve_diversify': 100, 'diversification_factor': 0.1}",34,9,100,728.21910441501,22.731555700302124,120401,726.7409971715465,0.20338844914711057
TS,"{'neighbourhood_size': 100, 'dynamic_tenure': True, 'base_tabu_tenure': 10, 'no_improve_diversify': 100, 'diversification_factor': 0.15}",35,1,20,123.40472940722725,4.432147264480591,107701,123.15082171840821,0.2061762035170306
TS,"{'neighbourhood_size': 100, 'dynamic_tenure': True, 'base_tabu_tenure': 10, 'no_improve_diversify': 100, 'diversification_factor': 0.15}",35,2,20,118.30539158118142,5.37480354309082,134601,118.09705683670249,0.17640976842209138
TS,"{'neighbourhood_size': 100, 'dynamic_tenure': True, 'base_tabu_tenure': 10, 'no_improve_diversify': 100, 'diversification_factor': 0.15}",35,3,20,163.9263811854103,4.9324774742126465,129201,163.3323639440824,0.3636861837934671
TS,"{'neighbourhood_size': 100, 'dynamic_tenure': True, 'base_tabu_tenure': 10, 'no_improve_diversify': 100, 'diversification_factor': 0.15}",35,4,50,314.6250314029489,14.766822338104248,151901,313.8657229517305,0.24192143190326898
TS,"{'neighbourhood_size': 100, 'dynamic_tenure': True, 'base_tabu_tenure': 10, 'no_improve_diversify': 100, 'diversification_factor': 0.15}",35,5,50,356.78258090395565,16.044464588165283,162801,355.5040934692093,0.35962664234612657
TS,"{'neighbourhood_size': 100, 'dynamic_tenure': True, 'base_tabu_tenure': 10, 'no_improve_diversify': 100, 'diversification_factor': 0.15}",35,6,50,380.7944327385521,13.587683200836182,134901,380.5631116201899,0.060783904508604145
TS,"{'neighbourhood_size': 100, 'dynamic_tenure': True, 'base_tabu_tenure': 10, 'no_improve_diversify': 100, 'diversification_factor': 0.15}",35,7,100,755.3472315464326,27.78558087348938,141001,753.8146630781174,0.2033083917546909
TS,"{'neighbourhood_size': 100, 'dynamic_tenure': True, 'base_tabu_tenure': 10, 'no_improve_diversify': 100, 'diversification_factor': 0.15}",35,8,100,704.6710671020762,43.661943674087524,224701,703.8324388468143,0.11915169136506099
TS,"{'neighbourhood_size': 100, 'dynamic_tenure': True, 'base_tabu_tenure': 10, 'no_improve_diversify': 100, 'diversification_factor': 0.15}",35,9,100,728.8856889094624,22.36369228363037,118701,726.7409971715465,0.29511087805187153
TS,"{'neighbourhood_size': 100, 'dynamic_tenure': True, 'base_tabu_tenure': 10, 'no_improve_diversify': 100, 'diversification_factor': 0.25}",36,1,20,123.31296160742284,4.777514934539795,117201,123.15082171840821,0.13165960791180747
TS,"{'neighbourhood_size': 100, 'dynamic_tenure': True, 'base_tabu_tenure': 10, 'no_improve_diversify': 100, 'diversification_factor': 0.25}",36,2,20,118.3412502482198,4.061390399932861,102601,118.09705683670249,0.20677349466461065
TS,"{'neighbourhood_size': 100, 'dynamic_tenure': True, 'base_tabu_tenure': 10, 'no_improve_diversify': 100, 'diversification_factor': 0.25}",36,3,20,163.57690755873014,6.051674842834473,157901,163.3323639440824,0.14972146899891792
TS,"{'neighbourhood_size': 100, 'dynamic_tenure': True, 'base_tabu_tenure': 10, 'no_improve_diversify': 100, 'diversification_factor': 0.25}",36,4,50,314.6491216171983,12.16994047164917,125001,313.8657229517305,0.2495967568871142
TS,"{'neighbourhood_size': 100, 'dynamic_tenure': True, 'base_tabu_tenure': 10, 'no_improve_diversify': 100, 'diversification_factor': 0.25}",36,5,50,356.47568280323634,15.08417296409607,153301,355.5040934692093,0.27329905671288557
TS,"{'neighbourhood_size': 100, 'dynamic_tenure': True, 'base_tabu_tenure': 10, 'no_improve_diversify': 100, 'diversification_factor': 0.25}",36,6,50,381.09346879447105,12.928082704544067,128201,380.5631116201899,0.1393611619432185
TS,"{'neighbourhood_size': 100, 'dynamic_tenure': True, 'base_tabu_tenure': 10, 'no_improve_diversify': 100, 'diversification_factor': 0.25}",36,7,100,753.9401993302586,33.74525737762451,171401,753.8146630781174,0.016653463814108718
TS,"{'neighbourhood_size': 100, 'dynamic_tenure': True, 'base_tabu_tenure': 10, 'no_improve_diversify': 100, 'diversification_factor': 0.25}",36,8,100,704.7031759506222,25.15746545791626,130401,703.8324388468143,0.12371369316744163
TS,"{'neighbourhood_size': 100, 'dynamic_tenure': True, 'base_tabu_tenure': 10, 'no_improve_diversify': 100, 'diversification_factor': 0.25}",36,9,100,729.2306044205629,21.058948040008545,111901,726.7409971715465,0.34257146063121785
TS,"{'neighbourhood_size': 100, 'dynamic_tenure': True, 'base_tabu_tenure': 15, 'no_improve_diversify': 25, 'diversification_factor': 0.1}",37,1,20,123.15082171840821,4.690976858139038,114701,123.15082171840821,0.0
TS,"{'neighbourhood_size': 100, 'dynamic_tenure': True, 'base_tabu_tenure': 15, 'no_improve_diversify': 25, 'diversification_factor': 0.1}",37,2,20,118.30539158118142,3.9815189838409424,100001,118.09705683670249,0.17640976842209138
TS,"{'neighbourhood_size': 100, 'dynamic_tenure': True, 'base_tabu_tenure': 15, 'no_improve_diversify': 25, 'diversification_factor': 0.1}",37,3,20,163.84606851240034,4.147759675979614,107901,163.3323639440824,0.3145148676681144
TS,"{'neighbourhood_size': 100, 'dynamic_tenure': True, 'base_tabu_tenure': 15, 'no_improve_diversify': 25, 'diversification_factor': 0.1}",37,4,50,315.16747984915224,10.091326475143433,104301,313.8657229517305,0.4147496213283339
TS,"{'neighbourhood_size': 100, 'dynamic_tenure': True, 'base_tabu_tenure': 15, 'no_improve_diversify': 25, 'diversification_factor': 0.1}",37,5,50,357.3176218283589,9.842817544937134,100001,355.5040934692093,0.510128685566502
TS,"{'neighbourhood_size': 100, 'dynamic_tenure': True, 'base_tabu_tenure': 15, 'no_improve_diversify': 25, 'diversification_factor': 0.1}",37,6,50,381.25080522805985,10.065101146697998,100001,380.5631116201899,0.18070422142130604
TS,"{'neighbourhood_size': 100, 'dynamic_tenure': True, 'base_tabu_tenure': 15, 'no_improve_diversify': 25, 'diversification_factor': 0.1}",37,7,100,756.8794255898375,19.714558124542236,100001,753.8146630781174,0.4065671128239275
TS,"{'neighbourhood_size': 100, 'dynamic_tenure': True, 'base_tabu_tenure': 15, 'no_improve_diversify': 25, 'diversification_factor': 0.1}",37,8,100,704.9045508465754,19.361183166503906,100001,703.8324388468143,0.1523248916343896
TS,"{'neighbourhood_size': 100, 'dynamic_tenure': True, 'base_tabu_tenure': 15, 'no_improve_diversify': 25, 'diversification_factor': 0.1}",37,9,100,730.1132775458507,18.778604745864868,100001,726.7409971715465,0.46402781560817313
TS,"{'neighbourhood_size': 100, 'dynamic_tenure': True, 'base_tabu_tenure': 15, 'no_improve_diversify': 25, 'diversification_factor': 0.15}",38,1,20,123.39588304118395,4.104656457901001,100001,123.15082171840821,0.1989928441858777
TS,"{'neighbourhood_size': 100, 'dynamic_tenure': True, 'base_tabu_tenure': 15, 'no_improve_diversify': 25, 'diversification_factor': 0.15}",38,2,20,118.291477187703,4.007281541824341,100001,118.09705683670249,0.1646276005585264
TS,"{'neighbourhood_size': 100, 'dynamic_tenure': True, 'base_tabu_tenure': 15, 'no_improve_diversify': 25, 'diversification_factor': 0.15}",38,3,20,164.16751820675637,3.8291983604431152,100001,163.3323639440824,0.5113219710454238
TS,"{'neighbourhood_size': 100, 'dynamic_tenure': True, 'base_tabu_tenure': 15, 'no_improve_diversify': 25, 'diversification_factor': 0.15}",38,4,50,315.0207236039846,9.634077787399292,100001,313.8657229517305,0.36799196847364257
TS,"{'neighbourhood_size': 100, 'dynamic_tenure': True, 'base_tabu_tenure': 15, 'no_improve_diversify': 25, 'diversification_factor': 0.15}",38,5,50,356.5705500644824,9.87428092956543,100001,355.5040934692093,0.2999843362887963
TS,"{'neighbourhood_size': 100, 'dynamic_tenure': True, 'base_tabu_tenure': 15, 'no_improve_diversify': 25, 'diversification_factor': 0.15}",38,6,50,382.1634382879118,10.040765762329102,100001,380.5631116201899,0.4205154464153798
TS,"{'neighbourhood_size': 100, 'dynamic_tenure': True, 'base_tabu_tenure': 15, 'no_improve_diversify': 25, 'diversification_factor': 0.15}",38,7,100,756.5000978353245,19.74959444999695,100001,753.8146630781174,0.35624602289393065
TS,"{'neighbourhood_size': 100, 'dynamic_tenure': True, 'base_tabu_tenure': 15, 'no_improve_diversify': 25, 'diversification_factor': 0.15}",38,8,100,707.0311342191436,19.431910514831543,100001,703.8324388468143,0.45446830748099487
TS,"{'neighbourhood_size': 100, 'dynamic_tenure': True, 'base_tabu_tenure': 15, 'no_improve_diversify': 25, 'diversification_factor': 0.15}",38,9,100,729.652018061897,18.938471794128418,100001,726.7409971715465,0.40055823211847574
TS,"{'neighbourhood_size': 100, 'dynamic_tenure': True, 'base_tabu_tenure': 15, 'no_improve_diversify': 25, 'diversification_factor': 0.25}",39,1,20,123.39588304118395,4.11693263053894,100001,123.15082171840821,0.1989928441858777
TS,"{'neighbourhood_size': 100, 'dynamic_tenure': True, 'base_tabu_tenure': 15, 'no_improve_diversify': 25, 'diversification_factor': 0.25}",39,2,20,118.25829504890244,4.28042197227478,107501,118.09705683670249,0.13653025445240172
TS,"{'neighbourhood_size': 100, 'dynamic_tenure': True, 'base_tabu_tenure': 15, 'no_improve_diversify': 25, 'diversification_factor': 0.25}",39,3,20,163.76280833362222,3.7824668884277344,100001,163.3323639440824,0.2635389454640966
TS,"{'neighbourhood_size': 100, 'dynamic_tenure': True, 'base_tabu_tenure': 15, 'no_improve_diversify': 25, 'diversification_factor': 0.25}",39,4,50,316.04910704075905,9.66304612159729,100001,313.8657229517305,0.6956427317054731
TS,"{'neighbourhood_size': 100, 'dynamic_tenure': True, 'base_tabu_tenure': 15, 'no_improve_diversify': 25, 'diversification_factor': 0.25}",39,5,50,357.43020882582465,9.802712202072144,100001,355.5040934692093,0.5417983623814949
TS,"{'neighbourhood_size': 100, 'dynamic_tenure': True, 'base_tabu_tenure': 15, 'no_improve_diversify': 25, 'diversification_factor': 0.25}",39,6,50,382.2548969575727,10.049050569534302,100001,380.5631116201899,0.4445479043358457
TS,"{'neighbourhood_size': 100, 'dynamic_tenure': True, 'base_tabu_tenure': 15, 'no_improve_diversify': 25, 'diversification_factor': 0.25}",39,7,100,757.1794536714707,19.741252660751343,100001,753.8146630781174,0.4463684189444588
TS,"{'neighbourhood_size': 100, 'dynamic_tenure': True, 'base_tabu_tenure': 15, 'no_improve_diversify': 25, 'diversification_factor': 0.25}",39,8,100,706.513805216789,19.412782430648804,100001,703.8324388468143,0.38096657982516285
TS,"{'neighbourhood_size': 100, 'dynamic_tenure': True, 'base_tabu_tenure': 15, 'no_improve_diversify': 25, 'diversification_factor': 0.25}",39,9,100,728.7862715627309,19.017833948135376,100001,726.7409971715465,0.28143099111575726
TS,"{'neighbourhood_size': 100, 'dynamic_tenure': True, 'base_tabu_tenure': 15, 'no_improve_diversify': 50, 'diversification_factor': 0.1}",40,1,20,123.39588304118395,4.299041509628296,104301,123.15082171840821,0.1989928441858777
TS,"{'neighbourhood_size': 100, 'dynamic_tenure': True, 'base_tabu_tenure': 15, 'no_improve_diversify': 50, 'diversification_factor': 0.1}",40,2,20,118.31368657814252,3.9999423027038574,100001,118.09705683670249,0.18343364961209238
TS,"{'neighbourhood_size': 100, 'dynamic_tenure': True, 'base_tabu_tenure': 15, 'no_improve_diversify': 50, 'diversification_factor': 0.1}",40,3,20,163.86876419338887,4.913666725158691,128401,163.3323639440824,0.32841026502874016
TS,"{'neighbourhood_size': 100, 'dynamic_tenure': True, 'base_tabu_tenure': 15, 'no_improve_diversify': 50, 'diversification_factor': 0.1}",40,4,50,315.1833269407448,9.701616048812866,100001,313.8657229517305,0.4197986249097108
TS,"{'neighbourhood_size': 100, 'dynamic_tenure': True, 'base_tabu_tenure': 15, 'no_improve_diversify': 50, 'diversification_factor': 0.1}",40,5,50,356.38808908078556,13.826405763626099,139801,355.5040934692093,0.24865975605224125
TS,"{'neighbourhood_size': 100, 'dynamic_tenure': True, 'base_tabu_tenure': 15, 'no_improve_diversify': 50, 'diversification_factor': 0.1}",40,6,50,382.03552883259283,10.276147603988647,100001,380.5631116201899,0.38690487003176727
TS,"{'neighbourhood_size': 100, 'dynamic_tenure': True, 'base_tabu_tenure': 15, 'no_improve_diversify': 50, 'diversification_factor': 0.1}",40,7,100,755.0404911583074,19.876747131347656,100001,753.8146630781174,0.16261664043313798
TS,"{'neighbourhood_size': 100, 'dynamic_tenure': True, 'base_tabu_tenure': 15, 'no_improve_diversify': 50, 'diversification_factor': 0.1}",40,8,100,705.8913558585077,19.440825939178467,100001,703.8324388468143,0.29252942860474657
TS,"{'neighbourhood_size': 100, 'dynamic_tenure': True, 'base_tabu_tenure': 15, 'no_improve_diversify': 50, 'diversification_factor': 0.1}",40,9,100,729.1957247281566,18.859140634536743,100001,726.7409971715465,0.3377719938965666
TS,"{'neighbourhood_size': 100, 'dynamic_tenure': True, 'base_tabu_tenure': 15, 'no_improve_diversify': 50, 'diversification_factor': 0.15}",41,1,20,123.39588304118395,4.133891820907593,100001,123.15082171840821,0.1989928441858777
TS,"{'neighbourhood_size': 100, 'dynamic_tenure': True, 'base_tabu_tenure': 15, 'no_improve_diversify': 50, 'diversification_factor': 0.15}",41,2,20,118.09705683670249,4.0091540813446045,100001,118.09705683670249,0.0
TS,"{'neighbourhood_size': 100, 'dynamic_tenure': True, 'base_tabu_tenure': 15, 'no_improve_diversify': 50, 'diversification_factor': 0.15}",41,3,20,163.83122151444468,3.8169243335723877,100001,163.3323639440824,0.3054248149699602
TS,"{'neighbourhood_size': 100, 'dynamic_tenure': True, 'base_tabu_tenure': 15, 'no_improve_diversify': 50, 'diversification_factor': 0.15}",41,4,50,315.512906992835,9.659972429275513,100001,313.8657229517305,0.5248053293662149
TS,"{'neighbourhood_size': 100, 'dynamic_tenure': True, 'base_tabu_tenure': 15, 'no_improve_diversify': 50, 'diversification_factor': 0.15}",41,5,50,356.55043206929446,11.30128288269043,114401,355.5040934692093,0.294325331074082
TS,"{'neighbourhood_size': 100, 'dynamic_tenure': True, 'base_tabu_tenure': 15, 'no_improve_diversify': 50, 'diversification_factor': 0.15}",41,6,50,380.5631116201899,10.10576868057251,100001,380.5631116201899,0.0
TS,"{'neighbourhood_size': 100, 'dynamic_tenure': True, 'base_tabu_tenure': 15, 'no_improve_diversify': 50, 'diversification_factor': 0.15}",41,7,100,756.2466193205119,19.773561716079712,100001,753.8146630781174,0.3226199172703578
TS,"{'neighbourhood_size': 100, 'dynamic_tenure': True, 'base_tabu_tenure': 15, 'no_improve_diversify': 50, 'diversification_factor': 0.15}",41,8,100,705.6047115874983,19.499179363250732,100001,703.8324388468143,0.2518032194690772
TS,"{'neighbourhood_size': 100, 'dynamic_tenure': True, 'base_tabu_tenure': 15, 'no_improve_diversify': 50, 'diversification_factor': 0.15}",41,9,100,729.1859326561664,18.94582223892212,100001,726.7409971715465,0.33642459887849063
TS,"{'neighbourhood_size': 100, 'dynamic_tenure': True, 'base_tabu_tenure': 15, 'no_improve_diversify': 50, 'diversification_factor': 0.25}",42,1,20,123.15082171840821,5.389371156692505,131801,123.15082171840821,0.0
TS,"{'neighbourhood_size': 100, 'dynamic_tenure': True, 'base_tabu_tenure': 15, 'no_improve_diversify': 50, 'diversification_factor': 0.25}",42,2,20,118.28319559700205,8.72388219833374,221301,118.09705683670249,0.15761507126882748
TS,"{'neighbourhood_size': 100, 'dynamic_tenure': True, 'base_tabu_tenure': 15, 'no_improve_diversify': 50, 'diversification_factor': 0.25}",42,3,20,163.80097310071838,3.806232213973999,100001,163.3323639440824,0.286905268080494
TS,"{'neighbourhood_size': 100, 'dynamic_tenure': True, 'base_tabu_tenure': 15, 'no_improve_diversify': 50, 'diversification_factor': 0.25}",42,4,50,314.4808507541764,10.850806713104248,113101,313.8657229517305,0.19598438359594247
TS,"{'neighbourhood_size': 100, 'dynamic_tenure': True, 'base_tabu_tenure': 15, 'no_improve_diversify': 50, 'diversification_factor': 0.25}",42,5,50,356.21545875212706,14.537089586257935,146801,355.5040934692093,0.2001004477827146
TS,"{'neighbourhood_size': 100, 'dynamic_tenure': True, 'base_tabu_tenure': 15, 'no_improve_diversify': 50, 'diversification_factor': 0.25}",42,6,50,381.86493588222424,10.101703882217407,100001,380.5631116201899,0.34207841545441403
TS,"{'neighbourhood_size': 100, 'dynamic_tenure': True, 'base_tabu_tenure': 15, 'no_improve_diversify': 50, 'diversification_factor': 0.25}",42,7,100,755.7227882544895,19.80576515197754,100001,753.8146630781174,0.2531292199305969
TS,"{'neighbourhood_size': 100, 'dynamic_tenure': True, 'base_tabu_tenure': 15, 'no_improve_diversify': 50, 'diversification_factor': 0.25}",42,8,100,706.5467186667939,19.422624588012695,100001,703.8324388468143,0.3856428988164897
TS,"{'neighbourhood_size': 100, 'dynamic_tenure': True, 'base_tabu_tenure': 15, 'no_improve_diversify': 50, 'diversification_factor': 0.25}",42,9,100,728.5874403328804,18.947335243225098,100001,726.7409971715465,0.25407169383868844
TS,"{'neighbourhood_size': 100, 'dynamic_tenure': True, 'base_tabu_tenure': 15, 'no_improve_diversify': 100, 'diversification_factor': 0.1}",43,1,20,123.15082171840821,6.338040351867676,153501,123.15082171840821,0.0
TS,"{'neighbourhood_size': 100, 'dynamic_tenure': True, 'base_tabu_tenure': 15, 'no_improve_diversify': 100, 'diversification_factor': 0.1}",43,2,20,118.30539158118142,4.454488515853882,110201,118.09705683670249,0.17640976842209138
TS,"{'neighbourhood_size': 100, 'dynamic_tenure': True, 'base_tabu_tenure': 15, 'no_improve_diversify': 100, 'diversification_factor': 0.1}",43,3,20,163.9431089347405,7.2191994190216064,187001,163.3323639440824,0.37392772375914224
TS,"{'neighbourhood_size': 100, 'dynamic_tenure': True, 'base_tabu_tenure': 15, 'no_improve_diversify': 100, 'diversification_factor': 0.1}",43,4,50,314.4177889618229,15.410624265670776,159801,313.8657229517305,0.1758924182292138
TS,"{'neighbourhood_size': 100, 'dynamic_tenure': True, 'base_tabu_tenure': 15, 'no_improve_diversify': 100, 'diversification_factor': 0.1}",43,5,50,356.3343536403378,13.809412479400635,139901,355.5040934692093,0.23354447568418685
TS,"{'neighbourhood_size': 100, 'dynamic_tenure': True, 'base_tabu_tenure': 15, 'no_improve_diversify': 100, 'diversification_factor': 0.1}",43,6,50,380.8020045520013,16.063289165496826,159701,380.5631116201899,0.06277353861080803
TS,"{'neighbourhood_size': 100, 'dynamic_tenure': True, 'base_tabu_tenure': 15, 'no_improve_diversify': 100, 'diversification_factor': 0.1}",43,7,100,755.2738593573872,27.962873220443726,141001,753.8146630781174,0.19357493966903486
TS,"{'neighbourhood_size': 100, 'dynamic_tenure': True, 'base_tabu_tenure': 15, 'no_improve_diversify': 100, 'diversification_factor': 0.1}",43,8,100,705.7495663561393,24.94432759284973,128201,703.8324388468143,0.2723840794360282
TS,"{'neighbourhood_size': 100, 'dynamic_tenure': True, 'base_tabu_tenure': 15, 'no_improve_diversify': 100, 'diversification_factor': 0.1}",43,9,100,728.6300000576322,25.01330828666687,132101,726.7409971715465,0.25992793766109495
TS,"{'neighbourhood_size': 100, 'dynamic_tenure': True, 'base_tabu_tenure': 15, 'no_improve_diversify': 100, 'diversification_factor': 0.15}",44,1,20,123.36691098879729,7.259694337844849,175501,123.15082171840821,0.17546717705479695
TS,"{'neighbourhood_size': 100, 'dynamic_tenure': True, 'base_tabu_tenure': 15, 'no_improve_diversify': 100, 'diversification_factor': 0.15}",44,2,20,118.18714157490899,5.1593756675720215,129701,118.09705683670249,0.07628025678155832
TS,"{'neighbourhood_size': 100, 'dynamic_tenure': True, 'base_tabu_tenure': 15, 'no_improve_diversify': 100, 'diversification_factor': 0.15}",44,3,20,163.57367250878,8.3367280960083,218501,163.3323639440824,0.14774081441703937
TS,"{'neighbourhood_size': 100, 'dynamic_tenure': True, 'base_tabu_tenure': 15, 'no_improve_diversify': 100, 'diversification_factor': 0.15}",44,4,50,314.7730638971982,11.318913221359253,116301,313.8657229517305,0.2890857073957181
TS,"{'neighbourhood_size': 100, 'dynamic_tenure': True, 'base_tabu_tenure': 15, 'no_improve_diversify': 100, 'diversification_factor': 0.15}",44,5,50,355.9985021422254,15.163846254348755,153701,355.5040934692093,0.13907256824847716
TS,"{'neighbourhood_size': 100, 'dynamic_tenure': True, 'base_tabu_tenure': 15, 'no_improve_diversify': 100, 'diversification_factor': 0.15}",44,6,50,380.93230774174395,19.804178714752197,196301,380.5631116201899,0.09701311301094634
TS,"{'neighbourhood_size': 100, 'dynamic_tenure': True, 'base_tabu_tenure': 15, 'no_improve_diversify': 100, 'diversification_factor': 0.15}",44,7,100,756.3865361063622,25.145560026168823,127401,753.8146630781174,0.34118108259433966
TS,"{'neighbourhood_size': 100, 'dynamic_tenure': True, 'base_tabu_tenure': 15, 'no_improve_diversify': 100, 'diversification_factor': 0.15}",44,8,100,705.6179006505384,30.79133439064026,158801,703.8324388468143,0.25367711193441567
TS,"{'neighbourhood_size': 100, 'dynamic_tenure': True, 'base_tabu_tenure': 15, 'no_improve_diversify': 100, 'diversification_factor': 0.15}",44,9,100,727.748160729759,24.503884315490723,129401,726.7409971715465,0.13858631371180824
TS,"{'neighbourhood_size': 100, 'dynamic_tenure': True, 'base_tabu_tenure': 15, 'no_improve_diversify': 100, 'diversification_factor': 0.25}",45,1,20,123.22444662064487,7.1109819412231445,172101,123.15082171840821,0.05978433696935217
TS,"{'neighbourhood_size': 100, 'dynamic_tenure': True, 'base_tabu_tenure': 15, 'no_improve_diversify': 100, 'diversification_factor': 0.25}",45,2,20,118.30539158118142,6.967305660247803,174501,118.09705683670249,0.17640976842209138
TS,"{'neighbourhood_size': 100, 'dynamic_tenure': True, 'base_tabu_tenure': 15, 'no_improve_diversify': 100, 'diversification_factor': 0.25}",45,3,20,163.61222368434582,9.384204387664795,245601,163.3323639440824,0.17134371505161705
TS,"{'neighbourhood_size': 100, 'dynamic_tenure': True, 'base_tabu_tenure': 15, 'no_improve_diversify': 100, 'diversification_factor': 0.25}",45,4,50,314.0378165380535,19.32293176651001,198301,313.8657229517305,0.05483032193020562
TS,"{'neighbourhood_size': 100, 'dynamic_tenure': True, 'base_tabu_tenure': 15, 'no_improve_diversify': 100, 'diversification_factor': 0.25}",45,5,50,356.618377330368,15.893402576446533,159601,355.5040934692093,0.3134377020204991
TS,"{'neighbourhood_size': 100, 'dynamic_tenure': True, 'base_tabu_tenure': 15, 'no_improve_diversify': 100, 'diversification_factor': 0.25}",45,6,50,381.30571608644726,15.798367738723755,155001,380.5631116201899,0.19513306560266697
TS,"{'neighbourhood_size': 100, 'dynamic_tenure': True, 'base_tabu_tenure': 15, 'no_improve_diversify': 100, 'diversification_factor': 0.25}",45,7,100,755.3972853824674,24.088847160339355,120701,753.8146630781174,0.20994846370957615
TS,"{'neighbourhood_size': 100, 'dynamic_tenure': True, 'base_tabu_tenure': 15, 'no_improve_diversify': 100, 'diversification_factor': 0.25}",45,8,100,705.9768461042852,35.89970111846924,184301,703.8324388468143,0.3046758204245858
TS,"{'neighbourhood_size': 100, 'dynamic_tenure': True, 'base_tabu_tenure': 15, 'no_improve_diversify': 100, 'diversification_factor': 0.25}",45,9,100,728.1567233331158,25.437471389770508,134301,726.7409971715465,0.19480477461423787
TS,"{'neighbourhood_size': 100, 'dynamic_tenure': True, 'base_tabu_tenure': 25, 'no_improve_diversify': 25, 'diversification_factor': 0.1}",46,1,20,123.38224127970554,4.125943422317505,100001,123.15082171840821,0.18791556407677418
TS,"{'neighbourhood_size': 100, 'dynamic_tenure': True, 'base_tabu_tenure': 25, 'no_improve_diversify': 25, 'diversification_factor': 0.1}",46,2,20,118.182620805516,3.962357997894287,100001,118.09705683670249,0.07245224487839313
TS,"{'neighbourhood_size': 100, 'dynamic_tenure': True, 'base_tabu_tenure': 25, 'no_improve_diversify': 25, 'diversification_factor': 0.1}",46,3,20,163.68793157768673,3.8660573959350586,101201,163.3323639440824,0.21769576158589954
TS,"{'neighbourhood_size': 100, 'dynamic_tenure': True, 'base_tabu_tenure': 25, 'no_improve_diversify': 25, 'diversification_factor': 0.1}",46,4,50,314.9778592756052,9.624696016311646,100001,313.8657229517305,0.35433506832657796
TS,"{'neighbourhood_size': 100, 'dynamic_tenure': True, 'base_tabu_tenure': 25, 'no_improve_diversify': 25, 'diversification_factor': 0.1}",46,5,50,357.5805671548012,9.78638744354248,100001,355.5040934692093,0.584092763975938
TS,"{'neighbourhood_size': 100, 'dynamic_tenure': True, 'base_tabu_tenure': 25, 'no_improve_diversify': 25, 'diversification_factor': 0.1}",46,6,50,381.67263772207633,10.012092590332031,100001,380.5631116201899,0.2915485153468515
TS,"{'neighbourhood_size': 100, 'dynamic_tenure': True, 'base_tabu_tenure': 25, 'no_improve_diversify': 25, 'diversification_factor': 0.1}",46,7,100,756.8542488348178,19.654178857803345,100001,753.8146630781174,0.40322719967910536
TS,"{'neighbourhood_size': 100, 'dynamic_tenure': True, 'base_tabu_tenure': 25, 'no_improve_diversify': 25, 'diversification_factor': 0.1}",46,8,100,705.6789116793351,19.458238124847412,100001,703.8324388468143,0.2623455144446238
TS,"{'neighbourhood_size': 100, 'dynamic_tenure': True, 'base_tabu_tenure': 25, 'no_improve_diversify': 25, 'diversification_factor': 0.1}",46,9,100,730.9949549447938,18.825822353363037,100001,726.7409971715465,0.5853471580389115
TS,"{'neighbourhood_size': 100, 'dynamic_tenure': True, 'base_tabu_tenure': 25, 'no_improve_diversify': 25, 'diversification_factor': 0.15}",47,1,20,123.39438549100652,4.555145740509033,110701,123.15082171840821,0.19777681480293358
TS,"{'neighbourhood_size': 100, 'dynamic_tenure': True, 'base_tabu_tenure': 25, 'no_improve_diversify': 25, 'diversification_factor': 0.15}",47,2,20,118.09705683670249,4.168287515640259,104401,118.09705683670249,0.0
TS,"{'neighbourhood_size': 100, 'dynamic_tenure': True, 'base_tabu_tenure': 25, 'no_improve_diversify': 25, 'diversification_factor': 0.15}",47,3,20,163.77645438250022,3.800049304962158,100001,163.3323639440824,0.27189371885283753
TS,"{'neighbourhood_size': 100, 'dynamic_tenure': True, 'base_tabu_tenure': 25, 'no_improve_diversify': 25, 'diversification_factor': 0.15}",47,4,50,314.9982231208485,9.633048057556152,100001,313.8657229517305,0.3608231438805895
TS,"{'neighbourhood_size': 100, 'dynamic_tenure': True, 'base_tabu_tenure': 25, 'no_improve_diversify': 25, 'diversification_factor': 0.15}",47,5,50,357.726334721189,9.812930822372437,100001,355.5040934692093,0.6250958266876276
TS,"{'neighbourhood_size': 100, 'dynamic_tenure': True, 'base_tabu_tenure': 25, 'no_improve_diversify': 25, 'diversification_factor': 0.15}",47,6,50,381.47849594602843,10.166730165481567,100001,380.5631116201899,0.24053417104496405
TS,"{'neighbourhood_size': 100, 'dynamic_tenure': True, 'base_tabu_tenure': 25, 'no_improve_diversify': 25, 'diversification_factor': 0.15}",47,7,100,757.0655700235333,19.828032970428467,100001,753.8146630781174,0.43126077332339896
TS,"{'neighbourhood_size': 100, 'dynamic_tenure': True, 'base_tabu_tenure': 25, 'no_improve_diversify': 25, 'diversification_factor': 0.15}",47,8,100,706.051519035844,19.490501880645752,100001,703.8324388468143,0.3152852961232517
TS,"{'neighbourhood_size': 100, 'dynamic_tenure': True, 'base_tabu_tenure': 25, 'no_improve_diversify': 25, 'diversification_factor': 0.15}",47,9,100,730.101777694617,18.862178325653076,100001,726.7409971715465,0.46244542913507786
TS,"{'neighbourhood_size': 100, 'dynamic_tenure': True, 'base_tabu_tenure': 25, 'no_improve_diversify': 25, 'diversification_factor': 0.25}",48,1,20,123.38224127970554,4.1281678676605225,100001,123.15082171840821,0.18791556407677418
TS,"{'neighbourhood_size': 100, 'dynamic_tenure': True, 'base_tabu_tenure': 25, 'no_improve_diversify': 25, 'diversification_factor': 0.25}",48,2,20,118.3412502482198,3.998669385910034,100001,118.09705683670249,0.20677349466461065
TS,"{'neighbourhood_size': 100, 'dynamic_tenure': True, 'base_tabu_tenure': 25, 'no_improve_diversify': 25, 'diversification_factor': 0.25}",48,3,20,163.8378688939899,4.362590789794922,113701,163.3323639440824,0.30949466333602194
TS,"{'neighbourhood_size': 100, 'dynamic_tenure': True, 'base_tabu_tenure': 25, 'no_improve_diversify': 25, 'diversification_factor': 0.25}",48,4,50,315.5902647169787,9.72123408317566,100001,313.8657229517305,0.5494520870357743
TS,"{'neighbourhood_size': 100, 'dynamic_tenure': True, 'base_tabu_tenure': 25, 'no_improve_diversify': 25, 'diversification_factor': 0.25}",48,5,50,357.5888224504166,9.889494895935059,100001,355.5040934692093,0.5864149019673331
TS,"{'neighbourhood_size': 100, 'dynamic_tenure': True, 'base_tabu_tenure': 25, 'no_improve_diversify': 25, 'diversification_factor': 0.25}",48,6,50,381.9816410578979,10.10370659828186,100001,380.5631116201899,0.3727448600230401
TS,"{'neighbourhood_size': 100, 'dynamic_tenure': True, 'base_tabu_tenure': 25, 'no_improve_diversify': 25, 'diversification_factor': 0.25}",48,7,100,756.8137846680319,19.800221920013428,100001,753.8146630781174,0.3978592798484299
TS,"{'neighbourhood_size': 100, 'dynamic_tenure': True, 'base_tabu_tenure': 25, 'no_improve_diversify': 25, 'diversification_factor': 0.25}",48,8,100,706.5372535585316,19.533071279525757,100001,703.8324388468143,0.38429810313218316
TS,"{'neighbourhood_size': 100, 'dynamic_tenure': True, 'base_tabu_tenure': 25, 'no_improve_diversify': 25, 'diversification_factor': 0.25}",48,9,100,729.8091792225605,19.06495475769043,100001,726.7409971715465,0.4221837027159966
TS,"{'neighbourhood_size': 100, 'dynamic_tenure': True, 'base_tabu_tenure': 25, 'no_improve_diversify': 50, 'diversification_factor': 0.1}",49,1,20,123.33331458764326,4.126355886459351,100001,123.15082171840821,0.14818648116886238
TS,"{'neighbourhood_size': 100, 'dynamic_tenure': True, 'base_tabu_tenure': 25, 'no_improve_diversify': 50, 'diversification_factor': 0.1}",49,2,20,118.09705683670249,5.7705652713775635,143301,118.09705683670249,0.0
TS,"{'neighbourhood_size': 100, 'dynamic_tenure': True, 'base_tabu_tenure': 25, 'no_improve_diversify': 50, 'diversification_factor': 0.1}",49,3,20,163.96288105618683,4.546621322631836,118001,163.3323639440824,0.3860331760827809
TS,"{'neighbourhood_size': 100, 'dynamic_tenure': True, 'base_tabu_tenure': 25, 'no_improve_diversify': 50, 'diversification_factor': 0.1}",49,4,50,314.3441772197749,9.74004054069519,100001,313.8657229517305,0.1524391588685788
TS,"{'neighbourhood_size': 100, 'dynamic_tenure': True, 'base_tabu_tenure': 25, 'no_improve_diversify': 50, 'diversification_factor': 0.1}",49,5,50,357.8043000679136,11.440563917160034,115701,355.5040934692093,0.6470267546732208
TS,"{'neighbourhood_size': 100, 'dynamic_tenure': True, 'base_tabu_tenure': 25, 'no_improve_diversify': 50, 'diversification_factor': 0.1}",49,6,50,381.70277074179455,10.100725650787354,100001,380.5631116201899,0.299466523897374
TS,"{'neighbourhood_size': 100, 'dynamic_tenure': True, 'base_tabu_tenure': 25, 'no_improve_diversify': 50, 'diversification_factor': 0.1}",49,7,100,755.8265737986374,19.707188606262207,100001,753.8146630781174,0.2668972652116554
TS,"{'neighbourhood_size': 100, 'dynamic_tenure': True, 'base_tabu_tenure': 25, 'no_improve_diversify': 50, 'diversification_factor': 0.1}",49,8,100,706.5326371291541,19.250553607940674,100001,703.8324388468143,0.3836422042104071
TS,"{'neighbourhood_size': 100, 'dynamic_tenure': True, 'base_tabu_tenure': 25, 'no_improve_diversify': 50, 'diversification_factor': 0.1}",49,9,100,729.78511988075,18.801275491714478,100001,726.7409971715465,0.41887312275640864
TS,"{'neighbourhood_size': 100, 'dynamic_tenure': True, 'base_tabu_tenure': 25, 'no_improve_diversify': 50, 'diversification_factor': 0.15}",50,1,20,123.40219479260932,4.1255271434783936,100001,123.15082171840821,0.20411806490085116
TS,"{'neighbourhood_size': 100, 'dynamic_tenure': True, 'base_tabu_tenure': 25, 'no_improve_diversify': 50, 'diversification_factor': 0.15}",50,2,20,118.30995401286897,6.914830446243286,174701,118.09705683670249,0.18027305833782126
TS,"{'neighbourhood_size': 100, 'dynamic_tenure': True, 'base_tabu_tenure': 25, 'no_improve_diversify': 50, 'diversification_factor': 0.15}",50,3,20,163.855410351111,4.771631956100464,124101,163.3323639440824,0.3202343947018787
TS,"{'neighbourhood_size': 100, 'dynamic_tenure': True, 'base_tabu_tenure': 25, 'no_improve_diversify': 50, 'diversification_factor': 0.15}",50,4,50,315.5451690242778,9.66912031173706,100001,313.8657229517305,0.535084257291004
TS,"{'neighbourhood_size': 100, 'dynamic_tenure': True, 'base_tabu_tenure': 25, 'no_improve_diversify': 50, 'diversification_factor': 0.15}",50,5,50,356.17755260710317,15.610379219055176,158001,355.5040934692093,0.18943780121401074
TS,"{'neighbourhood_size': 100, 'dynamic_tenure': True, 'base_tabu_tenure': 25, 'no_improve_diversify': 50, 'diversification_factor': 0.15}",50,6,50,381.53499320346566,10.087291240692139,100001,380.5631116201899,0.2553798709334006
TS,"{'neighbourhood_size': 100, 'dynamic_tenure': True, 'base_tabu_tenure': 25, 'no_improve_diversify': 50, 'diversification_factor': 0.15}",50,7,100,756.5348089876641,19.6629056930542,100001,753.8146630781174,0.36085075586607046
TS,"{'neighbourhood_size': 100, 'dynamic_tenure': True, 'base_tabu_tenure': 25, 'no_improve_diversify': 50, 'diversification_factor': 0.15}",50,8,100,704.6092191169598,19.291301012039185,100001,703.8324388468143,0.11036437471086766
TS,"{'neighbourhood_size': 100, 'dynamic_tenure': True, 'base_tabu_tenure': 25, 'no_improve_diversify': 50, 'diversification_factor': 0.15}",50,9,100,727.7805250223171,18.747607469558716,100001,726.7409971715465,0.14303965990860468
TS,"{'neighbourhood_size': 100, 'dynamic_tenure': True, 'base_tabu_tenure': 25, 'no_improve_diversify': 50, 'diversification_factor': 0.25}",51,1,20,123.40279336987507,6.965915679931641,170001,123.15082171840821,0.20460411709067486
TS,"{'neighbourhood_size': 100, 'dynamic_tenure': True, 'base_tabu_tenure': 25, 'no_improve_diversify': 50, 'diversification_factor': 0.25}",51,2,20,118.18714157490899,3.94710373878479,100001,118.09705683670249,0.07628025678155832
TS,"{'neighbourhood_size': 100, 'dynamic_tenure': True, 'base_tabu_tenure': 25, 'no_improve_diversify': 50, 'diversification_factor': 0.25}",51,3,20,164.04094335883147,5.243687868118286,136601,163.3323639440824,0.43382670625624015
TS,"{'neighbourhood_size': 100, 'dynamic_tenure': True, 'base_tabu_tenure': 25, 'no_improve_diversify': 50, 'diversification_factor': 0.25}",51,4,50,315.2502898870016,9.611295461654663,100001,313.8657229517305,0.4411335275002389
TS,"{'neighbourhood_size': 100, 'dynamic_tenure': True, 'base_tabu_tenure': 25, 'no_improve_diversify': 50, 'diversification_factor': 0.25}",51,5,50,356.6513796656386,11.988418340682983,121401,355.5040934692093,0.3227209524462728
TS,"{'neighbourhood_size': 100, 'dynamic_tenure': True, 'base_tabu_tenure': 25, 'no_improve_diversify': 50, 'diversification_factor': 0.25}",51,6,50,382.0088847106632,12.667180061340332,125601,380.5631116201899,0.3799036339381827
TS,"{'neighbourhood_size': 100, 'dynamic_tenure': True, 'base_tabu_tenure': 25, 'no_improve_diversify': 50, 'diversification_factor': 0.25}",51,7,100,757.2147402851773,19.828808546066284,100001,753.8146630781174,0.4510494918175326
TS,"{'neighbourhood_size': 100, 'dynamic_tenure': True, 'base_tabu_tenure': 25, 'no_improve_diversify': 50, 'diversification_factor': 0.25}",51,8,100,705.9467345367535,19.461461782455444,100001,703.8324388468143,0.3003975908532125
TS,"{'neighbourhood_size': 100, 'dynamic_tenure': True, 'base_tabu_tenure': 25, 'no_improve_diversify': 50, 'diversification_factor': 0.25}",51,9,100,729.5722137843937,18.929546117782593,100001,726.7409971715465,0.3895771153500697
TS,"{'neighbourhood_size': 100, 'dynamic_tenure': True, 'base_tabu_tenure': 25, 'no_improve_diversify': 100, 'diversification_factor': 0.1}",52,1,20,123.15082171840821,5.276118755340576,128301,123.15082171840821,0.0
TS,"{'neighbourhood_size': 100, 'dynamic_tenure': True, 'base_tabu_tenure': 25, 'no_improve_diversify': 100, 'diversification_factor': 0.1}",52,2,20,118.31368657814252,4.622910022735596,115101,118.09705683670249,0.18343364961209238
TS,"{'neighbourhood_size': 100, 'dynamic_tenure': True, 'base_tabu_tenure': 25, 'no_improve_diversify': 100, 'diversification_factor': 0.1}",52,3,20,163.64623279136453,5.314685344696045,139401,163.3323639440824,0.19216574088744434
TS,"{'neighbourhood_size': 100, 'dynamic_tenure': True, 'base_tabu_tenure': 25, 'no_improve_diversify': 100, 'diversification_factor': 0.1}",52,4,50,314.4128331523697,31.958072900772095,330401,313.8657229517305,0.1743134597476783
TS,"{'neighbourhood_size': 100, 'dynamic_tenure': True, 'base_tabu_tenure': 25, 'no_improve_diversify': 100, 'diversification_factor': 0.1}",52,5,50,356.26994556209394,17.31276273727417,174801,355.5040934692093,0.21542708141867695
TS,"{'neighbourhood_size': 100, 'dynamic_tenure': True, 'base_tabu_tenure': 25, 'no_improve_diversify': 100, 'diversification_factor': 0.1}",52,6,50,381.52446249173244,21.744590282440186,214801,380.5631116201899,0.2526127315518689
TS,"{'neighbourhood_size': 100, 'dynamic_tenure': True, 'base_tabu_tenure': 25, 'no_improve_diversify': 100, 'diversification_factor': 0.1}",52,7,100,755.3844393676724,35.63178038597107,180101,753.8146630781174,0.208244329334874
TS,"{'neighbourhood_size': 100, 'dynamic_tenure': True, 'base_tabu_tenure': 25, 'no_improve_diversify': 100, 'diversification_factor': 0.1}",52,8,100,706.0040103985457,27.667173624038696,143101,703.8324388468143,0.30853530355739056
TS,"{'neighbourhood_size': 100, 'dynamic_tenure': True, 'base_tabu_tenure': 25, 'no_improve_diversify': 100, 'diversification_factor': 0.1}",52,9,100,727.8249532277437,28.545971155166626,152801,726.7409971715465,0.14915300780001267
TS,"{'neighbourhood_size': 100, 'dynamic_tenure': True, 'base_tabu_tenure': 25, 'no_improve_diversify': 100, 'diversification_factor': 0.15}",53,1,20,123.42432005597279,4.865765333175659,119601,123.15082171840821,0.22208405412831583
TS,"{'neighbourhood_size': 100, 'dynamic_tenure': True, 'base_tabu_tenure': 25, 'no_improve_diversify': 100, 'diversification_factor': 0.15}",53,2,20,118.31368657814252,4.667550802230835,119501,118.09705683670249,0.18343364961209238
TS,"{'neighbourhood_size': 100, 'dynamic_tenure': True, 'base_tabu_tenure': 25, 'no_improve_diversify': 100, 'diversification_factor': 0.15}",53,3,20,163.8092613677544,4.499382257461548,118501,163.3323639440824,0.29197974740344046
TS,"{'neighbourhood_size': 100, 'dynamic_tenure': True, 'base_tabu_tenure': 25, 'no_improve_diversify': 100, 'diversification_factor': 0.15}",53,4,50,315.09124655047003,12.46159052848816,128801,313.8657229517305,0.39046111413956525
TS,"{'neighbourhood_size': 100, 'dynamic_tenure': True, 'base_tabu_tenure': 25, 'no_improve_diversify': 100, 'diversification_factor': 0.15}",53,5,50,356.0419928682249,24.102253198623657,243901,355.5040934692093,0.1513061055827726
TS,"{'neighbourhood_size': 100, 'dynamic_tenure': True, 'base_tabu_tenure': 25, 'no_improve_diversify': 100, 'diversification_factor': 0.15}",53,6,50,381.53746040639413,13.304492950439453,132501,380.5631116201899,0.2560281741591041
TS,"{'neighbourhood_size': 100, 'dynamic_tenure': True, 'base_tabu_tenure': 25, 'no_improve_diversify': 100, 'diversification_factor': 0.15}",53,7,100,755.6979072497417,25.160794019699097,127701,753.8146630781174,0.24982854060363324
TS,"{'neighbourhood_size': 100, 'dynamic_tenure': True, 'base_tabu_tenure': 25, 'no_improve_diversify': 100, 'diversification_factor': 0.15}",53,8,100,704.8350198646496,28.088051795959473,146301,703.8324388468143,0.14244598039242626
TS,"{'neighbourhood_size': 100, 'dynamic_tenure': True, 'base_tabu_tenure': 25, 'no_improve_diversify': 100, 'diversification_factor': 0.15}",53,9,100,728.7900423148033,22.207067728042603,117601,726.7409971715465,0.28194984887760327
TS,"{'neighbourhood_size': 100, 'dynamic_tenure': True, 'base_tabu_tenure': 25, 'no_improve_diversify': 100, 'diversification_factor': 0.25}",54,1,20,123.41994362809447,4.47209095954895,109301,123.15082171840821,0.21853034022105508
TS,"{'neighbourhood_size': 100, 'dynamic_tenure': True, 'base_tabu_tenure': 25, 'no_improve_diversify': 100, 'diversification_factor': 0.25}",54,2,20,118.09705683670249,7.0978922843933105,177401,118.09705683670249,0.0
TS,"{'neighbourhood_size': 100, 'dynamic_tenure': True, 'base_tabu_tenure': 25, 'no_improve_diversify': 100, 'diversification_factor': 0.25}",54,3,20,163.5112806457985,4.449849367141724,116801,163.3323639440824,0.10954148791806981
TS,"{'neighbourhood_size': 100, 'dynamic_tenure': True, 'base_tabu_tenure': 25, 'no_improve_diversify': 100, 'diversification_factor': 0.25}",54,4,50,315.75213166196835,10.596364736557007,109601,313.8657229517305,0.6010241234682248
TS,"{'neighbourhood_size': 100, 'dynamic_tenure': True, 'base_tabu_tenure': 25, 'no_improve_diversify': 100, 'diversification_factor': 0.25}",54,5,50,356.5881285943151,14.27378249168396,144301,355.5040934692093,0.3049290134825661
TS,"{'neighbourhood_size': 100, 'dynamic_tenure': True, 'base_tabu_tenure': 25, 'no_improve_diversify': 100, 'diversification_factor': 0.25}",54,6,50,381.5364570489239,12.150012254714966,119901,380.5631116201899,0.25576452341640893
TS,"{'neighbourhood_size': 100, 'dynamic_tenure': True, 'base_tabu_tenure': 25, 'no_improve_diversify': 100, 'diversification_factor': 0.25}",54,7,100,755.7217850145432,28.26386022567749,142501,753.8146630781174,0.25299613152101685
TS,"{'neighbourhood_size': 100, 'dynamic_tenure': True, 'base_tabu_tenure': 25, 'no_improve_diversify': 100, 'diversification_factor': 0.25}",54,8,100,705.2190230124069,23.21249485015869,121001,703.8324388468143,0.19700486778705634
TS,"{'neighbourhood_size': 100, 'dynamic_tenure': True, 'base_tabu_tenure': 25, 'no_improve_diversify': 100, 'diversification_factor': 0.25}",54,9,100,727.4169686152502,29.501115798950195,156501,726.7409971715465,0.09301407878935712
TS,"{'neighbourhood_size': 150, 'dynamic_tenure': True, 'base_tabu_tenure': 10, 'no_improve_diversify': 25, 'diversification_factor': 0.1}",55,1,20,123.36691098879729,4.235795974731445,102751,123.15082171840821,0.17546717705479695
TS,"{'neighbourhood_size': 150, 'dynamic_tenure': True, 'base_tabu_tenure': 10, 'no_improve_diversify': 25, 'diversification_factor': 0.1}",55,2,20,118.3412502482198,3.9838922023773193,100051,118.09705683670249,0.20677349466461065
TS,"{'neighbourhood_size': 150, 'dynamic_tenure': True, 'base_tabu_tenure': 10, 'no_improve_diversify': 25, 'diversification_factor': 0.1}",55,3,20,163.6923196514143,3.7644424438476562,100051,163.3323639440824,0.2203823532824912
TS,"{'neighbourhood_size': 150, 'dynamic_tenure': True, 'base_tabu_tenure': 10, 'no_improve_diversify': 25, 'diversification_factor': 0.1}",55,4,50,315.1587901749037,9.70037055015564,100051,313.8657229517305,0.41198102520167296
TS,"{'neighbourhood_size': 150, 'dynamic_tenure': True, 'base_tabu_tenure': 10, 'no_improve_diversify': 25, 'diversification_factor': 0.1}",55,5,50,356.90644647235155,13.082879304885864,133051,355.5040934692093,0.3944688764220129
TS,"{'neighbourhood_size': 150, 'dynamic_tenure': True, 'base_tabu_tenure': 10, 'no_improve_diversify': 25, 'diversification_factor': 0.1}",55,6,50,381.87519261673975,9.579458475112915,100051,380.5631116201899,0.34477356225196926
TS,"{'neighbourhood_size': 150, 'dynamic_tenure': True, 'base_tabu_tenure': 10, 'no_improve_diversify': 25, 'diversification_factor': 0.1}",55,7,100,755.9615994212338,19.579299926757812,100051,753.8146630781174,0.28480957565214177
TS,"{'neighbourhood_size': 150, 'dynamic_tenure': True, 'base_tabu_tenure': 10, 'no_improve_diversify': 25, 'diversification_factor': 0.1}",55,8,100,706.74417677949,19.087833166122437,100051,703.8324388468143,0.4136976035725767
TS,"{'neighbourhood_size': 150, 'dynamic_tenure': True, 'base_tabu_tenure': 10, 'no_improve_diversify': 25, 'diversification_factor': 0.1}",55,9,100,728.6250089930221,18.596439123153687,100051,726.7409971715465,0.25924116415726184
TS,"{'neighbourhood_size': 150, 'dynamic_tenure': True, 'base_tabu_tenure': 10, 'no_improve_diversify': 25, 'diversification_factor': 0.15}",56,1,20,123.38224127970554,4.104580640792847,100051,123.15082171840821,0.18791556407677418
TS,"{'neighbourhood_size': 150, 'dynamic_tenure': True, 'base_tabu_tenure': 10, 'no_improve_diversify': 25, 'diversification_factor': 0.15}",56,2,20,118.26808893899202,3.900641918182373,100051,118.09705683670249,0.1448233401159378
TS,"{'neighbourhood_size': 150, 'dynamic_tenure': True, 'base_tabu_tenure': 10, 'no_improve_diversify': 25, 'diversification_factor': 0.15}",56,3,20,163.77645438250022,3.7950804233551025,100051,163.3323639440824,0.27189371885283753
TS,"{'neighbourhood_size': 150, 'dynamic_tenure': True, 'base_tabu_tenure': 10, 'no_improve_diversify': 25, 'diversification_factor': 0.15}",56,4,50,315.03667581481216,9.727247953414917,100051,313.8657229517305,0.37307446384061926
TS,"{'neighbourhood_size': 150, 'dynamic_tenure': True, 'base_tabu_tenure': 10, 'no_improve_diversify': 25, 'diversification_factor': 0.15}",56,5,50,357.83306946849416,9.866952896118164,100051,355.5040934692093,0.6551193198810749
TS,"{'neighbourhood_size': 150, 'dynamic_tenure': True, 'base_tabu_tenure': 10, 'no_improve_diversify': 25, 'diversification_factor': 0.15}",56,6,50,381.3755843303513,10.077838659286499,100051,380.5631116201899,0.21349223961891825
TS,"{'neighbourhood_size': 150, 'dynamic_tenure': True, 'base_tabu_tenure': 10, 'no_improve_diversify': 25, 'diversification_factor': 0.15}",56,7,100,757.2667671508798,19.733985900878906,100051,753.8146630781174,0.4579513031314757
TS,"{'neighbourhood_size': 150, 'dynamic_tenure': True, 'base_tabu_tenure': 10, 'no_improve_diversify': 25, 'diversification_factor': 0.15}",56,8,100,706.3434323507503,19.395984172821045,100051,703.8324388468143,0.35676012717602207
TS,"{'neighbourhood_size': 150, 'dynamic_tenure': True, 'base_tabu_tenure': 10, 'no_improve_diversify': 25, 'diversification_factor': 0.15}",56,9,100,728.3360806211804,18.986302137374878,100051,726.7409971715465,0.21948444574365436
TS,"{'neighbourhood_size': 150, 'dynamic_tenure': True, 'base_tabu_tenure': 10, 'no_improve_diversify': 25, 'diversification_factor': 0.25}",57,1,20,123.38112882864691,4.158140659332275,100051,123.15082171840821,0.18701223997133296
TS,"{'neighbourhood_size': 150, 'dynamic_tenure': True, 'base_tabu_tenure': 10, 'no_improve_diversify': 25, 'diversification_factor': 0.25}",57,2,20,118.30539158118142,4.602468967437744,114901,118.09705683670249,0.17640976842209138
TS,"{'neighbourhood_size': 150, 'dynamic_tenure': True, 'base_tabu_tenure': 10, 'no_improve_diversify': 25, 'diversification_factor': 0.25}",57,3,20,163.97075703406873,4.917953014373779,127801,163.3323639440824,0.3908552319764868
TS,"{'neighbourhood_size': 150, 'dynamic_tenure': True, 'base_tabu_tenure': 10, 'no_improve_diversify': 25, 'diversification_factor': 0.25}",57,4,50,315.0195634348253,9.692951679229736,100051,313.8657229517305,0.3676223297796102
TS,"{'neighbourhood_size': 150, 'dynamic_tenure': True, 'base_tabu_tenure': 10, 'no_improve_diversify': 25, 'diversification_factor': 0.25}",57,5,50,357.69692462039717,9.878669738769531,100051,355.5040934692093,0.6168230384603993
TS,"{'neighbourhood_size': 150, 'dynamic_tenure': True, 'base_tabu_tenure': 10, 'no_improve_diversify': 25, 'diversification_factor': 0.25}",57,6,50,381.4649405230557,10.187759160995483,100051,380.5631116201899,0.23697223281216503
TS,"{'neighbourhood_size': 150, 'dynamic_tenure': True, 'base_tabu_tenure': 10, 'no_improve_diversify': 25, 'diversification_factor': 0.25}",57,7,100,755.6198695279303,19.97005558013916,100051,753.8146630781174,0.2394761654597601
TS,"{'neighbourhood_size': 150, 'dynamic_tenure': True, 'base_tabu_tenure': 10, 'no_improve_diversify': 25, 'diversification_factor': 0.25}",57,8,100,705.7334082886393,19.55564594268799,100051,703.8324388468143,0.2700883529806718
TS,"{'neighbourhood_size': 150, 'dynamic_tenure': True, 'base_tabu_tenure': 10, 'no_improve_diversify': 25, 'diversification_factor': 0.25}",57,9,100,729.5049930973279,19.03375768661499,100051,726.7409971715465,0.38032750822353134
TS,"{'neighbourhood_size': 150, 'dynamic_tenure': True, 'base_tabu_tenure': 10, 'no_improve_diversify': 50, 'diversification_factor': 0.1}",58,1,20,123.32113970968706,6.538055896759033,158701,123.15082171840821,0.1383003287369794
TS,"{'neighbourhood_size': 150, 'dynamic_tenure': True, 'base_tabu_tenure': 10, 'no_improve_diversify': 50, 'diversification_factor': 0.1}",58,2,20,118.30539158118142,6.583699941635132,163201,118.09705683670249,0.17640976842209138
TS,"{'neighbourhood_size': 150, 'dynamic_tenure': True, 'base_tabu_tenure': 10, 'no_improve_diversify': 50, 'diversification_factor': 0.1}",58,3,20,164.0949454867002,4.065007925033569,105601,163.3323639440824,0.4668894297512699
TS,"{'neighbourhood_size': 150, 'dynamic_tenure': True, 'base_tabu_tenure': 10, 'no_improve_diversify': 50, 'diversification_factor': 0.1}",58,4,50,315.3046911668964,9.66860294342041,100051,313.8657229517305,0.45846618790775495
TS,"{'neighbourhood_size': 150, 'dynamic_tenure': True, 'base_tabu_tenure': 10, 'no_improve_diversify': 50, 'diversification_factor': 0.1}",58,5,50,357.12626681904936,13.141196966171265,132601,355.5040934692093,0.45630229852207504
TS,"{'neighbourhood_size': 150, 'dynamic_tenure': True, 'base_tabu_tenure': 10, 'no_improve_diversify': 50, 'diversification_factor': 0.1}",58,6,50,381.6324437896698,10.977010488510132,108901,380.5631116201899,0.28098681580761076
TS,"{'neighbourhood_size': 150, 'dynamic_tenure': True, 'base_tabu_tenure': 10, 'no_improve_diversify': 50, 'diversification_factor': 0.1}",58,7,100,755.6616008802812,22.48542046546936,113851,753.8146630781174,0.24501218835701824
TS,"{'neighbourhood_size': 150, 'dynamic_tenure': True, 'base_tabu_tenure': 10, 'no_improve_diversify': 50, 'diversification_factor': 0.1}",58,8,100,706.8332279657731,19.510339736938477,100051,703.8324388468143,0.4263499312244523
TS,"{'neighbourhood_size': 150, 'dynamic_tenure': True, 'base_tabu_tenure': 10, 'no_improve_diversify': 50, 'diversification_factor': 0.1}",58,9,100,728.7467039174904,20.95905590057373,111601,726.7409971715465,0.27598645924064946
TS,"{'neighbourhood_size': 150, 'dynamic_tenure': True, 'base_tabu_tenure': 10, 'no_improve_diversify': 50, 'diversification_factor': 0.15}",59,1,20,123.29226493033885,5.428428411483765,131551,123.15082171840821,0.11485364852380273
TS,"{'neighbourhood_size': 150, 'dynamic_tenure': True, 'base_tabu_tenure': 10, 'no_improve_diversify': 50, 'diversification_factor': 0.15}",59,2,20,118.26808893899202,6.710127592086792,169351,118.09705683670249,0.1448233401159378
TS,"{'neighbourhood_size': 150, 'dynamic_tenure': True, 'base_tabu_tenure': 10, 'no_improve_diversify': 50, 'diversification_factor': 0.15}",59,3,20,163.7710114588477,10.897617816925049,285301,163.3323639440824,0.26856129683856184
TS,"{'neighbourhood_size': 150, 'dynamic_tenure': True, 'base_tabu_tenure': 10, 'no_improve_diversify': 50, 'diversification_factor': 0.15}",59,4,50,314.292491533582,15.116408109664917,157351,313.8657229517305,0.13597170721223467
TS,"{'neighbourhood_size': 150, 'dynamic_tenure': True, 'base_tabu_tenure': 10, 'no_improve_diversify': 50, 'diversification_factor': 0.15}",59,5,50,356.3782239612769,12.789316177368164,128701,355.5040934692093,0.24588478954977283
TS,"{'neighbourhood_size': 150, 'dynamic_tenure': True, 'base_tabu_tenure': 10, 'no_improve_diversify': 50, 'diversification_factor': 0.15}",59,6,50,381.3138662115727,12.987704753875732,129301,380.5631116201899,0.19727466179961353
TS,"{'neighbourhood_size': 150, 'dynamic_tenure': True, 'base_tabu_tenure': 10, 'no_improve_diversify': 50, 'diversification_factor': 0.15}",59,7,100,755.3717941925705,25.822037935256958,129901,753.8146630781174,0.20656683807326642
TS,"{'neighbourhood_size': 150, 'dynamic_tenure': True, 'base_tabu_tenure': 10, 'no_improve_diversify': 50, 'diversification_factor': 0.15}",59,8,100,704.7921935141096,24.065374851226807,123451,703.8324388468143,0.13636124371701694
TS,"{'neighbourhood_size': 150, 'dynamic_tenure': True, 'base_tabu_tenure': 10, 'no_improve_diversify': 50, 'diversification_factor': 0.15}",59,9,100,728.9472302520421,18.939945697784424,100051,726.7409971715465,0.3035790039480658
TS,"{'neighbourhood_size': 150, 'dynamic_tenure': True, 'base_tabu_tenure': 10, 'no_improve_diversify': 50, 'diversification_factor': 0.25}",60,1,20,123.36853818584498,4.914241790771484,118801,123.15082171840821,0.17678848131001101
TS,"{'neighbourhood_size': 150, 'dynamic_tenure': True, 'base_tabu_tenure': 10, 'no_improve_diversify': 50, 'diversification_factor': 0.25}",60,2,20,118.182620805516,4.4424567222595215,111451,118.09705683670249,0.07245224487839313
TS,"{'neighbourhood_size': 150, 'dynamic_tenure': True, 'base_tabu_tenure': 10, 'no_improve_diversify': 50, 'diversification_factor': 0.25}",60,3,20,163.651491115353,9.419982433319092,246301,163.3323639440824,0.1953851420284646
TS,"{'neighbourhood_size': 150, 'dynamic_tenure': True, 'base_tabu_tenure': 10, 'no_improve_diversify': 50, 'diversification_factor': 0.25}",60,4,50,314.60923256044725,19.69900417327881,203401,313.8657229517305,0.23688780084822897
TS,"{'neighbourhood_size': 150, 'dynamic_tenure': True, 'base_tabu_tenure': 10, 'no_improve_diversify': 50, 'diversification_factor': 0.25}",60,5,50,356.4650951012018,10.60901689529419,107851,355.5040934692093,0.270320834456373
TS,"{'neighbourhood_size': 150, 'dynamic_tenure': True, 'base_tabu_tenure': 10, 'no_improve_diversify': 50, 'diversification_factor': 0.25}",60,6,50,381.46888665198526,10.288620710372925,101851,380.5631116201899,0.23800915121257332
TS,"{'neighbourhood_size': 150, 'dynamic_tenure': True, 'base_tabu_tenure': 10, 'no_improve_diversify': 50, 'diversification_factor': 0.25}",60,7,100,756.333429103717,19.961750507354736,100051,753.8146630781174,0.33413598182270393
TS,"{'neighbourhood_size': 150, 'dynamic_tenure': True, 'base_tabu_tenure': 10, 'no_improve_diversify': 50, 'diversification_factor': 0.25}",60,8,100,705.8032899421105,19.753336668014526,100051,703.8324388468143,0.28001708738024755
TS,"{'neighbourhood_size': 150, 'dynamic_tenure': True, 'base_tabu_tenure': 10, 'no_improve_diversify': 50, 'diversification_factor': 0.25}",60,9,100,728.6674424426127,19.395583868026733,102151,726.7409971715465,0.26508003244125006
TS,"{'neighbourhood_size': 150, 'dynamic_tenure': True, 'base_tabu_tenure': 10, 'no_improve_diversify': 100, 'diversification_factor': 0.1}",61,1,20,123.38224127970554,6.448946475982666,156451,123.15082171840821,0.18791556407677418
TS,"{'neighbourhood_size': 150, 'dynamic_tenure': True, 'base_tabu_tenure': 10, 'no_improve_diversify': 100, 'diversification_factor': 0.1}",61,2,20,118.14534682800672,17.397545099258423,435451,118.09705683670249,0.04089008870983363
TS,"{'neighbourhood_size': 150, 'dynamic_tenure': True, 'base_tabu_tenure': 10, 'no_improve_diversify': 100, 'diversification_factor': 0.1}",61,3,20,163.70717920546107,7.593111515045166,197701,163.3323639440824,0.22948009342899808
TS,"{'neighbourhood_size': 150, 'dynamic_tenure': True, 'base_tabu_tenure': 10, 'no_improve_diversify': 100, 'diversification_factor': 0.1}",61,4,50,314.99594555976165,19.757532596588135,204901,313.8657229517305,0.36009749564305377
TS,"{'neighbourhood_size': 150, 'dynamic_tenure': True, 'base_tabu_tenure': 10, 'no_improve_diversify': 100, 'diversification_factor': 0.1}",61,5,50,356.3654468110679,19.758559465408325,200401,355.5040934692093,0.24229069585473167
TS,"{'neighbourhood_size': 150, 'dynamic_tenure': True, 'base_tabu_tenure': 10, 'no_improve_diversify': 100, 'diversification_factor': 0.1}",61,6,50,381.19560786540904,20.90439510345459,207601,380.5631116201899,0.1662000929429028
TS,"{'neighbourhood_size': 150, 'dynamic_tenure': True, 'base_tabu_tenure': 10, 'no_improve_diversify': 100, 'diversification_factor': 0.1}",61,7,100,754.1651796756445,53.86148548126221,272851,753.8146630781174,0.046499042098196997
TS,"{'neighbourhood_size': 150, 'dynamic_tenure': True, 'base_tabu_tenure': 10, 'no_improve_diversify': 100, 'diversification_factor': 0.1}",61,8,100,704.9847425675498,44.43818807601929,228751,703.8324388468143,0.1637184729114639
TS,"{'neighbourhood_size': 150, 'dynamic_tenure': True, 'base_tabu_tenure': 10, 'no_improve_diversify': 100, 'diversification_factor': 0.1}",61,9,100,727.2399227824926,41.2867968082428,219601,726.7409971715465,0.06865246530578564
TS,"{'neighbourhood_size': 150, 'dynamic_tenure': True, 'base_tabu_tenure': 10, 'no_improve_diversify': 100, 'diversification_factor': 0.15}",62,1,20,123.45114528643944,8.13989543914795,197251,123.15082171840821,0.2438664751404903
TS,"{'neighbourhood_size': 150, 'dynamic_tenure': True, 'base_tabu_tenure': 10, 'no_improve_diversify': 100, 'diversification_factor': 0.15}",62,2,20,118.09705683670249,8.48697543144226,211651,118.09705683670249,0.0
TS,"{'neighbourhood_size': 150, 'dynamic_tenure': True, 'base_tabu_tenure': 10, 'no_improve_diversify': 100, 'diversification_factor': 0.15}",62,3,20,163.89300345457644,11.219282150268555,293251,163.3323639440824,0.34325071709975336
TS,"{'neighbourhood_size': 150, 'dynamic_tenure': True, 'base_tabu_tenure': 10, 'no_improve_diversify': 100, 'diversification_factor': 0.15}",62,4,50,314.58005698611487,18.077793836593628,186901,313.8657229517305,0.2275922415695652
TS,"{'neighbourhood_size': 150, 'dynamic_tenure': True, 'base_tabu_tenure': 10, 'no_improve_diversify': 100, 'diversification_factor': 0.15}",62,5,50,356.4092798241356,30.328166246414185,306151,355.5040934692093,0.25462051536255675
TS,"{'neighbourhood_size': 150, 'dynamic_tenure': True, 'base_tabu_tenure': 10, 'no_improve_diversify': 100, 'diversification_factor': 0.15}",62,6,50,381.1149204127257,20.111908674240112,198151,380.5631116201899,0.14499797160754618
TS,"{'neighbourhood_size': 150, 'dynamic_tenure': True, 'base_tabu_tenure': 10, 'no_improve_diversify': 100, 'diversification_factor': 0.15}",62,7,100,754.3849899841783,51.132482051849365,256651,753.8146630781174,0.07565877051688827
TS,"{'neighbourhood_size': 150, 'dynamic_tenure': True, 'base_tabu_tenure': 10, 'no_improve_diversify': 100, 'diversification_factor': 0.15}",62,8,100,705.2448233176475,36.41504764556885,186901,703.8324388468143,0.2006705563539131
TS,"{'neighbourhood_size': 150, 'dynamic_tenure': True, 'base_tabu_tenure': 10, 'no_improve_diversify': 100, 'diversification_factor': 0.15}",62,9,100,728.0030796638725,39.57488679885864,208951,726.7409971715465,0.173663312959917
TS,"{'neighbourhood_size': 150, 'dynamic_tenure': True, 'base_tabu_tenure': 10, 'no_improve_diversify': 100, 'diversification_factor': 0.25}",63,1,20,123.4638164523422,6.966529846191406,168151,123.15082171840821,0.25415561956189947
TS,"{'neighbourhood_size': 150, 'dynamic_tenure': True, 'base_tabu_tenure': 10, 'no_improve_diversify': 100, 'diversification_factor': 0.25}",63,2,20,118.182620805516,12.866203546524048,323701,118.09705683670249,0.07245224487839313
TS,"{'neighbourhood_size': 150, 'dynamic_tenure': True, 'base_tabu_tenure': 10, 'no_improve_diversify': 100, 'diversification_factor': 0.25}",63,3,20,163.8118821817649,6.383120059967041,167101,163.3323639440824,0.29358433693316505
TS,"{'neighbourhood_size': 150, 'dynamic_tenure': True, 'base_tabu_tenure': 10, 'no_improve_diversify': 100, 'diversification_factor': 0.25}",63,4,50,314.66187312630285,24.22148299217224,249751,313.8657229517305,0.25365948440785513
TS,"{'neighbourhood_size': 150, 'dynamic_tenure': True, 'base_tabu_tenure': 10, 'no_improve_diversify': 100, 'diversification_factor': 0.25}",63,5,50,356.7702635949823,18.855168342590332,190351,355.5040934692093,0.3561618977202163
TS,"{'neighbourhood_size': 150, 'dynamic_tenure': True, 'base_tabu_tenure': 10, 'no_improve_diversify': 100, 'diversification_factor': 0.25}",63,6,50,380.5756878857632,35.99442434310913,354301,380.5631116201899,0.0033046465065382047
TS,"{'neighbourhood_size': 150, 'dynamic_tenure': True, 'base_tabu_tenure': 10, 'no_improve_diversify': 100, 'diversification_factor': 0.25}",63,7,100,754.6505437098057,43.28060030937195,216901,753.8146630781174,0.11088675673607151
TS,"{'neighbourhood_size': 150, 'dynamic_tenure': True, 'base_tabu_tenure': 10, 'no_improve_diversify': 100, 'diversification_factor': 0.25}",63,8,100,705.3308720079177,36.082284927368164,184951,703.8324388468143,0.21289629156032147
TS,"{'neighbourhood_size': 150, 'dynamic_tenure': True, 'base_tabu_tenure': 10, 'no_improve_diversify': 100, 'diversification_factor': 0.25}",63,9,100,728.4971237784092,36.610167503356934,193651,726.7409971715465,0.24164408141243063
TS,"{'neighbourhood_size': 150, 'dynamic_tenure': True, 'base_tabu_tenure': 15, 'no_improve_diversify': 25, 'diversification_factor': 0.1}",64,1,20,123.32113970968706,6.3733744621276855,155551,123.15082171840821,0.1383003287369794
TS,"{'neighbourhood_size': 150, 'dynamic_tenure': True, 'base_tabu_tenure': 15, 'no_improve_diversify': 25, 'diversification_factor': 0.1}",64,2,20,118.18714157490899,4.015555143356323,100051,118.09705683670249,0.07628025678155832
TS,"{'neighbourhood_size': 150, 'dynamic_tenure': True, 'base_tabu_tenure': 15, 'no_improve_diversify': 25, 'diversification_factor': 0.1}",64,3,20,163.5525968343056,4.097656726837158,107701,163.3323639440824,0.1348372636660049
TS,"{'neighbourhood_size': 150, 'dynamic_tenure': True, 'base_tabu_tenure': 15, 'no_improve_diversify': 25, 'diversification_factor': 0.1}",64,4,50,314.98636831528194,11.845670223236084,122701,313.8657229517305,0.35704611290853716
TS,"{'neighbourhood_size': 150, 'dynamic_tenure': True, 'base_tabu_tenure': 15, 'no_improve_diversify': 25, 'diversification_factor': 0.1}",64,5,50,356.69389130209913,9.832038402557373,100051,355.5040934692093,0.33467908098585303
TS,"{'neighbourhood_size': 150, 'dynamic_tenure': True, 'base_tabu_tenure': 15, 'no_improve_diversify': 25, 'diversification_factor': 0.1}",64,6,50,381.2430639591162,10.17714262008667,100051,380.5631116201899,0.1786700597521255
TS,"{'neighbourhood_size': 150, 'dynamic_tenure': True, 'base_tabu_tenure': 15, 'no_improve_diversify': 25, 'diversification_factor': 0.1}",64,7,100,756.4066686827031,19.835150957107544,100051,753.8146630781174,0.3438518420431757
TS,"{'neighbourhood_size': 150, 'dynamic_tenure': True, 'base_tabu_tenure': 15, 'no_improve_diversify': 25, 'diversification_factor': 0.1}",64,8,100,707.2045733387156,19.523872137069702,100051,703.8324388468143,0.4791104111976338
TS,"{'neighbourhood_size': 150, 'dynamic_tenure': True, 'base_tabu_tenure': 15, 'no_improve_diversify': 25, 'diversification_factor': 0.1}",64,9,100,728.5274126380435,18.93507480621338,100051,726.7409971715465,0.24581184678581594
TS,"{'neighbourhood_size': 150, 'dynamic_tenure': True, 'base_tabu_tenure': 15, 'no_improve_diversify': 25, 'diversification_factor': 0.15}",65,1,20,123.15082171840821,4.14615535736084,100051,123.15082171840821,0.0
TS,"{'neighbourhood_size': 150, 'dynamic_tenure': True, 'base_tabu_tenure': 15, 'no_improve_diversify': 25, 'diversification_factor': 0.15}",65,2,20,118.18714157490899,3.9494850635528564,100051,118.09705683670249,0.07628025678155832
TS,"{'neighbourhood_size': 150, 'dynamic_tenure': True, 'base_tabu_tenure': 15, 'no_improve_diversify': 25, 'diversification_factor': 0.15}",65,3,20,163.651491115353,5.535052299499512,144451,163.3323639440824,0.1953851420284646
TS,"{'neighbourhood_size': 150, 'dynamic_tenure': True, 'base_tabu_tenure': 15, 'no_improve_diversify': 25, 'diversification_factor': 0.15}",65,4,50,315.5215717884607,9.75561809539795,100051,313.8657229517305,0.5275659989749265
TS,"{'neighbourhood_size': 150, 'dynamic_tenure': True, 'base_tabu_tenure': 15, 'no_improve_diversify': 25, 'diversification_factor': 0.15}",65,5,50,357.1233675200706,9.81045413017273,100051,355.5040934692093,0.4554867526445347
TS,"{'neighbourhood_size': 150, 'dynamic_tenure': True, 'base_tabu_tenure': 15, 'no_improve_diversify': 25, 'diversification_factor': 0.15}",65,6,50,381.968273034481,10.196418762207031,100051,380.5631116201899,0.3692321644914171
TS,"{'neighbourhood_size': 150, 'dynamic_tenure': True, 'base_tabu_tenure': 15, 'no_improve_diversify': 25, 'diversification_factor': 0.15}",65,7,100,756.4371014515128,19.848214387893677,100051,753.8146630781174,0.3478890106338597
TS,"{'neighbourhood_size': 150, 'dynamic_tenure': True, 'base_tabu_tenure': 15, 'no_improve_diversify': 25, 'diversification_factor': 0.15}",65,8,100,706.4365681132241,19.421903133392334,100051,703.8324388468143,0.36999278843648037
TS,"{'neighbourhood_size': 150, 'dynamic_tenure': True, 'base_tabu_tenure': 15, 'no_improve_diversify': 25, 'diversification_factor': 0.15}",65,9,100,729.1228082183837,18.85002851486206,100051,726.7409971715465,0.32773863812653714
TS,"{'neighbourhood_size': 150, 'dynamic_tenure': True, 'base_tabu_tenure': 15, 'no_improve_diversify': 25, 'diversification_factor': 0.25}",66,1,20,123.46521889686545,4.1312432289123535,100051,123.15082171840821,0.2552944219699399
TS,"{'neighbourhood_size': 150, 'dynamic_tenure': True, 'base_tabu_tenure': 15, 'no_improve_diversify': 25, 'diversification_factor': 0.25}",66,2,20,118.30218779833497,3.966948986053467,100051,118.09705683670249,0.17369692956541669
TS,"{'neighbourhood_size': 150, 'dynamic_tenure': True, 'base_tabu_tenure': 15, 'no_improve_diversify': 25, 'diversification_factor': 0.25}",66,3,20,163.78191192840507,5.978471040725708,155851,163.3323639440824,0.27523509331963636
TS,"{'neighbourhood_size': 150, 'dynamic_tenure': True, 'base_tabu_tenure': 15, 'no_improve_diversify': 25, 'diversification_factor': 0.25}",66,4,50,315.94952919289005,9.628899097442627,100051,313.8657229517305,0.6639164740776804
TS,"{'neighbourhood_size': 150, 'dynamic_tenure': True, 'base_tabu_tenure': 15, 'no_improve_diversify': 25, 'diversification_factor': 0.25}",66,5,50,356.76195277292715,9.863576173782349,100051,355.5040934692093,0.3538241406569895
TS,"{'neighbourhood_size': 150, 'dynamic_tenure': True, 'base_tabu_tenure': 15, 'no_improve_diversify': 25, 'diversification_factor': 0.25}",66,6,50,381.9498101815507,10.173734188079834,100051,380.5631116201899,0.3643807082239602
TS,"{'neighbourhood_size': 150, 'dynamic_tenure': True, 'base_tabu_tenure': 15, 'no_improve_diversify': 25, 'diversification_factor': 0.25}",66,7,100,756.3077295354735,19.852633237838745,100051,753.8146630781174,0.330726713006081
TS,"{'neighbourhood_size': 150, 'dynamic_tenure': True, 'base_tabu_tenure': 15, 'no_improve_diversify': 25, 'diversification_factor': 0.25}",66,8,100,706.4137757771572,19.38942861557007,100051,703.8324388468143,0.3667544699377966
TS,"{'neighbourhood_size': 150, 'dynamic_tenure': True, 'base_tabu_tenure': 15, 'no_improve_diversify': 25, 'diversification_factor': 0.25}",66,9,100,730.6399484511895,18.025394439697266,100051,726.7409971715465,0.5364980501743574
TS,"{'neighbourhood_size': 150, 'dynamic_tenure': True, 'base_tabu_tenure': 15, 'no_improve_diversify': 50, 'diversification_factor': 0.1}",67,1,20,123.36853818584498,7.29262375831604,172351,123.15082171840821,0.17678848131001101
TS,"{'neighbourhood_size': 150, 'dynamic_tenure': True, 'base_tabu_tenure': 15, 'no_improve_diversify': 50, 'diversification_factor': 0.1}",67,2,20,118.09705683670249,7.473341226577759,190201,118.09705683670249,0.0
TS,"{'neighbourhood_size': 150, 'dynamic_tenure': True, 'base_tabu_tenure': 15, 'no_improve_diversify': 50, 'diversification_factor': 0.1}",67,3,20,164.02604146177148,3.4985921382904053,156901,163.3323639440824,0.4247030416620712
TS,"{'neighbourhood_size': 150, 'dynamic_tenure': True, 'base_tabu_tenure': 15, 'no_improve_diversify': 50, 'diversification_factor': 0.1}",67,4,50,315.2416828105319,10.77712368965149,185401,313.8657229517305,0.43839124765243387
TS,"{'neighbourhood_size': 150, 'dynamic_tenure': True, 'base_tabu_tenure': 15, 'no_improve_diversify': 50, 'diversification_factor': 0.1}",67,5,50,356.25077170281895,7.903172254562378,134401,355.5040934692093,0.2100336528682835
TS,"{'neighbourhood_size': 150, 'dynamic_tenure': True, 'base_tabu_tenure': 15, 'no_improve_diversify': 50, 'diversification_factor': 0.1}",67,6,50,381.09427020772665,6.117825031280518,100051,380.5631116201899,0.13957174810649361
TS,"{'neighbourhood_size': 150, 'dynamic_tenure': True, 'base_tabu_tenure': 15, 'no_improve_diversify': 50, 'diversification_factor': 0.1}",67,7,100,755.5432200938711,12.639908790588379,104101,753.8146630781174,0.2293079586294268
TS,"{'neighbourhood_size': 150, 'dynamic_tenure': True, 'base_tabu_tenure': 15, 'no_improve_diversify': 50, 'diversification_factor': 0.1}",67,8,100,705.9059350983686,11.805359125137329,100051,703.8324388468143,0.29460083637968854
TS,"{'neighbourhood_size': 150, 'dynamic_tenure': True, 'base_tabu_tenure': 15, 'no_improve_diversify': 50, 'diversification_factor': 0.1}",67,9,100,728.5554814392632,13.26843547821045,118651,726.7409971715465,0.2496741307809261
TS,"{'neighbourhood_size': 150, 'dynamic_tenure': True, 'base_tabu_tenure': 15, 'no_improve_diversify': 50, 'diversification_factor': 0.15}",68,1,20,123.29226493033885,2.361401081085205,100051,123.15082171840821,0.11485364852380273
TS,"{'neighbourhood_size': 150, 'dynamic_tenure': True, 'base_tabu_tenure': 15, 'no_improve_diversify': 50, 'diversification_factor': 0.15}",68,2,20,118.09705683670249,2.3064444065093994,100051,118.09705683670249,0.0
TS,"{'neighbourhood_size': 150, 'dynamic_tenure': True, 'base_tabu_tenure': 15, 'no_improve_diversify': 50, 'diversification_factor': 0.15}",68,3,20,163.99304201494988,3.1240124702453613,143551,163.3323639440824,0.40449917879940955
TS,"{'neighbourhood_size': 150, 'dynamic_tenure': True, 'base_tabu_tenure': 15, 'no_improve_diversify': 50, 'diversification_factor': 0.15}",68,4,50,315.0399347495146,7.092453479766846,123601,313.8657229517305,0.3741127851557969
TS,"{'neighbourhood_size': 150, 'dynamic_tenure': True, 'base_tabu_tenure': 15, 'no_improve_diversify': 50, 'diversification_factor': 0.15}",68,5,50,355.93105080458866,10.830309629440308,180601,355.5040934692093,0.12009913337786915
TS,"{'neighbourhood_size': 150, 'dynamic_tenure': True, 'base_tabu_tenure': 15, 'no_improve_diversify': 50, 'diversification_factor': 0.15}",68,6,50,381.5508062114462,7.651480197906494,126301,380.5631116201899,0.2595350314042067
TS,"{'neighbourhood_size': 150, 'dynamic_tenure': True, 'base_tabu_tenure': 15, 'no_improve_diversify': 50, 'diversification_factor': 0.15}",68,7,100,755.5917605649756,16.067899703979492,132451,753.8146630781174,0.23574726970707183
TS,"{'neighbourhood_size': 150, 'dynamic_tenure': True, 'base_tabu_tenure': 15, 'no_improve_diversify': 50, 'diversification_factor': 0.15}",68,8,100,705.8560517623149,11.893249988555908,103501,703.8324388468143,0.2875134483452035
TS,"{'neighbourhood_size': 150, 'dynamic_tenure': True, 'base_tabu_tenure': 15, 'no_improve_diversify': 50, 'diversification_factor': 0.15}",68,9,100,730.5718919510693,11.20954704284668,100051,726.7409971715465,0.5271334346668998
TS,"{'neighbourhood_size': 150, 'dynamic_tenure': True, 'base_tabu_tenure': 15, 'no_improve_diversify': 50, 'diversification_factor': 0.25}",69,1,20,123.39588304118395,2.340907573699951,100051,123.15082171840821,0.1989928441858777
TS,"{'neighbourhood_size': 150, 'dynamic_tenure': True, 'base_tabu_tenure': 15, 'no_improve_diversify': 50, 'diversification_factor': 0.25}",69,2,20,118.35811972005541,2.3388259410858154,102601,118.09705683670249,0.22105790808479042
TS,"{'neighbourhood_size': 150, 'dynamic_tenure': True, 'base_tabu_tenure': 15, 'no_improve_diversify': 50, 'diversification_factor': 0.25}",69,3,20,163.91936456257508,2.2430312633514404,100051,163.3323639440824,0.3593902667652831
TS,"{'neighbourhood_size': 150, 'dynamic_tenure': True, 'base_tabu_tenure': 15, 'no_improve_diversify': 50, 'diversification_factor': 0.25}",69,4,50,315.16921936063676,10.455755233764648,177301,313.8657229517305,0.41530384288147343
TS,"{'neighbourhood_size': 150, 'dynamic_tenure': True, 'base_tabu_tenure': 15, 'no_improve_diversify': 50, 'diversification_factor': 0.25}",69,5,50,356.48965620592446,6.544968605041504,109951,355.5040934692093,0.27722964512095777
TS,"{'neighbourhood_size': 150, 'dynamic_tenure': True, 'base_tabu_tenure': 15, 'no_improve_diversify': 50, 'diversification_factor': 0.25}",69,6,50,381.75493334706397,6.1010541915893555,100051,380.5631116201899,0.3131732137148241
TS,"{'neighbourhood_size': 150, 'dynamic_tenure': True, 'base_tabu_tenure': 15, 'no_improve_diversify': 50, 'diversification_factor': 0.25}",69,7,100,755.0603460300987,13.522837400436401,112651,753.8146630781174,0.16525055998442292
TS,"{'neighbourhood_size': 150, 'dynamic_tenure': True, 'base_tabu_tenure': 15, 'no_improve_diversify': 50, 'diversification_factor': 0.25}",69,8,100,707.2894749241376,11.496271848678589,100051,703.8324388468143,0.49117316658315185
TS,"{'neighbourhood_size': 150, 'dynamic_tenure': True, 'base_tabu_tenure': 15, 'no_improve_diversify': 50, 'diversification_factor': 0.25}",69,9,100,728.1752085949881,11.27887749671936,100651,726.7409971715465,0.1973483578088404
TS,"{'neighbourhood_size': 150, 'dynamic_tenure': True, 'base_tabu_tenure': 15, 'no_improve_diversify': 100, 'diversification_factor': 0.1}",70,1,20,123.39438549100652,3.833899974822998,159151,123.15082171840821,0.19777681480293358
TS,"{'neighbourhood_size': 150, 'dynamic_tenure': True, 'base_tabu_tenure': 15, 'no_improve_diversify': 100, 'diversification_factor': 0.1}",70,2,20,118.18714157490899,4.431982040405273,189301,118.09705683670249,0.07628025678155832
TS,"{'neighbourhood_size': 150, 'dynamic_tenure': True, 'base_tabu_tenure': 15, 'no_improve_diversify': 100, 'diversification_factor': 0.1}",70,3,20,163.651491115353,3.591778039932251,160951,163.3323639440824,0.1953851420284646
TS,"{'neighbourhood_size': 150, 'dynamic_tenure': True, 'base_tabu_tenure': 15, 'no_improve_diversify': 100, 'diversification_factor': 0.1}",70,4,50,313.9171802713273,10.886981010437012,186451,313.8657229517305,0.016394692326667515
TS,"{'neighbourhood_size': 150, 'dynamic_tenure': True, 'base_tabu_tenure': 15, 'no_improve_diversify': 100, 'diversification_factor': 0.1}",70,5,50,356.5008330202041,15.512895345687866,265051,355.5040934692093,0.2803735791810561
TS,"{'neighbourhood_size': 150, 'dynamic_tenure': True, 'base_tabu_tenure': 15, 'no_improve_diversify': 100, 'diversification_factor': 0.1}",70,6,50,380.7137448228472,32.082529067993164,529201,380.5631116201899,0.039581661505770686
TS,"{'neighbourhood_size': 150, 'dynamic_tenure': True, 'base_tabu_tenure': 15, 'no_improve_diversify': 100, 'diversification_factor': 0.1}",70,7,100,753.8146630781174,30.47596263885498,251251,753.8146630781174,0.0
TS,"{'neighbourhood_size': 150, 'dynamic_tenure': True, 'base_tabu_tenure': 15, 'no_improve_diversify': 100, 'diversification_factor': 0.1}",70,8,100,705.209256033504,25.54132580757141,219751,703.8324388468143,0.1956171825421251
TS,"{'neighbourhood_size': 150, 'dynamic_tenure': True, 'base_tabu_tenure': 15, 'no_improve_diversify': 100, 'diversification_factor': 0.1}",70,9,100,726.7409971715465,23.141469717025757,201151,726.7409971715465,0.0
TS,"{'neighbourhood_size': 150, 'dynamic_tenure': True, 'base_tabu_tenure': 15, 'no_improve_diversify': 100, 'diversification_factor': 0.15}",71,1,20,123.38224127970554,4.018774032592773,169951,123.15082171840821,0.18791556407677418
TS,"{'neighbourhood_size': 150, 'dynamic_tenure': True, 'base_tabu_tenure': 15, 'no_improve_diversify': 100, 'diversification_factor': 0.15}",71,2,20,118.09705683670249,6.138202667236328,261601,118.09705683670249,0.0
TS,"{'neighbourhood_size': 150, 'dynamic_tenure': True, 'base_tabu_tenure': 15, 'no_improve_diversify': 100, 'diversification_factor': 0.15}",71,3,20,163.61222368434582,7.603403806686401,335401,163.3323639440824,0.17134371505161705
TS,"{'neighbourhood_size': 150, 'dynamic_tenure': True, 'base_tabu_tenure': 15, 'no_improve_diversify': 100, 'diversification_factor': 0.15}",71,4,50,314.00722064596073,19.4107346534729,334951,313.8657229517305,0.0450822386399886
TS,"{'neighbourhood_size': 150, 'dynamic_tenure': True, 'base_tabu_tenure': 15, 'no_improve_diversify': 100, 'diversification_factor': 0.15}",71,5,50,356.7449019590542,12.293527603149414,208201,355.5040934692093,0.3490279050619001
TS,"{'neighbourhood_size': 150, 'dynamic_tenure': True, 'base_tabu_tenure': 15, 'no_improve_diversify': 100, 'diversification_factor': 0.15}",71,6,50,380.67192203065713,11.677201271057129,195901,380.5631116201899,0.028591948915910062
TS,"{'neighbourhood_size': 150, 'dynamic_tenure': True, 'base_tabu_tenure': 15, 'no_improve_diversify': 100, 'diversification_factor': 0.15}",71,7,100,754.7907255857407,22.66715717315674,192301,753.8146630781174,0.1294830885403106
TS,"{'neighbourhood_size': 150, 'dynamic_tenure': True, 'base_tabu_tenure': 15, 'no_improve_diversify': 100, 'diversification_factor': 0.15}",71,8,100,703.8324388468143,25.304821491241455,217051,703.8324388468143,0.0
TS,"{'neighbourhood_size': 150, 'dynamic_tenure': True, 'base_tabu_tenure': 15, 'no_improve_diversify': 100, 'diversification_factor': 0.15}",71,9,100,727.3992403344987,26.08918595314026,228901,726.7409971715465,0.09057465665403018
TS,"{'neighbourhood_size': 150, 'dynamic_tenure': True, 'base_tabu_tenure': 15, 'no_improve_diversify': 100, 'diversification_factor': 0.25}",72,1,20,123.38224127970554,3.937000036239624,161551,123.15082171840821,0.18791556407677418
TS,"{'neighbourhood_size': 150, 'dynamic_tenure': True, 'base_tabu_tenure': 15, 'no_improve_diversify': 100, 'diversification_factor': 0.25}",72,2,20,118.291477187703,6.00874662399292,256051,118.09705683670249,0.1646276005585264
TS,"{'neighbourhood_size': 150, 'dynamic_tenure': True, 'base_tabu_tenure': 15, 'no_improve_diversify': 100, 'diversification_factor': 0.25}",72,3,20,163.89858150789064,4.6359710693359375,205351,163.3323639440824,0.3466658720509823
TS,"{'neighbourhood_size': 150, 'dynamic_tenure': True, 'base_tabu_tenure': 15, 'no_improve_diversify': 100, 'diversification_factor': 0.25}",72,4,50,313.9221162277578,15.559950351715088,267601,313.8657229517305,0.017967325484583706
TS,"{'neighbourhood_size': 150, 'dynamic_tenure': True, 'base_tabu_tenure': 15, 'no_improve_diversify': 100, 'diversification_factor': 0.25}",72,5,50,356.22818427233426,9.785922050476074,164101,355.5040934692093,0.2036800184377288
TS,"{'neighbourhood_size': 150, 'dynamic_tenure': True, 'base_tabu_tenure': 15, 'no_improve_diversify': 100, 'diversification_factor': 0.25}",72,6,50,381.39420093768484,10.473583221435547,174601,380.5631116201899,0.21838409770109352
TS,"{'neighbourhood_size': 150, 'dynamic_tenure': True, 'base_tabu_tenure': 15, 'no_improve_diversify': 100, 'diversification_factor': 0.25}",72,7,100,754.7928238274058,40.34100580215454,340351,753.8146630781174,0.1297614383480072
TS,"{'neighbourhood_size': 150, 'dynamic_tenure': True, 'base_tabu_tenure': 15, 'no_improve_diversify': 100, 'diversification_factor': 0.25}",72,8,100,704.7623308684657,25.8148512840271,220501,703.8324388468143,0.13211838078605703
TS,"{'neighbourhood_size': 150, 'dynamic_tenure': True, 'base_tabu_tenure': 15, 'no_improve_diversify': 100, 'diversification_factor': 0.25}",72,9,100,727.2861920402207,23.945818424224854,208801,726.7409971715465,0.0750191431054683
TS,"{'neighbourhood_size': 150, 'dynamic_tenure': True, 'base_tabu_tenure': 25, 'no_improve_diversify': 25, 'diversification_factor': 0.1}",73,1,20,123.29789955587714,2.3614699840545654,100051,123.15082171840821,0.11942903459079615
TS,"{'neighbourhood_size': 150, 'dynamic_tenure': True, 'base_tabu_tenure': 25, 'no_improve_diversify': 25, 'diversification_factor': 0.1}",73,2,20,118.09705683670249,2.4042627811431885,100051,118.09705683670249,0.0
TS,"{'neighbourhood_size': 150, 'dynamic_tenure': True, 'base_tabu_tenure': 25, 'no_improve_diversify': 25, 'diversification_factor': 0.1}",73,3,20,163.771697510473,3.4919989109039307,153001,163.3323639440824,0.26898133093879373
TS,"{'neighbourhood_size': 150, 'dynamic_tenure': True, 'base_tabu_tenure': 25, 'no_improve_diversify': 25, 'diversification_factor': 0.1}",73,4,50,314.57317543737867,6.974545001983643,118651,313.8657229517305,0.2253997279457499
TS,"{'neighbourhood_size': 150, 'dynamic_tenure': True, 'base_tabu_tenure': 25, 'no_improve_diversify': 25, 'diversification_factor': 0.1}",73,5,50,357.2885704998122,5.830980062484741,100051,355.5040934692093,0.5019568166399868
TS,"{'neighbourhood_size': 150, 'dynamic_tenure': True, 'base_tabu_tenure': 25, 'no_improve_diversify': 25, 'diversification_factor': 0.1}",73,6,50,381.51365996348096,6.016297101974487,100051,380.5631116201899,0.24977416735012997
TS,"{'neighbourhood_size': 150, 'dynamic_tenure': True, 'base_tabu_tenure': 25, 'no_improve_diversify': 25, 'diversification_factor': 0.1}",73,7,100,756.7593937644125,11.779825448989868,100051,753.8146630781174,0.3906438585673847
TS,"{'neighbourhood_size': 150, 'dynamic_tenure': True, 'base_tabu_tenure': 25, 'no_improve_diversify': 25, 'diversification_factor': 0.1}",73,8,100,706.089558699731,11.45940351486206,100051,703.8324388468143,0.3206899438472715
TS,"{'neighbourhood_size': 150, 'dynamic_tenure': True, 'base_tabu_tenure': 25, 'no_improve_diversify': 25, 'diversification_factor': 0.1}",73,9,100,728.8208317838537,11.413103103637695,100051,726.7409971715465,0.2861864984089032
TS,"{'neighbourhood_size': 150, 'dynamic_tenure': True, 'base_tabu_tenure': 25, 'no_improve_diversify': 25, 'diversification_factor': 0.15}",74,1,20,123.15082171840821,2.4383347034454346,102151,123.15082171840821,0.0
TS,"{'neighbourhood_size': 150, 'dynamic_tenure': True, 'base_tabu_tenure': 25, 'no_improve_diversify': 25, 'diversification_factor': 0.15}",74,2,20,118.35811972005541,2.417569398880005,102301,118.09705683670249,0.22105790808479042
TS,"{'neighbourhood_size': 150, 'dynamic_tenure': True, 'base_tabu_tenure': 25, 'no_improve_diversify': 25, 'diversification_factor': 0.15}",74,3,20,163.887020189756,2.3933963775634766,106951,163.3323639440824,0.3395874719987971
TS,"{'neighbourhood_size': 150, 'dynamic_tenure': True, 'base_tabu_tenure': 25, 'no_improve_diversify': 25, 'diversification_factor': 0.15}",74,4,50,314.649519157967,6.482537031173706,111151,313.8657229517305,0.24972341639135998
TS,"{'neighbourhood_size': 150, 'dynamic_tenure': True, 'base_tabu_tenure': 25, 'no_improve_diversify': 25, 'diversification_factor': 0.15}",74,5,50,356.80985494846436,6.036335706710815,100051,355.5040934692093,0.36729857777802544
TS,"{'neighbourhood_size': 150, 'dynamic_tenure': True, 'base_tabu_tenure': 25, 'no_improve_diversify': 25, 'diversification_factor': 0.15}",74,6,50,381.8108113471391,6.091894149780273,100051,380.5631116201899,0.32785619227185286
TS,"{'neighbourhood_size': 150, 'dynamic_tenure': True, 'base_tabu_tenure': 25, 'no_improve_diversify': 25, 'diversification_factor': 0.15}",74,7,100,756.6451259554516,12.076806545257568,100051,753.8146630781174,0.3754852506816872
TS,"{'neighbourhood_size': 150, 'dynamic_tenure': True, 'base_tabu_tenure': 25, 'no_improve_diversify': 25, 'diversification_factor': 0.15}",74,8,100,705.69600446442,11.732398271560669,100051,703.8324388468143,0.26477404489327167
TS,"{'neighbourhood_size': 150, 'dynamic_tenure': True, 'base_tabu_tenure': 25, 'no_improve_diversify': 25, 'diversification_factor': 0.15}",74,9,100,731.5537879748573,11.414704322814941,100051,726.7409971715465,0.6622429203859472
TS,"{'neighbourhood_size': 150, 'dynamic_tenure': True, 'base_tabu_tenure': 25, 'no_improve_diversify': 25, 'diversification_factor': 0.25}",75,1,20,123.55659078361882,2.3654494285583496,100051,123.15082171840821,0.32948953125008096
TS,"{'neighbourhood_size': 150, 'dynamic_tenure': True, 'base_tabu_tenure': 25, 'no_improve_diversify': 25, 'diversification_factor': 0.25}",75,2,20,118.18939147303678,2.9234020709991455,127051,118.09705683670249,0.07818538311412843
TS,"{'neighbourhood_size': 150, 'dynamic_tenure': True, 'base_tabu_tenure': 25, 'no_improve_diversify': 25, 'diversification_factor': 0.25}",75,3,20,163.87019374725108,2.2625346183776855,101551,163.3323639440824,0.32928550728183015
TS,"{'neighbourhood_size': 150, 'dynamic_tenure': True, 'base_tabu_tenure': 25, 'no_improve_diversify': 25, 'diversification_factor': 0.25}",75,4,50,316.08515237869,5.803338050842285,100051,313.8657229517305,0.7071270497737085
TS,"{'neighbourhood_size': 150, 'dynamic_tenure': True, 'base_tabu_tenure': 25, 'no_improve_diversify': 25, 'diversification_factor': 0.25}",75,5,50,356.8578715097952,5.931700706481934,100051,355.5040934692093,0.3808051905605263
TS,"{'neighbourhood_size': 150, 'dynamic_tenure': True, 'base_tabu_tenure': 25, 'no_improve_diversify': 25, 'diversification_factor': 0.25}",75,6,50,381.6420628846933,5.905758619308472,100051,380.5631116201899,0.28351441102894726
TS,"{'neighbourhood_size': 150, 'dynamic_tenure': True, 'base_tabu_tenure': 25, 'no_improve_diversify': 25, 'diversification_factor': 0.25}",75,7,100,755.8332247975367,11.782104253768921,100051,753.8146630781174,0.2677795774330918
TS,"{'neighbourhood_size': 150, 'dynamic_tenure': True, 'base_tabu_tenure': 25, 'no_improve_diversify': 25, 'diversification_factor': 0.25}",75,8,100,705.014541246763,11.489613056182861,100051,703.8324388468143,0.1679522475385606
TS,"{'neighbourhood_size': 150, 'dynamic_tenure': True, 'base_tabu_tenure': 25, 'no_improve_diversify': 25, 'diversification_factor': 0.25}",75,9,100,728.8730808147085,11.29146409034729,100051,726.7409971715465,0.2933759966012644
TS,"{'neighbourhood_size': 150, 'dynamic_tenure': True, 'base_tabu_tenure': 25, 'no_improve_diversify': 50, 'diversification_factor': 0.1}",76,1,20,123.15082171840821,5.003830909729004,210751,123.15082171840821,0.0
TS,"{'neighbourhood_size': 150, 'dynamic_tenure': True, 'base_tabu_tenure': 25, 'no_improve_diversify': 50, 'diversification_factor': 0.1}",76,2,20,118.182620805516,7.044290542602539,306751,118.09705683670249,0.07245224487839313
TS,"{'neighbourhood_size': 150, 'dynamic_tenure': True, 'base_tabu_tenure': 25, 'no_improve_diversify': 50, 'diversification_factor': 0.1}",76,3,20,164.02604146177148,2.234919548034668,101401,163.3323639440824,0.4247030416620712
TS,"{'neighbourhood_size': 150, 'dynamic_tenure': True, 'base_tabu_tenure': 25, 'no_improve_diversify': 50, 'diversification_factor': 0.1}",76,4,50,315.05318056726753,8.324159145355225,143851,313.8657229517305,0.3783330031612427
TS,"{'neighbourhood_size': 150, 'dynamic_tenure': True, 'base_tabu_tenure': 25, 'no_improve_diversify': 50, 'diversification_factor': 0.1}",76,5,50,356.65574467262365,10.058708190917969,176251,355.5040934692093,0.32394878837424873
TS,"{'neighbourhood_size': 150, 'dynamic_tenure': True, 'base_tabu_tenure': 25, 'no_improve_diversify': 50, 'diversification_factor': 0.1}",76,6,50,380.9271055770091,8.023999214172363,136801,380.5631116201899,0.09564614795942249
TS,"{'neighbourhood_size': 150, 'dynamic_tenure': True, 'base_tabu_tenure': 25, 'no_improve_diversify': 50, 'diversification_factor': 0.1}",76,7,100,753.9649982558661,17.206443071365356,147001,753.8146630781174,0.01994325463700226
TS,"{'neighbourhood_size': 150, 'dynamic_tenure': True, 'base_tabu_tenure': 25, 'no_improve_diversify': 50, 'diversification_factor': 0.1}",76,8,100,704.7259542038105,12.287100315093994,108001,703.8324388468143,0.12695001078099974
TS,"{'neighbourhood_size': 150, 'dynamic_tenure': True, 'base_tabu_tenure': 25, 'no_improve_diversify': 50, 'diversification_factor': 0.1}",76,9,100,728.7472805605295,11.04233455657959,100051,726.7409971715465,0.2760658056709848
TS,"{'neighbourhood_size': 150, 'dynamic_tenure': True, 'base_tabu_tenure': 25, 'no_improve_diversify': 50, 'diversification_factor': 0.15}",77,1,20,123.29226493033885,4.379825592041016,188101,123.15082171840821,0.11485364852380273
TS,"{'neighbourhood_size': 150, 'dynamic_tenure': True, 'base_tabu_tenure': 25, 'no_improve_diversify': 50, 'diversification_factor': 0.15}",77,2,20,118.18714157490899,3.9188437461853027,173401,118.09705683670249,0.07628025678155832
TS,"{'neighbourhood_size': 150, 'dynamic_tenure': True, 'base_tabu_tenure': 25, 'no_improve_diversify': 50, 'diversification_factor': 0.15}",77,3,20,163.5525968343056,3.545450210571289,164851,163.3323639440824,0.1348372636660049
TS,"{'neighbourhood_size': 150, 'dynamic_tenure': True, 'base_tabu_tenure': 25, 'no_improve_diversify': 50, 'diversification_factor': 0.15}",77,4,50,314.571343998525,10.506177186965942,184051,313.8657229517305,0.22481621763552503
TS,"{'neighbourhood_size': 150, 'dynamic_tenure': True, 'base_tabu_tenure': 25, 'no_improve_diversify': 50, 'diversification_factor': 0.15}",77,5,50,356.38916621716186,6.017596960067749,102301,355.5040934692093,0.24896274451175074
TS,"{'neighbourhood_size': 150, 'dynamic_tenure': True, 'base_tabu_tenure': 25, 'no_improve_diversify': 50, 'diversification_factor': 0.15}",77,6,50,381.85740444216935,6.0061118602752686,100051,380.5631116201899,0.34009939020868635
TS,"{'neighbourhood_size': 150, 'dynamic_tenure': True, 'base_tabu_tenure': 25, 'no_improve_diversify': 50, 'diversification_factor': 0.15}",77,7,100,755.1848948660181,16.419533491134644,136951,753.8146630781174,0.18177303454214058
TS,"{'neighbourhood_size': 150, 'dynamic_tenure': True, 'base_tabu_tenure': 25, 'no_improve_diversify': 50, 'diversification_factor': 0.15}",77,8,100,705.0236512599197,11.68192195892334,100651,703.8324388468143,0.1692465915690291
TS,"{'neighbourhood_size': 150, 'dynamic_tenure': True, 'base_tabu_tenure': 25, 'no_improve_diversify': 50, 'diversification_factor': 0.15}",77,9,100,729.9076934987246,11.27674388885498,100051,726.7409971715465,0.4357393265967911
TS,"{'neighbourhood_size': 150, 'dynamic_tenure': True, 'base_tabu_tenure': 25, 'no_improve_diversify': 50, 'diversification_factor': 0.25}",78,1,20,123.39588304118395,2.4263601303100586,100051,123.15082171840821,0.1989928441858777
TS,"{'neighbourhood_size': 150, 'dynamic_tenure': True, 'base_tabu_tenure': 25, 'no_improve_diversify': 50, 'diversification_factor': 0.25}",78,2,20,118.30539158118142,2.3452351093292236,100051,118.09705683670249,0.17640976842209138
TS,"{'neighbourhood_size': 150, 'dynamic_tenure': True, 'base_tabu_tenure': 25, 'no_improve_diversify': 50, 'diversification_factor': 0.25}",78,3,20,163.66317034229357,3.1756999492645264,144901,163.3323639440824,0.20253573157394533
TS,"{'neighbourhood_size': 150, 'dynamic_tenure': True, 'base_tabu_tenure': 25, 'no_improve_diversify': 50, 'diversification_factor': 0.25}",78,4,50,314.5194663690863,6.107873916625977,105151,313.8657229517305,0.2082876114051834
TS,"{'neighbourhood_size': 150, 'dynamic_tenure': True, 'base_tabu_tenure': 25, 'no_improve_diversify': 50, 'diversification_factor': 0.25}",78,5,50,356.6029187558875,5.935120582580566,100051,355.5040934692093,0.3090893485797207
TS,"{'neighbourhood_size': 150, 'dynamic_tenure': True, 'base_tabu_tenure': 25, 'no_improve_diversify': 50, 'diversification_factor': 0.25}",78,6,50,381.58756172659974,6.194515705108643,100051,380.5631116201899,0.26919322318141065
TS,"{'neighbourhood_size': 150, 'dynamic_tenure': True, 'base_tabu_tenure': 25, 'no_improve_diversify': 50, 'diversification_factor': 0.25}",78,7,100,756.513936396532,13.139739036560059,108901,753.8146630781174,0.35808182708896014
TS,"{'neighbourhood_size': 150, 'dynamic_tenure': True, 'base_tabu_tenure': 25, 'no_improve_diversify': 50, 'diversification_factor': 0.25}",78,8,100,704.674538961623,13.278094291687012,112501,703.8324388468143,0.11964497063938986
TS,"{'neighbourhood_size': 150, 'dynamic_tenure': True, 'base_tabu_tenure': 25, 'no_improve_diversify': 50, 'diversification_factor': 0.25}",78,9,100,729.4359875589,11.282644033432007,100501,726.7409971715465,0.3708323044719298
TS,"{'neighbourhood_size': 150, 'dynamic_tenure': True, 'base_tabu_tenure': 25, 'no_improve_diversify': 100, 'diversification_factor': 0.1}",79,1,20,123.15082171840821,6.691999435424805,284551,123.15082171840821,0.0
TS,"{'neighbourhood_size': 150, 'dynamic_tenure': True, 'base_tabu_tenure': 25, 'no_improve_diversify': 100, 'diversification_factor': 0.1}",79,2,20,118.182620805516,6.918684482574463,303451,118.09705683670249,0.07245224487839313
TS,"{'neighbourhood_size': 150, 'dynamic_tenure': True, 'base_tabu_tenure': 25, 'no_improve_diversify': 100, 'diversification_factor': 0.1}",79,3,20,163.97909847543954,3.920081615447998,177001,163.3323639440824,0.3959622672078343
TS,"{'neighbourhood_size': 150, 'dynamic_tenure': True, 'base_tabu_tenure': 25, 'no_improve_diversify': 100, 'diversification_factor': 0.1}",79,4,50,314.7245772953723,11.845271348953247,202801,313.8657229517305,0.27363750828371414
TS,"{'neighbourhood_size': 150, 'dynamic_tenure': True, 'base_tabu_tenure': 25, 'no_improve_diversify': 100, 'diversification_factor': 0.1}",79,5,50,355.70772475420154,18.104828596115112,304951,355.5040934692093,0.057279589386747196
TS,"{'neighbourhood_size': 150, 'dynamic_tenure': True, 'base_tabu_tenure': 25, 'no_improve_diversify': 100, 'diversification_factor': 0.1}",79,6,50,381.0179147034304,11.277219772338867,184651,380.5631116201899,0.1195079263736968
TS,"{'neighbourhood_size': 150, 'dynamic_tenure': True, 'base_tabu_tenure': 25, 'no_improve_diversify': 100, 'diversification_factor': 0.1}",79,7,100,755.228363537757,21.87100100517273,180751,753.8146630781174,0.1875395278020858
TS,"{'neighbourhood_size': 150, 'dynamic_tenure': True, 'base_tabu_tenure': 25, 'no_improve_diversify': 100, 'diversification_factor': 0.1}",79,8,100,705.0170704755571,26.11085557937622,224701,703.8324388468143,0.1683115985224848
TS,"{'neighbourhood_size': 150, 'dynamic_tenure': True, 'base_tabu_tenure': 25, 'no_improve_diversify': 100, 'diversification_factor': 0.1}",79,9,100,727.3936908599393,33.95892357826233,304051,726.7409971715465,0.08981104560401176
TS,"{'neighbourhood_size': 150, 'dynamic_tenure': True, 'base_tabu_tenure': 25, 'no_improve_diversify': 100, 'diversification_factor': 0.15}",80,1,20,123.15082171840821,7.616353988647461,319501,123.15082171840821,0.0
TS,"{'neighbourhood_size': 150, 'dynamic_tenure': True, 'base_tabu_tenure': 25, 'no_improve_diversify': 100, 'diversification_factor': 0.15}",80,2,20,118.291477187703,6.205471754074097,265801,118.09705683670249,0.1646276005585264
TS,"{'neighbourhood_size': 150, 'dynamic_tenure': True, 'base_tabu_tenure': 25, 'no_improve_diversify': 100, 'diversification_factor': 0.15}",80,3,20,163.5525968343056,9.935005903244019,449401,163.3323639440824,0.1348372636660049
TS,"{'neighbourhood_size': 150, 'dynamic_tenure': True, 'base_tabu_tenure': 25, 'no_improve_diversify': 100, 'diversification_factor': 0.15}",80,4,50,313.96320912511067,15.262525796890259,265951,313.8657229517305,0.03105983427032399
TS,"{'neighbourhood_size': 150, 'dynamic_tenure': True, 'base_tabu_tenure': 25, 'no_improve_diversify': 100, 'diversification_factor': 0.15}",80,5,50,355.5040934692093,17.42369818687439,301051,355.5040934692093,0.0
TS,"{'neighbourhood_size': 150, 'dynamic_tenure': True, 'base_tabu_tenure': 25, 'no_improve_diversify': 100, 'diversification_factor': 0.15}",80,6,50,380.6694188446093,13.616583347320557,230251,380.5631116201899,0.02793419045972102
TS,"{'neighbourhood_size': 150, 'dynamic_tenure': True, 'base_tabu_tenure': 25, 'no_improve_diversify': 100, 'diversification_factor': 0.15}",80,7,100,754.7557315693748,24.759027242660522,211651,753.8146630781174,0.12484083122164932
TS,"{'neighbourhood_size': 150, 'dynamic_tenure': True, 'base_tabu_tenure': 25, 'no_improve_diversify': 100, 'diversification_factor': 0.15}",80,8,100,703.8454530331701,47.969661712646484,417001,703.8324388468143,0.001849046113465116
TS,"{'neighbourhood_size': 150, 'dynamic_tenure': True, 'base_tabu_tenure': 25, 'no_improve_diversify': 100, 'diversification_factor': 0.15}",80,9,100,727.4223637837422,22.867920875549316,200401,726.7409971715465,0.09375645723133087
TS,"{'neighbourhood_size': 150, 'dynamic_tenure': True, 'base_tabu_tenure': 25, 'no_improve_diversify': 100, 'diversification_factor': 0.25}",81,1,20,123.22444662064487,7.439378023147583,312301,123.15082171840821,0.05978433696935217
TS,"{'neighbourhood_size': 150, 'dynamic_tenure': True, 'base_tabu_tenure': 25, 'no_improve_diversify': 100, 'diversification_factor': 0.25}",81,2,20,118.30539158118142,6.416361570358276,271501,118.09705683670249,0.17640976842209138
TS,"{'neighbourhood_size': 150, 'dynamic_tenure': True, 'base_tabu_tenure': 25, 'no_improve_diversify': 100, 'diversification_factor': 0.25}",81,3,20,163.91133562475426,4.181351661682129,189151,163.3323639440824,0.3544745613735619
TS,"{'neighbourhood_size': 150, 'dynamic_tenure': True, 'base_tabu_tenure': 25, 'no_improve_diversify': 100, 'diversification_factor': 0.25}",81,4,50,314.4920916690907,11.894593715667725,203401,313.8657229517305,0.19956582434984063
TS,"{'neighbourhood_size': 150, 'dynamic_tenure': True, 'base_tabu_tenure': 25, 'no_improve_diversify': 100, 'diversification_factor': 0.25}",81,5,50,356.7400326663754,10.961933851242065,184951,355.5040934692093,0.3476582182514689
TS,"{'neighbourhood_size': 150, 'dynamic_tenure': True, 'base_tabu_tenure': 25, 'no_improve_diversify': 100, 'diversification_factor': 0.25}",81,6,50,381.37982405615344,15.615832090377808,262051,380.5631116201899,0.21460630603069292
TS,"{'neighbourhood_size': 150, 'dynamic_tenure': True, 'base_tabu_tenure': 25, 'no_improve_diversify': 100, 'diversification_factor': 0.25}",81,7,100,756.4141538056024,20.60568928718567,171751,753.8146630781174,0.3448448079890418
TS,"{'neighbourhood_size': 150, 'dynamic_tenure': True, 'base_tabu_tenure': 25, 'no_improve_diversify': 100, 'diversification_factor': 0.25}",81,8,100,704.9427714558851,24.091779947280884,204901,703.8324388468143,0.1577552479522042
TS,"{'neighbourhood_size': 150, 'dynamic_tenure': True, 'base_tabu_tenure': 25, 'no_improve_diversify': 100, 'diversification_factor': 0.25}",81,9,100,726.9869223972339,23.125667333602905,201001,726.7409971715465,0.03383945953848049
