scheduler_name,config,config_id,instance_id,size,makespan,execution_time_s,solution_count,best_known_makespan,rpd
BRKGA-R-LS,"{'elite_percentage': 0.1, 'mutant_percentage': 0.1, 'elite_inheritance_prob': 0.65, 'restarts_patience': 50, 'ls_range': 3, 'ls_periodic_run_period': 50}",1,1,20,123.69919445176934,4.321273326873779,100110,123.5279249454444,0.13864841200933914
BRKGA-R-LS,"{'elite_percentage': 0.1, 'mutant_percentage': 0.1, 'elite_inheritance_prob': 0.65, 'restarts_patience': 50, 'ls_range': 3, 'ls_periodic_run_period': 50}",1,2,20,118.49439968478174,4.232424974441528,100030,118.19212126813449,0.2557517484278805
BRKGA-R-LS,"{'elite_percentage': 0.1, 'mutant_percentage': 0.1, 'elite_inheritance_prob': 0.65, 'restarts_patience': 50, 'ls_range': 3, 'ls_periodic_run_period': 50}",1,3,20,164.92442860802478,4.08256459236145,100063,163.8923966100251,0.6297009619399069
BRKGA-R-LS,"{'elite_percentage': 0.1, 'mutant_percentage': 0.1, 'elite_inheritance_prob': 0.65, 'restarts_patience': 50, 'ls_range': 3, 'ls_periodic_run_period': 50}",1,4,50,318.02119803393737,10.408535718917847,100065,315.4125509015329,0.8270587600107473
BRKGA-R-LS,"{'elite_percentage': 0.1, 'mutant_percentage': 0.1, 'elite_inheritance_prob': 0.65, 'restarts_patience': 50, 'ls_range': 3, 'ls_periodic_run_period': 50}",1,5,50,358.17337240088267,10.431451082229614,100027,356.5665364764205,0.45064125768528135
BRKGA-R-LS,"{'elite_percentage': 0.1, 'mutant_percentage': 0.1, 'elite_inheritance_prob': 0.65, 'restarts_patience': 50, 'ls_range': 3, 'ls_periodic_run_period': 50}",1,6,50,382.87751626166573,10.778266668319702,100048,381.53301582072294,0.3523942582139621
BRKGA-R-LS,"{'elite_percentage': 0.1, 'mutant_percentage': 0.1, 'elite_inheritance_prob': 0.65, 'restarts_patience': 50, 'ls_range': 3, 'ls_periodic_run_period': 50}",1,7,100,759.515341351214,23.119503498077393,112527,757.3148940610056,0.29055909337908614
BRKGA-R-LS,"{'elite_percentage': 0.1, 'mutant_percentage': 0.1, 'elite_inheritance_prob': 0.65, 'restarts_patience': 50, 'ls_range': 3, 'ls_periodic_run_period': 50}",1,8,100,707.8624127871216,20.548059225082397,101460,706.1873763225933,0.2371943368983544
BRKGA-R-LS,"{'elite_percentage': 0.1, 'mutant_percentage': 0.1, 'elite_inheritance_prob': 0.65, 'restarts_patience': 50, 'ls_range': 3, 'ls_periodic_run_period': 50}",1,9,100,731.026574760905,19.878870248794556,101934,729.5370949892298,0.20416779104250588
BRKGA-R-LS,"{'elite_percentage': 0.1, 'mutant_percentage': 0.1, 'elite_inheritance_prob': 0.65, 'restarts_patience': 50, 'ls_range': 3, 'ls_periodic_run_period': 100}",2,1,20,123.89573420631851,4.27020788192749,100110,123.5279249454444,0.29775393785377074
BRKGA-R-LS,"{'elite_percentage': 0.1, 'mutant_percentage': 0.1, 'elite_inheritance_prob': 0.65, 'restarts_patience': 50, 'ls_range': 3, 'ls_periodic_run_period': 100}",2,2,20,118.434378230468,4.482433080673218,106824,118.19212126813449,0.204968791264793
BRKGA-R-LS,"{'elite_percentage': 0.1, 'mutant_percentage': 0.1, 'elite_inheritance_prob': 0.65, 'restarts_patience': 50, 'ls_range': 3, 'ls_periodic_run_period': 100}",2,3,20,164.46998147130245,4.002306222915649,100093,163.8923966100251,0.35241711831922073
BRKGA-R-LS,"{'elite_percentage': 0.1, 'mutant_percentage': 0.1, 'elite_inheritance_prob': 0.65, 'restarts_patience': 50, 'ls_range': 3, 'ls_periodic_run_period': 100}",2,4,50,316.7156948548133,10.733363628387451,106224,315.4125509015329,0.413155389522609
BRKGA-R-LS,"{'elite_percentage': 0.1, 'mutant_percentage': 0.1, 'elite_inheritance_prob': 0.65, 'restarts_patience': 50, 'ls_range': 3, 'ls_periodic_run_period': 100}",2,5,50,359.38831417165164,10.574830770492554,100051,356.5665364764205,0.7913747944818049
BRKGA-R-LS,"{'elite_percentage': 0.1, 'mutant_percentage': 0.1, 'elite_inheritance_prob': 0.65, 'restarts_patience': 50, 'ls_range': 3, 'ls_periodic_run_period': 100}",2,6,50,383.29723151081964,10.767718076705933,100019,381.53301582072294,0.462401841240834
BRKGA-R-LS,"{'elite_percentage': 0.1, 'mutant_percentage': 0.1, 'elite_inheritance_prob': 0.65, 'restarts_patience': 50, 'ls_range': 3, 'ls_periodic_run_period': 100}",2,7,100,759.7096658931814,20.6754367351532,100098,757.3148940610056,0.3162187685672149
BRKGA-R-LS,"{'elite_percentage': 0.1, 'mutant_percentage': 0.1, 'elite_inheritance_prob': 0.65, 'restarts_patience': 50, 'ls_range': 3, 'ls_periodic_run_period': 100}",2,8,100,709.0812204612386,20.521578550338745,100026,706.1873763225933,0.4097841784873981
BRKGA-R-LS,"{'elite_percentage': 0.1, 'mutant_percentage': 0.1, 'elite_inheritance_prob': 0.65, 'restarts_patience': 50, 'ls_range': 3, 'ls_periodic_run_period': 100}",2,9,100,730.6519666522272,21.88741707801819,110258,729.5370949892298,0.15281905069047585
BRKGA-R-LS,"{'elite_percentage': 0.1, 'mutant_percentage': 0.1, 'elite_inheritance_prob': 0.65, 'restarts_patience': 50, 'ls_range': 7, 'ls_periodic_run_period': 50}",3,1,20,124.03504217275922,4.246737718582153,100028,123.5279249454444,0.41052841091501246
BRKGA-R-LS,"{'elite_percentage': 0.1, 'mutant_percentage': 0.1, 'elite_inheritance_prob': 0.65, 'restarts_patience': 50, 'ls_range': 7, 'ls_periodic_run_period': 50}",3,2,20,119.24878298600822,4.163438320159912,100010,118.19212126813449,0.8940204359955265
BRKGA-R-LS,"{'elite_percentage': 0.1, 'mutant_percentage': 0.1, 'elite_inheritance_prob': 0.65, 'restarts_patience': 50, 'ls_range': 7, 'ls_periodic_run_period': 50}",3,3,20,164.97614663241467,3.9335250854492188,100093,163.8923966100251,0.6612570471882944
BRKGA-R-LS,"{'elite_percentage': 0.1, 'mutant_percentage': 0.1, 'elite_inheritance_prob': 0.65, 'restarts_patience': 50, 'ls_range': 7, 'ls_periodic_run_period': 50}",3,4,50,316.8050012539889,9.96403455734253,100006,315.4125509015329,0.44146954472040845
BRKGA-R-LS,"{'elite_percentage': 0.1, 'mutant_percentage': 0.1, 'elite_inheritance_prob': 0.65, 'restarts_patience': 50, 'ls_range': 7, 'ls_periodic_run_period': 50}",3,5,50,357.58296142923206,11.235069751739502,109457,356.5665364764205,0.2850589858644213
BRKGA-R-LS,"{'elite_percentage': 0.1, 'mutant_percentage': 0.1, 'elite_inheritance_prob': 0.65, 'restarts_patience': 50, 'ls_range': 7, 'ls_periodic_run_period': 50}",3,6,50,382.1534616763482,10.781839370727539,100002,381.53301582072294,0.16261917839287954
BRKGA-R-LS,"{'elite_percentage': 0.1, 'mutant_percentage': 0.1, 'elite_inheritance_prob': 0.65, 'restarts_patience': 50, 'ls_range': 7, 'ls_periodic_run_period': 50}",3,7,100,760.9102848430033,21.07870626449585,108681,757.3148940610056,0.4747550603049516
BRKGA-R-LS,"{'elite_percentage': 0.1, 'mutant_percentage': 0.1, 'elite_inheritance_prob': 0.65, 'restarts_patience': 50, 'ls_range': 7, 'ls_periodic_run_period': 50}",3,8,100,708.0580333668503,28.79672384262085,146152,706.1873763225933,0.26489528232552806
BRKGA-R-LS,"{'elite_percentage': 0.1, 'mutant_percentage': 0.1, 'elite_inheritance_prob': 0.65, 'restarts_patience': 50, 'ls_range': 7, 'ls_periodic_run_period': 50}",3,9,100,730.8880618181765,22.655189514160156,119986,729.5370949892298,0.18518137572794666
BRKGA-R-LS,"{'elite_percentage': 0.1, 'mutant_percentage': 0.1, 'elite_inheritance_prob': 0.65, 'restarts_patience': 50, 'ls_range': 7, 'ls_periodic_run_period': 100}",4,1,20,124.03504217275922,4.312567710876465,100034,123.5279249454444,0.41052841091501246
BRKGA-R-LS,"{'elite_percentage': 0.1, 'mutant_percentage': 0.1, 'elite_inheritance_prob': 0.65, 'restarts_patience': 50, 'ls_range': 7, 'ls_periodic_run_period': 100}",4,2,20,119.38623394577306,4.177775859832764,100135,118.19212126813449,1.0103149557063695
BRKGA-R-LS,"{'elite_percentage': 0.1, 'mutant_percentage': 0.1, 'elite_inheritance_prob': 0.65, 'restarts_patience': 50, 'ls_range': 7, 'ls_periodic_run_period': 100}",4,3,20,164.97614663241467,4.002742052078247,100099,163.8923966100251,0.6612570471882944
BRKGA-R-LS,"{'elite_percentage': 0.1, 'mutant_percentage': 0.1, 'elite_inheritance_prob': 0.65, 'restarts_patience': 50, 'ls_range': 7, 'ls_periodic_run_period': 100}",4,4,50,317.48249171056295,10.157227039337158,100084,315.4125509015329,0.6562645662367054
BRKGA-R-LS,"{'elite_percentage': 0.1, 'mutant_percentage': 0.1, 'elite_inheritance_prob': 0.65, 'restarts_patience': 50, 'ls_range': 7, 'ls_periodic_run_period': 100}",4,5,50,357.2894719211457,10.514395236968994,100004,356.5665364764205,0.20274910031358057
BRKGA-R-LS,"{'elite_percentage': 0.1, 'mutant_percentage': 0.1, 'elite_inheritance_prob': 0.65, 'restarts_patience': 50, 'ls_range': 7, 'ls_periodic_run_period': 100}",4,6,50,382.53080845429986,10.584581851959229,100115,381.53301582072294,0.2615219632907916
BRKGA-R-LS,"{'elite_percentage': 0.1, 'mutant_percentage': 0.1, 'elite_inheritance_prob': 0.65, 'restarts_patience': 50, 'ls_range': 7, 'ls_periodic_run_period': 100}",4,7,100,759.5410987908691,24.32042932510376,123570,757.3148940610056,0.29396024656609926
BRKGA-R-LS,"{'elite_percentage': 0.1, 'mutant_percentage': 0.1, 'elite_inheritance_prob': 0.65, 'restarts_patience': 50, 'ls_range': 7, 'ls_periodic_run_period': 100}",4,8,100,707.7951811721758,25.05666184425354,128363,706.1873763225933,0.22767397202071485
BRKGA-R-LS,"{'elite_percentage': 0.1, 'mutant_percentage': 0.1, 'elite_inheritance_prob': 0.65, 'restarts_patience': 50, 'ls_range': 7, 'ls_periodic_run_period': 100}",4,9,100,731.2639122121315,20.8047354221344,111350,729.5370949892298,0.23670040012525556
BRKGA-R-LS,"{'elite_percentage': 0.1, 'mutant_percentage': 0.1, 'elite_inheritance_prob': 0.65, 'restarts_patience': 100, 'ls_range': 3, 'ls_periodic_run_period': 50}",5,1,20,123.96351626356373,4.297760725021362,100124,123.5279249454444,0.3526257874984243
BRKGA-R-LS,"{'elite_percentage': 0.1, 'mutant_percentage': 0.1, 'elite_inheritance_prob': 0.65, 'restarts_patience': 100, 'ls_range': 3, 'ls_periodic_run_period': 50}",5,2,20,118.98419426052045,4.183279991149902,100186,118.19212126813449,0.6701571846646577
BRKGA-R-LS,"{'elite_percentage': 0.1, 'mutant_percentage': 0.1, 'elite_inheritance_prob': 0.65, 'restarts_patience': 100, 'ls_range': 3, 'ls_periodic_run_period': 50}",5,3,20,165.0383318384104,3.944338321685791,100095,163.8923966100251,0.6991997506217458
BRKGA-R-LS,"{'elite_percentage': 0.1, 'mutant_percentage': 0.1, 'elite_inheritance_prob': 0.65, 'restarts_patience': 100, 'ls_range': 3, 'ls_periodic_run_period': 50}",5,4,50,316.26432260261225,10.195826768875122,100119,315.4125509015329,0.27005003404106204
BRKGA-R-LS,"{'elite_percentage': 0.1, 'mutant_percentage': 0.1, 'elite_inheritance_prob': 0.65, 'restarts_patience': 100, 'ls_range': 3, 'ls_periodic_run_period': 50}",5,5,50,358.4298396906229,10.51111364364624,100128,356.5665364764205,0.5225681671127943
BRKGA-R-LS,"{'elite_percentage': 0.1, 'mutant_percentage': 0.1, 'elite_inheritance_prob': 0.65, 'restarts_patience': 100, 'ls_range': 3, 'ls_periodic_run_period': 50}",5,6,50,383.01303153244885,12.235823631286621,114198,381.53301582072294,0.3879128804992726
BRKGA-R-LS,"{'elite_percentage': 0.1, 'mutant_percentage': 0.1, 'elite_inheritance_prob': 0.65, 'restarts_patience': 100, 'ls_range': 3, 'ls_periodic_run_period': 50}",5,7,100,758.6745110060247,30.045756578445435,144485,757.3148940610056,0.17953125650656304
BRKGA-R-LS,"{'elite_percentage': 0.1, 'mutant_percentage': 0.1, 'elite_inheritance_prob': 0.65, 'restarts_patience': 100, 'ls_range': 3, 'ls_periodic_run_period': 50}",5,8,100,707.7167535863,22.810065984725952,112832,706.1873763225933,0.21656819634341037
BRKGA-R-LS,"{'elite_percentage': 0.1, 'mutant_percentage': 0.1, 'elite_inheritance_prob': 0.65, 'restarts_patience': 100, 'ls_range': 3, 'ls_periodic_run_period': 50}",5,9,100,730.2112812859775,19.30827236175537,100042,729.5370949892298,0.09241288775832401
BRKGA-R-LS,"{'elite_percentage': 0.1, 'mutant_percentage': 0.1, 'elite_inheritance_prob': 0.65, 'restarts_patience': 100, 'ls_range': 3, 'ls_periodic_run_period': 100}",6,1,20,124.14875606769075,4.3093743324279785,100124,123.5279249454444,0.5025836243266819
BRKGA-R-LS,"{'elite_percentage': 0.1, 'mutant_percentage': 0.1, 'elite_inheritance_prob': 0.65, 'restarts_patience': 100, 'ls_range': 3, 'ls_periodic_run_period': 100}",6,2,20,118.83830249068497,4.121699810028076,100035,118.19212126813449,0.5467210636524018
BRKGA-R-LS,"{'elite_percentage': 0.1, 'mutant_percentage': 0.1, 'elite_inheritance_prob': 0.65, 'restarts_patience': 100, 'ls_range': 3, 'ls_periodic_run_period': 100}",6,3,20,164.58329838963405,4.537927150726318,113244,163.8923966100251,0.4215581649299664
BRKGA-R-LS,"{'elite_percentage': 0.1, 'mutant_percentage': 0.1, 'elite_inheritance_prob': 0.65, 'restarts_patience': 100, 'ls_range': 3, 'ls_periodic_run_period': 100}",6,4,50,316.7626659143981,10.310376405715942,100104,315.4125509015329,0.42804733324854377
BRKGA-R-LS,"{'elite_percentage': 0.1, 'mutant_percentage': 0.1, 'elite_inheritance_prob': 0.65, 'restarts_patience': 100, 'ls_range': 3, 'ls_periodic_run_period': 100}",6,5,50,358.6406903152035,10.568798780441284,100014,356.5665364764205,0.5817017657573175
BRKGA-R-LS,"{'elite_percentage': 0.1, 'mutant_percentage': 0.1, 'elite_inheritance_prob': 0.65, 'restarts_patience': 100, 'ls_range': 3, 'ls_periodic_run_period': 100}",6,6,50,384.1005163753767,10.740915775299072,100019,381.53301582072294,0.6729432180674452
BRKGA-R-LS,"{'elite_percentage': 0.1, 'mutant_percentage': 0.1, 'elite_inheritance_prob': 0.65, 'restarts_patience': 100, 'ls_range': 3, 'ls_periodic_run_period': 100}",6,7,100,758.0979959783111,26.919754028320312,129910,757.3148940610056,0.10340505956594338
BRKGA-R-LS,"{'elite_percentage': 0.1, 'mutant_percentage': 0.1, 'elite_inheritance_prob': 0.65, 'restarts_patience': 100, 'ls_range': 3, 'ls_periodic_run_period': 100}",6,8,100,708.3842779876834,20.821924448013306,100043,706.1873763225933,0.3110933073499908
BRKGA-R-LS,"{'elite_percentage': 0.1, 'mutant_percentage': 0.1, 'elite_inheritance_prob': 0.65, 'restarts_patience': 100, 'ls_range': 3, 'ls_periodic_run_period': 100}",6,9,100,731.1853412831167,20.72619891166687,100103,729.5370949892298,0.22593042974891644
BRKGA-R-LS,"{'elite_percentage': 0.1, 'mutant_percentage': 0.1, 'elite_inheritance_prob': 0.65, 'restarts_patience': 100, 'ls_range': 7, 'ls_periodic_run_period': 50}",7,1,20,123.89975313058889,4.253148555755615,100102,123.5279249454444,0.3010073918983992
BRKGA-R-LS,"{'elite_percentage': 0.1, 'mutant_percentage': 0.1, 'elite_inheritance_prob': 0.65, 'restarts_patience': 100, 'ls_range': 7, 'ls_periodic_run_period': 50}",7,2,20,118.94001171557196,4.035522222518921,112762,118.19212126813449,0.6327752132824332
BRKGA-R-LS,"{'elite_percentage': 0.1, 'mutant_percentage': 0.1, 'elite_inheritance_prob': 0.65, 'restarts_patience': 100, 'ls_range': 7, 'ls_periodic_run_period': 50}",7,3,20,164.97614663241467,2.313389778137207,100093,163.8923966100251,0.6612570471882944
BRKGA-R-LS,"{'elite_percentage': 0.1, 'mutant_percentage': 0.1, 'elite_inheritance_prob': 0.65, 'restarts_patience': 100, 'ls_range': 7, 'ls_periodic_run_period': 50}",7,4,50,315.87529505214803,6.000406265258789,100108,315.4125509015329,0.14671076001652614
BRKGA-R-LS,"{'elite_percentage': 0.1, 'mutant_percentage': 0.1, 'elite_inheritance_prob': 0.65, 'restarts_patience': 100, 'ls_range': 7, 'ls_periodic_run_period': 50}",7,5,50,358.19513757718914,6.2103235721588135,101378,356.5665364764205,0.4567453572234928
BRKGA-R-LS,"{'elite_percentage': 0.1, 'mutant_percentage': 0.1, 'elite_inheritance_prob': 0.65, 'restarts_patience': 100, 'ls_range': 7, 'ls_periodic_run_period': 50}",7,6,50,381.6415115523276,6.205934047698975,100133,381.53301582072294,0.028436787147047077
BRKGA-R-LS,"{'elite_percentage': 0.1, 'mutant_percentage': 0.1, 'elite_inheritance_prob': 0.65, 'restarts_patience': 100, 'ls_range': 7, 'ls_periodic_run_period': 50}",7,7,100,760.204878433401,13.98282241821289,121943,757.3148940610056,0.38160934045522127
BRKGA-R-LS,"{'elite_percentage': 0.1, 'mutant_percentage': 0.1, 'elite_inheritance_prob': 0.65, 'restarts_patience': 100, 'ls_range': 7, 'ls_periodic_run_period': 50}",7,8,100,708.9201519625842,14.267194986343384,123420,706.1873763225933,0.3869759969686213
BRKGA-R-LS,"{'elite_percentage': 0.1, 'mutant_percentage': 0.1, 'elite_inheritance_prob': 0.65, 'restarts_patience': 100, 'ls_range': 7, 'ls_periodic_run_period': 50}",7,9,100,732.2482636680747,13.323594570159912,120542,729.5370949892298,0.37162862553068415
BRKGA-R-LS,"{'elite_percentage': 0.1, 'mutant_percentage': 0.1, 'elite_inheritance_prob': 0.65, 'restarts_patience': 100, 'ls_range': 7, 'ls_periodic_run_period': 100}",8,1,20,124.20402558406032,2.7646536827087402,112091,123.5279249454444,0.5473261522967523
BRKGA-R-LS,"{'elite_percentage': 0.1, 'mutant_percentage': 0.1, 'elite_inheritance_prob': 0.65, 'restarts_patience': 100, 'ls_range': 7, 'ls_periodic_run_period': 100}",8,2,20,119.38623394577306,2.426262855529785,100077,118.19212126813449,1.0103149557063695
BRKGA-R-LS,"{'elite_percentage': 0.1, 'mutant_percentage': 0.1, 'elite_inheritance_prob': 0.65, 'restarts_patience': 100, 'ls_range': 7, 'ls_periodic_run_period': 100}",8,3,20,164.52645923326435,2.3320353031158447,100134,163.8923966100251,0.3868773880633305
BRKGA-R-LS,"{'elite_percentage': 0.1, 'mutant_percentage': 0.1, 'elite_inheritance_prob': 0.65, 'restarts_patience': 100, 'ls_range': 7, 'ls_periodic_run_period': 100}",8,4,50,316.86538128412604,5.875943422317505,100105,315.4125509015329,0.4606127366969348
BRKGA-R-LS,"{'elite_percentage': 0.1, 'mutant_percentage': 0.1, 'elite_inheritance_prob': 0.65, 'restarts_patience': 100, 'ls_range': 7, 'ls_periodic_run_period': 100}",8,5,50,358.1863577488295,6.6889026165008545,109085,356.5665364764205,0.45428303183356367
BRKGA-R-LS,"{'elite_percentage': 0.1, 'mutant_percentage': 0.1, 'elite_inheritance_prob': 0.65, 'restarts_patience': 100, 'ls_range': 7, 'ls_periodic_run_period': 100}",8,6,50,382.44779687127686,6.420467138290405,100061,381.53301582072294,0.23976458461559977
BRKGA-R-LS,"{'elite_percentage': 0.1, 'mutant_percentage': 0.1, 'elite_inheritance_prob': 0.65, 'restarts_patience': 100, 'ls_range': 7, 'ls_periodic_run_period': 100}",8,7,100,758.4395405797958,16.584599494934082,142495,757.3148940610056,0.14850447648790127
BRKGA-R-LS,"{'elite_percentage': 0.1, 'mutant_percentage': 0.1, 'elite_inheritance_prob': 0.65, 'restarts_patience': 100, 'ls_range': 7, 'ls_periodic_run_period': 100}",8,8,100,708.9536112202112,12.333922147750854,107600,706.1873763225933,0.39171401109190157
BRKGA-R-LS,"{'elite_percentage': 0.1, 'mutant_percentage': 0.1, 'elite_inheritance_prob': 0.65, 'restarts_patience': 100, 'ls_range': 7, 'ls_periodic_run_period': 100}",8,9,100,730.8997553390441,16.81446361541748,145836,729.5370949892298,0.18678424430692017
BRKGA-R-LS,"{'elite_percentage': 0.1, 'mutant_percentage': 0.1, 'elite_inheritance_prob': 0.85, 'restarts_patience': 50, 'ls_range': 3, 'ls_periodic_run_period': 50}",9,1,20,124.23582111679231,2.4741928577423096,100125,123.5279249454444,0.5730657028850369
BRKGA-R-LS,"{'elite_percentage': 0.1, 'mutant_percentage': 0.1, 'elite_inheritance_prob': 0.85, 'restarts_patience': 50, 'ls_range': 3, 'ls_periodic_run_period': 50}",9,2,20,119.13914056549064,2.341114044189453,100032,118.19212126813449,0.8012541675326317
BRKGA-R-LS,"{'elite_percentage': 0.1, 'mutant_percentage': 0.1, 'elite_inheritance_prob': 0.85, 'restarts_patience': 50, 'ls_range': 3, 'ls_periodic_run_period': 50}",9,3,20,165.1044028666537,2.318010091781616,100134,163.8923966100251,0.739513413494413
BRKGA-R-LS,"{'elite_percentage': 0.1, 'mutant_percentage': 0.1, 'elite_inheritance_prob': 0.85, 'restarts_patience': 50, 'ls_range': 3, 'ls_periodic_run_period': 50}",9,4,50,318.05149435646433,6.232486009597778,103989,315.4125509015329,0.836664060256527
BRKGA-R-LS,"{'elite_percentage': 0.1, 'mutant_percentage': 0.1, 'elite_inheritance_prob': 0.85, 'restarts_patience': 50, 'ls_range': 3, 'ls_periodic_run_period': 50}",9,5,50,359.7439909570124,6.185654163360596,100012,356.5665364764205,0.8911252614985725
BRKGA-R-LS,"{'elite_percentage': 0.1, 'mutant_percentage': 0.1, 'elite_inheritance_prob': 0.85, 'restarts_patience': 50, 'ls_range': 3, 'ls_periodic_run_period': 50}",9,6,50,382.9128457764889,6.38174843788147,100016,381.53301582072294,0.3616541422497284
BRKGA-R-LS,"{'elite_percentage': 0.1, 'mutant_percentage': 0.1, 'elite_inheritance_prob': 0.85, 'restarts_patience': 50, 'ls_range': 3, 'ls_periodic_run_period': 50}",9,7,100,759.4524462939997,13.04857349395752,107326,757.3148940610056,0.28225408608192015
BRKGA-R-LS,"{'elite_percentage': 0.1, 'mutant_percentage': 0.1, 'elite_inheritance_prob': 0.85, 'restarts_patience': 50, 'ls_range': 3, 'ls_periodic_run_period': 50}",9,8,100,708.6850269415356,12.987247228622437,109437,706.1873763225933,0.35368100630014165
BRKGA-R-LS,"{'elite_percentage': 0.1, 'mutant_percentage': 0.1, 'elite_inheritance_prob': 0.85, 'restarts_patience': 50, 'ls_range': 3, 'ls_periodic_run_period': 50}",9,9,100,730.8245511292282,11.487559795379639,100010,729.5370949892298,0.1764757609779161
BRKGA-R-LS,"{'elite_percentage': 0.1, 'mutant_percentage': 0.1, 'elite_inheritance_prob': 0.85, 'restarts_patience': 50, 'ls_range': 3, 'ls_periodic_run_period': 100}",10,1,20,123.73674035352776,2.4310028553009033,100074,123.5279249454444,0.1690430792677769
BRKGA-R-LS,"{'elite_percentage': 0.1, 'mutant_percentage': 0.1, 'elite_inheritance_prob': 0.85, 'restarts_patience': 50, 'ls_range': 3, 'ls_periodic_run_period': 100}",10,2,20,118.26662942723058,2.472092866897583,100010,118.19212126813449,0.06303986957562614
BRKGA-R-LS,"{'elite_percentage': 0.1, 'mutant_percentage': 0.1, 'elite_inheritance_prob': 0.85, 'restarts_patience': 50, 'ls_range': 3, 'ls_periodic_run_period': 100}",10,3,20,164.87355296427702,3.6022937297821045,114608,163.8923966100251,0.5986588606587748
BRKGA-R-LS,"{'elite_percentage': 0.1, 'mutant_percentage': 0.1, 'elite_inheritance_prob': 0.85, 'restarts_patience': 50, 'ls_range': 3, 'ls_periodic_run_period': 100}",10,4,50,316.57055571359774,8.951693773269653,100130,315.4125509015329,0.36713973770383407
BRKGA-R-LS,"{'elite_percentage': 0.1, 'mutant_percentage': 0.1, 'elite_inheritance_prob': 0.85, 'restarts_patience': 50, 'ls_range': 3, 'ls_periodic_run_period': 100}",10,5,50,359.2044165541601,6.737650156021118,100136,356.5665364764205,0.7398002358289348
BRKGA-R-LS,"{'elite_percentage': 0.1, 'mutant_percentage': 0.1, 'elite_inheritance_prob': 0.85, 'restarts_patience': 50, 'ls_range': 3, 'ls_periodic_run_period': 100}",10,6,50,382.865107602686,6.353413343429565,100259,381.53301582072294,0.34914194230283957
BRKGA-R-LS,"{'elite_percentage': 0.1, 'mutant_percentage': 0.1, 'elite_inheritance_prob': 0.85, 'restarts_patience': 50, 'ls_range': 3, 'ls_periodic_run_period': 100}",10,7,100,758.9178608666109,15.025904417037964,121518,757.3148940610056,0.21166450286083932
BRKGA-R-LS,"{'elite_percentage': 0.1, 'mutant_percentage': 0.1, 'elite_inheritance_prob': 0.85, 'restarts_patience': 50, 'ls_range': 3, 'ls_periodic_run_period': 100}",10,8,100,708.3943998641138,15.416123867034912,125477,706.1873763225933,0.31252662048610175
BRKGA-R-LS,"{'elite_percentage': 0.1, 'mutant_percentage': 0.1, 'elite_inheritance_prob': 0.85, 'restarts_patience': 50, 'ls_range': 3, 'ls_periodic_run_period': 100}",10,9,100,730.3682208004846,12.811391115188599,107969,729.5370949892298,0.11392509263247741
BRKGA-R-LS,"{'elite_percentage': 0.1, 'mutant_percentage': 0.1, 'elite_inheritance_prob': 0.85, 'restarts_patience': 50, 'ls_range': 7, 'ls_periodic_run_period': 50}",11,1,20,123.60541246146026,2.535871744155884,100074,123.5279249454444,0.06272874416864557
BRKGA-R-LS,"{'elite_percentage': 0.1, 'mutant_percentage': 0.1, 'elite_inheritance_prob': 0.85, 'restarts_patience': 50, 'ls_range': 7, 'ls_periodic_run_period': 50}",11,2,20,119.29002404865895,2.4373929500579834,100025,118.19212126813449,0.9289136777854475
BRKGA-R-LS,"{'elite_percentage': 0.1, 'mutant_percentage': 0.1, 'elite_inheritance_prob': 0.85, 'restarts_patience': 50, 'ls_range': 7, 'ls_periodic_run_period': 50}",11,3,20,164.97614663241467,2.3369224071502686,100109,163.8923966100251,0.6612570471882944
BRKGA-R-LS,"{'elite_percentage': 0.1, 'mutant_percentage': 0.1, 'elite_inheritance_prob': 0.85, 'restarts_patience': 50, 'ls_range': 7, 'ls_periodic_run_period': 50}",11,4,50,316.35116518340965,7.1269354820251465,115835,315.4125509015329,0.2975830477239912
BRKGA-R-LS,"{'elite_percentage': 0.1, 'mutant_percentage': 0.1, 'elite_inheritance_prob': 0.85, 'restarts_patience': 50, 'ls_range': 7, 'ls_periodic_run_period': 50}",11,5,50,358.32338759369503,6.1975085735321045,100084,356.5665364764205,0.4927134034045087
BRKGA-R-LS,"{'elite_percentage': 0.1, 'mutant_percentage': 0.1, 'elite_inheritance_prob': 0.85, 'restarts_patience': 50, 'ls_range': 7, 'ls_periodic_run_period': 50}",11,6,50,382.31316230963495,6.329619884490967,100060,381.53301582072294,0.20447679664991034
BRKGA-R-LS,"{'elite_percentage': 0.1, 'mutant_percentage': 0.1, 'elite_inheritance_prob': 0.85, 'restarts_patience': 50, 'ls_range': 7, 'ls_periodic_run_period': 50}",11,7,100,758.8292223756564,15.32897424697876,131387,757.3148940610056,0.19996019179425042
BRKGA-R-LS,"{'elite_percentage': 0.1, 'mutant_percentage': 0.1, 'elite_inheritance_prob': 0.85, 'restarts_patience': 50, 'ls_range': 7, 'ls_periodic_run_period': 50}",11,8,100,707.8701278903823,13.530009984970093,118135,706.1873763225933,0.23828683777267884
BRKGA-R-LS,"{'elite_percentage': 0.1, 'mutant_percentage': 0.1, 'elite_inheritance_prob': 0.85, 'restarts_patience': 50, 'ls_range': 7, 'ls_periodic_run_period': 50}",11,9,100,730.5465699064977,12.42457365989685,113268,729.5370949892298,0.13837197919082966
BRKGA-R-LS,"{'elite_percentage': 0.1, 'mutant_percentage': 0.1, 'elite_inheritance_prob': 0.85, 'restarts_patience': 50, 'ls_range': 7, 'ls_periodic_run_period': 100}",12,1,20,123.89975313058889,2.5207200050354004,100108,123.5279249454444,0.3010073918983992
BRKGA-R-LS,"{'elite_percentage': 0.1, 'mutant_percentage': 0.1, 'elite_inheritance_prob': 0.85, 'restarts_patience': 50, 'ls_range': 7, 'ls_periodic_run_period': 100}",12,2,20,119.0968198338836,2.4235575199127197,100034,118.19212126813449,0.765447439340467
BRKGA-R-LS,"{'elite_percentage': 0.1, 'mutant_percentage': 0.1, 'elite_inheritance_prob': 0.85, 'restarts_patience': 50, 'ls_range': 7, 'ls_periodic_run_period': 100}",12,3,20,164.97614663241467,2.3021442890167236,100099,163.8923966100251,0.6612570471882944
BRKGA-R-LS,"{'elite_percentage': 0.1, 'mutant_percentage': 0.1, 'elite_inheritance_prob': 0.85, 'restarts_patience': 50, 'ls_range': 7, 'ls_periodic_run_period': 100}",12,4,50,317.95397276455486,5.950721979141235,100120,315.4125509015329,0.8057453185543575
BRKGA-R-LS,"{'elite_percentage': 0.1, 'mutant_percentage': 0.1, 'elite_inheritance_prob': 0.85, 'restarts_patience': 50, 'ls_range': 7, 'ls_periodic_run_period': 100}",12,5,50,358.1755102536973,7.001600503921509,114905,356.5665364764205,0.45124082399225507
BRKGA-R-LS,"{'elite_percentage': 0.1, 'mutant_percentage': 0.1, 'elite_inheritance_prob': 0.85, 'restarts_patience': 50, 'ls_range': 7, 'ls_periodic_run_period': 100}",12,6,50,381.982010464262,6.8282976150512695,110041,381.53301582072294,0.11768172737900467
BRKGA-R-LS,"{'elite_percentage': 0.1, 'mutant_percentage': 0.1, 'elite_inheritance_prob': 0.85, 'restarts_patience': 50, 'ls_range': 7, 'ls_periodic_run_period': 100}",12,7,100,759.2484388342054,15.519859313964844,115290,757.3148940610056,0.25531582547273907
BRKGA-R-LS,"{'elite_percentage': 0.1, 'mutant_percentage': 0.1, 'elite_inheritance_prob': 0.85, 'restarts_patience': 50, 'ls_range': 7, 'ls_periodic_run_period': 100}",12,8,100,707.7714312664408,22.933035135269165,119975,706.1873763225933,0.22431085529966754
BRKGA-R-LS,"{'elite_percentage': 0.1, 'mutant_percentage': 0.1, 'elite_inheritance_prob': 0.85, 'restarts_patience': 50, 'ls_range': 7, 'ls_periodic_run_period': 100}",12,9,100,732.0026187091095,22.43310785293579,118235,729.5370949892298,0.3379572795974251
BRKGA-R-LS,"{'elite_percentage': 0.1, 'mutant_percentage': 0.1, 'elite_inheritance_prob': 0.85, 'restarts_patience': 100, 'ls_range': 3, 'ls_periodic_run_period': 50}",13,1,20,124.70759550788316,4.263828992843628,100035,123.5279249454444,0.9549829020116344
BRKGA-R-LS,"{'elite_percentage': 0.1, 'mutant_percentage': 0.1, 'elite_inheritance_prob': 0.85, 'restarts_patience': 100, 'ls_range': 3, 'ls_periodic_run_period': 50}",13,2,20,118.83237212044558,4.657590866088867,108830,118.19212126813449,0.5417034954966281
BRKGA-R-LS,"{'elite_percentage': 0.1, 'mutant_percentage': 0.1, 'elite_inheritance_prob': 0.85, 'restarts_patience': 100, 'ls_range': 3, 'ls_periodic_run_period': 50}",13,3,20,164.80438127993955,4.047987699508667,100028,163.8923966100251,0.5564533125258329
BRKGA-R-LS,"{'elite_percentage': 0.1, 'mutant_percentage': 0.1, 'elite_inheritance_prob': 0.85, 'restarts_patience': 100, 'ls_range': 3, 'ls_periodic_run_period': 50}",13,4,50,316.3722559351812,10.978124856948853,106869,315.4125509015329,0.304269766978277
BRKGA-R-LS,"{'elite_percentage': 0.1, 'mutant_percentage': 0.1, 'elite_inheritance_prob': 0.85, 'restarts_patience': 100, 'ls_range': 3, 'ls_periodic_run_period': 50}",13,5,50,357.570980188123,10.607147693634033,100013,356.5665364764205,0.28169881605502706
BRKGA-R-LS,"{'elite_percentage': 0.1, 'mutant_percentage': 0.1, 'elite_inheritance_prob': 0.85, 'restarts_patience': 100, 'ls_range': 3, 'ls_periodic_run_period': 50}",13,6,50,382.7681785459799,10.582917213439941,100124,381.53301582072294,0.32373678660546834
BRKGA-R-LS,"{'elite_percentage': 0.1, 'mutant_percentage': 0.1, 'elite_inheritance_prob': 0.85, 'restarts_patience': 100, 'ls_range': 3, 'ls_periodic_run_period': 50}",13,7,100,759.0822006597705,17.884240865707397,145792,757.3148940610056,0.2333648278443239
BRKGA-R-LS,"{'elite_percentage': 0.1, 'mutant_percentage': 0.1, 'elite_inheritance_prob': 0.85, 'restarts_patience': 100, 'ls_range': 3, 'ls_periodic_run_period': 50}",13,8,100,708.2284811524731,11.998185396194458,100436,706.1873763225933,0.2890316222457411
BRKGA-R-LS,"{'elite_percentage': 0.1, 'mutant_percentage': 0.1, 'elite_inheritance_prob': 0.85, 'restarts_patience': 100, 'ls_range': 3, 'ls_periodic_run_period': 50}",13,9,100,731.2972274373194,13.352463960647583,117283,729.5370949892298,0.24126702537526293
BRKGA-R-LS,"{'elite_percentage': 0.1, 'mutant_percentage': 0.1, 'elite_inheritance_prob': 0.85, 'restarts_patience': 100, 'ls_range': 3, 'ls_periodic_run_period': 100}",14,1,20,124.30236493124877,2.4918644428253174,100044,123.5279249454444,0.6269351534451875
BRKGA-R-LS,"{'elite_percentage': 0.1, 'mutant_percentage': 0.1, 'elite_inheritance_prob': 0.85, 'restarts_patience': 100, 'ls_range': 3, 'ls_periodic_run_period': 100}",14,2,20,118.32961373477707,2.813382387161255,112920,118.19212126813449,0.11632963785349465
BRKGA-R-LS,"{'elite_percentage': 0.1, 'mutant_percentage': 0.1, 'elite_inheritance_prob': 0.85, 'restarts_patience': 100, 'ls_range': 3, 'ls_periodic_run_period': 100}",14,3,20,164.51725254832607,2.322317600250244,100117,163.8923966100251,0.38125987002789385
BRKGA-R-LS,"{'elite_percentage': 0.1, 'mutant_percentage': 0.1, 'elite_inheritance_prob': 0.85, 'restarts_patience': 100, 'ls_range': 3, 'ls_periodic_run_period': 100}",14,4,50,317.969383985315,6.946264743804932,100018,315.4125509015329,0.810631370398551
BRKGA-R-LS,"{'elite_percentage': 0.1, 'mutant_percentage': 0.1, 'elite_inheritance_prob': 0.85, 'restarts_patience': 100, 'ls_range': 3, 'ls_periodic_run_period': 100}",14,5,50,358.23221764679266,10.460295677185059,100039,356.5665364764205,0.4671445578803865
BRKGA-R-LS,"{'elite_percentage': 0.1, 'mutant_percentage': 0.1, 'elite_inheritance_prob': 0.85, 'restarts_patience': 100, 'ls_range': 3, 'ls_periodic_run_period': 100}",14,6,50,383.3969711931274,11.017161130905151,102394,381.53301582072294,0.48854366335633415
BRKGA-R-LS,"{'elite_percentage': 0.1, 'mutant_percentage': 0.1, 'elite_inheritance_prob': 0.85, 'restarts_patience': 100, 'ls_range': 3, 'ls_periodic_run_period': 100}",14,7,100,759.3022635077209,25.964020490646362,122418,757.3148940610056,0.26242312970477866
BRKGA-R-LS,"{'elite_percentage': 0.1, 'mutant_percentage': 0.1, 'elite_inheritance_prob': 0.85, 'restarts_patience': 100, 'ls_range': 3, 'ls_periodic_run_period': 100}",14,8,100,707.537175725833,21.184005975723267,100127,706.1873763225933,0.191138987823406
BRKGA-R-LS,"{'elite_percentage': 0.1, 'mutant_percentage': 0.1, 'elite_inheritance_prob': 0.85, 'restarts_patience': 100, 'ls_range': 3, 'ls_periodic_run_period': 100}",14,9,100,732.9393418405097,19.413548707962036,100541,729.5370949892298,0.4663569371109357
BRKGA-R-LS,"{'elite_percentage': 0.1, 'mutant_percentage': 0.1, 'elite_inheritance_prob': 0.85, 'restarts_patience': 100, 'ls_range': 7, 'ls_periodic_run_period': 50}",15,1,20,124.03504217275922,4.157512187957764,100028,123.5279249454444,0.41052841091501246
BRKGA-R-LS,"{'elite_percentage': 0.1, 'mutant_percentage': 0.1, 'elite_inheritance_prob': 0.85, 'restarts_patience': 100, 'ls_range': 7, 'ls_periodic_run_period': 50}",15,2,20,119.38623394577306,4.084805250167847,100071,118.19212126813449,1.0103149557063695
BRKGA-R-LS,"{'elite_percentage': 0.1, 'mutant_percentage': 0.1, 'elite_inheritance_prob': 0.85, 'restarts_patience': 100, 'ls_range': 7, 'ls_periodic_run_period': 50}",15,3,20,165.08662374343032,3.8624672889709473,100008,163.8923966100251,0.7286653670986624
BRKGA-R-LS,"{'elite_percentage': 0.1, 'mutant_percentage': 0.1, 'elite_inheritance_prob': 0.85, 'restarts_patience': 100, 'ls_range': 7, 'ls_periodic_run_period': 50}",15,4,50,316.7043852302548,9.573922395706177,100096,315.4125509015329,0.4095697286076596
BRKGA-R-LS,"{'elite_percentage': 0.1, 'mutant_percentage': 0.1, 'elite_inheritance_prob': 0.85, 'restarts_patience': 100, 'ls_range': 7, 'ls_periodic_run_period': 50}",15,5,50,357.22227555710174,10.096444606781006,100075,356.5665364764205,0.18390370761127814
BRKGA-R-LS,"{'elite_percentage': 0.1, 'mutant_percentage': 0.1, 'elite_inheritance_prob': 0.85, 'restarts_patience': 100, 'ls_range': 7, 'ls_periodic_run_period': 50}",15,6,50,382.7747643136888,10.303304195404053,100033,381.53301582072294,0.3254629197147549
BRKGA-R-LS,"{'elite_percentage': 0.1, 'mutant_percentage': 0.1, 'elite_inheritance_prob': 0.85, 'restarts_patience': 100, 'ls_range': 7, 'ls_periodic_run_period': 50}",15,7,100,758.2879145187998,42.623865604400635,218356,757.3148940610056,0.12848294222453202
BRKGA-R-LS,"{'elite_percentage': 0.1, 'mutant_percentage': 0.1, 'elite_inheritance_prob': 0.85, 'restarts_patience': 100, 'ls_range': 7, 'ls_periodic_run_period': 50}",15,8,100,707.4937565076747,24.17728614807129,128666,706.1873763225933,0.1849905887420733
BRKGA-R-LS,"{'elite_percentage': 0.1, 'mutant_percentage': 0.1, 'elite_inheritance_prob': 0.85, 'restarts_patience': 100, 'ls_range': 7, 'ls_periodic_run_period': 50}",15,9,100,732.3328885849116,26.332472324371338,143665,729.5370949892298,0.3832284355222721
BRKGA-R-LS,"{'elite_percentage': 0.1, 'mutant_percentage': 0.1, 'elite_inheritance_prob': 0.85, 'restarts_patience': 100, 'ls_range': 7, 'ls_periodic_run_period': 100}",16,1,20,124.03504217275922,4.156428575515747,100034,123.5279249454444,0.41052841091501246
BRKGA-R-LS,"{'elite_percentage': 0.1, 'mutant_percentage': 0.1, 'elite_inheritance_prob': 0.85, 'restarts_patience': 100, 'ls_range': 7, 'ls_periodic_run_period': 100}",16,2,20,119.38623394577306,4.028864860534668,100077,118.19212126813449,1.0103149557063695
BRKGA-R-LS,"{'elite_percentage': 0.1, 'mutant_percentage': 0.1, 'elite_inheritance_prob': 0.85, 'restarts_patience': 100, 'ls_range': 7, 'ls_periodic_run_period': 100}",16,3,20,164.97614663241467,3.8537845611572266,100115,163.8923966100251,0.6612570471882944
BRKGA-R-LS,"{'elite_percentage': 0.1, 'mutant_percentage': 0.1, 'elite_inheritance_prob': 0.85, 'restarts_patience': 100, 'ls_range': 7, 'ls_periodic_run_period': 100}",16,4,50,316.4921820839324,10.737684965133667,108733,315.4125509015329,0.3422917633789895
BRKGA-R-LS,"{'elite_percentage': 0.1, 'mutant_percentage': 0.1, 'elite_inheritance_prob': 0.85, 'restarts_patience': 100, 'ls_range': 7, 'ls_periodic_run_period': 100}",16,5,50,357.60537720665474,9.89710283279419,100056,356.5665364764205,0.2913455481549244
BRKGA-R-LS,"{'elite_percentage': 0.1, 'mutant_percentage': 0.1, 'elite_inheritance_prob': 0.85, 'restarts_patience': 100, 'ls_range': 7, 'ls_periodic_run_period': 100}",16,6,50,382.0089285501012,7.254138708114624,100029,381.53301582072294,0.12473697154478396
BRKGA-R-LS,"{'elite_percentage': 0.1, 'mutant_percentage': 0.1, 'elite_inheritance_prob': 0.85, 'restarts_patience': 100, 'ls_range': 7, 'ls_periodic_run_period': 100}",16,7,100,760.4774777666014,21.07420825958252,111406,757.3148940610056,0.4176048471246685
BRKGA-R-LS,"{'elite_percentage': 0.1, 'mutant_percentage': 0.1, 'elite_inheritance_prob': 0.85, 'restarts_patience': 100, 'ls_range': 7, 'ls_periodic_run_period': 100}",16,8,100,707.4933027529685,26.238922357559204,138625,706.1873763225933,0.1849263345906379
BRKGA-R-LS,"{'elite_percentage': 0.1, 'mutant_percentage': 0.1, 'elite_inheritance_prob': 0.85, 'restarts_patience': 100, 'ls_range': 7, 'ls_periodic_run_period': 100}",16,9,100,731.3820165004543,16.59907865524292,115964,729.5370949892298,0.25288933542874975
BRKGA-R-LS,"{'elite_percentage': 0.1, 'mutant_percentage': 0.2, 'elite_inheritance_prob': 0.65, 'restarts_patience': 50, 'ls_range': 3, 'ls_periodic_run_period': 50}",17,1,20,123.62432502974488,2.550950050354004,102971,123.5279249454444,0.07803910277215348
BRKGA-R-LS,"{'elite_percentage': 0.1, 'mutant_percentage': 0.2, 'elite_inheritance_prob': 0.65, 'restarts_patience': 50, 'ls_range': 3, 'ls_periodic_run_period': 50}",17,2,20,118.36200810186298,2.416090488433838,100063,118.19212126813449,0.14373786670863364
BRKGA-R-LS,"{'elite_percentage': 0.1, 'mutant_percentage': 0.2, 'elite_inheritance_prob': 0.65, 'restarts_patience': 50, 'ls_range': 3, 'ls_periodic_run_period': 50}",17,3,20,165.03269379337223,2.400066614151001,100081,163.8923966100251,0.6957596611760045
BRKGA-R-LS,"{'elite_percentage': 0.1, 'mutant_percentage': 0.2, 'elite_inheritance_prob': 0.65, 'restarts_patience': 50, 'ls_range': 3, 'ls_periodic_run_period': 50}",17,4,50,317.72112579325443,6.072576999664307,100002,315.4125509015329,0.7319223300160466
BRKGA-R-LS,"{'elite_percentage': 0.1, 'mutant_percentage': 0.2, 'elite_inheritance_prob': 0.65, 'restarts_patience': 50, 'ls_range': 3, 'ls_periodic_run_period': 50}",17,5,50,357.96794134962875,6.154097080230713,100037,356.5665364764205,0.3930275922852728
BRKGA-R-LS,"{'elite_percentage': 0.1, 'mutant_percentage': 0.2, 'elite_inheritance_prob': 0.65, 'restarts_patience': 50, 'ls_range': 3, 'ls_periodic_run_period': 50}",17,6,50,383.1619280620041,6.261806488037109,100100,381.53301582072294,0.4269387376023505
BRKGA-R-LS,"{'elite_percentage': 0.1, 'mutant_percentage': 0.2, 'elite_inheritance_prob': 0.65, 'restarts_patience': 50, 'ls_range': 3, 'ls_periodic_run_period': 50}",17,7,100,760.0596944139536,12.734816074371338,104586,757.3148940610056,0.36243844858634156
BRKGA-R-LS,"{'elite_percentage': 0.1, 'mutant_percentage': 0.2, 'elite_inheritance_prob': 0.65, 'restarts_patience': 50, 'ls_range': 3, 'ls_periodic_run_period': 50}",17,8,100,708.7784688908824,12.98629903793335,105403,706.1873763225933,0.36691289807274763
BRKGA-R-LS,"{'elite_percentage': 0.1, 'mutant_percentage': 0.2, 'elite_inheritance_prob': 0.65, 'restarts_patience': 50, 'ls_range': 3, 'ls_periodic_run_period': 50}",17,9,100,731.9078916596934,11.497264623641968,100080,729.5370949892298,0.32497273774661445
BRKGA-R-LS,"{'elite_percentage': 0.1, 'mutant_percentage': 0.2, 'elite_inheritance_prob': 0.65, 'restarts_patience': 50, 'ls_range': 3, 'ls_periodic_run_period': 100}",18,1,20,124.04907690939386,2.482811689376831,100074,123.5279249454444,0.4218900011310225
BRKGA-R-LS,"{'elite_percentage': 0.1, 'mutant_percentage': 0.2, 'elite_inheritance_prob': 0.65, 'restarts_patience': 50, 'ls_range': 3, 'ls_periodic_run_period': 100}",18,2,20,118.60917474662556,2.3704817295074463,100000,118.19212126813449,0.35286064249995897
BRKGA-R-LS,"{'elite_percentage': 0.1, 'mutant_percentage': 0.2, 'elite_inheritance_prob': 0.65, 'restarts_patience': 50, 'ls_range': 3, 'ls_periodic_run_period': 100}",18,3,20,164.45746633096127,2.303215503692627,100008,163.8923966100251,0.34478092493865875
BRKGA-R-LS,"{'elite_percentage': 0.1, 'mutant_percentage': 0.2, 'elite_inheritance_prob': 0.65, 'restarts_patience': 50, 'ls_range': 3, 'ls_periodic_run_period': 100}",18,4,50,317.77276089696943,5.996479272842407,100011,315.4125509015329,0.7482929860243168
BRKGA-R-LS,"{'elite_percentage': 0.1, 'mutant_percentage': 0.2, 'elite_inheritance_prob': 0.65, 'restarts_patience': 50, 'ls_range': 3, 'ls_periodic_run_period': 100}",18,5,50,358.85207341241124,6.159922361373901,100001,356.5665364764205,0.6409846977162714
BRKGA-R-LS,"{'elite_percentage': 0.1, 'mutant_percentage': 0.2, 'elite_inheritance_prob': 0.65, 'restarts_patience': 50, 'ls_range': 3, 'ls_periodic_run_period': 100}",18,6,50,383.71898316095735,6.277156352996826,100556,381.53301582072294,0.5729431660146467
BRKGA-R-LS,"{'elite_percentage': 0.1, 'mutant_percentage': 0.2, 'elite_inheritance_prob': 0.65, 'restarts_patience': 50, 'ls_range': 3, 'ls_periodic_run_period': 100}",18,7,100,759.6161484541718,17.1643385887146,102860,757.3148940610056,0.30387021451883056
BRKGA-R-LS,"{'elite_percentage': 0.1, 'mutant_percentage': 0.2, 'elite_inheritance_prob': 0.65, 'restarts_patience': 50, 'ls_range': 3, 'ls_periodic_run_period': 100}",18,8,100,707.8237855875077,13.831212759017944,114499,706.1873763225933,0.23172451388692958
BRKGA-R-LS,"{'elite_percentage': 0.1, 'mutant_percentage': 0.2, 'elite_inheritance_prob': 0.65, 'restarts_patience': 50, 'ls_range': 3, 'ls_periodic_run_period': 100}",18,9,100,732.3183845661285,11.827601909637451,102753,729.5370949892298,0.3812403229392767
BRKGA-R-LS,"{'elite_percentage': 0.1, 'mutant_percentage': 0.2, 'elite_inheritance_prob': 0.65, 'restarts_patience': 50, 'ls_range': 7, 'ls_periodic_run_period': 50}",19,1,20,124.03504217275922,2.4442152976989746,100028,123.5279249454444,0.41052841091501246
BRKGA-R-LS,"{'elite_percentage': 0.1, 'mutant_percentage': 0.2, 'elite_inheritance_prob': 0.65, 'restarts_patience': 50, 'ls_range': 7, 'ls_periodic_run_period': 50}",19,2,20,118.95135951265299,2.404305934906006,100140,118.19212126813449,0.6423763584004614
BRKGA-R-LS,"{'elite_percentage': 0.1, 'mutant_percentage': 0.2, 'elite_inheritance_prob': 0.65, 'restarts_patience': 50, 'ls_range': 7, 'ls_periodic_run_period': 50}",19,3,20,164.97614663241467,2.2718019485473633,100093,163.8923966100251,0.6612570471882944
BRKGA-R-LS,"{'elite_percentage': 0.1, 'mutant_percentage': 0.2, 'elite_inheritance_prob': 0.65, 'restarts_patience': 50, 'ls_range': 7, 'ls_periodic_run_period': 50}",19,4,50,315.4125509015329,5.831836938858032,100134,315.4125509015329,0.0
BRKGA-R-LS,"{'elite_percentage': 0.1, 'mutant_percentage': 0.2, 'elite_inheritance_prob': 0.65, 'restarts_patience': 50, 'ls_range': 7, 'ls_periodic_run_period': 50}",19,5,50,358.62842342326616,6.0510077476501465,100126,356.5665364764205,0.5782614844402333
BRKGA-R-LS,"{'elite_percentage': 0.1, 'mutant_percentage': 0.2, 'elite_inheritance_prob': 0.65, 'restarts_patience': 50, 'ls_range': 7, 'ls_periodic_run_period': 50}",19,6,50,381.7397525940119,6.178635358810425,100026,381.53301582072294,0.05418581478309688
BRKGA-R-LS,"{'elite_percentage': 0.1, 'mutant_percentage': 0.2, 'elite_inheritance_prob': 0.65, 'restarts_patience': 50, 'ls_range': 7, 'ls_periodic_run_period': 50}",19,7,100,758.7577251134238,13.089739084243774,113950,757.3148940610056,0.19051930230517827
BRKGA-R-LS,"{'elite_percentage': 0.1, 'mutant_percentage': 0.2, 'elite_inheritance_prob': 0.65, 'restarts_patience': 50, 'ls_range': 7, 'ls_periodic_run_period': 50}",19,8,100,709.0780382572235,13.604270458221436,119515,706.1873763225933,0.4093335609711777
BRKGA-R-LS,"{'elite_percentage': 0.1, 'mutant_percentage': 0.2, 'elite_inheritance_prob': 0.65, 'restarts_patience': 50, 'ls_range': 7, 'ls_periodic_run_period': 50}",19,9,100,733.6081378699436,10.968912124633789,100089,729.5370949892298,0.5580309635624323
BRKGA-R-LS,"{'elite_percentage': 0.1, 'mutant_percentage': 0.2, 'elite_inheritance_prob': 0.65, 'restarts_patience': 50, 'ls_range': 7, 'ls_periodic_run_period': 100}",20,1,20,124.03504217275922,2.454601764678955,100034,123.5279249454444,0.41052841091501246
BRKGA-R-LS,"{'elite_percentage': 0.1, 'mutant_percentage': 0.2, 'elite_inheritance_prob': 0.65, 'restarts_patience': 50, 'ls_range': 7, 'ls_periodic_run_period': 100}",20,2,20,119.39860556385561,2.388035297393799,100030,118.19212126813449,1.0207823353843155
BRKGA-R-LS,"{'elite_percentage': 0.1, 'mutant_percentage': 0.2, 'elite_inheritance_prob': 0.65, 'restarts_patience': 50, 'ls_range': 7, 'ls_periodic_run_period': 100}",20,3,20,164.97614663241467,2.278616428375244,100115,163.8923966100251,0.6612570471882944
BRKGA-R-LS,"{'elite_percentage': 0.1, 'mutant_percentage': 0.2, 'elite_inheritance_prob': 0.65, 'restarts_patience': 50, 'ls_range': 7, 'ls_periodic_run_period': 100}",20,4,50,316.91667835552187,5.8974268436431885,100071,315.4125509015329,0.4768762212187782
BRKGA-R-LS,"{'elite_percentage': 0.1, 'mutant_percentage': 0.2, 'elite_inheritance_prob': 0.65, 'restarts_patience': 50, 'ls_range': 7, 'ls_periodic_run_period': 100}",20,5,50,358.46258459589063,6.0717082023620605,100133,356.5665364764205,0.5317515598089604
BRKGA-R-LS,"{'elite_percentage': 0.1, 'mutant_percentage': 0.2, 'elite_inheritance_prob': 0.65, 'restarts_patience': 50, 'ls_range': 7, 'ls_periodic_run_period': 100}",20,6,50,382.08283209582686,6.223378658294678,100722,381.53301582072294,0.14410712895218294
BRKGA-R-LS,"{'elite_percentage': 0.1, 'mutant_percentage': 0.2, 'elite_inheritance_prob': 0.65, 'restarts_patience': 50, 'ls_range': 7, 'ls_periodic_run_period': 100}",20,7,100,758.6010233908354,15.337757587432861,133700,757.3148940610056,0.1698275499288148
BRKGA-R-LS,"{'elite_percentage': 0.1, 'mutant_percentage': 0.2, 'elite_inheritance_prob': 0.65, 'restarts_patience': 50, 'ls_range': 7, 'ls_periodic_run_period': 100}",20,8,100,707.1516282344099,16.85212469100952,148437,706.1873763225933,0.13654335154472547
BRKGA-R-LS,"{'elite_percentage': 0.1, 'mutant_percentage': 0.2, 'elite_inheritance_prob': 0.65, 'restarts_patience': 50, 'ls_range': 7, 'ls_periodic_run_period': 100}",20,9,100,731.2450969811401,13.898264646530151,127359,729.5370949892298,0.2341213357952094
BRKGA-R-LS,"{'elite_percentage': 0.1, 'mutant_percentage': 0.2, 'elite_inheritance_prob': 0.65, 'restarts_patience': 100, 'ls_range': 3, 'ls_periodic_run_period': 50}",21,1,20,124.30530325029011,2.4643828868865967,100025,123.5279249454444,0.6293138212991417
BRKGA-R-LS,"{'elite_percentage': 0.1, 'mutant_percentage': 0.2, 'elite_inheritance_prob': 0.65, 'restarts_patience': 100, 'ls_range': 3, 'ls_periodic_run_period': 50}",21,2,20,119.10731021563402,2.3408472537994385,100211,118.19212126813449,0.7743231424227531
BRKGA-R-LS,"{'elite_percentage': 0.1, 'mutant_percentage': 0.2, 'elite_inheritance_prob': 0.65, 'restarts_patience': 100, 'ls_range': 3, 'ls_periodic_run_period': 50}",21,3,20,164.36150573058265,2.6378748416900635,114951,163.8923966100251,0.2862299473683253
BRKGA-R-LS,"{'elite_percentage': 0.1, 'mutant_percentage': 0.2, 'elite_inheritance_prob': 0.65, 'restarts_patience': 100, 'ls_range': 3, 'ls_periodic_run_period': 50}",21,4,50,315.89798580919717,5.993649482727051,100015,315.4125509015329,0.15390475308505727
BRKGA-R-LS,"{'elite_percentage': 0.1, 'mutant_percentage': 0.2, 'elite_inheritance_prob': 0.65, 'restarts_patience': 100, 'ls_range': 3, 'ls_periodic_run_period': 50}",21,5,50,358.66715676390453,6.148708820343018,100025,356.5665364764205,0.5891243492006606
BRKGA-R-LS,"{'elite_percentage': 0.1, 'mutant_percentage': 0.2, 'elite_inheritance_prob': 0.65, 'restarts_patience': 100, 'ls_range': 3, 'ls_periodic_run_period': 50}",21,6,50,384.3787682302808,6.222760915756226,100079,381.53301582072294,0.74587317258411
BRKGA-R-LS,"{'elite_percentage': 0.1, 'mutant_percentage': 0.2, 'elite_inheritance_prob': 0.65, 'restarts_patience': 100, 'ls_range': 3, 'ls_periodic_run_period': 50}",21,7,100,759.5912968631967,13.977560043334961,116383,757.3148940610056,0.3005886745451673
BRKGA-R-LS,"{'elite_percentage': 0.1, 'mutant_percentage': 0.2, 'elite_inheritance_prob': 0.65, 'restarts_patience': 100, 'ls_range': 3, 'ls_periodic_run_period': 50}",21,8,100,707.6309000391061,11.846134185791016,100240,706.1873763225933,0.20441086387437551
BRKGA-R-LS,"{'elite_percentage': 0.1, 'mutant_percentage': 0.2, 'elite_inheritance_prob': 0.65, 'restarts_patience': 100, 'ls_range': 3, 'ls_periodic_run_period': 50}",21,9,100,731.5946361683148,12.168832063674927,105770,729.5370949892298,0.28203379831088016
BRKGA-R-LS,"{'elite_percentage': 0.1, 'mutant_percentage': 0.2, 'elite_inheritance_prob': 0.65, 'restarts_patience': 100, 'ls_range': 3, 'ls_periodic_run_period': 100}",22,1,20,124.00942255737763,2.4667623043060303,100086,123.5279249454444,0.38978847264364486
BRKGA-R-LS,"{'elite_percentage': 0.1, 'mutant_percentage': 0.2, 'elite_inheritance_prob': 0.65, 'restarts_patience': 100, 'ls_range': 3, 'ls_periodic_run_period': 100}",22,2,20,118.57523328207125,2.3899383544921875,100096,118.19212126813449,0.32414344528737804
BRKGA-R-LS,"{'elite_percentage': 0.1, 'mutant_percentage': 0.2, 'elite_inheritance_prob': 0.65, 'restarts_patience': 100, 'ls_range': 3, 'ls_periodic_run_period': 100}",22,3,20,164.7551813153273,2.320756196975708,100132,163.8923966100251,0.5264336376477323
BRKGA-R-LS,"{'elite_percentage': 0.1, 'mutant_percentage': 0.2, 'elite_inheritance_prob': 0.65, 'restarts_patience': 100, 'ls_range': 3, 'ls_periodic_run_period': 100}",22,4,50,316.51411509236095,6.030313491821289,100049,315.4125509015329,0.3492455159693259
BRKGA-R-LS,"{'elite_percentage': 0.1, 'mutant_percentage': 0.2, 'elite_inheritance_prob': 0.65, 'restarts_patience': 100, 'ls_range': 3, 'ls_periodic_run_period': 100}",22,5,50,358.56908213107636,6.193097352981567,100146,356.5665364764205,0.561619066793247
BRKGA-R-LS,"{'elite_percentage': 0.1, 'mutant_percentage': 0.2, 'elite_inheritance_prob': 0.65, 'restarts_patience': 100, 'ls_range': 3, 'ls_periodic_run_period': 100}",22,6,50,383.1365333833581,6.221915006637573,100147,381.53301582072294,0.42028277924671614
BRKGA-R-LS,"{'elite_percentage': 0.1, 'mutant_percentage': 0.2, 'elite_inheritance_prob': 0.65, 'restarts_patience': 100, 'ls_range': 3, 'ls_periodic_run_period': 100}",22,7,100,759.0532640580658,16.59450626373291,136804,757.3148940610056,0.22954388071498422
BRKGA-R-LS,"{'elite_percentage': 0.1, 'mutant_percentage': 0.2, 'elite_inheritance_prob': 0.65, 'restarts_patience': 100, 'ls_range': 3, 'ls_periodic_run_period': 100}",22,8,100,708.1844761168464,12.717512607574463,106073,706.1873763225933,0.2828002682025905
BRKGA-R-LS,"{'elite_percentage': 0.1, 'mutant_percentage': 0.2, 'elite_inheritance_prob': 0.65, 'restarts_patience': 100, 'ls_range': 3, 'ls_periodic_run_period': 100}",22,9,100,731.9875244057463,12.789177894592285,109997,729.5370949892298,0.33588825480528517
BRKGA-R-LS,"{'elite_percentage': 0.1, 'mutant_percentage': 0.2, 'elite_inheritance_prob': 0.65, 'restarts_patience': 100, 'ls_range': 7, 'ls_periodic_run_period': 50}",23,1,20,123.8722275443256,2.458425760269165,100102,123.5279249454444,0.2787245062468745
BRKGA-R-LS,"{'elite_percentage': 0.1, 'mutant_percentage': 0.2, 'elite_inheritance_prob': 0.65, 'restarts_patience': 100, 'ls_range': 7, 'ls_periodic_run_period': 50}",23,2,20,119.0182486338806,2.408909797668457,100098,118.19212126813449,0.6989699117692778
BRKGA-R-LS,"{'elite_percentage': 0.1, 'mutant_percentage': 0.2, 'elite_inheritance_prob': 0.65, 'restarts_patience': 100, 'ls_range': 7, 'ls_periodic_run_period': 50}",23,3,20,164.6340079694863,2.329883337020874,100049,163.8923966100251,0.45249894125707946
BRKGA-R-LS,"{'elite_percentage': 0.1, 'mutant_percentage': 0.2, 'elite_inheritance_prob': 0.65, 'restarts_patience': 100, 'ls_range': 7, 'ls_periodic_run_period': 50}",23,4,50,317.14593995261083,5.890647888183594,100108,315.4125509015329,0.5495624844742111
BRKGA-R-LS,"{'elite_percentage': 0.1, 'mutant_percentage': 0.2, 'elite_inheritance_prob': 0.65, 'restarts_patience': 100, 'ls_range': 7, 'ls_periodic_run_period': 50}",23,5,50,357.3991625283981,6.0781636238098145,100026,356.5665364764205,0.23351211255145027
BRKGA-R-LS,"{'elite_percentage': 0.1, 'mutant_percentage': 0.2, 'elite_inheritance_prob': 0.65, 'restarts_patience': 100, 'ls_range': 7, 'ls_periodic_run_period': 50}",23,6,50,381.89991629625297,6.182580947875977,100146,381.53301582072294,0.09616480365160118
BRKGA-R-LS,"{'elite_percentage': 0.1, 'mutant_percentage': 0.2, 'elite_inheritance_prob': 0.65, 'restarts_patience': 100, 'ls_range': 7, 'ls_periodic_run_period': 50}",23,7,100,759.006520299387,16.01545476913452,139820,757.3148940610056,0.2233715792000753
BRKGA-R-LS,"{'elite_percentage': 0.1, 'mutant_percentage': 0.2, 'elite_inheritance_prob': 0.65, 'restarts_patience': 100, 'ls_range': 7, 'ls_periodic_run_period': 50}",23,8,100,709.1368926709508,12.772589445114136,112957,706.1873763225933,0.4176676682776261
BRKGA-R-LS,"{'elite_percentage': 0.1, 'mutant_percentage': 0.2, 'elite_inheritance_prob': 0.65, 'restarts_patience': 100, 'ls_range': 7, 'ls_periodic_run_period': 50}",23,9,100,730.9762968412167,14.729908227920532,132944,729.5370949892298,0.19727603460769458
BRKGA-R-LS,"{'elite_percentage': 0.1, 'mutant_percentage': 0.2, 'elite_inheritance_prob': 0.65, 'restarts_patience': 100, 'ls_range': 7, 'ls_periodic_run_period': 100}",24,1,20,123.89975313058889,2.4656922817230225,100108,123.5279249454444,0.3010073918983992
BRKGA-R-LS,"{'elite_percentage': 0.1, 'mutant_percentage': 0.2, 'elite_inheritance_prob': 0.65, 'restarts_patience': 100, 'ls_range': 7, 'ls_periodic_run_period': 100}",24,2,20,118.99543464828331,2.3850066661834717,100105,118.19212126813449,0.6796674528976421
BRKGA-R-LS,"{'elite_percentage': 0.1, 'mutant_percentage': 0.2, 'elite_inheritance_prob': 0.65, 'restarts_patience': 100, 'ls_range': 7, 'ls_periodic_run_period': 100}",24,3,20,164.93243066913902,2.3057174682617188,100039,163.8923966100251,0.6345834710005809
BRKGA-R-LS,"{'elite_percentage': 0.1, 'mutant_percentage': 0.2, 'elite_inheritance_prob': 0.65, 'restarts_patience': 100, 'ls_range': 7, 'ls_periodic_run_period': 100}",24,4,50,317.2581259242963,5.96839451789856,100061,315.4125509015329,0.5851304957549263
BRKGA-R-LS,"{'elite_percentage': 0.1, 'mutant_percentage': 0.2, 'elite_inheritance_prob': 0.65, 'restarts_patience': 100, 'ls_range': 7, 'ls_periodic_run_period': 100}",24,5,50,358.46258459589063,6.072067737579346,100004,356.5665364764205,0.5317515598089604
BRKGA-R-LS,"{'elite_percentage': 0.1, 'mutant_percentage': 0.2, 'elite_inheritance_prob': 0.65, 'restarts_patience': 100, 'ls_range': 7, 'ls_periodic_run_period': 100}",24,6,50,382.0477988104299,6.216294527053833,100256,381.53301582072294,0.13492488680163822
BRKGA-R-LS,"{'elite_percentage': 0.1, 'mutant_percentage': 0.2, 'elite_inheritance_prob': 0.65, 'restarts_patience': 100, 'ls_range': 7, 'ls_periodic_run_period': 100}",24,7,100,760.2064882993252,12.33064579963684,109008,757.3148940610056,0.3818219159554361
BRKGA-R-LS,"{'elite_percentage': 0.1, 'mutant_percentage': 0.2, 'elite_inheritance_prob': 0.65, 'restarts_patience': 100, 'ls_range': 7, 'ls_periodic_run_period': 100}",24,8,100,708.9574696449313,13.493322372436523,119040,706.1873763225933,0.3922603851633515
BRKGA-R-LS,"{'elite_percentage': 0.1, 'mutant_percentage': 0.2, 'elite_inheritance_prob': 0.65, 'restarts_patience': 100, 'ls_range': 7, 'ls_periodic_run_period': 100}",24,9,100,731.1859528040117,15.668836116790771,140550,729.5370949892298,0.2260142528881577
BRKGA-R-LS,"{'elite_percentage': 0.1, 'mutant_percentage': 0.2, 'elite_inheritance_prob': 0.85, 'restarts_patience': 50, 'ls_range': 3, 'ls_periodic_run_period': 50}",25,1,20,124.12247765479066,2.551114797592163,104809,123.5279249454444,0.48131036735931726
BRKGA-R-LS,"{'elite_percentage': 0.1, 'mutant_percentage': 0.2, 'elite_inheritance_prob': 0.85, 'restarts_patience': 50, 'ls_range': 3, 'ls_periodic_run_period': 50}",25,2,20,119.01265438277949,2.446770668029785,100141,118.19212126813449,0.6942367273225548
BRKGA-R-LS,"{'elite_percentage': 0.1, 'mutant_percentage': 0.2, 'elite_inheritance_prob': 0.85, 'restarts_patience': 50, 'ls_range': 3, 'ls_periodic_run_period': 50}",25,3,20,165.5951638475943,2.30110239982605,100111,163.8923966100251,1.0389543827471635
BRKGA-R-LS,"{'elite_percentage': 0.1, 'mutant_percentage': 0.2, 'elite_inheritance_prob': 0.85, 'restarts_patience': 50, 'ls_range': 3, 'ls_periodic_run_period': 50}",25,4,50,317.895333522271,5.915813207626343,100115,315.4125509015329,0.7871540348162058
BRKGA-R-LS,"{'elite_percentage': 0.1, 'mutant_percentage': 0.2, 'elite_inheritance_prob': 0.85, 'restarts_patience': 50, 'ls_range': 3, 'ls_periodic_run_period': 50}",25,5,50,357.929286245953,6.150113582611084,100015,356.5665364764205,0.382186669281746
BRKGA-R-LS,"{'elite_percentage': 0.1, 'mutant_percentage': 0.2, 'elite_inheritance_prob': 0.85, 'restarts_patience': 50, 'ls_range': 3, 'ls_periodic_run_period': 50}",25,6,50,383.2395902309001,6.279493808746338,100144,381.53301582072294,0.4472940320790088
BRKGA-R-LS,"{'elite_percentage': 0.1, 'mutant_percentage': 0.2, 'elite_inheritance_prob': 0.85, 'restarts_patience': 50, 'ls_range': 3, 'ls_periodic_run_period': 50}",25,7,100,759.0100988398833,15.102621078491211,125823,757.3148940610056,0.22384410925650777
BRKGA-R-LS,"{'elite_percentage': 0.1, 'mutant_percentage': 0.2, 'elite_inheritance_prob': 0.85, 'restarts_patience': 50, 'ls_range': 3, 'ls_periodic_run_period': 50}",25,8,100,709.3569586425493,11.897845029830933,100072,706.1873763225933,0.4488302150714352
BRKGA-R-LS,"{'elite_percentage': 0.1, 'mutant_percentage': 0.2, 'elite_inheritance_prob': 0.85, 'restarts_patience': 50, 'ls_range': 3, 'ls_periodic_run_period': 50}",25,9,100,731.1632215701798,11.351313591003418,100138,729.5370949892298,0.22289840943235084
BRKGA-R-LS,"{'elite_percentage': 0.1, 'mutant_percentage': 0.2, 'elite_inheritance_prob': 0.85, 'restarts_patience': 50, 'ls_range': 3, 'ls_periodic_run_period': 100}",26,1,20,123.80670269565363,2.4587535858154297,100033,123.5279249454444,0.22567994267883212
BRKGA-R-LS,"{'elite_percentage': 0.1, 'mutant_percentage': 0.2, 'elite_inheritance_prob': 0.85, 'restarts_patience': 50, 'ls_range': 3, 'ls_periodic_run_period': 100}",26,2,20,119.31916328627169,2.3895843029022217,100118,118.19212126813449,0.9535678064194814
BRKGA-R-LS,"{'elite_percentage': 0.1, 'mutant_percentage': 0.2, 'elite_inheritance_prob': 0.85, 'restarts_patience': 50, 'ls_range': 3, 'ls_periodic_run_period': 100}",26,3,20,164.40860961979334,2.379319667816162,104459,163.8923966100251,0.31497068835753095
BRKGA-R-LS,"{'elite_percentage': 0.1, 'mutant_percentage': 0.2, 'elite_inheritance_prob': 0.85, 'restarts_patience': 50, 'ls_range': 3, 'ls_periodic_run_period': 100}",26,4,50,316.0888199465142,5.980390548706055,100133,315.4125509015329,0.21440777897023064
BRKGA-R-LS,"{'elite_percentage': 0.1, 'mutant_percentage': 0.2, 'elite_inheritance_prob': 0.85, 'restarts_patience': 50, 'ls_range': 3, 'ls_periodic_run_period': 100}",26,5,50,357.69122778437423,6.119459390640259,100113,356.5665364764205,0.31542256294376875
BRKGA-R-LS,"{'elite_percentage': 0.1, 'mutant_percentage': 0.2, 'elite_inheritance_prob': 0.85, 'restarts_patience': 50, 'ls_range': 3, 'ls_periodic_run_period': 100}",26,6,50,382.90384309163124,6.20843768119812,100108,381.53301582072294,0.3592945339106486
BRKGA-R-LS,"{'elite_percentage': 0.1, 'mutant_percentage': 0.2, 'elite_inheritance_prob': 0.85, 'restarts_patience': 50, 'ls_range': 3, 'ls_periodic_run_period': 100}",26,7,100,759.2217513765619,15.096483707427979,125306,757.3148940610056,0.2517918676247093
BRKGA-R-LS,"{'elite_percentage': 0.1, 'mutant_percentage': 0.2, 'elite_inheritance_prob': 0.85, 'restarts_patience': 50, 'ls_range': 3, 'ls_periodic_run_period': 100}",26,8,100,708.7861369062185,12.719531297683716,106553,706.1873763225933,0.3679987310390666
BRKGA-R-LS,"{'elite_percentage': 0.1, 'mutant_percentage': 0.2, 'elite_inheritance_prob': 0.85, 'restarts_patience': 50, 'ls_range': 3, 'ls_periodic_run_period': 100}",26,9,100,730.1682945830859,11.399077892303467,100028,729.5370949892298,0.08652056190033759
BRKGA-R-LS,"{'elite_percentage': 0.1, 'mutant_percentage': 0.2, 'elite_inheritance_prob': 0.85, 'restarts_patience': 50, 'ls_range': 7, 'ls_periodic_run_period': 50}",27,1,20,124.03504217275922,2.4504964351654053,100028,123.5279249454444,0.41052841091501246
BRKGA-R-LS,"{'elite_percentage': 0.1, 'mutant_percentage': 0.2, 'elite_inheritance_prob': 0.85, 'restarts_patience': 50, 'ls_range': 7, 'ls_periodic_run_period': 50}",27,2,20,118.95135951265299,2.4059576988220215,100020,118.19212126813449,0.6423763584004614
BRKGA-R-LS,"{'elite_percentage': 0.1, 'mutant_percentage': 0.2, 'elite_inheritance_prob': 0.85, 'restarts_patience': 50, 'ls_range': 7, 'ls_periodic_run_period': 50}",27,3,20,164.97614663241467,2.2759833335876465,100093,163.8923966100251,0.6612570471882944
BRKGA-R-LS,"{'elite_percentage': 0.1, 'mutant_percentage': 0.2, 'elite_inheritance_prob': 0.85, 'restarts_patience': 50, 'ls_range': 7, 'ls_periodic_run_period': 50}",27,4,50,316.0959323289336,5.838036060333252,100258,315.4125509015329,0.21666272488124919
BRKGA-R-LS,"{'elite_percentage': 0.1, 'mutant_percentage': 0.2, 'elite_inheritance_prob': 0.85, 'restarts_patience': 50, 'ls_range': 7, 'ls_periodic_run_period': 50}",27,5,50,357.96536389556377,6.044090270996094,100025,356.5665364764205,0.3923047386797587
BRKGA-R-LS,"{'elite_percentage': 0.1, 'mutant_percentage': 0.2, 'elite_inheritance_prob': 0.85, 'restarts_patience': 50, 'ls_range': 7, 'ls_periodic_run_period': 50}",27,6,50,382.4683157970395,6.132360935211182,100057,381.53301582072294,0.2451426056286714
BRKGA-R-LS,"{'elite_percentage': 0.1, 'mutant_percentage': 0.2, 'elite_inheritance_prob': 0.85, 'restarts_patience': 50, 'ls_range': 7, 'ls_periodic_run_period': 50}",27,7,100,758.8592949742155,16.923842668533325,146990,757.3148940610056,0.20393114216045782
BRKGA-R-LS,"{'elite_percentage': 0.1, 'mutant_percentage': 0.2, 'elite_inheritance_prob': 0.85, 'restarts_patience': 50, 'ls_range': 7, 'ls_periodic_run_period': 50}",27,8,100,708.4672893984387,13.264889478683472,117074,706.1873763225933,0.32284817773404323
BRKGA-R-LS,"{'elite_percentage': 0.1, 'mutant_percentage': 0.2, 'elite_inheritance_prob': 0.85, 'restarts_patience': 50, 'ls_range': 7, 'ls_periodic_run_period': 50}",27,9,100,731.3285278405843,13.034536838531494,119679,729.5370949892298,0.24555747249302026
BRKGA-R-LS,"{'elite_percentage': 0.1, 'mutant_percentage': 0.2, 'elite_inheritance_prob': 0.85, 'restarts_patience': 50, 'ls_range': 7, 'ls_periodic_run_period': 100}",28,1,20,123.82281362455221,2.4787802696228027,100006,123.5279249454444,0.23872228019538919
BRKGA-R-LS,"{'elite_percentage': 0.1, 'mutant_percentage': 0.2, 'elite_inheritance_prob': 0.85, 'restarts_patience': 50, 'ls_range': 7, 'ls_periodic_run_period': 100}",28,2,20,119.14418018204893,2.4034900665283203,100104,118.19212126813449,0.8055180867382609
BRKGA-R-LS,"{'elite_percentage': 0.1, 'mutant_percentage': 0.2, 'elite_inheritance_prob': 0.85, 'restarts_patience': 50, 'ls_range': 7, 'ls_periodic_run_period': 100}",28,3,20,164.97614663241467,2.2992842197418213,100115,163.8923966100251,0.6612570471882944
BRKGA-R-LS,"{'elite_percentage': 0.1, 'mutant_percentage': 0.2, 'elite_inheritance_prob': 0.85, 'restarts_patience': 50, 'ls_range': 7, 'ls_periodic_run_period': 100}",28,4,50,317.0794541502582,6.320991039276123,106785,315.4125509015329,0.5284834874074771
BRKGA-R-LS,"{'elite_percentage': 0.1, 'mutant_percentage': 0.2, 'elite_inheritance_prob': 0.85, 'restarts_patience': 50, 'ls_range': 7, 'ls_periodic_run_period': 100}",28,5,50,357.5138493362866,6.263967990875244,103206,356.5665364764205,0.2656763220765081
BRKGA-R-LS,"{'elite_percentage': 0.1, 'mutant_percentage': 0.2, 'elite_inheritance_prob': 0.85, 'restarts_patience': 50, 'ls_range': 7, 'ls_periodic_run_period': 100}",28,6,50,383.3790770933874,6.163506031036377,100058,381.53301582072294,0.48385361059602877
BRKGA-R-LS,"{'elite_percentage': 0.1, 'mutant_percentage': 0.2, 'elite_inheritance_prob': 0.85, 'restarts_patience': 50, 'ls_range': 7, 'ls_periodic_run_period': 100}",28,7,100,758.995593933558,15.055387496948242,131079,757.3148940610056,0.22192880210500737
BRKGA-R-LS,"{'elite_percentage': 0.1, 'mutant_percentage': 0.2, 'elite_inheritance_prob': 0.85, 'restarts_patience': 50, 'ls_range': 7, 'ls_periodic_run_period': 100}",28,8,100,707.0067673578875,16.116390466690063,141552,706.1873763225933,0.11603025808264839
BRKGA-R-LS,"{'elite_percentage': 0.1, 'mutant_percentage': 0.2, 'elite_inheritance_prob': 0.85, 'restarts_patience': 50, 'ls_range': 7, 'ls_periodic_run_period': 100}",28,9,100,731.483142911651,15.122746706008911,138406,729.5370949892298,0.2667510584160203
BRKGA-R-LS,"{'elite_percentage': 0.1, 'mutant_percentage': 0.2, 'elite_inheritance_prob': 0.85, 'restarts_patience': 100, 'ls_range': 3, 'ls_periodic_run_period': 50}",29,1,20,123.74855219922249,3.043478012084961,125396,123.5279249454444,0.17860516468282744
BRKGA-R-LS,"{'elite_percentage': 0.1, 'mutant_percentage': 0.2, 'elite_inheritance_prob': 0.85, 'restarts_patience': 100, 'ls_range': 3, 'ls_periodic_run_period': 50}",29,2,20,118.55639879852384,2.361877918243408,100036,118.19212126813449,0.3082079638480697
BRKGA-R-LS,"{'elite_percentage': 0.1, 'mutant_percentage': 0.2, 'elite_inheritance_prob': 0.85, 'restarts_patience': 100, 'ls_range': 3, 'ls_periodic_run_period': 50}",29,3,20,164.8726773287303,2.3116753101348877,100053,163.8923966100251,0.5981245859975753
BRKGA-R-LS,"{'elite_percentage': 0.1, 'mutant_percentage': 0.2, 'elite_inheritance_prob': 0.85, 'restarts_patience': 100, 'ls_range': 3, 'ls_periodic_run_period': 50}",29,4,50,317.0874610497526,6.937183380126953,115351,315.4125509015329,0.5310220355633913
BRKGA-R-LS,"{'elite_percentage': 0.1, 'mutant_percentage': 0.2, 'elite_inheritance_prob': 0.85, 'restarts_patience': 100, 'ls_range': 3, 'ls_periodic_run_period': 50}",29,5,50,358.33803774574756,6.150735378265381,100051,356.5665364764205,0.49682207613563406
BRKGA-R-LS,"{'elite_percentage': 0.1, 'mutant_percentage': 0.2, 'elite_inheritance_prob': 0.85, 'restarts_patience': 100, 'ls_range': 3, 'ls_periodic_run_period': 50}",29,6,50,383.25913504313115,6.780042409896851,109287,381.53301582072294,0.4524167374336209
BRKGA-R-LS,"{'elite_percentage': 0.1, 'mutant_percentage': 0.2, 'elite_inheritance_prob': 0.85, 'restarts_patience': 100, 'ls_range': 3, 'ls_periodic_run_period': 50}",29,7,100,760.8654174854552,12.006996870040894,100015,757.3148940610056,0.4688305290564597
BRKGA-R-LS,"{'elite_percentage': 0.1, 'mutant_percentage': 0.2, 'elite_inheritance_prob': 0.85, 'restarts_patience': 100, 'ls_range': 3, 'ls_periodic_run_period': 50}",29,8,100,707.762220243234,12.357969999313354,104024,706.1873763225933,0.22300652396840012
BRKGA-R-LS,"{'elite_percentage': 0.1, 'mutant_percentage': 0.2, 'elite_inheritance_prob': 0.85, 'restarts_patience': 100, 'ls_range': 3, 'ls_periodic_run_period': 50}",29,9,100,729.5370949892298,14.163774013519287,124374,729.5370949892298,0.0
BRKGA-R-LS,"{'elite_percentage': 0.1, 'mutant_percentage': 0.2, 'elite_inheritance_prob': 0.85, 'restarts_patience': 100, 'ls_range': 3, 'ls_periodic_run_period': 100}",30,1,20,123.80670269565363,2.470710277557373,100047,123.5279249454444,0.22567994267883212
BRKGA-R-LS,"{'elite_percentage': 0.1, 'mutant_percentage': 0.2, 'elite_inheritance_prob': 0.85, 'restarts_patience': 100, 'ls_range': 3, 'ls_periodic_run_period': 100}",30,2,20,119.52382285714549,2.395707130432129,100080,118.19212126813449,1.1267261935250852
BRKGA-R-LS,"{'elite_percentage': 0.1, 'mutant_percentage': 0.2, 'elite_inheritance_prob': 0.85, 'restarts_patience': 100, 'ls_range': 3, 'ls_periodic_run_period': 100}",30,3,20,164.93884442817557,2.7462620735168457,120112,163.8923966100251,0.6384968673320829
BRKGA-R-LS,"{'elite_percentage': 0.1, 'mutant_percentage': 0.2, 'elite_inheritance_prob': 0.85, 'restarts_patience': 100, 'ls_range': 3, 'ls_periodic_run_period': 100}",30,4,50,316.16381053823795,6.017266750335693,100098,315.4125509015329,0.2381831777327098
BRKGA-R-LS,"{'elite_percentage': 0.1, 'mutant_percentage': 0.2, 'elite_inheritance_prob': 0.85, 'restarts_patience': 100, 'ls_range': 3, 'ls_periodic_run_period': 100}",30,5,50,358.8898073480907,6.416375160217285,104864,356.5665364764205,0.65156727679179
BRKGA-R-LS,"{'elite_percentage': 0.1, 'mutant_percentage': 0.2, 'elite_inheritance_prob': 0.85, 'restarts_patience': 100, 'ls_range': 3, 'ls_periodic_run_period': 100}",30,6,50,383.8274985292707,6.509575605392456,103528,381.53301582072294,0.6013850999531639
BRKGA-R-LS,"{'elite_percentage': 0.1, 'mutant_percentage': 0.2, 'elite_inheritance_prob': 0.85, 'restarts_patience': 100, 'ls_range': 3, 'ls_periodic_run_period': 100}",30,7,100,761.5191664031203,12.091415166854858,100065,757.3148940610056,0.5551551111810039
BRKGA-R-LS,"{'elite_percentage': 0.1, 'mutant_percentage': 0.2, 'elite_inheritance_prob': 0.85, 'restarts_patience': 100, 'ls_range': 3, 'ls_periodic_run_period': 100}",30,8,100,708.0900850942702,12.899041175842285,107699,706.1873763225933,0.2694339824629927
BRKGA-R-LS,"{'elite_percentage': 0.1, 'mutant_percentage': 0.2, 'elite_inheritance_prob': 0.85, 'restarts_patience': 100, 'ls_range': 3, 'ls_periodic_run_period': 100}",30,9,100,730.0845013665755,17.706635236740112,151621,729.5370949892298,0.07503475575204559
BRKGA-R-LS,"{'elite_percentage': 0.1, 'mutant_percentage': 0.2, 'elite_inheritance_prob': 0.85, 'restarts_patience': 100, 'ls_range': 7, 'ls_periodic_run_period': 50}",31,1,20,124.03504217275922,2.4812228679656982,100028,123.5279249454444,0.41052841091501246
BRKGA-R-LS,"{'elite_percentage': 0.1, 'mutant_percentage': 0.2, 'elite_inheritance_prob': 0.85, 'restarts_patience': 100, 'ls_range': 7, 'ls_periodic_run_period': 50}",31,2,20,119.40571294388411,2.347801685333252,100060,118.19212126813449,1.026795748082423
BRKGA-R-LS,"{'elite_percentage': 0.1, 'mutant_percentage': 0.2, 'elite_inheritance_prob': 0.85, 'restarts_patience': 100, 'ls_range': 7, 'ls_periodic_run_period': 50}",31,3,20,163.90371072156663,2.3072783946990967,100061,163.8923966100251,0.00690337793305862
BRKGA-R-LS,"{'elite_percentage': 0.1, 'mutant_percentage': 0.2, 'elite_inheritance_prob': 0.85, 'restarts_patience': 100, 'ls_range': 7, 'ls_periodic_run_period': 50}",31,4,50,316.6261527959243,5.908810615539551,100135,315.4125509015329,0.38476651957021
BRKGA-R-LS,"{'elite_percentage': 0.1, 'mutant_percentage': 0.2, 'elite_inheritance_prob': 0.85, 'restarts_patience': 100, 'ls_range': 7, 'ls_periodic_run_period': 50}",31,5,50,358.13645490133564,7.359502077102661,120142,356.5665364764205,0.440287650217837
BRKGA-R-LS,"{'elite_percentage': 0.1, 'mutant_percentage': 0.2, 'elite_inheritance_prob': 0.85, 'restarts_patience': 100, 'ls_range': 7, 'ls_periodic_run_period': 50}",31,6,50,382.81049118014573,6.246150016784668,100718,381.53301582072294,0.33482694981843
BRKGA-R-LS,"{'elite_percentage': 0.1, 'mutant_percentage': 0.2, 'elite_inheritance_prob': 0.85, 'restarts_patience': 100, 'ls_range': 7, 'ls_periodic_run_period': 50}",31,7,100,759.6968207229721,12.562983512878418,111942,757.3148940610056,0.31452262204876896
BRKGA-R-LS,"{'elite_percentage': 0.1, 'mutant_percentage': 0.2, 'elite_inheritance_prob': 0.85, 'restarts_patience': 100, 'ls_range': 7, 'ls_periodic_run_period': 50}",31,8,100,709.1768817379715,13.830896377563477,122179,706.1873763225933,0.4233303391722681
BRKGA-R-LS,"{'elite_percentage': 0.1, 'mutant_percentage': 0.2, 'elite_inheritance_prob': 0.85, 'restarts_patience': 100, 'ls_range': 7, 'ls_periodic_run_period': 50}",31,9,100,730.4285891270597,16.151768445968628,146528,729.5370949892298,0.12219997364809397
BRKGA-R-LS,"{'elite_percentage': 0.1, 'mutant_percentage': 0.2, 'elite_inheritance_prob': 0.85, 'restarts_patience': 100, 'ls_range': 7, 'ls_periodic_run_period': 100}",32,1,20,124.03504217275922,2.439213991165161,100034,123.5279249454444,0.41052841091501246
BRKGA-R-LS,"{'elite_percentage': 0.1, 'mutant_percentage': 0.2, 'elite_inheritance_prob': 0.85, 'restarts_patience': 100, 'ls_range': 7, 'ls_periodic_run_period': 100}",32,2,20,119.38623394577306,2.3565709590911865,100040,118.19212126813449,1.0103149557063695
BRKGA-R-LS,"{'elite_percentage': 0.1, 'mutant_percentage': 0.2, 'elite_inheritance_prob': 0.85, 'restarts_patience': 100, 'ls_range': 7, 'ls_periodic_run_period': 100}",32,3,20,164.97614663241467,2.2951037883758545,100115,163.8923966100251,0.6612570471882944
BRKGA-R-LS,"{'elite_percentage': 0.1, 'mutant_percentage': 0.2, 'elite_inheritance_prob': 0.85, 'restarts_patience': 100, 'ls_range': 7, 'ls_periodic_run_period': 100}",32,4,50,315.49830458974446,5.892058372497559,100064,315.4125509015329,0.0271877856370888
BRKGA-R-LS,"{'elite_percentage': 0.1, 'mutant_percentage': 0.2, 'elite_inheritance_prob': 0.85, 'restarts_patience': 100, 'ls_range': 7, 'ls_periodic_run_period': 100}",32,5,50,358.38466590724676,6.083174705505371,100070,356.5665364764205,0.5098990636622758
BRKGA-R-LS,"{'elite_percentage': 0.1, 'mutant_percentage': 0.2, 'elite_inheritance_prob': 0.85, 'restarts_patience': 100, 'ls_range': 7, 'ls_periodic_run_period': 100}",32,6,50,382.57667299670356,6.229242324829102,101718,381.53301582072294,0.273543083482722
BRKGA-R-LS,"{'elite_percentage': 0.1, 'mutant_percentage': 0.2, 'elite_inheritance_prob': 0.85, 'restarts_patience': 100, 'ls_range': 7, 'ls_periodic_run_period': 100}",32,7,100,757.9893960339857,18.00651979446411,156751,757.3148940610056,0.08906492903674355
BRKGA-R-LS,"{'elite_percentage': 0.1, 'mutant_percentage': 0.2, 'elite_inheritance_prob': 0.85, 'restarts_patience': 100, 'ls_range': 7, 'ls_periodic_run_period': 100}",32,8,100,708.2423450249325,15.198544979095459,133931,706.1873763225933,0.2909948225130136
BRKGA-R-LS,"{'elite_percentage': 0.1, 'mutant_percentage': 0.2, 'elite_inheritance_prob': 0.85, 'restarts_patience': 100, 'ls_range': 7, 'ls_periodic_run_period': 100}",32,9,100,731.2037650107633,12.46239948272705,115400,729.5370949892298,0.22845582945416865
BRKGA-R-LS,"{'elite_percentage': 0.2, 'mutant_percentage': 0.1, 'elite_inheritance_prob': 0.65, 'restarts_patience': 50, 'ls_range': 3, 'ls_periodic_run_period': 50}",33,1,20,123.68108391109318,2.4576797485351562,100018,123.5279249454444,0.12398732166546739
BRKGA-R-LS,"{'elite_percentage': 0.2, 'mutant_percentage': 0.1, 'elite_inheritance_prob': 0.65, 'restarts_patience': 50, 'ls_range': 3, 'ls_periodic_run_period': 50}",33,2,20,118.44181184593978,2.3673887252807617,100103,118.19212126813449,0.2112582252744581
BRKGA-R-LS,"{'elite_percentage': 0.2, 'mutant_percentage': 0.1, 'elite_inheritance_prob': 0.65, 'restarts_patience': 50, 'ls_range': 3, 'ls_periodic_run_period': 50}",33,3,20,164.2840653923503,2.3505001068115234,102416,163.8923966100251,0.2389792268747957
BRKGA-R-LS,"{'elite_percentage': 0.2, 'mutant_percentage': 0.1, 'elite_inheritance_prob': 0.65, 'restarts_patience': 50, 'ls_range': 3, 'ls_periodic_run_period': 50}",33,4,50,316.7354074034025,9.279307126998901,155587,315.4125509015329,0.41940515622747476
BRKGA-R-LS,"{'elite_percentage': 0.2, 'mutant_percentage': 0.1, 'elite_inheritance_prob': 0.65, 'restarts_patience': 50, 'ls_range': 3, 'ls_periodic_run_period': 50}",33,5,50,358.3730211601748,6.073947191238403,100148,356.5665364764205,0.5066332644689392
BRKGA-R-LS,"{'elite_percentage': 0.2, 'mutant_percentage': 0.1, 'elite_inheritance_prob': 0.65, 'restarts_patience': 50, 'ls_range': 3, 'ls_periodic_run_period': 50}",33,6,50,383.1625954861857,6.2209858894348145,100120,381.53301582072294,0.42711366982417936
BRKGA-R-LS,"{'elite_percentage': 0.2, 'mutant_percentage': 0.1, 'elite_inheritance_prob': 0.65, 'restarts_patience': 50, 'ls_range': 3, 'ls_periodic_run_period': 50}",33,7,100,759.0543613198629,14.140419244766235,118926,757.3148940610056,0.22968876916306624
BRKGA-R-LS,"{'elite_percentage': 0.2, 'mutant_percentage': 0.1, 'elite_inheritance_prob': 0.65, 'restarts_patience': 50, 'ls_range': 3, 'ls_periodic_run_period': 50}",33,8,100,708.728767922755,11.922322511672974,100000,706.1873763225933,0.359874968793088
BRKGA-R-LS,"{'elite_percentage': 0.2, 'mutant_percentage': 0.1, 'elite_inheritance_prob': 0.65, 'restarts_patience': 50, 'ls_range': 3, 'ls_periodic_run_period': 50}",33,9,100,731.6543344774799,12.844627380371094,112233,729.5370949892298,0.29021683788147384
BRKGA-R-LS,"{'elite_percentage': 0.2, 'mutant_percentage': 0.1, 'elite_inheritance_prob': 0.65, 'restarts_patience': 50, 'ls_range': 3, 'ls_periodic_run_period': 100}",34,1,20,123.69874311101398,2.4633841514587402,100126,123.5279249454444,0.13828303652394908
BRKGA-R-LS,"{'elite_percentage': 0.2, 'mutant_percentage': 0.1, 'elite_inheritance_prob': 0.65, 'restarts_patience': 50, 'ls_range': 3, 'ls_periodic_run_period': 100}",34,2,20,118.55639879852384,2.537362813949585,106754,118.19212126813449,0.3082079638480697
BRKGA-R-LS,"{'elite_percentage': 0.2, 'mutant_percentage': 0.1, 'elite_inheritance_prob': 0.65, 'restarts_patience': 50, 'ls_range': 3, 'ls_periodic_run_period': 100}",34,3,20,164.16637474423132,2.3012397289276123,100055,163.8923966100251,0.16716952090105236
BRKGA-R-LS,"{'elite_percentage': 0.2, 'mutant_percentage': 0.1, 'elite_inheritance_prob': 0.65, 'restarts_patience': 50, 'ls_range': 3, 'ls_periodic_run_period': 100}",34,4,50,316.922411406544,5.987435579299927,100072,315.4125509015329,0.47869385688537375
BRKGA-R-LS,"{'elite_percentage': 0.2, 'mutant_percentage': 0.1, 'elite_inheritance_prob': 0.65, 'restarts_patience': 50, 'ls_range': 3, 'ls_periodic_run_period': 100}",34,5,50,357.88705334386714,6.115443229675293,100070,356.5665364764205,0.3703423435345232
BRKGA-R-LS,"{'elite_percentage': 0.2, 'mutant_percentage': 0.1, 'elite_inheritance_prob': 0.65, 'restarts_patience': 50, 'ls_range': 3, 'ls_periodic_run_period': 100}",34,6,50,382.58299463303376,6.275256156921387,100040,381.53301582072294,0.27519998762156833
BRKGA-R-LS,"{'elite_percentage': 0.2, 'mutant_percentage': 0.1, 'elite_inheritance_prob': 0.65, 'restarts_patience': 50, 'ls_range': 3, 'ls_periodic_run_period': 100}",34,7,100,760.2667601780939,12.167414903640747,100089,757.3148940610056,0.38978054442575844
BRKGA-R-LS,"{'elite_percentage': 0.2, 'mutant_percentage': 0.1, 'elite_inheritance_prob': 0.65, 'restarts_patience': 50, 'ls_range': 3, 'ls_periodic_run_period': 100}",34,8,100,707.6279849341614,13.121506690979004,108669,706.1873763225933,0.2039980690493149
BRKGA-R-LS,"{'elite_percentage': 0.2, 'mutant_percentage': 0.1, 'elite_inheritance_prob': 0.65, 'restarts_patience': 50, 'ls_range': 3, 'ls_periodic_run_period': 100}",34,9,100,731.19620732747,11.385225296020508,100028,729.5370949892298,0.22741987345615564
BRKGA-R-LS,"{'elite_percentage': 0.2, 'mutant_percentage': 0.1, 'elite_inheritance_prob': 0.65, 'restarts_patience': 50, 'ls_range': 7, 'ls_periodic_run_period': 50}",35,1,20,123.53030424017835,2.4429101943969727,100063,123.5279249454444,0.0019261189200795064
BRKGA-R-LS,"{'elite_percentage': 0.2, 'mutant_percentage': 0.1, 'elite_inheritance_prob': 0.65, 'restarts_patience': 50, 'ls_range': 7, 'ls_periodic_run_period': 50}",35,2,20,118.90348927411638,2.6383867263793945,110139,118.19212126813449,0.6018743029140355
BRKGA-R-LS,"{'elite_percentage': 0.2, 'mutant_percentage': 0.1, 'elite_inheritance_prob': 0.65, 'restarts_patience': 50, 'ls_range': 7, 'ls_periodic_run_period': 50}",35,3,20,164.35609383038224,2.6264400482177734,113351,163.8923966100251,0.28292784164996687
BRKGA-R-LS,"{'elite_percentage': 0.2, 'mutant_percentage': 0.1, 'elite_inheritance_prob': 0.65, 'restarts_patience': 50, 'ls_range': 7, 'ls_periodic_run_period': 50}",35,4,50,317.1086302427995,5.887315511703491,100064,315.4125509015329,0.5377336242387246
BRKGA-R-LS,"{'elite_percentage': 0.2, 'mutant_percentage': 0.1, 'elite_inheritance_prob': 0.65, 'restarts_patience': 50, 'ls_range': 7, 'ls_periodic_run_period': 50}",35,5,50,357.43371544561097,7.165458679199219,117048,356.5665364764205,0.24320256683645256
BRKGA-R-LS,"{'elite_percentage': 0.2, 'mutant_percentage': 0.1, 'elite_inheritance_prob': 0.65, 'restarts_patience': 50, 'ls_range': 7, 'ls_periodic_run_period': 50}",35,6,50,382.28301962991833,6.097800254821777,100110,381.53301582072294,0.19657638476765732
BRKGA-R-LS,"{'elite_percentage': 0.2, 'mutant_percentage': 0.1, 'elite_inheritance_prob': 0.65, 'restarts_patience': 50, 'ls_range': 7, 'ls_periodic_run_period': 50}",35,7,100,760.1569684857748,15.80446720123291,138345,757.3148940610056,0.37528304897437237
BRKGA-R-LS,"{'elite_percentage': 0.2, 'mutant_percentage': 0.1, 'elite_inheritance_prob': 0.65, 'restarts_patience': 50, 'ls_range': 7, 'ls_periodic_run_period': 50}",35,8,100,707.4572159433811,13.933133125305176,122782,706.1873763225933,0.17981624471969396
BRKGA-R-LS,"{'elite_percentage': 0.2, 'mutant_percentage': 0.1, 'elite_inheritance_prob': 0.65, 'restarts_patience': 50, 'ls_range': 7, 'ls_periodic_run_period': 50}",35,9,100,731.2173340823099,13.356366395950317,122786,729.5370949892298,0.23031578580728776
BRKGA-R-LS,"{'elite_percentage': 0.2, 'mutant_percentage': 0.1, 'elite_inheritance_prob': 0.65, 'restarts_patience': 50, 'ls_range': 7, 'ls_periodic_run_period': 100}",36,1,20,123.8722275443256,2.434539318084717,100108,123.5279249454444,0.2787245062468745
BRKGA-R-LS,"{'elite_percentage': 0.2, 'mutant_percentage': 0.1, 'elite_inheritance_prob': 0.65, 'restarts_patience': 50, 'ls_range': 7, 'ls_periodic_run_period': 100}",36,2,20,118.97041881624989,2.3693408966064453,100077,118.19212126813449,0.6585020556063401
BRKGA-R-LS,"{'elite_percentage': 0.2, 'mutant_percentage': 0.1, 'elite_inheritance_prob': 0.65, 'restarts_patience': 50, 'ls_range': 7, 'ls_periodic_run_period': 100}",36,3,20,164.97614663241467,2.2864651679992676,100099,163.8923966100251,0.6612570471882944
BRKGA-R-LS,"{'elite_percentage': 0.2, 'mutant_percentage': 0.1, 'elite_inheritance_prob': 0.65, 'restarts_patience': 50, 'ls_range': 7, 'ls_periodic_run_period': 100}",36,4,50,315.99012895545906,5.837350606918335,100029,315.4125509015329,0.18311828501285157
BRKGA-R-LS,"{'elite_percentage': 0.2, 'mutant_percentage': 0.1, 'elite_inheritance_prob': 0.65, 'restarts_patience': 50, 'ls_range': 7, 'ls_periodic_run_period': 100}",36,5,50,357.42413607488646,6.072115421295166,100125,356.5665364764205,0.2405160077389073
BRKGA-R-LS,"{'elite_percentage': 0.2, 'mutant_percentage': 0.1, 'elite_inheritance_prob': 0.65, 'restarts_patience': 50, 'ls_range': 7, 'ls_periodic_run_period': 100}",36,6,50,382.7286378880818,6.166030645370483,100209,381.53301582072294,0.3133731598003164
BRKGA-R-LS,"{'elite_percentage': 0.2, 'mutant_percentage': 0.1, 'elite_inheritance_prob': 0.65, 'restarts_patience': 50, 'ls_range': 7, 'ls_periodic_run_period': 100}",36,7,100,759.9225568409377,14.536493301391602,127053,757.3148940610056,0.3443300535063833
BRKGA-R-LS,"{'elite_percentage': 0.2, 'mutant_percentage': 0.1, 'elite_inheritance_prob': 0.65, 'restarts_patience': 50, 'ls_range': 7, 'ls_periodic_run_period': 100}",36,8,100,708.5570895993505,14.551537275314331,128955,706.1873763225933,0.33556437798382993
BRKGA-R-LS,"{'elite_percentage': 0.2, 'mutant_percentage': 0.1, 'elite_inheritance_prob': 0.65, 'restarts_patience': 50, 'ls_range': 7, 'ls_periodic_run_period': 100}",36,9,100,731.0379633917028,11.358396291732788,104442,729.5370949892298,0.20572886735733872
BRKGA-R-LS,"{'elite_percentage': 0.2, 'mutant_percentage': 0.1, 'elite_inheritance_prob': 0.65, 'restarts_patience': 100, 'ls_range': 3, 'ls_periodic_run_period': 50}",37,1,20,123.85175120215256,2.4852359294891357,100013,123.5279249454444,0.2621482202110783
BRKGA-R-LS,"{'elite_percentage': 0.2, 'mutant_percentage': 0.1, 'elite_inheritance_prob': 0.65, 'restarts_patience': 100, 'ls_range': 3, 'ls_periodic_run_period': 50}",37,2,20,118.71397185500152,2.408417224884033,100006,118.19212126813449,0.44152738885457926
BRKGA-R-LS,"{'elite_percentage': 0.2, 'mutant_percentage': 0.1, 'elite_inheritance_prob': 0.65, 'restarts_patience': 100, 'ls_range': 3, 'ls_periodic_run_period': 50}",37,3,20,164.510876718813,2.3173110485076904,100199,163.8923966100251,0.37736961663911317
BRKGA-R-LS,"{'elite_percentage': 0.2, 'mutant_percentage': 0.1, 'elite_inheritance_prob': 0.65, 'restarts_patience': 100, 'ls_range': 3, 'ls_periodic_run_period': 50}",37,4,50,315.8546169077336,6.392540693283081,107390,315.4125509015329,0.1401548558981488
BRKGA-R-LS,"{'elite_percentage': 0.2, 'mutant_percentage': 0.1, 'elite_inheritance_prob': 0.65, 'restarts_patience': 100, 'ls_range': 3, 'ls_periodic_run_period': 50}",37,5,50,358.26805792487784,6.08314323425293,100019,356.5665364764205,0.47719605582501895
BRKGA-R-LS,"{'elite_percentage': 0.2, 'mutant_percentage': 0.1, 'elite_inheritance_prob': 0.65, 'restarts_patience': 100, 'ls_range': 3, 'ls_periodic_run_period': 50}",37,6,50,382.83056459323006,6.1587018966674805,100122,381.53301582072294,0.34008820172900256
BRKGA-R-LS,"{'elite_percentage': 0.2, 'mutant_percentage': 0.1, 'elite_inheritance_prob': 0.65, 'restarts_patience': 100, 'ls_range': 3, 'ls_periodic_run_period': 50}",37,7,100,758.968755292945,15.9548659324646,133042,757.3148940610056,0.21838488123095487
BRKGA-R-LS,"{'elite_percentage': 0.2, 'mutant_percentage': 0.1, 'elite_inheritance_prob': 0.65, 'restarts_patience': 100, 'ls_range': 3, 'ls_periodic_run_period': 50}",37,8,100,708.3990112472737,11.888558864593506,100697,706.1873763225933,0.3131796175962976
BRKGA-R-LS,"{'elite_percentage': 0.2, 'mutant_percentage': 0.1, 'elite_inheritance_prob': 0.65, 'restarts_patience': 100, 'ls_range': 3, 'ls_periodic_run_period': 50}",37,9,100,731.3491867922246,13.566734313964844,118993,729.5370949892298,0.24838926155243227
BRKGA-R-LS,"{'elite_percentage': 0.2, 'mutant_percentage': 0.1, 'elite_inheritance_prob': 0.65, 'restarts_patience': 100, 'ls_range': 3, 'ls_periodic_run_period': 100}",38,1,20,123.74842079838912,2.438305616378784,100373,123.5279249454444,0.17849879129929822
BRKGA-R-LS,"{'elite_percentage': 0.2, 'mutant_percentage': 0.1, 'elite_inheritance_prob': 0.65, 'restarts_patience': 100, 'ls_range': 3, 'ls_periodic_run_period': 100}",38,2,20,119.0010786563633,2.395951271057129,100010,118.19212126813449,0.6844427357332831
BRKGA-R-LS,"{'elite_percentage': 0.2, 'mutant_percentage': 0.1, 'elite_inheritance_prob': 0.65, 'restarts_patience': 100, 'ls_range': 3, 'ls_periodic_run_period': 100}",38,3,20,164.9759548216364,2.3430261611938477,100034,163.8923966100251,0.6611400126081498
BRKGA-R-LS,"{'elite_percentage': 0.2, 'mutant_percentage': 0.1, 'elite_inheritance_prob': 0.65, 'restarts_patience': 100, 'ls_range': 3, 'ls_periodic_run_period': 100}",38,4,50,316.38081106856583,5.949303150177002,100115,315.4125509015329,0.30698212999622465
BRKGA-R-LS,"{'elite_percentage': 0.2, 'mutant_percentage': 0.1, 'elite_inheritance_prob': 0.65, 'restarts_patience': 100, 'ls_range': 3, 'ls_periodic_run_period': 100}",38,5,50,359.9122969221084,6.094939470291138,100004,356.5665364764205,0.9383271012335079
BRKGA-R-LS,"{'elite_percentage': 0.2, 'mutant_percentage': 0.1, 'elite_inheritance_prob': 0.65, 'restarts_patience': 100, 'ls_range': 3, 'ls_periodic_run_period': 100}",38,6,50,383.1102221728563,6.188769340515137,100007,381.53301582072294,0.41338659741952205
BRKGA-R-LS,"{'elite_percentage': 0.2, 'mutant_percentage': 0.1, 'elite_inheritance_prob': 0.65, 'restarts_patience': 100, 'ls_range': 3, 'ls_periodic_run_period': 100}",38,7,100,759.4053981106717,14.685058116912842,121558,757.3148940610056,0.2760415866715742
BRKGA-R-LS,"{'elite_percentage': 0.2, 'mutant_percentage': 0.1, 'elite_inheritance_prob': 0.65, 'restarts_patience': 100, 'ls_range': 3, 'ls_periodic_run_period': 100}",38,8,100,708.2458731234531,11.8856840133667,100022,706.1873763225933,0.29149442058553815
BRKGA-R-LS,"{'elite_percentage': 0.2, 'mutant_percentage': 0.1, 'elite_inheritance_prob': 0.65, 'restarts_patience': 100, 'ls_range': 3, 'ls_periodic_run_period': 100}",38,9,100,732.2067789949215,11.430725336074829,100030,729.5370949892298,0.3659421877281107
BRKGA-R-LS,"{'elite_percentage': 0.2, 'mutant_percentage': 0.1, 'elite_inheritance_prob': 0.65, 'restarts_patience': 100, 'ls_range': 7, 'ls_periodic_run_period': 50}",39,1,20,123.75165698425963,2.481936454772949,100149,123.5279249454444,0.18111859234585115
BRKGA-R-LS,"{'elite_percentage': 0.2, 'mutant_percentage': 0.1, 'elite_inheritance_prob': 0.65, 'restarts_patience': 100, 'ls_range': 7, 'ls_periodic_run_period': 50}",39,2,20,119.15224276659492,2.370896100997925,100055,118.19212126813449,0.8123396789556517
BRKGA-R-LS,"{'elite_percentage': 0.2, 'mutant_percentage': 0.1, 'elite_inheritance_prob': 0.65, 'restarts_patience': 100, 'ls_range': 7, 'ls_periodic_run_period': 50}",39,3,20,163.8923966100251,2.3677263259887695,103337,163.8923966100251,0.0
BRKGA-R-LS,"{'elite_percentage': 0.2, 'mutant_percentage': 0.1, 'elite_inheritance_prob': 0.65, 'restarts_patience': 100, 'ls_range': 7, 'ls_periodic_run_period': 50}",39,4,50,316.1692999550743,5.854647159576416,100327,315.4125509015329,0.239923570377402
BRKGA-R-LS,"{'elite_percentage': 0.2, 'mutant_percentage': 0.1, 'elite_inheritance_prob': 0.65, 'restarts_patience': 100, 'ls_range': 7, 'ls_periodic_run_period': 50}",39,5,50,357.33668735838427,7.0551252365112305,117022,356.5665364764205,0.21599079082810008
BRKGA-R-LS,"{'elite_percentage': 0.2, 'mutant_percentage': 0.1, 'elite_inheritance_prob': 0.65, 'restarts_patience': 100, 'ls_range': 7, 'ls_periodic_run_period': 50}",39,6,50,383.05848493097295,6.098342180252075,100064,381.53301582072294,0.3998262396685511
BRKGA-R-LS,"{'elite_percentage': 0.2, 'mutant_percentage': 0.1, 'elite_inheritance_prob': 0.65, 'restarts_patience': 100, 'ls_range': 7, 'ls_periodic_run_period': 50}",39,7,100,759.3850403528021,14.881250858306885,130455,757.3148940610056,0.273353436995753
BRKGA-R-LS,"{'elite_percentage': 0.2, 'mutant_percentage': 0.1, 'elite_inheritance_prob': 0.65, 'restarts_patience': 100, 'ls_range': 7, 'ls_periodic_run_period': 50}",39,8,100,707.7707367717486,15.03180718421936,133092,706.1873763225933,0.2242125110477759
BRKGA-R-LS,"{'elite_percentage': 0.2, 'mutant_percentage': 0.1, 'elite_inheritance_prob': 0.65, 'restarts_patience': 100, 'ls_range': 7, 'ls_periodic_run_period': 50}",39,9,100,732.9002610121229,11.890331745147705,109820,729.5370949892298,0.4610000020551042
BRKGA-R-LS,"{'elite_percentage': 0.2, 'mutant_percentage': 0.1, 'elite_inheritance_prob': 0.65, 'restarts_patience': 100, 'ls_range': 7, 'ls_periodic_run_period': 100}",40,1,20,123.5866747975433,2.443999767303467,100131,123.5279249454444,0.0475599765193541
BRKGA-R-LS,"{'elite_percentage': 0.2, 'mutant_percentage': 0.1, 'elite_inheritance_prob': 0.65, 'restarts_patience': 100, 'ls_range': 7, 'ls_periodic_run_period': 100}",40,2,20,118.95135951265299,2.3914096355438232,100146,118.19212126813449,0.6423763584004614
BRKGA-R-LS,"{'elite_percentage': 0.2, 'mutant_percentage': 0.1, 'elite_inheritance_prob': 0.65, 'restarts_patience': 100, 'ls_range': 7, 'ls_periodic_run_period': 100}",40,3,20,164.75109180840175,2.2783632278442383,100061,163.8923966100251,0.5239383986920966
BRKGA-R-LS,"{'elite_percentage': 0.2, 'mutant_percentage': 0.1, 'elite_inheritance_prob': 0.65, 'restarts_patience': 100, 'ls_range': 7, 'ls_periodic_run_period': 100}",40,4,50,316.0335032520686,6.939812660217285,118289,315.4125509015329,0.19686989270429606
BRKGA-R-LS,"{'elite_percentage': 0.2, 'mutant_percentage': 0.1, 'elite_inheritance_prob': 0.65, 'restarts_patience': 100, 'ls_range': 7, 'ls_periodic_run_period': 100}",40,5,50,358.86787597835274,6.108858823776245,100111,356.5665364764205,0.6454165678793158
BRKGA-R-LS,"{'elite_percentage': 0.2, 'mutant_percentage': 0.1, 'elite_inheritance_prob': 0.65, 'restarts_patience': 100, 'ls_range': 7, 'ls_periodic_run_period': 100}",40,6,50,382.02302089044963,6.205733060836792,100045,381.53301582072294,0.12843058121002524
BRKGA-R-LS,"{'elite_percentage': 0.2, 'mutant_percentage': 0.1, 'elite_inheritance_prob': 0.65, 'restarts_patience': 100, 'ls_range': 7, 'ls_periodic_run_period': 100}",40,7,100,759.8490299804663,13.507880210876465,117838,757.3148940610056,0.3346211647669736
BRKGA-R-LS,"{'elite_percentage': 0.2, 'mutant_percentage': 0.1, 'elite_inheritance_prob': 0.65, 'restarts_patience': 100, 'ls_range': 7, 'ls_periodic_run_period': 100}",40,8,100,707.2251781936596,12.962822914123535,114707,706.1873763225933,0.14695842857891267
BRKGA-R-LS,"{'elite_percentage': 0.2, 'mutant_percentage': 0.1, 'elite_inheritance_prob': 0.65, 'restarts_patience': 100, 'ls_range': 7, 'ls_periodic_run_period': 100}",40,9,100,731.6606932286287,12.438025951385498,114938,729.5370949892298,0.2910884523877798
BRKGA-R-LS,"{'elite_percentage': 0.2, 'mutant_percentage': 0.1, 'elite_inheritance_prob': 0.85, 'restarts_patience': 50, 'ls_range': 3, 'ls_periodic_run_period': 50}",41,1,20,123.94759486039644,2.4554038047790527,100048,123.5279249454444,0.3397368774205379
BRKGA-R-LS,"{'elite_percentage': 0.2, 'mutant_percentage': 0.1, 'elite_inheritance_prob': 0.85, 'restarts_patience': 50, 'ls_range': 3, 'ls_periodic_run_period': 50}",41,2,20,118.57523328207125,2.377078056335449,100090,118.19212126813449,0.32414344528737804
BRKGA-R-LS,"{'elite_percentage': 0.2, 'mutant_percentage': 0.1, 'elite_inheritance_prob': 0.85, 'restarts_patience': 50, 'ls_range': 3, 'ls_periodic_run_period': 50}",41,3,20,164.87355296427702,2.2794737815856934,100103,163.8923966100251,0.5986588606587748
BRKGA-R-LS,"{'elite_percentage': 0.2, 'mutant_percentage': 0.1, 'elite_inheritance_prob': 0.85, 'restarts_patience': 50, 'ls_range': 3, 'ls_periodic_run_period': 50}",41,4,50,316.78535458776884,5.904346466064453,100387,315.4125509015329,0.43524066569707415
BRKGA-R-LS,"{'elite_percentage': 0.2, 'mutant_percentage': 0.1, 'elite_inheritance_prob': 0.85, 'restarts_patience': 50, 'ls_range': 3, 'ls_periodic_run_period': 50}",41,5,50,358.84998306782364,6.066332101821899,100043,356.5665364764205,0.6403984552134677
BRKGA-R-LS,"{'elite_percentage': 0.2, 'mutant_percentage': 0.1, 'elite_inheritance_prob': 0.85, 'restarts_patience': 50, 'ls_range': 3, 'ls_periodic_run_period': 50}",41,6,50,382.9339304774699,6.17801833152771,100047,381.53301582072294,0.3671804532390055
BRKGA-R-LS,"{'elite_percentage': 0.2, 'mutant_percentage': 0.1, 'elite_inheritance_prob': 0.85, 'restarts_patience': 50, 'ls_range': 3, 'ls_periodic_run_period': 50}",41,7,100,758.4751566832581,17.135151624679565,143095,757.3148940610056,0.15320742155627512
BRKGA-R-LS,"{'elite_percentage': 0.2, 'mutant_percentage': 0.1, 'elite_inheritance_prob': 0.85, 'restarts_patience': 50, 'ls_range': 3, 'ls_periodic_run_period': 50}",41,8,100,708.8176986371083,11.858105897903442,100126,706.1873763225933,0.3724680449843384
BRKGA-R-LS,"{'elite_percentage': 0.2, 'mutant_percentage': 0.1, 'elite_inheritance_prob': 0.85, 'restarts_patience': 50, 'ls_range': 3, 'ls_periodic_run_period': 50}",41,9,100,730.6582142693678,11.221810579299927,100014,729.5370949892298,0.1536754317002322
BRKGA-R-LS,"{'elite_percentage': 0.2, 'mutant_percentage': 0.1, 'elite_inheritance_prob': 0.85, 'restarts_patience': 50, 'ls_range': 3, 'ls_periodic_run_period': 100}",42,1,20,124.0157031284666,2.438727855682373,100047,123.5279249454444,0.3948728056733939
BRKGA-R-LS,"{'elite_percentage': 0.2, 'mutant_percentage': 0.1, 'elite_inheritance_prob': 0.85, 'restarts_patience': 50, 'ls_range': 3, 'ls_periodic_run_period': 100}",42,2,20,119.0010786563633,2.4383299350738525,100125,118.19212126813449,0.6844427357332831
BRKGA-R-LS,"{'elite_percentage': 0.2, 'mutant_percentage': 0.1, 'elite_inheritance_prob': 0.85, 'restarts_patience': 50, 'ls_range': 3, 'ls_periodic_run_period': 100}",42,3,20,164.93538621242394,2.345710039138794,100123,163.8923966100251,0.6363868147468711
BRKGA-R-LS,"{'elite_percentage': 0.2, 'mutant_percentage': 0.1, 'elite_inheritance_prob': 0.85, 'restarts_patience': 50, 'ls_range': 3, 'ls_periodic_run_period': 100}",42,4,50,316.70960919326234,6.008888006210327,100039,315.4125509015329,0.4112259604198118
BRKGA-R-LS,"{'elite_percentage': 0.2, 'mutant_percentage': 0.1, 'elite_inheritance_prob': 0.85, 'restarts_patience': 50, 'ls_range': 3, 'ls_periodic_run_period': 100}",42,5,50,357.632757099474,6.109776973724365,100065,356.5665364764205,0.2990243093448696
BRKGA-R-LS,"{'elite_percentage': 0.2, 'mutant_percentage': 0.1, 'elite_inheritance_prob': 0.85, 'restarts_patience': 50, 'ls_range': 3, 'ls_periodic_run_period': 100}",42,6,50,383.9485297102023,6.2414329051971436,100540,381.53301582072294,0.6331074348266592
BRKGA-R-LS,"{'elite_percentage': 0.2, 'mutant_percentage': 0.1, 'elite_inheritance_prob': 0.85, 'restarts_patience': 50, 'ls_range': 3, 'ls_periodic_run_period': 100}",42,7,100,758.3845089010977,18.070844888687134,149901,757.3148940610056,0.1412377926910162
BRKGA-R-LS,"{'elite_percentage': 0.2, 'mutant_percentage': 0.1, 'elite_inheritance_prob': 0.85, 'restarts_patience': 50, 'ls_range': 3, 'ls_periodic_run_period': 100}",42,8,100,708.2917550052091,12.755752325057983,107586,706.1873763225933,0.2979915463193564
BRKGA-R-LS,"{'elite_percentage': 0.2, 'mutant_percentage': 0.1, 'elite_inheritance_prob': 0.85, 'restarts_patience': 50, 'ls_range': 3, 'ls_periodic_run_period': 100}",42,9,100,731.0272758277233,13.582480430603027,117724,729.5370949892298,0.2042638885299628
BRKGA-R-LS,"{'elite_percentage': 0.2, 'mutant_percentage': 0.1, 'elite_inheritance_prob': 0.85, 'restarts_patience': 50, 'ls_range': 7, 'ls_periodic_run_period': 50}",43,1,20,124.03504217275922,2.4269893169403076,100028,123.5279249454444,0.41052841091501246
BRKGA-R-LS,"{'elite_percentage': 0.2, 'mutant_percentage': 0.1, 'elite_inheritance_prob': 0.85, 'restarts_patience': 50, 'ls_range': 7, 'ls_periodic_run_period': 50}",43,2,20,119.38623394577306,2.356782913208008,100129,118.19212126813449,1.0103149557063695
BRKGA-R-LS,"{'elite_percentage': 0.2, 'mutant_percentage': 0.1, 'elite_inheritance_prob': 0.85, 'restarts_patience': 50, 'ls_range': 7, 'ls_periodic_run_period': 50}",43,3,20,164.97614663241467,2.265988826751709,100093,163.8923966100251,0.6612570471882944
BRKGA-R-LS,"{'elite_percentage': 0.2, 'mutant_percentage': 0.1, 'elite_inheritance_prob': 0.85, 'restarts_patience': 50, 'ls_range': 7, 'ls_periodic_run_period': 50}",43,4,50,317.3515685056524,5.835529327392578,100002,315.4125509015329,0.6147560071966925
BRKGA-R-LS,"{'elite_percentage': 0.2, 'mutant_percentage': 0.1, 'elite_inheritance_prob': 0.85, 'restarts_patience': 50, 'ls_range': 7, 'ls_periodic_run_period': 50}",43,5,50,358.00609894522796,5.983620882034302,100003,356.5665364764205,0.40372898787227546
BRKGA-R-LS,"{'elite_percentage': 0.2, 'mutant_percentage': 0.1, 'elite_inheritance_prob': 0.85, 'restarts_patience': 50, 'ls_range': 7, 'ls_periodic_run_period': 50}",43,6,50,383.0594625948072,6.0747435092926025,100098,381.53301582072294,0.40008248586316825
BRKGA-R-LS,"{'elite_percentage': 0.2, 'mutant_percentage': 0.1, 'elite_inheritance_prob': 0.85, 'restarts_patience': 50, 'ls_range': 7, 'ls_periodic_run_period': 50}",43,7,100,757.8482558309246,18.04169988632202,157059,757.3148940610056,0.07042800479717386
BRKGA-R-LS,"{'elite_percentage': 0.2, 'mutant_percentage': 0.1, 'elite_inheritance_prob': 0.85, 'restarts_patience': 50, 'ls_range': 7, 'ls_periodic_run_period': 50}",43,8,100,706.7583848589679,16.07160472869873,141172,706.1873763225933,0.08085793594160454
BRKGA-R-LS,"{'elite_percentage': 0.2, 'mutant_percentage': 0.1, 'elite_inheritance_prob': 0.85, 'restarts_patience': 50, 'ls_range': 7, 'ls_periodic_run_period': 50}",43,9,100,731.3361778036019,13.39960765838623,123373,729.5370949892298,0.24660607757014566
BRKGA-R-LS,"{'elite_percentage': 0.2, 'mutant_percentage': 0.1, 'elite_inheritance_prob': 0.85, 'restarts_patience': 50, 'ls_range': 7, 'ls_periodic_run_period': 100}",44,1,20,124.03504217275922,2.4278948307037354,100034,123.5279249454444,0.41052841091501246
BRKGA-R-LS,"{'elite_percentage': 0.2, 'mutant_percentage': 0.1, 'elite_inheritance_prob': 0.85, 'restarts_patience': 50, 'ls_range': 7, 'ls_periodic_run_period': 100}",44,2,20,119.14101239821498,2.396233081817627,100121,118.19212126813449,0.802837887923013
BRKGA-R-LS,"{'elite_percentage': 0.2, 'mutant_percentage': 0.1, 'elite_inheritance_prob': 0.85, 'restarts_patience': 50, 'ls_range': 7, 'ls_periodic_run_period': 100}",44,3,20,164.97614663241467,2.2890877723693848,100115,163.8923966100251,0.6612570471882944
BRKGA-R-LS,"{'elite_percentage': 0.2, 'mutant_percentage': 0.1, 'elite_inheritance_prob': 0.85, 'restarts_patience': 50, 'ls_range': 7, 'ls_periodic_run_period': 100}",44,4,50,316.7045219392445,5.860755681991577,100030,315.4125509015329,0.40961307152135273
BRKGA-R-LS,"{'elite_percentage': 0.2, 'mutant_percentage': 0.1, 'elite_inheritance_prob': 0.85, 'restarts_patience': 50, 'ls_range': 7, 'ls_periodic_run_period': 100}",44,5,50,357.1356683909106,6.0263752937316895,100137,356.5665364764205,0.1596145056443806
BRKGA-R-LS,"{'elite_percentage': 0.2, 'mutant_percentage': 0.1, 'elite_inheritance_prob': 0.85, 'restarts_patience': 50, 'ls_range': 7, 'ls_periodic_run_period': 100}",44,6,50,382.4521680470629,6.139512300491333,100074,381.53301582072294,0.24091027204101037
BRKGA-R-LS,"{'elite_percentage': 0.2, 'mutant_percentage': 0.1, 'elite_inheritance_prob': 0.85, 'restarts_patience': 50, 'ls_range': 7, 'ls_periodic_run_period': 100}",44,7,100,759.5079280903196,14.382056951522827,126348,757.3148940610056,0.28958020587105854
BRKGA-R-LS,"{'elite_percentage': 0.2, 'mutant_percentage': 0.1, 'elite_inheritance_prob': 0.85, 'restarts_patience': 50, 'ls_range': 7, 'ls_periodic_run_period': 100}",44,8,100,708.4562987712885,13.978253602981567,124181,706.1873763225933,0.32129184473820743
BRKGA-R-LS,"{'elite_percentage': 0.2, 'mutant_percentage': 0.1, 'elite_inheritance_prob': 0.85, 'restarts_patience': 50, 'ls_range': 7, 'ls_periodic_run_period': 100}",44,9,100,730.345295266851,14.811034679412842,133519,729.5370949892298,0.11078261587687999
BRKGA-R-LS,"{'elite_percentage': 0.2, 'mutant_percentage': 0.1, 'elite_inheritance_prob': 0.85, 'restarts_patience': 100, 'ls_range': 3, 'ls_periodic_run_period': 50}",45,1,20,125.54721723364226,2.3603007793426514,100034,123.5279249454444,1.6346848610058595
BRKGA-R-LS,"{'elite_percentage': 0.2, 'mutant_percentage': 0.1, 'elite_inheritance_prob': 0.85, 'restarts_patience': 100, 'ls_range': 3, 'ls_periodic_run_period': 50}",45,2,20,118.98419426052045,2.390634536743164,100114,118.19212126813449,0.6701571846646577
BRKGA-R-LS,"{'elite_percentage': 0.2, 'mutant_percentage': 0.1, 'elite_inheritance_prob': 0.85, 'restarts_patience': 100, 'ls_range': 3, 'ls_periodic_run_period': 50}",45,3,20,165.10674194175832,2.3178393840789795,100094,163.8923966100251,0.7409406152151828
BRKGA-R-LS,"{'elite_percentage': 0.2, 'mutant_percentage': 0.1, 'elite_inheritance_prob': 0.85, 'restarts_patience': 100, 'ls_range': 3, 'ls_periodic_run_period': 50}",45,4,50,316.0645936053121,6.002218008041382,100069,315.4125509015329,0.20672693648857815
BRKGA-R-LS,"{'elite_percentage': 0.2, 'mutant_percentage': 0.1, 'elite_inheritance_prob': 0.85, 'restarts_patience': 100, 'ls_range': 3, 'ls_periodic_run_period': 50}",45,5,50,359.4105319304135,6.1012122631073,100109,356.5665364764205,0.7976058219308296
BRKGA-R-LS,"{'elite_percentage': 0.2, 'mutant_percentage': 0.1, 'elite_inheritance_prob': 0.85, 'restarts_patience': 100, 'ls_range': 3, 'ls_periodic_run_period': 50}",45,6,50,384.9945918715349,6.202671766281128,100042,381.53301582072294,0.9072808662091034
BRKGA-R-LS,"{'elite_percentage': 0.2, 'mutant_percentage': 0.1, 'elite_inheritance_prob': 0.85, 'restarts_patience': 100, 'ls_range': 3, 'ls_periodic_run_period': 50}",45,7,100,759.7010524064301,11.918359279632568,100102,757.3148940610056,0.3150813966735879
BRKGA-R-LS,"{'elite_percentage': 0.2, 'mutant_percentage': 0.1, 'elite_inheritance_prob': 0.85, 'restarts_patience': 100, 'ls_range': 3, 'ls_periodic_run_period': 50}",45,8,100,710.1982633499115,11.959763288497925,100001,706.1873763225933,0.5679635691315393
BRKGA-R-LS,"{'elite_percentage': 0.2, 'mutant_percentage': 0.1, 'elite_inheritance_prob': 0.85, 'restarts_patience': 100, 'ls_range': 3, 'ls_periodic_run_period': 50}",45,9,100,732.6334622266962,11.310510873794556,100459,729.5370949892298,0.4244290329763355
BRKGA-R-LS,"{'elite_percentage': 0.2, 'mutant_percentage': 0.1, 'elite_inheritance_prob': 0.85, 'restarts_patience': 100, 'ls_range': 3, 'ls_periodic_run_period': 100}",46,1,20,123.78492043312906,2.478242874145508,100077,123.5279249454444,0.20804647030067355
BRKGA-R-LS,"{'elite_percentage': 0.2, 'mutant_percentage': 0.1, 'elite_inheritance_prob': 0.85, 'restarts_patience': 100, 'ls_range': 3, 'ls_periodic_run_period': 100}",46,2,20,118.29966132477132,2.425591230392456,100139,118.19212126813449,0.09098750025212508
BRKGA-R-LS,"{'elite_percentage': 0.2, 'mutant_percentage': 0.1, 'elite_inheritance_prob': 0.85, 'restarts_patience': 100, 'ls_range': 3, 'ls_periodic_run_period': 100}",46,3,20,165.10881167730594,2.302921772003174,100089,163.8923966100251,0.7422034776727662
BRKGA-R-LS,"{'elite_percentage': 0.2, 'mutant_percentage': 0.1, 'elite_inheritance_prob': 0.85, 'restarts_patience': 100, 'ls_range': 3, 'ls_periodic_run_period': 100}",46,4,50,318.05371455657564,6.012301683425903,100149,315.4125509015329,0.8373679637964985
BRKGA-R-LS,"{'elite_percentage': 0.2, 'mutant_percentage': 0.1, 'elite_inheritance_prob': 0.85, 'restarts_patience': 100, 'ls_range': 3, 'ls_periodic_run_period': 100}",46,5,50,358.8157289695233,6.127691745758057,100033,356.5665364764205,0.630791805459169
BRKGA-R-LS,"{'elite_percentage': 0.2, 'mutant_percentage': 0.1, 'elite_inheritance_prob': 0.85, 'restarts_patience': 100, 'ls_range': 3, 'ls_periodic_run_period': 100}",46,6,50,384.0260117442266,6.22960090637207,100053,381.53301582072294,0.6534155158606458
BRKGA-R-LS,"{'elite_percentage': 0.2, 'mutant_percentage': 0.1, 'elite_inheritance_prob': 0.85, 'restarts_patience': 100, 'ls_range': 3, 'ls_periodic_run_period': 100}",46,7,100,761.0273938277688,11.998294115066528,100140,757.3148940610056,0.49021877106568346
BRKGA-R-LS,"{'elite_percentage': 0.2, 'mutant_percentage': 0.1, 'elite_inheritance_prob': 0.85, 'restarts_patience': 100, 'ls_range': 3, 'ls_periodic_run_period': 100}",46,8,100,707.6852619662586,19.505048274993896,127097,706.1873763225933,0.21210881047823552
BRKGA-R-LS,"{'elite_percentage': 0.2, 'mutant_percentage': 0.1, 'elite_inheritance_prob': 0.85, 'restarts_patience': 100, 'ls_range': 3, 'ls_periodic_run_period': 100}",46,9,100,732.4323147266402,19.304097652435303,100083,729.5370949892298,0.3968570970956864
BRKGA-R-LS,"{'elite_percentage': 0.2, 'mutant_percentage': 0.1, 'elite_inheritance_prob': 0.85, 'restarts_patience': 100, 'ls_range': 7, 'ls_periodic_run_period': 50}",47,1,20,124.03504217275922,4.2718353271484375,100028,123.5279249454444,0.41052841091501246
BRKGA-R-LS,"{'elite_percentage': 0.2, 'mutant_percentage': 0.1, 'elite_inheritance_prob': 0.85, 'restarts_patience': 100, 'ls_range': 7, 'ls_periodic_run_period': 50}",47,2,20,119.38623394577306,4.047318696975708,100071,118.19212126813449,1.0103149557063695
BRKGA-R-LS,"{'elite_percentage': 0.2, 'mutant_percentage': 0.1, 'elite_inheritance_prob': 0.85, 'restarts_patience': 100, 'ls_range': 7, 'ls_periodic_run_period': 50}",47,3,20,164.98352499033209,3.9079091548919678,100017,163.8923966100251,0.6657589997315683
BRKGA-R-LS,"{'elite_percentage': 0.2, 'mutant_percentage': 0.1, 'elite_inheritance_prob': 0.85, 'restarts_patience': 100, 'ls_range': 7, 'ls_periodic_run_period': 50}",47,4,50,316.0457163374767,9.9456307888031,100071,315.4125509015329,0.2007419914439168
BRKGA-R-LS,"{'elite_percentage': 0.2, 'mutant_percentage': 0.1, 'elite_inheritance_prob': 0.85, 'restarts_patience': 100, 'ls_range': 7, 'ls_periodic_run_period': 50}",47,5,50,358.2382260613183,10.180668592453003,100135,356.5665364764205,0.46882963314993176
BRKGA-R-LS,"{'elite_percentage': 0.2, 'mutant_percentage': 0.1, 'elite_inheritance_prob': 0.85, 'restarts_patience': 100, 'ls_range': 7, 'ls_periodic_run_period': 50}",47,6,50,382.41406712040276,11.642850637435913,109361,381.53301582072294,0.23092399953502815
BRKGA-R-LS,"{'elite_percentage': 0.2, 'mutant_percentage': 0.1, 'elite_inheritance_prob': 0.85, 'restarts_patience': 100, 'ls_range': 7, 'ls_periodic_run_period': 50}",47,7,100,758.6865083188393,27.149521589279175,138057,757.3148940610056,0.18111544729809684
BRKGA-R-LS,"{'elite_percentage': 0.2, 'mutant_percentage': 0.1, 'elite_inheritance_prob': 0.85, 'restarts_patience': 100, 'ls_range': 7, 'ls_periodic_run_period': 50}",47,8,100,708.4774793769437,34.23840928077698,174266,706.1873763225933,0.32429113449689917
BRKGA-R-LS,"{'elite_percentage': 0.2, 'mutant_percentage': 0.1, 'elite_inheritance_prob': 0.85, 'restarts_patience': 100, 'ls_range': 7, 'ls_periodic_run_period': 50}",47,9,100,730.8239105527664,19.989749908447266,106925,729.5370949892298,0.17638795509851407
BRKGA-R-LS,"{'elite_percentage': 0.2, 'mutant_percentage': 0.1, 'elite_inheritance_prob': 0.85, 'restarts_patience': 100, 'ls_range': 7, 'ls_periodic_run_period': 100}",48,1,20,124.03504217275922,4.259044408798218,100034,123.5279249454444,0.41052841091501246
BRKGA-R-LS,"{'elite_percentage': 0.2, 'mutant_percentage': 0.1, 'elite_inheritance_prob': 0.85, 'restarts_patience': 100, 'ls_range': 7, 'ls_periodic_run_period': 100}",48,2,20,118.95135951265299,4.128787994384766,100146,118.19212126813449,0.6423763584004614
BRKGA-R-LS,"{'elite_percentage': 0.2, 'mutant_percentage': 0.1, 'elite_inheritance_prob': 0.85, 'restarts_patience': 100, 'ls_range': 7, 'ls_periodic_run_period': 100}",48,3,20,164.97614663241467,3.8899471759796143,100099,163.8923966100251,0.6612570471882944
BRKGA-R-LS,"{'elite_percentage': 0.2, 'mutant_percentage': 0.1, 'elite_inheritance_prob': 0.85, 'restarts_patience': 100, 'ls_range': 7, 'ls_periodic_run_period': 100}",48,4,50,317.44072601654415,10.080275058746338,100067,315.4125509015329,0.6430229580954221
BRKGA-R-LS,"{'elite_percentage': 0.2, 'mutant_percentage': 0.1, 'elite_inheritance_prob': 0.85, 'restarts_patience': 100, 'ls_range': 7, 'ls_periodic_run_period': 100}",48,5,50,357.62907290292543,10.286069869995117,100067,356.5665364764205,0.29799106697024924
BRKGA-R-LS,"{'elite_percentage': 0.2, 'mutant_percentage': 0.1, 'elite_inheritance_prob': 0.85, 'restarts_patience': 100, 'ls_range': 7, 'ls_periodic_run_period': 100}",48,6,50,382.12023814324976,10.528574466705322,100020,381.53301582072294,0.15391127325210427
BRKGA-R-LS,"{'elite_percentage': 0.2, 'mutant_percentage': 0.1, 'elite_inheritance_prob': 0.85, 'restarts_patience': 100, 'ls_range': 7, 'ls_periodic_run_period': 100}",48,7,100,759.6060678243133,21.982125759124756,112743,757.3148940610056,0.3025391130262315
BRKGA-R-LS,"{'elite_percentage': 0.2, 'mutant_percentage': 0.1, 'elite_inheritance_prob': 0.85, 'restarts_patience': 100, 'ls_range': 7, 'ls_periodic_run_period': 100}",48,8,100,707.9007346967538,25.775577783584595,133444,706.1873763225933,0.24262092917642894
BRKGA-R-LS,"{'elite_percentage': 0.2, 'mutant_percentage': 0.1, 'elite_inheritance_prob': 0.85, 'restarts_patience': 100, 'ls_range': 7, 'ls_periodic_run_period': 100}",48,9,100,731.1191087098374,31.089729070663452,164834,729.5370949892298,0.21685171754439367
BRKGA-R-LS,"{'elite_percentage': 0.2, 'mutant_percentage': 0.2, 'elite_inheritance_prob': 0.65, 'restarts_patience': 50, 'ls_range': 3, 'ls_periodic_run_period': 50}",49,1,20,123.72398965836132,4.502741575241089,107212,123.5279249454444,0.15872096370396646
BRKGA-R-LS,"{'elite_percentage': 0.2, 'mutant_percentage': 0.2, 'elite_inheritance_prob': 0.65, 'restarts_patience': 50, 'ls_range': 3, 'ls_periodic_run_period': 50}",49,2,20,118.57523328207125,4.0549046993255615,100118,118.19212126813449,0.32414344528737804
BRKGA-R-LS,"{'elite_percentage': 0.2, 'mutant_percentage': 0.2, 'elite_inheritance_prob': 0.65, 'restarts_patience': 50, 'ls_range': 3, 'ls_periodic_run_period': 50}",49,3,20,164.73677098595093,4.023350954055786,100075,163.8923966100251,0.5152004567576072
BRKGA-R-LS,"{'elite_percentage': 0.2, 'mutant_percentage': 0.2, 'elite_inheritance_prob': 0.65, 'restarts_patience': 50, 'ls_range': 3, 'ls_periodic_run_period': 50}",49,4,50,316.674720582672,10.135412454605103,100117,315.4125509015329,0.4001646978002382
BRKGA-R-LS,"{'elite_percentage': 0.2, 'mutant_percentage': 0.2, 'elite_inheritance_prob': 0.65, 'restarts_patience': 50, 'ls_range': 3, 'ls_periodic_run_period': 50}",49,5,50,358.7098406056673,10.39024019241333,100123,356.5665364764205,0.6010951421372516
BRKGA-R-LS,"{'elite_percentage': 0.2, 'mutant_percentage': 0.2, 'elite_inheritance_prob': 0.65, 'restarts_patience': 50, 'ls_range': 3, 'ls_periodic_run_period': 50}",49,6,50,382.66796001636936,12.16205358505249,115410,381.53301582072294,0.29746945836522853
BRKGA-R-LS,"{'elite_percentage': 0.2, 'mutant_percentage': 0.2, 'elite_inheritance_prob': 0.65, 'restarts_patience': 50, 'ls_range': 3, 'ls_periodic_run_period': 50}",49,7,100,760.1676440786704,20.50025725364685,100008,757.3148940610056,0.37669271263995313
BRKGA-R-LS,"{'elite_percentage': 0.2, 'mutant_percentage': 0.2, 'elite_inheritance_prob': 0.65, 'restarts_patience': 50, 'ls_range': 3, 'ls_periodic_run_period': 50}",49,8,100,708.5828885936262,19.922708749771118,100045,706.1873763225933,0.3392176568642869
BRKGA-R-LS,"{'elite_percentage': 0.2, 'mutant_percentage': 0.2, 'elite_inheritance_prob': 0.65, 'restarts_patience': 50, 'ls_range': 3, 'ls_periodic_run_period': 50}",49,9,100,731.9425891289262,19.13563871383667,100050,729.5370949892298,0.3297288316411028
BRKGA-R-LS,"{'elite_percentage': 0.2, 'mutant_percentage': 0.2, 'elite_inheritance_prob': 0.65, 'restarts_patience': 50, 'ls_range': 3, 'ls_periodic_run_period': 100}",50,1,20,124.00892543768919,4.221460819244385,100142,123.5279249454444,0.3893860375758928
BRKGA-R-LS,"{'elite_percentage': 0.2, 'mutant_percentage': 0.2, 'elite_inheritance_prob': 0.65, 'restarts_patience': 50, 'ls_range': 3, 'ls_periodic_run_period': 100}",50,2,20,118.31368657814252,4.137232542037964,100286,118.19212126813449,0.10285398781552484
BRKGA-R-LS,"{'elite_percentage': 0.2, 'mutant_percentage': 0.2, 'elite_inheritance_prob': 0.65, 'restarts_patience': 50, 'ls_range': 3, 'ls_periodic_run_period': 100}",50,3,20,164.13489961109607,3.925323486328125,100066,163.8923966100251,0.1479647659604439
BRKGA-R-LS,"{'elite_percentage': 0.2, 'mutant_percentage': 0.2, 'elite_inheritance_prob': 0.65, 'restarts_patience': 50, 'ls_range': 3, 'ls_periodic_run_period': 100}",50,4,50,317.0903612969364,10.151671648025513,100125,315.4125509015329,0.5319415446873937
BRKGA-R-LS,"{'elite_percentage': 0.2, 'mutant_percentage': 0.2, 'elite_inheritance_prob': 0.65, 'restarts_patience': 50, 'ls_range': 3, 'ls_periodic_run_period': 100}",50,5,50,358.17399702340145,10.402942895889282,100187,356.5665364764205,0.45081643467327287
BRKGA-R-LS,"{'elite_percentage': 0.2, 'mutant_percentage': 0.2, 'elite_inheritance_prob': 0.65, 'restarts_patience': 50, 'ls_range': 3, 'ls_periodic_run_period': 100}",50,6,50,381.96248138579165,12.111182451248169,113533,381.53301582072294,0.1125631458511864
BRKGA-R-LS,"{'elite_percentage': 0.2, 'mutant_percentage': 0.2, 'elite_inheritance_prob': 0.65, 'restarts_patience': 50, 'ls_range': 3, 'ls_periodic_run_period': 100}",50,7,100,760.6246114553259,20.387967348098755,100090,757.3148940610056,0.4370331839866942
BRKGA-R-LS,"{'elite_percentage': 0.2, 'mutant_percentage': 0.2, 'elite_inheritance_prob': 0.65, 'restarts_patience': 50, 'ls_range': 3, 'ls_periodic_run_period': 100}",50,8,100,708.4140960592823,23.818537950515747,117073,706.1873763225933,0.3153157095903423
BRKGA-R-LS,"{'elite_percentage': 0.2, 'mutant_percentage': 0.2, 'elite_inheritance_prob': 0.65, 'restarts_patience': 50, 'ls_range': 3, 'ls_periodic_run_period': 100}",50,9,100,730.386768913656,19.575342178344727,100117,729.5370949892298,0.11646754226237305
BRKGA-R-LS,"{'elite_percentage': 0.2, 'mutant_percentage': 0.2, 'elite_inheritance_prob': 0.65, 'restarts_patience': 50, 'ls_range': 7, 'ls_periodic_run_period': 50}",51,1,20,124.03504217275922,4.2072694301605225,100028,123.5279249454444,0.41052841091501246
BRKGA-R-LS,"{'elite_percentage': 0.2, 'mutant_percentage': 0.2, 'elite_inheritance_prob': 0.65, 'restarts_patience': 50, 'ls_range': 7, 'ls_periodic_run_period': 50}",51,2,20,118.94622621230629,4.1453282833099365,100055,118.19212126813449,0.6380331752071808
BRKGA-R-LS,"{'elite_percentage': 0.2, 'mutant_percentage': 0.2, 'elite_inheritance_prob': 0.65, 'restarts_patience': 50, 'ls_range': 7, 'ls_periodic_run_period': 50}",51,3,20,164.97614663241467,3.924551248550415,100109,163.8923966100251,0.6612570471882944
BRKGA-R-LS,"{'elite_percentage': 0.2, 'mutant_percentage': 0.2, 'elite_inheritance_prob': 0.65, 'restarts_patience': 50, 'ls_range': 7, 'ls_periodic_run_period': 50}",51,4,50,316.045108406099,11.002505779266357,111167,315.4125509015329,0.20054924978670613
BRKGA-R-LS,"{'elite_percentage': 0.2, 'mutant_percentage': 0.2, 'elite_inheritance_prob': 0.65, 'restarts_patience': 50, 'ls_range': 7, 'ls_periodic_run_period': 50}",51,5,50,356.5665364764205,10.200602293014526,100049,356.5665364764205,0.0
BRKGA-R-LS,"{'elite_percentage': 0.2, 'mutant_percentage': 0.2, 'elite_inheritance_prob': 0.65, 'restarts_patience': 50, 'ls_range': 7, 'ls_periodic_run_period': 50}",51,6,50,382.1400432884368,10.455243349075317,100097,381.53301582072294,0.15910221200859234
BRKGA-R-LS,"{'elite_percentage': 0.2, 'mutant_percentage': 0.2, 'elite_inheritance_prob': 0.65, 'restarts_patience': 50, 'ls_range': 7, 'ls_periodic_run_period': 50}",51,7,100,758.6783127545551,25.793909549713135,133348,757.3148940610056,0.18003326017244595
BRKGA-R-LS,"{'elite_percentage': 0.2, 'mutant_percentage': 0.2, 'elite_inheritance_prob': 0.65, 'restarts_patience': 50, 'ls_range': 7, 'ls_periodic_run_period': 50}",51,8,100,707.5927211004283,22.854691982269287,119340,706.1873763225933,0.19900451706645017
BRKGA-R-LS,"{'elite_percentage': 0.2, 'mutant_percentage': 0.2, 'elite_inheritance_prob': 0.65, 'restarts_patience': 50, 'ls_range': 7, 'ls_periodic_run_period': 50}",51,9,100,731.1911907046224,22.284520387649536,121273,729.5370949892298,0.22673222880010233
BRKGA-R-LS,"{'elite_percentage': 0.2, 'mutant_percentage': 0.2, 'elite_inheritance_prob': 0.65, 'restarts_patience': 50, 'ls_range': 7, 'ls_periodic_run_period': 100}",52,1,20,123.89975313058889,4.237886428833008,100108,123.5279249454444,0.3010073918983992
BRKGA-R-LS,"{'elite_percentage': 0.2, 'mutant_percentage': 0.2, 'elite_inheritance_prob': 0.65, 'restarts_patience': 50, 'ls_range': 7, 'ls_periodic_run_period': 100}",52,2,20,118.6693721646027,4.059967041015625,100051,118.19212126813449,0.40379247901432735
BRKGA-R-LS,"{'elite_percentage': 0.2, 'mutant_percentage': 0.2, 'elite_inheritance_prob': 0.65, 'restarts_patience': 50, 'ls_range': 7, 'ls_periodic_run_period': 100}",52,3,20,164.80345814544592,4.336794853210449,110138,163.8923966100251,0.5558900560766461
BRKGA-R-LS,"{'elite_percentage': 0.2, 'mutant_percentage': 0.2, 'elite_inheritance_prob': 0.65, 'restarts_patience': 50, 'ls_range': 7, 'ls_periodic_run_period': 100}",52,4,50,316.28015709137685,11.46412205696106,115011,315.4125509015329,0.2750702809270333
BRKGA-R-LS,"{'elite_percentage': 0.2, 'mutant_percentage': 0.2, 'elite_inheritance_prob': 0.65, 'restarts_patience': 50, 'ls_range': 7, 'ls_periodic_run_period': 100}",52,5,50,357.4079270794523,10.268370389938354,100371,356.5665364764205,0.2359701533818646
BRKGA-R-LS,"{'elite_percentage': 0.2, 'mutant_percentage': 0.2, 'elite_inheritance_prob': 0.65, 'restarts_patience': 50, 'ls_range': 7, 'ls_periodic_run_period': 100}",52,6,50,382.13008747441035,10.443800210952759,100104,381.53301582072294,0.15649278802334726
BRKGA-R-LS,"{'elite_percentage': 0.2, 'mutant_percentage': 0.2, 'elite_inheritance_prob': 0.65, 'restarts_patience': 50, 'ls_range': 7, 'ls_periodic_run_period': 100}",52,7,100,759.955185328075,21.075277090072632,109133,757.3148940610056,0.34863849737738367
BRKGA-R-LS,"{'elite_percentage': 0.2, 'mutant_percentage': 0.2, 'elite_inheritance_prob': 0.65, 'restarts_patience': 50, 'ls_range': 7, 'ls_periodic_run_period': 100}",52,8,100,708.02947820843,25.421544313430786,131684,706.1873763225933,0.26085171550775
BRKGA-R-LS,"{'elite_percentage': 0.2, 'mutant_percentage': 0.2, 'elite_inheritance_prob': 0.65, 'restarts_patience': 50, 'ls_range': 7, 'ls_periodic_run_period': 100}",52,9,100,732.3622947135457,20.63185977935791,111415,729.5370949892298,0.3872592283134832
BRKGA-R-LS,"{'elite_percentage': 0.2, 'mutant_percentage': 0.2, 'elite_inheritance_prob': 0.65, 'restarts_patience': 100, 'ls_range': 3, 'ls_periodic_run_period': 50}",53,1,20,123.64213167207232,4.22124981880188,100139,123.5279249454444,0.09245417720597662
BRKGA-R-LS,"{'elite_percentage': 0.2, 'mutant_percentage': 0.2, 'elite_inheritance_prob': 0.65, 'restarts_patience': 100, 'ls_range': 3, 'ls_periodic_run_period': 50}",53,2,20,118.58604087465665,4.062819480895996,100325,118.19212126813449,0.333287534139862
BRKGA-R-LS,"{'elite_percentage': 0.2, 'mutant_percentage': 0.2, 'elite_inheritance_prob': 0.65, 'restarts_patience': 100, 'ls_range': 3, 'ls_periodic_run_period': 50}",53,3,20,164.52328062737584,3.9427502155303955,100143,163.8923966100251,0.38493794123464636
BRKGA-R-LS,"{'elite_percentage': 0.2, 'mutant_percentage': 0.2, 'elite_inheritance_prob': 0.65, 'restarts_patience': 100, 'ls_range': 3, 'ls_periodic_run_period': 50}",53,4,50,316.6850225733465,12.397794485092163,122705,315.4125509015329,0.40343089334160703
BRKGA-R-LS,"{'elite_percentage': 0.2, 'mutant_percentage': 0.2, 'elite_inheritance_prob': 0.65, 'restarts_patience': 100, 'ls_range': 3, 'ls_periodic_run_period': 50}",53,5,50,358.70858009729335,10.46017837524414,100086,356.5665364764205,0.6007416293296836
BRKGA-R-LS,"{'elite_percentage': 0.2, 'mutant_percentage': 0.2, 'elite_inheritance_prob': 0.65, 'restarts_patience': 100, 'ls_range': 3, 'ls_periodic_run_period': 50}",53,6,50,382.8898006843401,11.742729902267456,111155,381.53301582072294,0.35561401172545265
BRKGA-R-LS,"{'elite_percentage': 0.2, 'mutant_percentage': 0.2, 'elite_inheritance_prob': 0.65, 'restarts_patience': 100, 'ls_range': 3, 'ls_periodic_run_period': 50}",53,7,100,760.7011709514122,20.536575078964233,100043,757.3148940610056,0.44714251851672315
BRKGA-R-LS,"{'elite_percentage': 0.2, 'mutant_percentage': 0.2, 'elite_inheritance_prob': 0.65, 'restarts_patience': 100, 'ls_range': 3, 'ls_periodic_run_period': 50}",53,8,100,709.5578477285424,20.329395055770874,100063,706.1873763225933,0.477277209839189
BRKGA-R-LS,"{'elite_percentage': 0.2, 'mutant_percentage': 0.2, 'elite_inheritance_prob': 0.65, 'restarts_patience': 100, 'ls_range': 3, 'ls_periodic_run_period': 50}",53,9,100,731.6904494409428,21.15751552581787,108716,729.5370949892298,0.2951672322768949
BRKGA-R-LS,"{'elite_percentage': 0.2, 'mutant_percentage': 0.2, 'elite_inheritance_prob': 0.65, 'restarts_patience': 100, 'ls_range': 3, 'ls_periodic_run_period': 100}",54,1,20,123.5279249454444,4.255064487457275,100087,123.5279249454444,0.0
BRKGA-R-LS,"{'elite_percentage': 0.2, 'mutant_percentage': 0.2, 'elite_inheritance_prob': 0.65, 'restarts_patience': 100, 'ls_range': 3, 'ls_periodic_run_period': 100}",54,2,20,118.73525181001563,4.148141384124756,100133,118.19212126813449,0.45953193500011474
BRKGA-R-LS,"{'elite_percentage': 0.2, 'mutant_percentage': 0.2, 'elite_inheritance_prob': 0.65, 'restarts_patience': 100, 'ls_range': 3, 'ls_periodic_run_period': 100}",54,3,20,164.72583913784095,3.9622058868408203,100034,163.8923966100251,0.5085303193161563
BRKGA-R-LS,"{'elite_percentage': 0.2, 'mutant_percentage': 0.2, 'elite_inheritance_prob': 0.65, 'restarts_patience': 100, 'ls_range': 3, 'ls_periodic_run_period': 100}",54,4,50,316.6108857632949,10.209980010986328,100124,315.4125509015329,0.37992618186462823
BRKGA-R-LS,"{'elite_percentage': 0.2, 'mutant_percentage': 0.2, 'elite_inheritance_prob': 0.65, 'restarts_patience': 100, 'ls_range': 3, 'ls_periodic_run_period': 100}",54,5,50,357.9485704540241,10.368361473083496,100071,356.5665364764205,0.38759497491290945
BRKGA-R-LS,"{'elite_percentage': 0.2, 'mutant_percentage': 0.2, 'elite_inheritance_prob': 0.65, 'restarts_patience': 100, 'ls_range': 3, 'ls_periodic_run_period': 100}",54,6,50,383.5332822116337,10.626205682754517,100123,381.53301582072294,0.5242708515298394
BRKGA-R-LS,"{'elite_percentage': 0.2, 'mutant_percentage': 0.2, 'elite_inheritance_prob': 0.65, 'restarts_patience': 100, 'ls_range': 3, 'ls_periodic_run_period': 100}",54,7,100,759.9251145223611,17.065284490585327,114980,757.3148940610056,0.34466778374825835
BRKGA-R-LS,"{'elite_percentage': 0.2, 'mutant_percentage': 0.2, 'elite_inheritance_prob': 0.65, 'restarts_patience': 100, 'ls_range': 3, 'ls_periodic_run_period': 100}",54,8,100,707.4767555615789,14.247270107269287,115416,706.1873763225933,0.1825831616673629
BRKGA-R-LS,"{'elite_percentage': 0.2, 'mutant_percentage': 0.2, 'elite_inheritance_prob': 0.65, 'restarts_patience': 100, 'ls_range': 3, 'ls_periodic_run_period': 100}",54,9,100,732.2981467603299,11.959248781204224,100142,729.5370949892298,0.37846626169720726
BRKGA-R-LS,"{'elite_percentage': 0.2, 'mutant_percentage': 0.2, 'elite_inheritance_prob': 0.65, 'restarts_patience': 100, 'ls_range': 7, 'ls_periodic_run_period': 50}",55,1,20,124.03504217275922,2.5248658657073975,100028,123.5279249454444,0.41052841091501246
BRKGA-R-LS,"{'elite_percentage': 0.2, 'mutant_percentage': 0.2, 'elite_inheritance_prob': 0.65, 'restarts_patience': 100, 'ls_range': 7, 'ls_periodic_run_period': 50}",55,2,20,118.94001171557196,2.4393527507781982,100129,118.19212126813449,0.6327752132824332
BRKGA-R-LS,"{'elite_percentage': 0.2, 'mutant_percentage': 0.2, 'elite_inheritance_prob': 0.65, 'restarts_patience': 100, 'ls_range': 7, 'ls_periodic_run_period': 50}",55,3,20,164.97614663241467,2.342433214187622,100109,163.8923966100251,0.6612570471882944
BRKGA-R-LS,"{'elite_percentage': 0.2, 'mutant_percentage': 0.2, 'elite_inheritance_prob': 0.65, 'restarts_patience': 100, 'ls_range': 7, 'ls_periodic_run_period': 50}",55,4,50,316.0912738544248,5.964441776275635,100013,315.4125509015329,0.2151857784200237
BRKGA-R-LS,"{'elite_percentage': 0.2, 'mutant_percentage': 0.2, 'elite_inheritance_prob': 0.65, 'restarts_patience': 100, 'ls_range': 7, 'ls_periodic_run_period': 50}",55,5,50,357.4403374197984,6.193505048751831,100000,356.5665364764205,0.24505971648736807
BRKGA-R-LS,"{'elite_percentage': 0.2, 'mutant_percentage': 0.2, 'elite_inheritance_prob': 0.65, 'restarts_patience': 100, 'ls_range': 7, 'ls_periodic_run_period': 50}",55,6,50,382.10585668087157,6.570415496826172,103829,381.53301582072294,0.1501418845539178
BRKGA-R-LS,"{'elite_percentage': 0.2, 'mutant_percentage': 0.2, 'elite_inheritance_prob': 0.65, 'restarts_patience': 100, 'ls_range': 7, 'ls_periodic_run_period': 50}",55,7,100,759.4925686110524,13.665037393569946,117914,757.3148940610056,0.2875520562350675
BRKGA-R-LS,"{'elite_percentage': 0.2, 'mutant_percentage': 0.2, 'elite_inheritance_prob': 0.65, 'restarts_patience': 100, 'ls_range': 7, 'ls_periodic_run_period': 50}",55,8,100,708.5433472732481,14.491795063018799,124675,706.1873763225933,0.33361838934635957
BRKGA-R-LS,"{'elite_percentage': 0.2, 'mutant_percentage': 0.2, 'elite_inheritance_prob': 0.65, 'restarts_patience': 100, 'ls_range': 7, 'ls_periodic_run_period': 50}",55,9,100,732.1077405353748,11.597123622894287,103523,729.5370949892298,0.3523666670003858
BRKGA-R-LS,"{'elite_percentage': 0.2, 'mutant_percentage': 0.2, 'elite_inheritance_prob': 0.65, 'restarts_patience': 100, 'ls_range': 7, 'ls_periodic_run_period': 100}",56,1,20,123.89975313058889,2.5719940662384033,100108,123.5279249454444,0.3010073918983992
BRKGA-R-LS,"{'elite_percentage': 0.2, 'mutant_percentage': 0.2, 'elite_inheritance_prob': 0.65, 'restarts_patience': 100, 'ls_range': 7, 'ls_periodic_run_period': 100}",56,2,20,118.59966281225448,2.531186580657959,100009,118.19212126813449,0.34481278425947837
BRKGA-R-LS,"{'elite_percentage': 0.2, 'mutant_percentage': 0.2, 'elite_inheritance_prob': 0.65, 'restarts_patience': 100, 'ls_range': 7, 'ls_periodic_run_period': 100}",56,3,20,164.97614663241467,2.4686193466186523,100115,163.8923966100251,0.6612570471882944
BRKGA-R-LS,"{'elite_percentage': 0.2, 'mutant_percentage': 0.2, 'elite_inheritance_prob': 0.65, 'restarts_patience': 100, 'ls_range': 7, 'ls_periodic_run_period': 100}",56,4,50,315.64774553858626,6.212301969528198,100112,315.4125509015329,0.07456730443387038
BRKGA-R-LS,"{'elite_percentage': 0.2, 'mutant_percentage': 0.2, 'elite_inheritance_prob': 0.65, 'restarts_patience': 100, 'ls_range': 7, 'ls_periodic_run_period': 100}",56,5,50,358.64636455643955,6.501861810684204,100049,356.5665364764205,0.5832931212703992
BRKGA-R-LS,"{'elite_percentage': 0.2, 'mutant_percentage': 0.2, 'elite_inheritance_prob': 0.65, 'restarts_patience': 100, 'ls_range': 7, 'ls_periodic_run_period': 100}",56,6,50,382.5578859440242,6.5096845626831055,100095,381.53301582072294,0.26861898729697703
BRKGA-R-LS,"{'elite_percentage': 0.2, 'mutant_percentage': 0.2, 'elite_inheritance_prob': 0.65, 'restarts_patience': 100, 'ls_range': 7, 'ls_periodic_run_period': 100}",56,7,100,759.8285843961269,13.910917282104492,117314,757.3148940610056,0.3319214180038022
BRKGA-R-LS,"{'elite_percentage': 0.2, 'mutant_percentage': 0.2, 'elite_inheritance_prob': 0.65, 'restarts_patience': 100, 'ls_range': 7, 'ls_periodic_run_period': 100}",56,8,100,707.8821872567086,15.55374264717102,129141,706.1873763225933,0.23999451008892672
BRKGA-R-LS,"{'elite_percentage': 0.2, 'mutant_percentage': 0.2, 'elite_inheritance_prob': 0.65, 'restarts_patience': 100, 'ls_range': 7, 'ls_periodic_run_period': 100}",56,9,100,732.7966857237426,12.032542705535889,104990,729.5370949892298,0.44680260358260937
BRKGA-R-LS,"{'elite_percentage': 0.2, 'mutant_percentage': 0.2, 'elite_inheritance_prob': 0.85, 'restarts_patience': 50, 'ls_range': 3, 'ls_periodic_run_period': 50}",57,1,20,124.02068755397215,2.6293435096740723,100099,123.5279249454444,0.3989078653635457
BRKGA-R-LS,"{'elite_percentage': 0.2, 'mutant_percentage': 0.2, 'elite_inheritance_prob': 0.85, 'restarts_patience': 50, 'ls_range': 3, 'ls_periodic_run_period': 50}",57,2,20,119.01485380958297,2.528127908706665,100097,118.19212126813449,0.6960976185392344
BRKGA-R-LS,"{'elite_percentage': 0.2, 'mutant_percentage': 0.2, 'elite_inheritance_prob': 0.85, 'restarts_patience': 50, 'ls_range': 3, 'ls_periodic_run_period': 50}",57,3,20,164.63404133734662,2.4393584728240967,100022,163.8923966100251,0.45251930087168113
BRKGA-R-LS,"{'elite_percentage': 0.2, 'mutant_percentage': 0.2, 'elite_inheritance_prob': 0.85, 'restarts_patience': 50, 'ls_range': 3, 'ls_periodic_run_period': 50}",57,4,50,316.95577669523175,6.347881317138672,100145,315.4125509015329,0.4892721577780963
BRKGA-R-LS,"{'elite_percentage': 0.2, 'mutant_percentage': 0.2, 'elite_inheritance_prob': 0.85, 'restarts_patience': 50, 'ls_range': 3, 'ls_periodic_run_period': 50}",57,5,50,358.39906574438584,7.316800594329834,114392,356.5665364764205,0.5139375349336911
BRKGA-R-LS,"{'elite_percentage': 0.2, 'mutant_percentage': 0.2, 'elite_inheritance_prob': 0.85, 'restarts_patience': 50, 'ls_range': 3, 'ls_periodic_run_period': 50}",57,6,50,383.9467951371343,6.3779137134552,100121,381.53301582072294,0.6326528023319392
BRKGA-R-LS,"{'elite_percentage': 0.2, 'mutant_percentage': 0.2, 'elite_inheritance_prob': 0.85, 'restarts_patience': 50, 'ls_range': 3, 'ls_periodic_run_period': 50}",57,7,100,757.3148940610056,18.614994049072266,148647,757.3148940610056,0.0
BRKGA-R-LS,"{'elite_percentage': 0.2, 'mutant_percentage': 0.2, 'elite_inheritance_prob': 0.85, 'restarts_patience': 50, 'ls_range': 3, 'ls_periodic_run_period': 50}",57,8,100,708.0401799225829,14.115621328353882,113891,706.1873763225933,0.2623671368409137
BRKGA-R-LS,"{'elite_percentage': 0.2, 'mutant_percentage': 0.2, 'elite_inheritance_prob': 0.85, 'restarts_patience': 50, 'ls_range': 3, 'ls_periodic_run_period': 50}",57,9,100,732.1293659858154,12.225321531295776,103824,729.5370949892298,0.3553309371641884
BRKGA-R-LS,"{'elite_percentage': 0.2, 'mutant_percentage': 0.2, 'elite_inheritance_prob': 0.85, 'restarts_patience': 50, 'ls_range': 3, 'ls_periodic_run_period': 100}",58,1,20,123.82861560044365,2.5379059314727783,100084,123.5279249454444,0.24341917435434673
BRKGA-R-LS,"{'elite_percentage': 0.2, 'mutant_percentage': 0.2, 'elite_inheritance_prob': 0.85, 'restarts_patience': 50, 'ls_range': 3, 'ls_periodic_run_period': 100}",58,2,20,118.19212126813449,2.4517080783843994,100020,118.19212126813449,0.0
BRKGA-R-LS,"{'elite_percentage': 0.2, 'mutant_percentage': 0.2, 'elite_inheritance_prob': 0.85, 'restarts_patience': 50, 'ls_range': 3, 'ls_periodic_run_period': 100}",58,3,20,164.87355296427702,2.353616237640381,100032,163.8923966100251,0.5986588606587748
BRKGA-R-LS,"{'elite_percentage': 0.2, 'mutant_percentage': 0.2, 'elite_inheritance_prob': 0.85, 'restarts_patience': 50, 'ls_range': 3, 'ls_periodic_run_period': 100}",58,4,50,317.148534814286,6.1361403465271,100044,315.4125509015329,0.5503851726227158
BRKGA-R-LS,"{'elite_percentage': 0.2, 'mutant_percentage': 0.2, 'elite_inheritance_prob': 0.85, 'restarts_patience': 50, 'ls_range': 3, 'ls_periodic_run_period': 100}",58,5,50,358.21042592074406,6.2919604778289795,100024,356.5665364764205,0.4610330123988755
BRKGA-R-LS,"{'elite_percentage': 0.2, 'mutant_percentage': 0.2, 'elite_inheritance_prob': 0.85, 'restarts_patience': 50, 'ls_range': 3, 'ls_periodic_run_period': 100}",58,6,50,383.082735159917,6.370660781860352,100035,381.53301582072294,0.40618223716770896
BRKGA-R-LS,"{'elite_percentage': 0.2, 'mutant_percentage': 0.2, 'elite_inheritance_prob': 0.85, 'restarts_patience': 50, 'ls_range': 3, 'ls_periodic_run_period': 100}",58,7,100,759.1016703881429,16.075724840164185,130437,757.3148940610056,0.23593571724912937
BRKGA-R-LS,"{'elite_percentage': 0.2, 'mutant_percentage': 0.2, 'elite_inheritance_prob': 0.85, 'restarts_patience': 50, 'ls_range': 3, 'ls_periodic_run_period': 100}",58,8,100,707.7798580627135,13.831353425979614,113488,706.1873763225933,0.22550413580215925
BRKGA-R-LS,"{'elite_percentage': 0.2, 'mutant_percentage': 0.2, 'elite_inheritance_prob': 0.85, 'restarts_patience': 50, 'ls_range': 3, 'ls_periodic_run_period': 100}",58,9,100,731.9393688175699,11.678918361663818,100129,729.5370949892298,0.32928741318843235
BRKGA-R-LS,"{'elite_percentage': 0.2, 'mutant_percentage': 0.2, 'elite_inheritance_prob': 0.85, 'restarts_patience': 50, 'ls_range': 7, 'ls_periodic_run_period': 50}",59,1,20,123.8722275443256,2.480803966522217,100141,123.5279249454444,0.2787245062468745
BRKGA-R-LS,"{'elite_percentage': 0.2, 'mutant_percentage': 0.2, 'elite_inheritance_prob': 0.85, 'restarts_patience': 50, 'ls_range': 7, 'ls_periodic_run_period': 50}",59,2,20,118.97041881624989,2.4028072357177734,100138,118.19212126813449,0.6585020556063401
BRKGA-R-LS,"{'elite_percentage': 0.2, 'mutant_percentage': 0.2, 'elite_inheritance_prob': 0.85, 'restarts_patience': 50, 'ls_range': 7, 'ls_periodic_run_period': 50}",59,3,20,164.97614663241467,2.3045127391815186,100093,163.8923966100251,0.6612570471882944
BRKGA-R-LS,"{'elite_percentage': 0.2, 'mutant_percentage': 0.2, 'elite_inheritance_prob': 0.85, 'restarts_patience': 50, 'ls_range': 7, 'ls_periodic_run_period': 50}",59,4,50,315.9934089044777,6.975705146789551,116634,315.4125509015329,0.18415817673854815
BRKGA-R-LS,"{'elite_percentage': 0.2, 'mutant_percentage': 0.2, 'elite_inheritance_prob': 0.85, 'restarts_patience': 50, 'ls_range': 7, 'ls_periodic_run_period': 50}",59,5,50,358.23600285232675,6.159422874450684,100134,356.5665364764205,0.4682061284841486
BRKGA-R-LS,"{'elite_percentage': 0.2, 'mutant_percentage': 0.2, 'elite_inheritance_prob': 0.85, 'restarts_patience': 50, 'ls_range': 7, 'ls_periodic_run_period': 50}",59,6,50,382.3930344288584,6.239734411239624,100089,381.53301582072294,0.22541132024589638
BRKGA-R-LS,"{'elite_percentage': 0.2, 'mutant_percentage': 0.2, 'elite_inheritance_prob': 0.85, 'restarts_patience': 50, 'ls_range': 7, 'ls_periodic_run_period': 50}",59,7,100,759.3157898756284,17.331340789794922,147601,757.3148940610056,0.26420922529243696
BRKGA-R-LS,"{'elite_percentage': 0.2, 'mutant_percentage': 0.2, 'elite_inheritance_prob': 0.85, 'restarts_patience': 50, 'ls_range': 7, 'ls_periodic_run_period': 50}",59,8,100,708.565026655564,14.982893705368042,128273,706.1873763225933,0.3366883086118144
BRKGA-R-LS,"{'elite_percentage': 0.2, 'mutant_percentage': 0.2, 'elite_inheritance_prob': 0.85, 'restarts_patience': 50, 'ls_range': 7, 'ls_periodic_run_period': 50}",59,9,100,732.2686633070966,11.38033413887024,103044,729.5370949892298,0.37442486977405465
BRKGA-R-LS,"{'elite_percentage': 0.2, 'mutant_percentage': 0.2, 'elite_inheritance_prob': 0.85, 'restarts_patience': 50, 'ls_range': 7, 'ls_periodic_run_period': 100}",60,1,20,124.03504217275922,2.4868528842926025,100034,123.5279249454444,0.41052841091501246
BRKGA-R-LS,"{'elite_percentage': 0.2, 'mutant_percentage': 0.2, 'elite_inheritance_prob': 0.85, 'restarts_patience': 50, 'ls_range': 7, 'ls_periodic_run_period': 100}",60,2,20,118.95135951265299,2.432478189468384,100026,118.19212126813449,0.6423763584004614
BRKGA-R-LS,"{'elite_percentage': 0.2, 'mutant_percentage': 0.2, 'elite_inheritance_prob': 0.85, 'restarts_patience': 50, 'ls_range': 7, 'ls_periodic_run_period': 100}",60,3,20,164.98352499033209,2.3227221965789795,100023,163.8923966100251,0.6657589997315683
BRKGA-R-LS,"{'elite_percentage': 0.2, 'mutant_percentage': 0.2, 'elite_inheritance_prob': 0.85, 'restarts_patience': 50, 'ls_range': 7, 'ls_periodic_run_period': 100}",60,4,50,317.7631295172883,6.005114555358887,100014,315.4125509015329,0.745239404404432
BRKGA-R-LS,"{'elite_percentage': 0.2, 'mutant_percentage': 0.2, 'elite_inheritance_prob': 0.85, 'restarts_patience': 50, 'ls_range': 7, 'ls_periodic_run_period': 100}",60,5,50,357.29158191882203,6.206249713897705,100012,356.5665364764205,0.2033408545755382
BRKGA-R-LS,"{'elite_percentage': 0.2, 'mutant_percentage': 0.2, 'elite_inheritance_prob': 0.85, 'restarts_patience': 50, 'ls_range': 7, 'ls_periodic_run_period': 100}",60,6,50,381.53301582072294,6.545695543289185,104927,381.53301582072294,0.0
BRKGA-R-LS,"{'elite_percentage': 0.2, 'mutant_percentage': 0.2, 'elite_inheritance_prob': 0.85, 'restarts_patience': 50, 'ls_range': 7, 'ls_periodic_run_period': 100}",60,7,100,759.2938031010243,14.455224990844727,123449,757.3148940610056,0.2613059713386951
BRKGA-R-LS,"{'elite_percentage': 0.2, 'mutant_percentage': 0.2, 'elite_inheritance_prob': 0.85, 'restarts_patience': 50, 'ls_range': 7, 'ls_periodic_run_period': 100}",60,8,100,706.1873763225933,17.516510248184204,150160,706.1873763225933,0.0
BRKGA-R-LS,"{'elite_percentage': 0.2, 'mutant_percentage': 0.2, 'elite_inheritance_prob': 0.85, 'restarts_patience': 50, 'ls_range': 7, 'ls_periodic_run_period': 100}",60,9,100,731.2281193925569,14.782866954803467,123584,729.5370949892298,0.23179416303047212
BRKGA-R-LS,"{'elite_percentage': 0.2, 'mutant_percentage': 0.2, 'elite_inheritance_prob': 0.85, 'restarts_patience': 100, 'ls_range': 3, 'ls_periodic_run_period': 50}",61,1,20,124.63846404279374,2.477609872817993,100075,123.5279249454444,0.8990186614401648
BRKGA-R-LS,"{'elite_percentage': 0.2, 'mutant_percentage': 0.2, 'elite_inheritance_prob': 0.85, 'restarts_patience': 100, 'ls_range': 3, 'ls_periodic_run_period': 50}",61,2,20,118.74108615280677,2.8416430950164795,115005,118.19212126813449,0.46446825624432925
BRKGA-R-LS,"{'elite_percentage': 0.2, 'mutant_percentage': 0.2, 'elite_inheritance_prob': 0.85, 'restarts_patience': 100, 'ls_range': 3, 'ls_periodic_run_period': 50}",61,3,20,164.93538621242394,2.394106149673462,100101,163.8923966100251,0.6363868147468711
BRKGA-R-LS,"{'elite_percentage': 0.2, 'mutant_percentage': 0.2, 'elite_inheritance_prob': 0.85, 'restarts_patience': 100, 'ls_range': 3, 'ls_periodic_run_period': 50}",61,4,50,316.7303622950031,6.539289474487305,100057,315.4125509015329,0.4178056293903185
BRKGA-R-LS,"{'elite_percentage': 0.2, 'mutant_percentage': 0.2, 'elite_inheritance_prob': 0.85, 'restarts_patience': 100, 'ls_range': 3, 'ls_periodic_run_period': 50}",61,5,50,358.4241408875599,6.675090789794922,100109,356.5665364764205,0.5209699231723147
BRKGA-R-LS,"{'elite_percentage': 0.2, 'mutant_percentage': 0.2, 'elite_inheritance_prob': 0.85, 'restarts_patience': 100, 'ls_range': 3, 'ls_periodic_run_period': 50}",61,6,50,383.4085736245289,6.74080491065979,100770,381.53301582072294,0.4915846666038658
BRKGA-R-LS,"{'elite_percentage': 0.2, 'mutant_percentage': 0.2, 'elite_inheritance_prob': 0.85, 'restarts_patience': 100, 'ls_range': 3, 'ls_periodic_run_period': 50}",61,7,100,758.7868843543408,14.175028800964355,111939,757.3148940610056,0.1943696479336193
BRKGA-R-LS,"{'elite_percentage': 0.2, 'mutant_percentage': 0.2, 'elite_inheritance_prob': 0.85, 'restarts_patience': 100, 'ls_range': 3, 'ls_periodic_run_period': 50}",61,8,100,709.9497291158764,12.461302280426025,100141,706.1873763225933,0.5327697604671414
BRKGA-R-LS,"{'elite_percentage': 0.2, 'mutant_percentage': 0.2, 'elite_inheritance_prob': 0.85, 'restarts_patience': 100, 'ls_range': 3, 'ls_periodic_run_period': 50}",61,9,100,731.1924740432912,11.81698751449585,100105,729.5370949892298,0.2269081401660413
BRKGA-R-LS,"{'elite_percentage': 0.2, 'mutant_percentage': 0.2, 'elite_inheritance_prob': 0.85, 'restarts_patience': 100, 'ls_range': 3, 'ls_periodic_run_period': 100}",62,1,20,124.01177405876113,2.562563896179199,100063,123.5279249454444,0.39169209191397536
BRKGA-R-LS,"{'elite_percentage': 0.2, 'mutant_percentage': 0.2, 'elite_inheritance_prob': 0.85, 'restarts_patience': 100, 'ls_range': 3, 'ls_periodic_run_period': 100}",62,2,20,118.5157573100181,2.4385061264038086,100047,118.19212126813449,0.27382200980165655
BRKGA-R-LS,"{'elite_percentage': 0.2, 'mutant_percentage': 0.2, 'elite_inheritance_prob': 0.85, 'restarts_patience': 100, 'ls_range': 3, 'ls_periodic_run_period': 100}",62,3,20,165.09499341286286,2.7874562740325928,114507,163.8923966100251,0.7337721747393212
BRKGA-R-LS,"{'elite_percentage': 0.2, 'mutant_percentage': 0.2, 'elite_inheritance_prob': 0.85, 'restarts_patience': 100, 'ls_range': 3, 'ls_periodic_run_period': 100}",62,4,50,316.4953685798753,6.261021852493286,100120,315.4125509015329,0.34330202626604855
BRKGA-R-LS,"{'elite_percentage': 0.2, 'mutant_percentage': 0.2, 'elite_inheritance_prob': 0.85, 'restarts_patience': 100, 'ls_range': 3, 'ls_periodic_run_period': 100}",62,5,50,357.5760222837725,6.366699934005737,100252,356.5665364764205,0.2831128847164725
BRKGA-R-LS,"{'elite_percentage': 0.2, 'mutant_percentage': 0.2, 'elite_inheritance_prob': 0.85, 'restarts_patience': 100, 'ls_range': 3, 'ls_periodic_run_period': 100}",62,6,50,382.2657909026559,7.192761659622192,110590,381.53301582072294,0.19206072647649755
BRKGA-R-LS,"{'elite_percentage': 0.2, 'mutant_percentage': 0.2, 'elite_inheritance_prob': 0.85, 'restarts_patience': 100, 'ls_range': 3, 'ls_periodic_run_period': 100}",62,7,100,760.4479592440878,12.272302389144897,100065,757.3148940610056,0.4137070599894733
BRKGA-R-LS,"{'elite_percentage': 0.2, 'mutant_percentage': 0.2, 'elite_inheritance_prob': 0.85, 'restarts_patience': 100, 'ls_range': 3, 'ls_periodic_run_period': 100}",62,8,100,709.0735631209694,12.182547807693481,100121,706.1873763225933,0.4086998571690238
BRKGA-R-LS,"{'elite_percentage': 0.2, 'mutant_percentage': 0.2, 'elite_inheritance_prob': 0.85, 'restarts_patience': 100, 'ls_range': 3, 'ls_periodic_run_period': 100}",62,9,100,730.79777724116,11.687546491622925,100553,729.5370949892298,0.17280577788149973
BRKGA-R-LS,"{'elite_percentage': 0.2, 'mutant_percentage': 0.2, 'elite_inheritance_prob': 0.85, 'restarts_patience': 100, 'ls_range': 7, 'ls_periodic_run_period': 50}",63,1,20,124.64570117504448,2.5000970363616943,100008,123.5279249454444,0.9048773628260521
BRKGA-R-LS,"{'elite_percentage': 0.2, 'mutant_percentage': 0.2, 'elite_inheritance_prob': 0.85, 'restarts_patience': 100, 'ls_range': 7, 'ls_periodic_run_period': 50}",63,2,20,118.95135951265299,2.462317705154419,100140,118.19212126813449,0.6423763584004614
BRKGA-R-LS,"{'elite_percentage': 0.2, 'mutant_percentage': 0.2, 'elite_inheritance_prob': 0.85, 'restarts_patience': 100, 'ls_range': 7, 'ls_periodic_run_period': 50}",63,3,20,164.97614663241467,2.3292205333709717,100093,163.8923966100251,0.6612570471882944
BRKGA-R-LS,"{'elite_percentage': 0.2, 'mutant_percentage': 0.2, 'elite_inheritance_prob': 0.85, 'restarts_patience': 100, 'ls_range': 7, 'ls_periodic_run_period': 50}",63,4,50,317.388347983373,5.977823734283447,100055,315.4125509015329,0.6264167599522558
BRKGA-R-LS,"{'elite_percentage': 0.2, 'mutant_percentage': 0.2, 'elite_inheritance_prob': 0.85, 'restarts_patience': 100, 'ls_range': 7, 'ls_periodic_run_period': 50}",63,5,50,357.2894719211457,6.247397422790527,100074,356.5665364764205,0.20274910031358057
BRKGA-R-LS,"{'elite_percentage': 0.2, 'mutant_percentage': 0.2, 'elite_inheritance_prob': 0.85, 'restarts_patience': 100, 'ls_range': 7, 'ls_periodic_run_period': 50}",63,6,50,382.2192789280091,6.297887325286865,100074,381.53301582072294,0.1798699139601112
BRKGA-R-LS,"{'elite_percentage': 0.2, 'mutant_percentage': 0.2, 'elite_inheritance_prob': 0.85, 'restarts_patience': 100, 'ls_range': 7, 'ls_periodic_run_period': 50}",63,7,100,759.4422378192461,14.171649694442749,121846,757.3148940610056,0.280906103250246
BRKGA-R-LS,"{'elite_percentage': 0.2, 'mutant_percentage': 0.2, 'elite_inheritance_prob': 0.85, 'restarts_patience': 100, 'ls_range': 7, 'ls_periodic_run_period': 50}",63,8,100,708.8175954225769,13.096508502960205,113261,706.1873763225933,0.3724534292414335
BRKGA-R-LS,"{'elite_percentage': 0.2, 'mutant_percentage': 0.2, 'elite_inheritance_prob': 0.85, 'restarts_patience': 100, 'ls_range': 7, 'ls_periodic_run_period': 50}",63,9,100,731.9869918551602,13.236745834350586,118606,729.5370949892298,0.3358152563807066
BRKGA-R-LS,"{'elite_percentage': 0.2, 'mutant_percentage': 0.2, 'elite_inheritance_prob': 0.85, 'restarts_patience': 100, 'ls_range': 7, 'ls_periodic_run_period': 100}",64,1,20,124.03504217275922,2.5020618438720703,100034,123.5279249454444,0.41052841091501246
BRKGA-R-LS,"{'elite_percentage': 0.2, 'mutant_percentage': 0.2, 'elite_inheritance_prob': 0.85, 'restarts_patience': 100, 'ls_range': 7, 'ls_periodic_run_period': 100}",64,2,20,119.14418018204893,2.4175281524658203,100012,118.19212126813449,0.8055180867382609
BRKGA-R-LS,"{'elite_percentage': 0.2, 'mutant_percentage': 0.2, 'elite_inheritance_prob': 0.85, 'restarts_patience': 100, 'ls_range': 7, 'ls_periodic_run_period': 100}",64,3,20,165.26722702046507,2.331158399581909,100017,163.8923966100251,0.8388616182795431
BRKGA-R-LS,"{'elite_percentage': 0.2, 'mutant_percentage': 0.2, 'elite_inheritance_prob': 0.85, 'restarts_patience': 100, 'ls_range': 7, 'ls_periodic_run_period': 100}",64,4,50,315.89180484024723,5.959378719329834,100066,315.4125509015329,0.15194510723955515
BRKGA-R-LS,"{'elite_percentage': 0.2, 'mutant_percentage': 0.2, 'elite_inheritance_prob': 0.85, 'restarts_patience': 100, 'ls_range': 7, 'ls_periodic_run_period': 100}",64,5,50,357.6129124027058,6.21708345413208,100028,356.5665364764205,0.2934588132205416
BRKGA-R-LS,"{'elite_percentage': 0.2, 'mutant_percentage': 0.2, 'elite_inheritance_prob': 0.85, 'restarts_patience': 100, 'ls_range': 7, 'ls_periodic_run_period': 100}",64,6,50,382.5098690279821,6.298758029937744,100027,381.53301582072294,0.25603372886560155
BRKGA-R-LS,"{'elite_percentage': 0.2, 'mutant_percentage': 0.2, 'elite_inheritance_prob': 0.85, 'restarts_patience': 100, 'ls_range': 7, 'ls_periodic_run_period': 100}",64,7,100,758.8885349603456,14.512483835220337,117247,757.3148940610056,0.20779214982840016
BRKGA-R-LS,"{'elite_percentage': 0.2, 'mutant_percentage': 0.2, 'elite_inheritance_prob': 0.85, 'restarts_patience': 100, 'ls_range': 7, 'ls_periodic_run_period': 100}",64,8,100,709.2299257956371,13.486899614334106,116780,706.1873763225933,0.4308416682393245
BRKGA-R-LS,"{'elite_percentage': 0.2, 'mutant_percentage': 0.2, 'elite_inheritance_prob': 0.85, 'restarts_patience': 100, 'ls_range': 7, 'ls_periodic_run_period': 100}",64,9,100,732.1061101412473,14.6111319065094,129991,729.5370949892298,0.35214318362460434
