scheduler_name,config,config_id,instance_id,size,makespan,execution_time_s,solution_count,best_known_makespan,rpd
ACO,"{'num_ants': 50, 'alpha': 1.0, 'beta': 1.0, 'decay': 0.05, 'p_best': 0.1}",1,1,20,124.96794857912836,1.5349774360656738,20000,124.03729577564157,0.7503007846689571
ACO,"{'num_ants': 50, 'alpha': 1.0, 'beta': 1.0, 'decay': 0.05, 'p_best': 0.1}",1,2,20,120.03636545320131,1.7920441627502441,23450,118.6354656029667,1.1808440613559463
ACO,"{'num_ants': 50, 'alpha': 1.0, 'beta': 1.0, 'decay': 0.05, 'p_best': 0.1}",1,3,20,166.5092536753161,1.7452573776245117,23300,164.54929940834646,1.1911045954111374
ACO,"{'num_ants': 50, 'alpha': 1.0, 'beta': 1.0, 'decay': 0.05, 'p_best': 0.1}",1,4,50,323.2392488335097,10.224647283554077,34700,318.6536528323593,1.4390533296547037
ACO,"{'num_ants': 50, 'alpha': 1.0, 'beta': 1.0, 'decay': 0.05, 'p_best': 0.1}",1,5,50,365.21977982308107,6.87407922744751,24700,360.4194456725518,1.3318743503341643
ACO,"{'num_ants': 50, 'alpha': 1.0, 'beta': 1.0, 'decay': 0.05, 'p_best': 0.1}",1,6,50,391.56717302503347,5.541039943695068,20000,385.05729258733777,1.6906264504052064
ACO,"{'num_ants': 50, 'alpha': 1.0, 'beta': 1.0, 'decay': 0.05, 'p_best': 0.1}",1,7,100,775.8496985255808,16.82066297531128,20000,761.9097879558192,1.8296011929656404
ACO,"{'num_ants': 50, 'alpha': 1.0, 'beta': 1.0, 'decay': 0.05, 'p_best': 0.1}",1,8,100,725.341591214285,16.043111085891724,20000,710.3872567232144,2.105096107727233
ACO,"{'num_ants': 50, 'alpha': 1.0, 'beta': 1.0, 'decay': 0.05, 'p_best': 0.1}",1,9,100,749.1607997282917,16.15355658531189,20000,735.0723673725494,1.9166048107753293
ACO,"{'num_ants': 50, 'alpha': 1.0, 'beta': 1.0, 'decay': 0.05, 'p_best': 0.2}",2,1,20,125.05878499515634,1.499880075454712,20000,124.03729577564157,0.8235339323766334
ACO,"{'num_ants': 50, 'alpha': 1.0, 'beta': 1.0, 'decay': 0.05, 'p_best': 0.2}",2,2,20,119.91601488922144,2.4965953826904297,32600,118.6354656029667,1.0793983736198336
ACO,"{'num_ants': 50, 'alpha': 1.0, 'beta': 1.0, 'decay': 0.05, 'p_best': 0.2}",2,3,20,166.9719639985284,1.4786019325256348,20000,164.54929940834646,1.4723031935674429
ACO,"{'num_ants': 50, 'alpha': 1.0, 'beta': 1.0, 'decay': 0.05, 'p_best': 0.2}",2,4,50,322.9435044151075,5.3512163162231445,20000,318.6536528323593,1.3462427135599364
ACO,"{'num_ants': 50, 'alpha': 1.0, 'beta': 1.0, 'decay': 0.05, 'p_best': 0.2}",2,5,50,364.7137534266523,6.344975471496582,23500,360.4194456725518,1.191475045439698
ACO,"{'num_ants': 50, 'alpha': 1.0, 'beta': 1.0, 'decay': 0.05, 'p_best': 0.2}",2,6,50,390.1360666208998,5.512683629989624,20000,385.05729258733777,1.3189658088114402
ACO,"{'num_ants': 50, 'alpha': 1.0, 'beta': 1.0, 'decay': 0.05, 'p_best': 0.2}",2,7,100,774.9134948311914,16.575724124908447,20000,761.9097879558192,1.7067252686516594
ACO,"{'num_ants': 50, 'alpha': 1.0, 'beta': 1.0, 'decay': 0.05, 'p_best': 0.2}",2,8,100,722.9666148981031,17.91996741294861,21600,710.3872567232144,1.7707747507906084
ACO,"{'num_ants': 50, 'alpha': 1.0, 'beta': 1.0, 'decay': 0.05, 'p_best': 0.2}",2,9,100,747.6636052829102,29.219083547592163,35550,735.0723673725494,1.7129249403520797
ACO,"{'num_ants': 50, 'alpha': 1.0, 'beta': 1.0, 'decay': 0.15, 'p_best': 0.1}",3,1,20,125.44850947089257,1.5893449783325195,21350,124.03729577564157,1.1377333619104433
ACO,"{'num_ants': 50, 'alpha': 1.0, 'beta': 1.0, 'decay': 0.15, 'p_best': 0.1}",3,2,20,120.02456209496331,1.4655451774597168,20000,118.6354656029667,1.1708947951917288
ACO,"{'num_ants': 50, 'alpha': 1.0, 'beta': 1.0, 'decay': 0.15, 'p_best': 0.1}",3,3,20,166.26165824985407,2.176281690597534,29450,164.54929940834646,1.0406357533362747
ACO,"{'num_ants': 50, 'alpha': 1.0, 'beta': 1.0, 'decay': 0.15, 'p_best': 0.1}",3,4,50,323.1394117374472,6.982557058334351,26350,318.6536528323593,1.407722417495025
ACO,"{'num_ants': 50, 'alpha': 1.0, 'beta': 1.0, 'decay': 0.15, 'p_best': 0.1}",3,5,50,366.00660452595923,6.970791816711426,26100,360.4194456725518,1.5501824112130465
ACO,"{'num_ants': 50, 'alpha': 1.0, 'beta': 1.0, 'decay': 0.15, 'p_best': 0.1}",3,6,50,392.5170749782745,7.200762987136841,26650,385.05729258733777,1.9373175198973018
ACO,"{'num_ants': 50, 'alpha': 1.0, 'beta': 1.0, 'decay': 0.15, 'p_best': 0.1}",3,7,100,776.3044650168091,16.910006761550903,20000,761.9097879558192,1.889288901197923
ACO,"{'num_ants': 50, 'alpha': 1.0, 'beta': 1.0, 'decay': 0.15, 'p_best': 0.1}",3,8,100,723.6708745691429,23.797465562820435,28750,710.3872567232144,1.8699121810266683
ACO,"{'num_ants': 50, 'alpha': 1.0, 'beta': 1.0, 'decay': 0.15, 'p_best': 0.1}",3,9,100,748.9224022073247,20.64335036277771,25400,735.0723673725494,1.8841729671162915
ACO,"{'num_ants': 50, 'alpha': 1.0, 'beta': 1.0, 'decay': 0.15, 'p_best': 0.2}",4,1,20,125.62856803128598,2.0528931617736816,27000,124.03729577564157,1.2828982167772367
ACO,"{'num_ants': 50, 'alpha': 1.0, 'beta': 1.0, 'decay': 0.15, 'p_best': 0.2}",4,2,20,119.52358235786258,1.5560052394866943,20500,118.6354656029667,0.7486098279144501
ACO,"{'num_ants': 50, 'alpha': 1.0, 'beta': 1.0, 'decay': 0.15, 'p_best': 0.2}",4,3,20,166.7619849711069,1.7151644229888916,23000,164.54929940834646,1.344694611715987
ACO,"{'num_ants': 50, 'alpha': 1.0, 'beta': 1.0, 'decay': 0.15, 'p_best': 0.2}",4,4,50,322.7617611485301,6.507948637008667,24150,318.6536528323593,1.2892079785233403
ACO,"{'num_ants': 50, 'alpha': 1.0, 'beta': 1.0, 'decay': 0.15, 'p_best': 0.2}",4,5,50,365.47571142573145,5.2654619216918945,20000,360.4194456725518,1.4028837272485546
ACO,"{'num_ants': 50, 'alpha': 1.0, 'beta': 1.0, 'decay': 0.15, 'p_best': 0.2}",4,6,50,392.10564496992674,5.29036283493042,20000,385.05729258733777,1.8304684830739266
ACO,"{'num_ants': 50, 'alpha': 1.0, 'beta': 1.0, 'decay': 0.15, 'p_best': 0.2}",4,7,100,773.5794138418803,30.12054681777954,38500,761.9097879558192,1.5316282938653885
ACO,"{'num_ants': 50, 'alpha': 1.0, 'beta': 1.0, 'decay': 0.15, 'p_best': 0.2}",4,8,100,723.1799584107387,25.009330987930298,31000,710.3872567232144,1.800806752437097
ACO,"{'num_ants': 50, 'alpha': 1.0, 'beta': 1.0, 'decay': 0.15, 'p_best': 0.2}",4,9,100,749.7551737664032,15.758903980255127,20000,735.0723673725494,1.9974640655227254
ACO,"{'num_ants': 50, 'alpha': 1.0, 'beta': 2.0, 'decay': 0.05, 'p_best': 0.1}",5,1,20,124.4234623149514,2.596771478652954,35800,124.03729577564157,0.3113309887119143
ACO,"{'num_ants': 50, 'alpha': 1.0, 'beta': 2.0, 'decay': 0.05, 'p_best': 0.1}",5,2,20,119.76915440836093,1.4144341945648193,20000,118.6354656029667,0.9556069929276519
ACO,"{'num_ants': 50, 'alpha': 1.0, 'beta': 2.0, 'decay': 0.05, 'p_best': 0.1}",5,3,20,165.89250805771533,1.5287587642669678,21400,164.54929940834646,0.8162955747599762
ACO,"{'num_ants': 50, 'alpha': 1.0, 'beta': 2.0, 'decay': 0.05, 'p_best': 0.1}",5,4,50,321.8952501281169,5.214148998260498,20000,318.6536528323593,1.0172791891587079
ACO,"{'num_ants': 50, 'alpha': 1.0, 'beta': 2.0, 'decay': 0.05, 'p_best': 0.1}",5,5,50,363.3519891900278,6.764190196990967,25900,360.4194456725518,0.8136474190519343
ACO,"{'num_ants': 50, 'alpha': 1.0, 'beta': 2.0, 'decay': 0.05, 'p_best': 0.1}",5,6,50,386.7512514332748,6.214659690856934,23550,385.05729258733777,0.439923844723129
ACO,"{'num_ants': 50, 'alpha': 1.0, 'beta': 2.0, 'decay': 0.05, 'p_best': 0.1}",5,7,100,769.8356626146473,18.595637321472168,22300,761.9097879558192,1.0402641866687359
ACO,"{'num_ants': 50, 'alpha': 1.0, 'beta': 2.0, 'decay': 0.05, 'p_best': 0.1}",5,8,100,718.0836827338032,18.88528275489807,22850,710.3872567232144,1.0834127354831775
ACO,"{'num_ants': 50, 'alpha': 1.0, 'beta': 2.0, 'decay': 0.05, 'p_best': 0.1}",5,9,100,741.3160938226251,19.158435106277466,23900,735.0723673725494,0.8494029604722338
ACO,"{'num_ants': 50, 'alpha': 1.0, 'beta': 2.0, 'decay': 0.05, 'p_best': 0.2}",6,1,20,124.68591390350012,1.8763411045074463,25800,124.03729577564157,0.5229218549167455
ACO,"{'num_ants': 50, 'alpha': 1.0, 'beta': 2.0, 'decay': 0.05, 'p_best': 0.2}",6,2,20,119.37299510061005,1.8955585956573486,26050,118.6354656029667,0.6216770793580528
ACO,"{'num_ants': 50, 'alpha': 1.0, 'beta': 2.0, 'decay': 0.05, 'p_best': 0.2}",6,3,20,165.76893457021035,1.4814269542694092,20000,164.54929940834646,0.7411974200128546
ACO,"{'num_ants': 50, 'alpha': 1.0, 'beta': 2.0, 'decay': 0.05, 'p_best': 0.2}",6,4,50,321.83503662441586,6.931573867797852,25700,318.6536528323593,0.9983829665151446
ACO,"{'num_ants': 50, 'alpha': 1.0, 'beta': 2.0, 'decay': 0.05, 'p_best': 0.2}",6,5,50,362.71677087207036,5.459933280944824,20000,360.4194456725518,0.6374032331223736
ACO,"{'num_ants': 50, 'alpha': 1.0, 'beta': 2.0, 'decay': 0.05, 'p_best': 0.2}",6,6,50,387.6713809742231,5.417659759521484,20000,385.05729258733777,0.6788829707185475
ACO,"{'num_ants': 50, 'alpha': 1.0, 'beta': 2.0, 'decay': 0.05, 'p_best': 0.2}",6,7,100,768.4455965015972,16.47818613052368,20000,761.9097879558192,0.8578192128642085
ACO,"{'num_ants': 50, 'alpha': 1.0, 'beta': 2.0, 'decay': 0.05, 'p_best': 0.2}",6,8,100,719.1433181800279,16.246562480926514,20000,710.3872567232144,1.232575806216233
ACO,"{'num_ants': 50, 'alpha': 1.0, 'beta': 2.0, 'decay': 0.05, 'p_best': 0.2}",6,9,100,741.8696799457458,20.493964433670044,25000,735.0723673725494,0.9247133853627009
ACO,"{'num_ants': 50, 'alpha': 1.0, 'beta': 2.0, 'decay': 0.15, 'p_best': 0.1}",7,1,20,124.63531297395521,1.5172865390777588,20000,124.03729577564157,0.48212692365958537
ACO,"{'num_ants': 50, 'alpha': 1.0, 'beta': 2.0, 'decay': 0.15, 'p_best': 0.1}",7,2,20,118.78267482649964,2.364867925643921,31850,118.6354656029667,0.12408534225810686
ACO,"{'num_ants': 50, 'alpha': 1.0, 'beta': 2.0, 'decay': 0.15, 'p_best': 0.1}",7,3,20,165.4146692495463,1.493396520614624,20000,164.54929940834646,0.5259030845536109
ACO,"{'num_ants': 50, 'alpha': 1.0, 'beta': 2.0, 'decay': 0.15, 'p_best': 0.1}",7,4,50,320.9845435273128,6.000748634338379,22100,318.6536528323593,0.7314809274067088
ACO,"{'num_ants': 50, 'alpha': 1.0, 'beta': 2.0, 'decay': 0.15, 'p_best': 0.1}",7,5,50,363.36621179088036,5.294663190841675,20000,360.4194456725518,0.8175935437750432
ACO,"{'num_ants': 50, 'alpha': 1.0, 'beta': 2.0, 'decay': 0.15, 'p_best': 0.1}",7,6,50,388.6287556055353,6.552354335784912,24700,385.05729258733777,0.9275147067594972
ACO,"{'num_ants': 50, 'alpha': 1.0, 'beta': 2.0, 'decay': 0.15, 'p_best': 0.1}",7,7,100,771.2415661209834,17.955301761627197,21800,761.9097879558192,1.2247878046298764
ACO,"{'num_ants': 50, 'alpha': 1.0, 'beta': 2.0, 'decay': 0.15, 'p_best': 0.1}",7,8,100,720.0306947065134,20.581799030303955,24450,710.3872567232144,1.3574902832267932
ACO,"{'num_ants': 50, 'alpha': 1.0, 'beta': 2.0, 'decay': 0.15, 'p_best': 0.1}",7,9,100,743.5007497934951,21.804139375686646,26400,735.0723673725494,1.1466058030547654
ACO,"{'num_ants': 50, 'alpha': 1.0, 'beta': 2.0, 'decay': 0.15, 'p_best': 0.2}",8,1,20,124.78230402614132,1.4842619895935059,20000,124.03729577564157,0.6006324515872392
ACO,"{'num_ants': 50, 'alpha': 1.0, 'beta': 2.0, 'decay': 0.15, 'p_best': 0.2}",8,2,20,119.1817037796499,2.027723789215088,27650,118.6354656029667,0.46043413232874764
ACO,"{'num_ants': 50, 'alpha': 1.0, 'beta': 2.0, 'decay': 0.15, 'p_best': 0.2}",8,3,20,165.94801883596185,2.1572446823120117,29450,164.54929940834646,0.8500306185712283
ACO,"{'num_ants': 50, 'alpha': 1.0, 'beta': 2.0, 'decay': 0.15, 'p_best': 0.2}",8,4,50,321.44245130115377,6.891276836395264,26250,318.6536528323593,0.8751817040244768
ACO,"{'num_ants': 50, 'alpha': 1.0, 'beta': 2.0, 'decay': 0.15, 'p_best': 0.2}",8,5,50,363.12417262293974,7.748903036117554,28650,360.4194456725518,0.7504386854990235
ACO,"{'num_ants': 50, 'alpha': 1.0, 'beta': 2.0, 'decay': 0.15, 'p_best': 0.2}",8,6,50,389.1817762882535,6.23542594909668,23500,385.05729258733777,1.0711350701091389
ACO,"{'num_ants': 50, 'alpha': 1.0, 'beta': 2.0, 'decay': 0.15, 'p_best': 0.2}",8,7,100,770.1392168466614,28.800369262695312,35350,761.9097879558192,1.080105416800263
ACO,"{'num_ants': 50, 'alpha': 1.0, 'beta': 2.0, 'decay': 0.15, 'p_best': 0.2}",8,8,100,718.0323071530655,30.685314655303955,38050,710.3872567232144,1.0761806827891716
ACO,"{'num_ants': 50, 'alpha': 1.0, 'beta': 2.0, 'decay': 0.15, 'p_best': 0.2}",8,9,100,743.6301054132798,16.458377599716187,20000,735.0723673725494,1.1642034744578025
ACO,"{'num_ants': 50, 'alpha': 1.0, 'beta': 5.0, 'decay': 0.05, 'p_best': 0.1}",9,1,20,124.48725425108825,1.520756721496582,20000,124.03729577564157,0.36276062988390373
ACO,"{'num_ants': 50, 'alpha': 1.0, 'beta': 5.0, 'decay': 0.05, 'p_best': 0.1}",9,2,20,119.39065366782421,2.7883408069610596,36850,118.6354656029667,0.6365618080725276
ACO,"{'num_ants': 50, 'alpha': 1.0, 'beta': 5.0, 'decay': 0.05, 'p_best': 0.1}",9,3,20,165.32188382072226,1.505091667175293,20000,164.54929940834646,0.46951546749436884
ACO,"{'num_ants': 50, 'alpha': 1.0, 'beta': 5.0, 'decay': 0.05, 'p_best': 0.1}",9,4,50,320.91275630335446,9.46752667427063,29900,318.6536528323593,0.7089526358524642
ACO,"{'num_ants': 50, 'alpha': 1.0, 'beta': 5.0, 'decay': 0.05, 'p_best': 0.1}",9,5,50,362.4466455029282,12.208566427230835,26250,360.4194456725518,0.5624557317082712
ACO,"{'num_ants': 50, 'alpha': 1.0, 'beta': 5.0, 'decay': 0.05, 'p_best': 0.1}",9,6,50,386.0215449171782,7.718459606170654,27150,385.05729258733777,0.25041788544277377
ACO,"{'num_ants': 50, 'alpha': 1.0, 'beta': 5.0, 'decay': 0.05, 'p_best': 0.1}",9,7,100,765.899665439632,23.081299543380737,26250,761.9097879558192,0.5236679652741524
ACO,"{'num_ants': 50, 'alpha': 1.0, 'beta': 5.0, 'decay': 0.05, 'p_best': 0.1}",9,8,100,715.9502787417299,17.439774990081787,20000,710.3872567232144,0.7830971017379947
ACO,"{'num_ants': 50, 'alpha': 1.0, 'beta': 5.0, 'decay': 0.05, 'p_best': 0.1}",9,9,100,739.009309823732,17.084874868392944,20000,735.0723673725494,0.5355856954948368
ACO,"{'num_ants': 50, 'alpha': 1.0, 'beta': 5.0, 'decay': 0.05, 'p_best': 0.2}",10,1,20,124.7105488404991,2.2383506298065186,29900,124.03729577564157,0.5427827659797682
ACO,"{'num_ants': 50, 'alpha': 1.0, 'beta': 5.0, 'decay': 0.05, 'p_best': 0.2}",10,2,20,119.50768690390323,1.498091697692871,20000,118.6354656029667,0.7352112595533312
ACO,"{'num_ants': 50, 'alpha': 1.0, 'beta': 5.0, 'decay': 0.05, 'p_best': 0.2}",10,3,20,165.65553482051237,1.4950501918792725,20000,164.54929940834646,0.6722820553739798
ACO,"{'num_ants': 50, 'alpha': 1.0, 'beta': 5.0, 'decay': 0.05, 'p_best': 0.2}",10,4,50,320.96474014247707,5.628864288330078,20000,318.6536528323593,0.7252662222998667
ACO,"{'num_ants': 50, 'alpha': 1.0, 'beta': 5.0, 'decay': 0.05, 'p_best': 0.2}",10,5,50,362.0103637736764,8.463226795196533,30300,360.4194456725518,0.44140739913627774
ACO,"{'num_ants': 50, 'alpha': 1.0, 'beta': 5.0, 'decay': 0.05, 'p_best': 0.2}",10,6,50,386.11931405334565,8.055739164352417,29050,385.05729258733777,0.27580868781156564
ACO,"{'num_ants': 50, 'alpha': 1.0, 'beta': 5.0, 'decay': 0.05, 'p_best': 0.2}",10,7,100,766.7372294203066,26.792059659957886,20000,761.9097879558192,0.633597512566318
ACO,"{'num_ants': 50, 'alpha': 1.0, 'beta': 5.0, 'decay': 0.05, 'p_best': 0.2}",10,8,100,715.6139591917107,23.78761124610901,26900,710.3872567232144,0.7357539734884072
ACO,"{'num_ants': 50, 'alpha': 1.0, 'beta': 5.0, 'decay': 0.05, 'p_best': 0.2}",10,9,100,738.687532026414,22.4964656829834,27100,735.0723673725494,0.4918107133841463
ACO,"{'num_ants': 50, 'alpha': 1.0, 'beta': 5.0, 'decay': 0.15, 'p_best': 0.1}",11,1,20,124.66710902683727,1.4500129222869873,20000,124.03729577564157,0.5077611917103582
ACO,"{'num_ants': 50, 'alpha': 1.0, 'beta': 5.0, 'decay': 0.15, 'p_best': 0.1}",11,2,20,119.79917148738647,1.84295654296875,25400,118.6354656029667,0.9809089368893319
ACO,"{'num_ants': 50, 'alpha': 1.0, 'beta': 5.0, 'decay': 0.15, 'p_best': 0.1}",11,3,20,165.2198949554372,2.3442578315734863,32550,164.54929940834646,0.40753473244914995
ACO,"{'num_ants': 50, 'alpha': 1.0, 'beta': 5.0, 'decay': 0.15, 'p_best': 0.1}",11,4,50,320.30733786883667,5.946250915527344,22750,318.6536528323593,0.5189600124707726
ACO,"{'num_ants': 50, 'alpha': 1.0, 'beta': 5.0, 'decay': 0.15, 'p_best': 0.1}",11,5,50,361.9369671593539,5.305567502975464,20000,360.4194456725518,0.42104317761501603
ACO,"{'num_ants': 50, 'alpha': 1.0, 'beta': 5.0, 'decay': 0.15, 'p_best': 0.1}",11,6,50,385.4704337975028,5.363800287246704,20000,385.05729258733777,0.10729343869556782
ACO,"{'num_ants': 50, 'alpha': 1.0, 'beta': 5.0, 'decay': 0.15, 'p_best': 0.1}",11,7,100,767.5422400900056,16.631839275360107,20000,761.9097879558192,0.7392544659779406
ACO,"{'num_ants': 50, 'alpha': 1.0, 'beta': 5.0, 'decay': 0.15, 'p_best': 0.1}",11,8,100,715.433111628359,16.91767168045044,20000,710.3872567232144,0.7102963710835065
ACO,"{'num_ants': 50, 'alpha': 1.0, 'beta': 5.0, 'decay': 0.15, 'p_best': 0.1}",11,9,100,739.4551171103602,16.32036066055298,20000,735.0723673725494,0.5962337767472613
ACO,"{'num_ants': 50, 'alpha': 1.0, 'beta': 5.0, 'decay': 0.15, 'p_best': 0.2}",12,1,20,124.59514466330549,1.478712797164917,20000,124.03729577564157,0.4497428649790614
ACO,"{'num_ants': 50, 'alpha': 1.0, 'beta': 5.0, 'decay': 0.15, 'p_best': 0.2}",12,2,20,119.53659325455907,1.4598591327667236,20000,118.6354656029667,0.7595769502925328
ACO,"{'num_ants': 50, 'alpha': 1.0, 'beta': 5.0, 'decay': 0.15, 'p_best': 0.2}",12,3,20,165.38624632638613,2.327000617980957,31400,164.54929940834646,0.5086298884583519
ACO,"{'num_ants': 50, 'alpha': 1.0, 'beta': 5.0, 'decay': 0.15, 'p_best': 0.2}",12,4,50,320.4233943151481,6.592179536819458,24950,318.6536528323593,0.5553808867585249
ACO,"{'num_ants': 50, 'alpha': 1.0, 'beta': 5.0, 'decay': 0.15, 'p_best': 0.2}",12,5,50,362.2306168551746,5.350578308105469,20000,360.4194456725518,0.5025176095155331
ACO,"{'num_ants': 50, 'alpha': 1.0, 'beta': 5.0, 'decay': 0.15, 'p_best': 0.2}",12,6,50,386.42299349565394,6.427937984466553,23650,385.05729258733777,0.35467472882789414
ACO,"{'num_ants': 50, 'alpha': 1.0, 'beta': 5.0, 'decay': 0.15, 'p_best': 0.2}",12,7,100,766.4816612974504,16.868003845214844,20000,761.9097879558192,0.600054417714911
ACO,"{'num_ants': 50, 'alpha': 1.0, 'beta': 5.0, 'decay': 0.15, 'p_best': 0.2}",12,8,100,715.8736825484941,20.47249412536621,24750,710.3872567232144,0.7723147865274009
ACO,"{'num_ants': 50, 'alpha': 1.0, 'beta': 5.0, 'decay': 0.15, 'p_best': 0.2}",12,9,100,738.7270042452799,30.45111894607544,36550,735.0723673725494,0.4971805545886175
ACO,"{'num_ants': 50, 'alpha': 2.0, 'beta': 1.0, 'decay': 0.05, 'p_best': 0.1}",13,1,20,124.98211362038187,1.5251398086547852,20000,124.03729577564157,0.7617207702184061
ACO,"{'num_ants': 50, 'alpha': 2.0, 'beta': 1.0, 'decay': 0.05, 'p_best': 0.1}",13,2,20,120.30557008976737,1.5175552368164062,20000,118.6354656029667,1.4077615646487618
ACO,"{'num_ants': 50, 'alpha': 2.0, 'beta': 1.0, 'decay': 0.05, 'p_best': 0.1}",13,3,20,166.9496568896827,1.5067155361175537,20000,164.54929940834646,1.4587467038553004
ACO,"{'num_ants': 50, 'alpha': 2.0, 'beta': 1.0, 'decay': 0.05, 'p_best': 0.1}",13,4,50,322.46058005741,7.660634517669678,28550,318.6536528323593,1.1946912239080878
ACO,"{'num_ants': 50, 'alpha': 2.0, 'beta': 1.0, 'decay': 0.05, 'p_best': 0.1}",13,5,50,365.21921823485627,10.768571138381958,39900,360.4194456725518,1.3317185351495118
ACO,"{'num_ants': 50, 'alpha': 2.0, 'beta': 1.0, 'decay': 0.05, 'p_best': 0.1}",13,6,50,392.5659335328827,5.407750606536865,20000,385.05729258733777,1.9500061653401444
ACO,"{'num_ants': 50, 'alpha': 2.0, 'beta': 1.0, 'decay': 0.05, 'p_best': 0.1}",13,7,100,777.8796662332661,16.758558988571167,20000,761.9097879558192,2.096032697032758
ACO,"{'num_ants': 50, 'alpha': 2.0, 'beta': 1.0, 'decay': 0.05, 'p_best': 0.1}",13,8,100,725.0741210622681,16.871543407440186,20000,710.3872567232144,2.0674447915633314
ACO,"{'num_ants': 50, 'alpha': 2.0, 'beta': 1.0, 'decay': 0.05, 'p_best': 0.1}",13,9,100,747.7293106948011,16.677544832229614,20000,735.0723673725494,1.7218635720851396
ACO,"{'num_ants': 50, 'alpha': 2.0, 'beta': 1.0, 'decay': 0.05, 'p_best': 0.2}",14,1,20,125.95589218337363,1.9710071086883545,26450,124.03729577564157,1.5467899358289956
ACO,"{'num_ants': 50, 'alpha': 2.0, 'beta': 1.0, 'decay': 0.05, 'p_best': 0.2}",14,2,20,120.30788363463795,2.4339330196380615,33200,118.6354656029667,1.4097116938608112
ACO,"{'num_ants': 50, 'alpha': 2.0, 'beta': 1.0, 'decay': 0.05, 'p_best': 0.2}",14,3,20,165.94842017722993,1.8415114879608154,25350,164.54929940834646,0.8502745219299973
ACO,"{'num_ants': 50, 'alpha': 2.0, 'beta': 1.0, 'decay': 0.05, 'p_best': 0.2}",14,4,50,322.7767804258937,5.578400373458862,21250,318.6536528323593,1.2939213333617654
ACO,"{'num_ants': 50, 'alpha': 2.0, 'beta': 1.0, 'decay': 0.05, 'p_best': 0.2}",14,5,50,365.78032817670123,6.64692759513855,25000,360.4194456725518,1.487401018040499
ACO,"{'num_ants': 50, 'alpha': 2.0, 'beta': 1.0, 'decay': 0.05, 'p_best': 0.2}",14,6,50,390.32416348548225,5.5411906242370605,20550,385.05729258733777,1.3678148679523727
ACO,"{'num_ants': 50, 'alpha': 2.0, 'beta': 1.0, 'decay': 0.05, 'p_best': 0.2}",14,7,100,776.8463391177386,16.56398582458496,20000,761.9097879558192,1.960409407784839
ACO,"{'num_ants': 50, 'alpha': 2.0, 'beta': 1.0, 'decay': 0.05, 'p_best': 0.2}",14,8,100,723.548577316669,18.231184482574463,21950,710.3872567232144,1.8526966058151941
ACO,"{'num_ants': 50, 'alpha': 2.0, 'beta': 1.0, 'decay': 0.05, 'p_best': 0.2}",14,9,100,751.1128542680175,23.156388521194458,28100,735.0723673725494,2.1821643157126704
ACO,"{'num_ants': 50, 'alpha': 2.0, 'beta': 1.0, 'decay': 0.15, 'p_best': 0.1}",15,1,20,124.52641179758893,2.0311059951782227,27300,124.03729577564157,0.3943298012817691
ACO,"{'num_ants': 50, 'alpha': 2.0, 'beta': 1.0, 'decay': 0.15, 'p_best': 0.1}",15,2,20,120.25981706852087,1.4674558639526367,20000,118.6354656029667,1.3691955076826117
ACO,"{'num_ants': 50, 'alpha': 2.0, 'beta': 1.0, 'decay': 0.15, 'p_best': 0.1}",15,3,20,166.52224434408845,2.648128032684326,36650,164.54929940834646,1.1989992925134985
ACO,"{'num_ants': 50, 'alpha': 2.0, 'beta': 1.0, 'decay': 0.15, 'p_best': 0.1}",15,4,50,319.2058684171703,6.592684984207153,24900,318.6536528323593,0.17329648660940036
ACO,"{'num_ants': 50, 'alpha': 2.0, 'beta': 1.0, 'decay': 0.15, 'p_best': 0.1}",15,5,50,363.47572711604084,6.894481182098389,26050,360.4194456725518,0.8479790644441981
ACO,"{'num_ants': 50, 'alpha': 2.0, 'beta': 1.0, 'decay': 0.15, 'p_best': 0.1}",15,6,50,389.0935483889772,5.607653856277466,21000,385.05729258733777,1.048222142351432
ACO,"{'num_ants': 50, 'alpha': 2.0, 'beta': 1.0, 'decay': 0.15, 'p_best': 0.1}",15,7,100,767.8307903396662,25.80423903465271,31300,761.9097879558192,0.7771264364161699
ACO,"{'num_ants': 50, 'alpha': 2.0, 'beta': 1.0, 'decay': 0.15, 'p_best': 0.1}",15,8,100,718.3162722438052,16.663048028945923,20000,710.3872567232144,1.1161539632854354
ACO,"{'num_ants': 50, 'alpha': 2.0, 'beta': 1.0, 'decay': 0.15, 'p_best': 0.1}",15,9,100,741.9970468039648,21.56895661354065,26400,735.0723673725494,0.942040503599276
ACO,"{'num_ants': 50, 'alpha': 2.0, 'beta': 1.0, 'decay': 0.15, 'p_best': 0.2}",16,1,20,125.5649127935618,1.4683022499084473,20000,124.03729577564157,1.231578783113255
ACO,"{'num_ants': 50, 'alpha': 2.0, 'beta': 1.0, 'decay': 0.15, 'p_best': 0.2}",16,2,20,120.40766106953961,1.4461493492126465,20000,118.6354656029667,1.4938159154732502
ACO,"{'num_ants': 50, 'alpha': 2.0, 'beta': 1.0, 'decay': 0.15, 'p_best': 0.2}",16,3,20,166.93020578151433,1.4476957321166992,20000,164.54929940834646,1.4469258646063294
ACO,"{'num_ants': 50, 'alpha': 2.0, 'beta': 1.0, 'decay': 0.15, 'p_best': 0.2}",16,4,50,319.41629741967324,5.888473033905029,22350,318.6536528323593,0.23933338925669795
ACO,"{'num_ants': 50, 'alpha': 2.0, 'beta': 1.0, 'decay': 0.15, 'p_best': 0.2}",16,5,50,363.28773017898965,5.690961599349976,21300,360.4194456725518,0.7958184667549174
ACO,"{'num_ants': 50, 'alpha': 2.0, 'beta': 1.0, 'decay': 0.15, 'p_best': 0.2}",16,6,50,389.4652112248868,6.265732765197754,23400,385.05729258733777,1.1447435803463515
ACO,"{'num_ants': 50, 'alpha': 2.0, 'beta': 1.0, 'decay': 0.15, 'p_best': 0.2}",16,7,100,773.260730981283,16.496450662612915,20000,761.9097879558192,1.48980144433084
ACO,"{'num_ants': 50, 'alpha': 2.0, 'beta': 1.0, 'decay': 0.15, 'p_best': 0.2}",16,8,100,721.7598010926412,18.244521617889404,22150,710.3872567232144,1.6008936339715125
ACO,"{'num_ants': 50, 'alpha': 2.0, 'beta': 1.0, 'decay': 0.15, 'p_best': 0.2}",16,9,100,741.5175134429569,16.282200813293457,20000,735.0723673725494,0.8768042925413089
ACO,"{'num_ants': 50, 'alpha': 2.0, 'beta': 2.0, 'decay': 0.05, 'p_best': 0.1}",17,1,20,124.65920316661138,1.519892692565918,20000,124.03729577564157,0.5013874150358086
ACO,"{'num_ants': 50, 'alpha': 2.0, 'beta': 2.0, 'decay': 0.05, 'p_best': 0.1}",17,2,20,118.82228158562755,1.621011734008789,21800,118.6354656029667,0.1574706026662018
ACO,"{'num_ants': 50, 'alpha': 2.0, 'beta': 2.0, 'decay': 0.05, 'p_best': 0.1}",17,3,20,165.79220490567593,2.726292848587036,37000,164.54929940834646,0.7553392823904238
ACO,"{'num_ants': 50, 'alpha': 2.0, 'beta': 2.0, 'decay': 0.05, 'p_best': 0.1}",17,4,50,321.35988181106023,11.099758625030518,40750,318.6536528323593,0.8492697179670088
ACO,"{'num_ants': 50, 'alpha': 2.0, 'beta': 2.0, 'decay': 0.05, 'p_best': 0.1}",17,5,50,363.0252726489741,5.510521411895752,20000,360.4194456725518,0.7229984418736927
ACO,"{'num_ants': 50, 'alpha': 2.0, 'beta': 2.0, 'decay': 0.05, 'p_best': 0.1}",17,6,50,389.37991209453367,5.535434007644653,20000,385.05729258733777,1.1225912586022375
ACO,"{'num_ants': 50, 'alpha': 2.0, 'beta': 2.0, 'decay': 0.05, 'p_best': 0.1}",17,7,100,771.1786754615623,17.450330018997192,20000,761.9097879558192,1.216533460032226
ACO,"{'num_ants': 50, 'alpha': 2.0, 'beta': 2.0, 'decay': 0.05, 'p_best': 0.1}",17,8,100,719.8707702316578,17.306403636932373,20000,710.3872567232144,1.334977988229666
ACO,"{'num_ants': 50, 'alpha': 2.0, 'beta': 2.0, 'decay': 0.05, 'p_best': 0.1}",17,9,100,743.274078404603,17.256535530090332,20000,735.0723673725494,1.1157691944495043
ACO,"{'num_ants': 50, 'alpha': 2.0, 'beta': 2.0, 'decay': 0.05, 'p_best': 0.2}",18,1,20,124.4715710003808,3.512488842010498,46700,124.03729577564157,0.3501166500152942
ACO,"{'num_ants': 50, 'alpha': 2.0, 'beta': 2.0, 'decay': 0.05, 'p_best': 0.2}",18,2,20,119.67040962373191,1.499384880065918,20000,118.6354656029667,0.8723732110841302
ACO,"{'num_ants': 50, 'alpha': 2.0, 'beta': 2.0, 'decay': 0.05, 'p_best': 0.2}",18,3,20,165.85300604511832,2.694422721862793,36000,164.54929940834646,0.7922893877150932
ACO,"{'num_ants': 50, 'alpha': 2.0, 'beta': 2.0, 'decay': 0.05, 'p_best': 0.2}",18,4,50,322.6203986322913,5.556957960128784,20000,318.6536528323593,1.244845544582191
ACO,"{'num_ants': 50, 'alpha': 2.0, 'beta': 2.0, 'decay': 0.05, 'p_best': 0.2}",18,5,50,362.90556668876883,5.522544860839844,20000,360.4194456725518,0.6897854835712014
ACO,"{'num_ants': 50, 'alpha': 2.0, 'beta': 2.0, 'decay': 0.05, 'p_best': 0.2}",18,6,50,388.54244125345423,7.759505033493042,27700,385.05729258733777,0.9050987302950418
ACO,"{'num_ants': 50, 'alpha': 2.0, 'beta': 2.0, 'decay': 0.05, 'p_best': 0.2}",18,7,100,770.7671684888111,17.279298067092896,20000,761.9097879558192,1.162523526145527
ACO,"{'num_ants': 50, 'alpha': 2.0, 'beta': 2.0, 'decay': 0.05, 'p_best': 0.2}",18,8,100,720.2467577908109,17.390140295028687,20000,710.3872567232144,1.38790511432809
ACO,"{'num_ants': 50, 'alpha': 2.0, 'beta': 2.0, 'decay': 0.05, 'p_best': 0.2}",18,9,100,742.134918594888,17.20672059059143,20000,735.0723673725494,0.9607967236726696
ACO,"{'num_ants': 50, 'alpha': 2.0, 'beta': 2.0, 'decay': 0.15, 'p_best': 0.1}",19,1,20,124.95773919611193,1.4988987445831299,20000,124.03729577564157,0.7420698868953572
ACO,"{'num_ants': 50, 'alpha': 2.0, 'beta': 2.0, 'decay': 0.15, 'p_best': 0.1}",19,2,20,119.69550054471597,1.476835012435913,20000,118.6354656029667,0.8935228064909765
ACO,"{'num_ants': 50, 'alpha': 2.0, 'beta': 2.0, 'decay': 0.15, 'p_best': 0.1}",19,3,20,166.50812660904825,1.4894349575042725,20000,164.54929940834646,1.1904196540155143
ACO,"{'num_ants': 50, 'alpha': 2.0, 'beta': 2.0, 'decay': 0.15, 'p_best': 0.1}",19,4,50,318.6536528323593,6.504523038864136,23700,318.6536528323593,0.0
ACO,"{'num_ants': 50, 'alpha': 2.0, 'beta': 2.0, 'decay': 0.15, 'p_best': 0.1}",19,5,50,361.3100492789796,9.676622867584229,35300,360.4194456725518,0.24710198551188825
ACO,"{'num_ants': 50, 'alpha': 2.0, 'beta': 2.0, 'decay': 0.15, 'p_best': 0.1}",19,6,50,388.35986747905685,6.780782699584961,24400,385.05729258733777,0.8576840265841721
ACO,"{'num_ants': 50, 'alpha': 2.0, 'beta': 2.0, 'decay': 0.15, 'p_best': 0.1}",19,7,100,766.8634978830038,17.18078064918518,20050,761.9097879558192,0.6501701389708168
ACO,"{'num_ants': 50, 'alpha': 2.0, 'beta': 2.0, 'decay': 0.15, 'p_best': 0.1}",19,8,100,715.0501558751099,26.740827798843384,31000,710.3872567232144,0.656388344211576
ACO,"{'num_ants': 50, 'alpha': 2.0, 'beta': 2.0, 'decay': 0.15, 'p_best': 0.1}",19,9,100,737.0143405610918,42.16583871841431,49300,735.0723673725494,0.2641880275657525
ACO,"{'num_ants': 50, 'alpha': 2.0, 'beta': 2.0, 'decay': 0.15, 'p_best': 0.2}",20,1,20,125.58012009858699,1.5575215816497803,20650,124.03729577564157,1.2438390512286555
ACO,"{'num_ants': 50, 'alpha': 2.0, 'beta': 2.0, 'decay': 0.15, 'p_best': 0.2}",20,2,20,119.94257110540863,1.5089690685272217,20000,118.6354656029667,1.1017830931067223
ACO,"{'num_ants': 50, 'alpha': 2.0, 'beta': 2.0, 'decay': 0.15, 'p_best': 0.2}",20,3,20,165.50502874035135,1.841383695602417,24650,164.54929940834646,0.5808164090891385
ACO,"{'num_ants': 50, 'alpha': 2.0, 'beta': 2.0, 'decay': 0.15, 'p_best': 0.2}",20,4,50,321.18582630286414,6.071032524108887,22150,318.6536528323593,0.7946475579355782
ACO,"{'num_ants': 50, 'alpha': 2.0, 'beta': 2.0, 'decay': 0.15, 'p_best': 0.2}",20,5,50,360.7940920173815,9.87652587890625,35850,360.4194456725518,0.10394731730709705
ACO,"{'num_ants': 50, 'alpha': 2.0, 'beta': 2.0, 'decay': 0.15, 'p_best': 0.2}",20,6,50,388.91658857687986,5.524771690368652,20000,385.05729258733777,1.0022653937054664
ACO,"{'num_ants': 50, 'alpha': 2.0, 'beta': 2.0, 'decay': 0.15, 'p_best': 0.2}",20,7,100,765.068889591071,26.2877140045166,30700,761.9097879558192,0.4146293544446445
ACO,"{'num_ants': 50, 'alpha': 2.0, 'beta': 2.0, 'decay': 0.15, 'p_best': 0.2}",20,8,100,714.4858121743179,19.418761253356934,22550,710.3872567232144,0.5769466459757172
ACO,"{'num_ants': 50, 'alpha': 2.0, 'beta': 2.0, 'decay': 0.15, 'p_best': 0.2}",20,9,100,737.3093326167796,28.777294874191284,33650,735.0723673725494,0.3043190498679775
ACO,"{'num_ants': 50, 'alpha': 2.0, 'beta': 5.0, 'decay': 0.05, 'p_best': 0.1}",21,1,20,124.69904923232168,2.6320712566375732,35100,124.03729577564157,0.5335116769049006
ACO,"{'num_ants': 50, 'alpha': 2.0, 'beta': 5.0, 'decay': 0.05, 'p_best': 0.1}",21,2,20,119.45995327802673,1.810673475265503,23800,118.6354656029667,0.6949757147827209
ACO,"{'num_ants': 50, 'alpha': 2.0, 'beta': 5.0, 'decay': 0.05, 'p_best': 0.1}",21,3,20,164.6290502044628,1.7180469036102295,23000,164.54929940834646,0.048466202167432665
ACO,"{'num_ants': 50, 'alpha': 2.0, 'beta': 5.0, 'decay': 0.05, 'p_best': 0.1}",21,4,50,321.4525687624206,5.422891855239868,20000,318.6536528323593,0.8783567692330149
ACO,"{'num_ants': 50, 'alpha': 2.0, 'beta': 5.0, 'decay': 0.05, 'p_best': 0.1}",21,5,50,361.7339628652523,6.87968111038208,24850,360.4194456725518,0.3647187210577938
ACO,"{'num_ants': 50, 'alpha': 2.0, 'beta': 5.0, 'decay': 0.05, 'p_best': 0.1}",21,6,50,386.31063414949085,5.521186351776123,20000,385.05729258733777,0.3254948253885627
ACO,"{'num_ants': 50, 'alpha': 2.0, 'beta': 5.0, 'decay': 0.05, 'p_best': 0.1}",21,7,100,766.8886840450558,17.27271270751953,20000,761.9097879558192,0.6534758009337109
ACO,"{'num_ants': 50, 'alpha': 2.0, 'beta': 5.0, 'decay': 0.05, 'p_best': 0.1}",21,8,100,715.7796375097056,17.607137441635132,20000,710.3872567232144,0.7590762271503195
ACO,"{'num_ants': 50, 'alpha': 2.0, 'beta': 5.0, 'decay': 0.05, 'p_best': 0.1}",21,9,100,738.7754890234245,17.744768381118774,20800,735.0723673725494,0.5037764736160055
ACO,"{'num_ants': 50, 'alpha': 2.0, 'beta': 5.0, 'decay': 0.05, 'p_best': 0.2}",22,1,20,124.84203290824497,1.5010204315185547,20000,124.03729577564157,0.6487864215122956
ACO,"{'num_ants': 50, 'alpha': 2.0, 'beta': 5.0, 'decay': 0.05, 'p_best': 0.2}",22,2,20,119.89698389561143,1.472884178161621,20000,118.6354656029667,1.0633568016385622
ACO,"{'num_ants': 50, 'alpha': 2.0, 'beta': 5.0, 'decay': 0.05, 'p_best': 0.2}",22,3,20,165.6382007008368,1.4610836505889893,20000,164.54929940834646,0.661747753655341
ACO,"{'num_ants': 50, 'alpha': 2.0, 'beta': 5.0, 'decay': 0.05, 'p_best': 0.2}",22,4,50,320.41155816540953,5.4913694858551025,20000,318.6536528323593,0.5516664621368906
ACO,"{'num_ants': 50, 'alpha': 2.0, 'beta': 5.0, 'decay': 0.05, 'p_best': 0.2}",22,5,50,362.29721909286883,7.1220924854278564,25800,360.4194456725518,0.5209967006117228
ACO,"{'num_ants': 50, 'alpha': 2.0, 'beta': 5.0, 'decay': 0.05, 'p_best': 0.2}",22,6,50,386.21800025459794,6.537054538726807,23700,385.05729258733777,0.30143765346215334
ACO,"{'num_ants': 50, 'alpha': 2.0, 'beta': 5.0, 'decay': 0.05, 'p_best': 0.2}",22,7,100,766.9572867197522,17.343809366226196,20000,761.9097879558192,0.6624798425907266
ACO,"{'num_ants': 50, 'alpha': 2.0, 'beta': 5.0, 'decay': 0.05, 'p_best': 0.2}",22,8,100,716.0409859809097,17.416119813919067,20000,710.3872567232144,0.7958658047688151
ACO,"{'num_ants': 50, 'alpha': 2.0, 'beta': 5.0, 'decay': 0.05, 'p_best': 0.2}",22,9,100,739.8340424574615,17.198708057403564,20000,735.0723673725494,0.6477831702383646
ACO,"{'num_ants': 50, 'alpha': 2.0, 'beta': 5.0, 'decay': 0.15, 'p_best': 0.1}",23,1,20,125.45555935159865,1.4983136653900146,20000,124.03729577564157,1.1434170400831996
ACO,"{'num_ants': 50, 'alpha': 2.0, 'beta': 5.0, 'decay': 0.15, 'p_best': 0.1}",23,2,20,120.13513884817537,1.5016655921936035,20000,118.6354656029667,1.2641019593816698
ACO,"{'num_ants': 50, 'alpha': 2.0, 'beta': 5.0, 'decay': 0.15, 'p_best': 0.1}",23,3,20,165.75064571022455,1.7989587783813477,24200,164.54929940834646,0.7300829029340453
ACO,"{'num_ants': 50, 'alpha': 2.0, 'beta': 5.0, 'decay': 0.15, 'p_best': 0.1}",23,4,50,319.48709721770103,7.050024032592773,25650,318.6536528323593,0.2615518064624908
ACO,"{'num_ants': 50, 'alpha': 2.0, 'beta': 5.0, 'decay': 0.15, 'p_best': 0.1}",23,5,50,360.96542719676063,5.584007740020752,20000,360.4194456725518,0.1514850352177974
ACO,"{'num_ants': 50, 'alpha': 2.0, 'beta': 5.0, 'decay': 0.15, 'p_best': 0.1}",23,6,50,385.6058087541395,5.48960018157959,20000,385.05729258733777,0.1424505333001373
ACO,"{'num_ants': 50, 'alpha': 2.0, 'beta': 5.0, 'decay': 0.15, 'p_best': 0.1}",23,7,100,766.0846163321534,17.29844379425049,20000,761.9097879558192,0.5479426097852232
ACO,"{'num_ants': 50, 'alpha': 2.0, 'beta': 5.0, 'decay': 0.15, 'p_best': 0.1}",23,8,100,710.3872567232144,50.596822023391724,58850,710.3872567232144,0.0
ACO,"{'num_ants': 50, 'alpha': 2.0, 'beta': 5.0, 'decay': 0.15, 'p_best': 0.1}",23,9,100,737.8091151301547,17.186516523361206,20000,735.0723673725494,0.37230997641601365
ACO,"{'num_ants': 50, 'alpha': 2.0, 'beta': 5.0, 'decay': 0.15, 'p_best': 0.2}",24,1,20,124.70142849114683,1.5073740482330322,20000,124.03729577564157,0.5354298570863257
ACO,"{'num_ants': 50, 'alpha': 2.0, 'beta': 5.0, 'decay': 0.15, 'p_best': 0.2}",24,2,20,119.89425888022164,1.4838216304779053,20000,118.6354656029667,1.0610598364132517
ACO,"{'num_ants': 50, 'alpha': 2.0, 'beta': 5.0, 'decay': 0.15, 'p_best': 0.2}",24,3,20,165.6988578218785,1.488769292831421,20000,164.54929940834646,0.698610336030236
ACO,"{'num_ants': 50, 'alpha': 2.0, 'beta': 5.0, 'decay': 0.15, 'p_best': 0.2}",24,4,50,320.31668147875257,5.486301898956299,20000,318.6536528323593,0.5218922273796089
ACO,"{'num_ants': 50, 'alpha': 2.0, 'beta': 5.0, 'decay': 0.15, 'p_best': 0.2}",24,5,50,360.7596687626776,7.429686784744263,26850,360.4194456725518,0.09439643010686657
ACO,"{'num_ants': 50, 'alpha': 2.0, 'beta': 5.0, 'decay': 0.15, 'p_best': 0.2}",24,6,50,386.07027678738535,6.294359445571899,22650,385.05729258733777,0.2630736307423189
ACO,"{'num_ants': 50, 'alpha': 2.0, 'beta': 5.0, 'decay': 0.15, 'p_best': 0.2}",24,7,100,764.3755276349824,35.31121039390564,41300,761.9097879558192,0.3236261980278171
ACO,"{'num_ants': 50, 'alpha': 2.0, 'beta': 5.0, 'decay': 0.15, 'p_best': 0.2}",24,8,100,712.2944320619954,30.311917304992676,35300,710.3872567232144,0.26846981287054766
ACO,"{'num_ants': 50, 'alpha': 2.0, 'beta': 5.0, 'decay': 0.15, 'p_best': 0.2}",24,9,100,735.897656835147,25.819557189941406,30050,735.0723673725494,0.11227322631478802
ACO,"{'num_ants': 50, 'alpha': 5.0, 'beta': 1.0, 'decay': 0.05, 'p_best': 0.1}",25,1,20,126.25775350066031,1.465926170349121,20000,124.03729577564157,1.7901532850531559
ACO,"{'num_ants': 50, 'alpha': 5.0, 'beta': 1.0, 'decay': 0.05, 'p_best': 0.1}",25,2,20,120.15035436540997,1.4816367626190186,20000,118.6354656029667,1.2769273966632289
ACO,"{'num_ants': 50, 'alpha': 5.0, 'beta': 1.0, 'decay': 0.05, 'p_best': 0.1}",25,3,20,166.10504271969808,1.4587912559509277,20000,164.54929940834646,0.9454572683964326
ACO,"{'num_ants': 50, 'alpha': 5.0, 'beta': 1.0, 'decay': 0.05, 'p_best': 0.1}",25,4,50,319.976659840902,8.606687068939209,32400,318.6536528323593,0.4151865189001154
ACO,"{'num_ants': 50, 'alpha': 5.0, 'beta': 1.0, 'decay': 0.05, 'p_best': 0.1}",25,5,50,362.77693551551147,5.372302770614624,20000,360.4194456725518,0.6540961846718782
ACO,"{'num_ants': 50, 'alpha': 5.0, 'beta': 1.0, 'decay': 0.05, 'p_best': 0.1}",25,6,50,388.78098819217786,6.074110984802246,22500,385.05729258733777,0.9670497550687185
ACO,"{'num_ants': 50, 'alpha': 5.0, 'beta': 1.0, 'decay': 0.05, 'p_best': 0.1}",25,7,100,771.5396241079384,27.376272439956665,33050,761.9097879558192,1.2639076573560966
ACO,"{'num_ants': 50, 'alpha': 5.0, 'beta': 1.0, 'decay': 0.05, 'p_best': 0.1}",25,8,100,724.5481824976877,20.586100578308105,24900,710.3872567232144,1.9934093187134363
ACO,"{'num_ants': 50, 'alpha': 5.0, 'beta': 1.0, 'decay': 0.05, 'p_best': 0.1}",25,9,100,744.001108768343,25.4401113986969,30950,735.0723673725494,1.214675152013755
ACO,"{'num_ants': 50, 'alpha': 5.0, 'beta': 1.0, 'decay': 0.05, 'p_best': 0.2}",26,1,20,125.84852219901316,1.476616621017456,20000,124.03729577564157,1.4602272744221516
ACO,"{'num_ants': 50, 'alpha': 5.0, 'beta': 1.0, 'decay': 0.05, 'p_best': 0.2}",26,2,20,121.43260645243046,1.4557983875274658,20000,118.6354656029667,2.3577610921382104
ACO,"{'num_ants': 50, 'alpha': 5.0, 'beta': 1.0, 'decay': 0.05, 'p_best': 0.2}",26,3,20,167.0527568703935,1.4415099620819092,20000,164.54929940834646,1.5214026866407033
ACO,"{'num_ants': 50, 'alpha': 5.0, 'beta': 1.0, 'decay': 0.05, 'p_best': 0.2}",26,4,50,319.766554535479,5.302238941192627,20000,318.6536528323593,0.3492511989828583
ACO,"{'num_ants': 50, 'alpha': 5.0, 'beta': 1.0, 'decay': 0.05, 'p_best': 0.2}",26,5,50,362.7255943891375,7.537382125854492,28100,360.4194456725518,0.6398513577097314
ACO,"{'num_ants': 50, 'alpha': 5.0, 'beta': 1.0, 'decay': 0.05, 'p_best': 0.2}",26,6,50,387.1175964532119,5.879628658294678,22050,385.05729258733777,0.5350642373321122
ACO,"{'num_ants': 50, 'alpha': 5.0, 'beta': 1.0, 'decay': 0.05, 'p_best': 0.2}",26,7,100,772.8030395332479,18.121417999267578,21700,761.9097879558192,1.4297298380501158
ACO,"{'num_ants': 50, 'alpha': 5.0, 'beta': 1.0, 'decay': 0.05, 'p_best': 0.2}",26,8,100,723.6035507561571,27.01376247406006,32600,710.3872567232144,1.8604351229363583
ACO,"{'num_ants': 50, 'alpha': 5.0, 'beta': 1.0, 'decay': 0.05, 'p_best': 0.2}",26,9,100,745.7215999843318,19.520107746124268,23600,735.0723673725494,1.4487325445040369
ACO,"{'num_ants': 50, 'alpha': 5.0, 'beta': 1.0, 'decay': 0.15, 'p_best': 0.1}",27,1,20,124.96400884079092,1.4797132015228271,20000,124.03729577564157,0.7471245316615046
ACO,"{'num_ants': 50, 'alpha': 5.0, 'beta': 1.0, 'decay': 0.15, 'p_best': 0.1}",27,2,20,120.99068317199266,1.463613748550415,20000,118.6354656029667,1.985255890433372
ACO,"{'num_ants': 50, 'alpha': 5.0, 'beta': 1.0, 'decay': 0.15, 'p_best': 0.1}",27,3,20,168.3020783426724,1.436816930770874,20000,164.54929940834646,2.2806410892172893
ACO,"{'num_ants': 50, 'alpha': 5.0, 'beta': 1.0, 'decay': 0.15, 'p_best': 0.1}",27,4,50,322.858620823535,5.289003849029541,20000,318.6536528323593,1.3196045153726472
ACO,"{'num_ants': 50, 'alpha': 5.0, 'beta': 1.0, 'decay': 0.15, 'p_best': 0.1}",27,5,50,366.36501707241536,5.266463994979858,20000,360.4194456725518,1.6496255879781947
ACO,"{'num_ants': 50, 'alpha': 5.0, 'beta': 1.0, 'decay': 0.15, 'p_best': 0.1}",27,6,50,391.0599031691038,5.361271858215332,20000,385.05729258733777,1.5588876505707325
ACO,"{'num_ants': 50, 'alpha': 5.0, 'beta': 1.0, 'decay': 0.15, 'p_best': 0.1}",27,7,100,774.7102400455348,16.34452247619629,20000,761.9097879558192,1.6800482540142714
ACO,"{'num_ants': 50, 'alpha': 5.0, 'beta': 1.0, 'decay': 0.15, 'p_best': 0.1}",27,8,100,723.6098977406061,16.494811058044434,20000,710.3872567232144,1.86132857708956
ACO,"{'num_ants': 50, 'alpha': 5.0, 'beta': 1.0, 'decay': 0.15, 'p_best': 0.1}",27,9,100,745.8072708629678,16.309361457824707,20000,735.0723673725494,1.4603872988437046
ACO,"{'num_ants': 50, 'alpha': 5.0, 'beta': 1.0, 'decay': 0.15, 'p_best': 0.2}",28,1,20,126.0786038312786,1.461632490158081,20000,124.03729577564157,1.6457211864158554
ACO,"{'num_ants': 50, 'alpha': 5.0, 'beta': 1.0, 'decay': 0.15, 'p_best': 0.2}",28,2,20,121.3062794760635,1.4589920043945312,20000,118.6354656029667,2.2512777772838293
ACO,"{'num_ants': 50, 'alpha': 5.0, 'beta': 1.0, 'decay': 0.15, 'p_best': 0.2}",28,3,20,168.29162450331538,1.4536538124084473,20000,164.54929940834646,2.2742880756252535
ACO,"{'num_ants': 50, 'alpha': 5.0, 'beta': 1.0, 'decay': 0.15, 'p_best': 0.2}",28,4,50,322.83275981197556,5.2704691886901855,20000,318.6536528323593,1.3114888037435641
ACO,"{'num_ants': 50, 'alpha': 5.0, 'beta': 1.0, 'decay': 0.15, 'p_best': 0.2}",28,5,50,366.61845155657903,5.3462324142456055,20000,360.4194456725518,1.7199421281112501
ACO,"{'num_ants': 50, 'alpha': 5.0, 'beta': 1.0, 'decay': 0.15, 'p_best': 0.2}",28,6,50,388.88201961650395,8.341840267181396,31200,385.05729258733777,0.9932877789345252
ACO,"{'num_ants': 50, 'alpha': 5.0, 'beta': 1.0, 'decay': 0.15, 'p_best': 0.2}",28,7,100,776.6659997393309,22.314567804336548,27100,761.9097879558192,1.9367400205084908
ACO,"{'num_ants': 50, 'alpha': 5.0, 'beta': 1.0, 'decay': 0.15, 'p_best': 0.2}",28,8,100,721.7504270850073,16.39886498451233,20000,710.3872567232144,1.599574070938096
ACO,"{'num_ants': 50, 'alpha': 5.0, 'beta': 1.0, 'decay': 0.15, 'p_best': 0.2}",28,9,100,745.654322299283,16.35004425048828,20000,735.0723673725494,1.4395800191153771
ACO,"{'num_ants': 50, 'alpha': 5.0, 'beta': 2.0, 'decay': 0.05, 'p_best': 0.1}",29,1,20,125.30059451661815,1.5022525787353516,20000,124.03729577564157,1.0184829756863072
ACO,"{'num_ants': 50, 'alpha': 5.0, 'beta': 2.0, 'decay': 0.05, 'p_best': 0.1}",29,2,20,120.38285504972265,1.4677748680114746,20000,118.6354656029667,1.4729064684618638
ACO,"{'num_ants': 50, 'alpha': 5.0, 'beta': 2.0, 'decay': 0.05, 'p_best': 0.1}",29,3,20,166.22727814391232,1.475231647491455,20000,164.54929940834646,1.0197422545092563
ACO,"{'num_ants': 50, 'alpha': 5.0, 'beta': 2.0, 'decay': 0.05, 'p_best': 0.1}",29,4,50,319.41990098101235,5.458449125289917,20000,318.6536528323593,0.24046426012764976
ACO,"{'num_ants': 50, 'alpha': 5.0, 'beta': 2.0, 'decay': 0.05, 'p_best': 0.1}",29,5,50,361.7980126088546,6.794949769973755,24550,360.4194456725518,0.3824896111613488
ACO,"{'num_ants': 50, 'alpha': 5.0, 'beta': 2.0, 'decay': 0.05, 'p_best': 0.1}",29,6,50,386.9150060190703,5.729485988616943,20700,385.05729258733777,0.4824511747978798
ACO,"{'num_ants': 50, 'alpha': 5.0, 'beta': 2.0, 'decay': 0.05, 'p_best': 0.1}",29,7,100,766.069316686437,23.69912362098694,27350,761.9097879558192,0.5459345445315379
ACO,"{'num_ants': 50, 'alpha': 5.0, 'beta': 2.0, 'decay': 0.05, 'p_best': 0.1}",29,8,100,718.1572214567387,17.381843328475952,20000,710.3872567232144,1.093764655825148
ACO,"{'num_ants': 50, 'alpha': 5.0, 'beta': 2.0, 'decay': 0.05, 'p_best': 0.1}",29,9,100,739.7485556286102,40.39762997627258,46750,735.0723673725494,0.6361534542204988
ACO,"{'num_ants': 50, 'alpha': 5.0, 'beta': 2.0, 'decay': 0.05, 'p_best': 0.2}",30,1,20,125.4085821005282,1.5125291347503662,20000,124.03729577564157,1.105543551487143
ACO,"{'num_ants': 50, 'alpha': 5.0, 'beta': 2.0, 'decay': 0.05, 'p_best': 0.2}",30,2,20,119.56210133064693,1.5128467082977295,20000,118.6354656029667,0.7810781733527826
ACO,"{'num_ants': 50, 'alpha': 5.0, 'beta': 2.0, 'decay': 0.05, 'p_best': 0.2}",30,3,20,166.04984038698407,1.4796299934387207,20000,164.54929940834646,0.9119096732912033
ACO,"{'num_ants': 50, 'alpha': 5.0, 'beta': 2.0, 'decay': 0.05, 'p_best': 0.2}",30,4,50,319.99328245248915,8.498461246490479,30900,318.6536528323593,0.4204030326414103
ACO,"{'num_ants': 50, 'alpha': 5.0, 'beta': 2.0, 'decay': 0.05, 'p_best': 0.2}",30,5,50,361.2245367241789,9.9919753074646,35900,360.4194456725518,0.22337614168536604
ACO,"{'num_ants': 50, 'alpha': 5.0, 'beta': 2.0, 'decay': 0.05, 'p_best': 0.2}",30,6,50,388.8072965183182,6.141527414321899,22100,385.05729258733777,0.9738820698039006
ACO,"{'num_ants': 50, 'alpha': 5.0, 'beta': 2.0, 'decay': 0.05, 'p_best': 0.2}",30,7,100,769.526165333779,24.7291316986084,28550,761.9097879558192,0.999642936520648
ACO,"{'num_ants': 50, 'alpha': 5.0, 'beta': 2.0, 'decay': 0.05, 'p_best': 0.2}",30,8,100,718.9959681011735,18.108193159103394,21000,710.3872567232144,1.2118335874531772
ACO,"{'num_ants': 50, 'alpha': 5.0, 'beta': 2.0, 'decay': 0.05, 'p_best': 0.2}",30,9,100,735.414615267777,28.763222217559814,33400,735.0723673725494,0.04655975525932905
ACO,"{'num_ants': 50, 'alpha': 5.0, 'beta': 2.0, 'decay': 0.15, 'p_best': 0.1}",31,1,20,125.98643192804603,1.5016772747039795,20000,124.03729577564157,1.5714113567342338
ACO,"{'num_ants': 50, 'alpha': 5.0, 'beta': 2.0, 'decay': 0.15, 'p_best': 0.1}",31,2,20,119.33693758973173,1.497692346572876,20000,118.6354656029667,0.591283545101615
ACO,"{'num_ants': 50, 'alpha': 5.0, 'beta': 2.0, 'decay': 0.15, 'p_best': 0.1}",31,3,20,166.87571307011814,1.5019972324371338,20000,164.54929940834646,1.4138095209985917
ACO,"{'num_ants': 50, 'alpha': 5.0, 'beta': 2.0, 'decay': 0.15, 'p_best': 0.1}",31,4,50,322.2121125150745,7.228727579116821,26300,318.6536528323593,1.1167170534797888
ACO,"{'num_ants': 50, 'alpha': 5.0, 'beta': 2.0, 'decay': 0.15, 'p_best': 0.1}",31,5,50,362.8340493592889,5.589548110961914,20000,360.4194456725518,0.6699426781014542
ACO,"{'num_ants': 50, 'alpha': 5.0, 'beta': 2.0, 'decay': 0.15, 'p_best': 0.1}",31,6,50,390.1766058138199,5.493252992630005,20000,385.05729258733777,1.3294939026043688
ACO,"{'num_ants': 50, 'alpha': 5.0, 'beta': 2.0, 'decay': 0.15, 'p_best': 0.1}",31,7,100,768.616858079351,17.229442834854126,20000,761.9097879558192,0.8802971466643954
ACO,"{'num_ants': 50, 'alpha': 5.0, 'beta': 2.0, 'decay': 0.15, 'p_best': 0.1}",31,8,100,720.6847614688888,17.18942618370056,20000,710.3872567232144,1.449562143495298
ACO,"{'num_ants': 50, 'alpha': 5.0, 'beta': 2.0, 'decay': 0.15, 'p_best': 0.1}",31,9,100,743.9186159793097,17.0906400680542,20000,735.0723673725494,1.2034527482485136
ACO,"{'num_ants': 50, 'alpha': 5.0, 'beta': 2.0, 'decay': 0.15, 'p_best': 0.2}",32,1,20,126.0226232843763,1.522517204284668,20000,124.03729577564157,1.6005891585429144
ACO,"{'num_ants': 50, 'alpha': 5.0, 'beta': 2.0, 'decay': 0.15, 'p_best': 0.2}",32,2,20,120.57386832423803,1.4969501495361328,20000,118.6354656029667,1.633915045066302
ACO,"{'num_ants': 50, 'alpha': 5.0, 'beta': 2.0, 'decay': 0.15, 'p_best': 0.2}",32,3,20,164.99602201678334,1.4859824180603027,20000,164.54929940834646,0.27148253443990467
ACO,"{'num_ants': 50, 'alpha': 5.0, 'beta': 2.0, 'decay': 0.15, 'p_best': 0.2}",32,4,50,321.93942154432386,5.456130743026733,20000,318.6536528323593,1.0311410783334691
ACO,"{'num_ants': 50, 'alpha': 5.0, 'beta': 2.0, 'decay': 0.15, 'p_best': 0.2}",32,5,50,363.10440996459516,5.519783973693848,20000,360.4194456725518,0.7449554468497609
ACO,"{'num_ants': 50, 'alpha': 5.0, 'beta': 2.0, 'decay': 0.15, 'p_best': 0.2}",32,6,50,388.92022830116696,5.6029767990112305,20000,385.05729258733777,1.0032106359738677
ACO,"{'num_ants': 50, 'alpha': 5.0, 'beta': 2.0, 'decay': 0.15, 'p_best': 0.2}",32,7,100,767.6359941615841,17.347535610198975,20000,761.9097879558192,0.7515596066993918
ACO,"{'num_ants': 50, 'alpha': 5.0, 'beta': 2.0, 'decay': 0.15, 'p_best': 0.2}",32,8,100,720.4629376129865,17.161854028701782,20000,710.3872567232144,1.4183363784209697
ACO,"{'num_ants': 50, 'alpha': 5.0, 'beta': 2.0, 'decay': 0.15, 'p_best': 0.2}",32,9,100,739.3677334026627,28.000728607177734,32450,735.0723673725494,0.5843460073824727
ACO,"{'num_ants': 50, 'alpha': 5.0, 'beta': 5.0, 'decay': 0.05, 'p_best': 0.1}",33,1,20,124.98453172610618,1.520690679550171,20000,124.03729577564157,0.7636702691245181
ACO,"{'num_ants': 50, 'alpha': 5.0, 'beta': 5.0, 'decay': 0.05, 'p_best': 0.1}",33,2,20,120.092922862748,1.481358289718628,20000,118.6354656029667,1.2285173344865659
ACO,"{'num_ants': 50, 'alpha': 5.0, 'beta': 5.0, 'decay': 0.05, 'p_best': 0.1}",33,3,20,165.45647785096492,1.4890058040618896,20000,164.54929940834646,0.5513110331556017
ACO,"{'num_ants': 50, 'alpha': 5.0, 'beta': 5.0, 'decay': 0.05, 'p_best': 0.1}",33,4,50,320.93647007976995,5.516342401504517,20000,318.6536528323593,0.7163945014029482
ACO,"{'num_ants': 50, 'alpha': 5.0, 'beta': 5.0, 'decay': 0.05, 'p_best': 0.1}",33,5,50,361.299622945646,6.105856418609619,22100,360.4194456725518,0.24420915232577747
ACO,"{'num_ants': 50, 'alpha': 5.0, 'beta': 5.0, 'decay': 0.05, 'p_best': 0.1}",33,6,50,386.39283594583,5.677459955215454,20350,385.05729258733777,0.34684276449309887
ACO,"{'num_ants': 50, 'alpha': 5.0, 'beta': 5.0, 'decay': 0.05, 'p_best': 0.1}",33,7,100,762.7776528419747,25.058921098709106,28700,761.9097879558192,0.1139065149017163
ACO,"{'num_ants': 50, 'alpha': 5.0, 'beta': 5.0, 'decay': 0.05, 'p_best': 0.1}",33,8,100,714.42695800077,33.500863552093506,38750,710.3872567232144,0.568661844553558
ACO,"{'num_ants': 50, 'alpha': 5.0, 'beta': 5.0, 'decay': 0.05, 'p_best': 0.1}",33,9,100,736.9902650436494,27.170172929763794,31200,735.0723673725494,0.26091276944001995
ACO,"{'num_ants': 50, 'alpha': 5.0, 'beta': 5.0, 'decay': 0.05, 'p_best': 0.2}",34,1,20,125.03412575632859,1.8702349662780762,24900,124.03729577564157,0.8036534289574397
ACO,"{'num_ants': 50, 'alpha': 5.0, 'beta': 5.0, 'decay': 0.05, 'p_best': 0.2}",34,2,20,120.30700052980843,1.513869285583496,20000,118.6354656029667,1.4089673086763104
ACO,"{'num_ants': 50, 'alpha': 5.0, 'beta': 5.0, 'decay': 0.05, 'p_best': 0.2}",34,3,20,165.23328175113704,1.5093905925750732,20000,164.54929940834646,0.41567016404804685
ACO,"{'num_ants': 50, 'alpha': 5.0, 'beta': 5.0, 'decay': 0.05, 'p_best': 0.2}",34,4,50,319.4465467517493,7.483530521392822,27300,318.6536528323593,0.24882624515436846
ACO,"{'num_ants': 50, 'alpha': 5.0, 'beta': 5.0, 'decay': 0.05, 'p_best': 0.2}",34,5,50,362.98765466632915,5.568082571029663,20000,360.4194456725518,0.7125611630041305
ACO,"{'num_ants': 50, 'alpha': 5.0, 'beta': 5.0, 'decay': 0.05, 'p_best': 0.2}",34,6,50,386.2111229453113,6.382235288619995,22950,385.05729258733777,0.2996516051469913
ACO,"{'num_ants': 50, 'alpha': 5.0, 'beta': 5.0, 'decay': 0.05, 'p_best': 0.2}",34,7,100,761.9097879558192,26.176435232162476,30300,761.9097879558192,0.0
ACO,"{'num_ants': 50, 'alpha': 5.0, 'beta': 5.0, 'decay': 0.05, 'p_best': 0.2}",34,8,100,714.2573945863327,20.093627214431763,23450,710.3872567232144,0.5447926925054941
ACO,"{'num_ants': 50, 'alpha': 5.0, 'beta': 5.0, 'decay': 0.05, 'p_best': 0.2}",34,9,100,737.5680682673784,17.237661123275757,20000,735.0723673725494,0.339517713575563
ACO,"{'num_ants': 50, 'alpha': 5.0, 'beta': 5.0, 'decay': 0.15, 'p_best': 0.1}",35,1,20,124.98378924745066,1.4861929416656494,20000,124.03729577564157,0.7630716760554884
ACO,"{'num_ants': 50, 'alpha': 5.0, 'beta': 5.0, 'decay': 0.15, 'p_best': 0.1}",35,2,20,120.22691993059404,1.6360173225402832,22600,118.6354656029667,1.3414659094889874
ACO,"{'num_ants': 50, 'alpha': 5.0, 'beta': 5.0, 'decay': 0.15, 'p_best': 0.1}",35,3,20,166.39274494907704,1.4530811309814453,20000,164.54929940834646,1.1202998416637922
ACO,"{'num_ants': 50, 'alpha': 5.0, 'beta': 5.0, 'decay': 0.15, 'p_best': 0.1}",35,4,50,320.2923753808254,5.472964525222778,20000,318.6536528323593,0.5142644792866091
ACO,"{'num_ants': 50, 'alpha': 5.0, 'beta': 5.0, 'decay': 0.15, 'p_best': 0.1}",35,5,50,363.3140683010328,9.495850324630737,34550,360.4194456725518,0.8031260974500435
ACO,"{'num_ants': 50, 'alpha': 5.0, 'beta': 5.0, 'decay': 0.15, 'p_best': 0.1}",35,6,50,386.3116950366216,6.533598184585571,23750,385.05729258733777,0.3257703394876739
ACO,"{'num_ants': 50, 'alpha': 5.0, 'beta': 5.0, 'decay': 0.15, 'p_best': 0.1}",35,7,100,764.6819758686347,29.219189405441284,33950,761.9097879558192,0.3638472633687016
ACO,"{'num_ants': 50, 'alpha': 5.0, 'beta': 5.0, 'decay': 0.15, 'p_best': 0.1}",35,8,100,716.680991161735,17.31989598274231,20000,710.3872567232144,0.8859582402352822
ACO,"{'num_ants': 50, 'alpha': 5.0, 'beta': 5.0, 'decay': 0.15, 'p_best': 0.1}",35,9,100,739.8004243029682,21.117351770401,24600,735.0723673725494,0.6432097219650386
ACO,"{'num_ants': 50, 'alpha': 5.0, 'beta': 5.0, 'decay': 0.15, 'p_best': 0.2}",36,1,20,124.716259686448,1.4856212139129639,20000,124.03729577564157,0.5473869021092973
ACO,"{'num_ants': 50, 'alpha': 5.0, 'beta': 5.0, 'decay': 0.15, 'p_best': 0.2}",36,2,20,119.85048730841419,1.4817767143249512,20000,118.6354656029667,1.0241639793565236
ACO,"{'num_ants': 50, 'alpha': 5.0, 'beta': 5.0, 'decay': 0.15, 'p_best': 0.2}",36,3,20,166.14128476540145,1.4854016304016113,20000,164.54929940834646,0.9674823063842496
ACO,"{'num_ants': 50, 'alpha': 5.0, 'beta': 5.0, 'decay': 0.15, 'p_best': 0.2}",36,4,50,321.2407147028239,5.437219858169556,20000,318.6536528323593,0.8118726546736383
ACO,"{'num_ants': 50, 'alpha': 5.0, 'beta': 5.0, 'decay': 0.15, 'p_best': 0.2}",36,5,50,362.70805824497074,5.491842269897461,20000,360.4194456725518,0.6349858754564035
ACO,"{'num_ants': 50, 'alpha': 5.0, 'beta': 5.0, 'decay': 0.15, 'p_best': 0.2}",36,6,50,386.09306226225146,5.523137331008911,20000,385.05729258733777,0.26899105531906375
ACO,"{'num_ants': 50, 'alpha': 5.0, 'beta': 5.0, 'decay': 0.15, 'p_best': 0.2}",36,7,100,765.8391091765556,17.268831968307495,20000,761.9097879558192,0.5157200081755898
ACO,"{'num_ants': 50, 'alpha': 5.0, 'beta': 5.0, 'decay': 0.15, 'p_best': 0.2}",36,8,100,713.9075228769235,22.86057138442993,26400,710.3872567232144,0.4955418499406913
ACO,"{'num_ants': 50, 'alpha': 5.0, 'beta': 5.0, 'decay': 0.15, 'p_best': 0.2}",36,9,100,739.1148702894163,17.302117586135864,20000,735.0723673725494,0.5499462496892016
ACO,"{'num_ants': 100, 'alpha': 1.0, 'beta': 1.0, 'decay': 0.05, 'p_best': 0.1}",37,1,20,124.87785706601258,1.8717355728149414,26100,124.03729577564157,0.6776681844881715
ACO,"{'num_ants': 100, 'alpha': 1.0, 'beta': 1.0, 'decay': 0.05, 'p_best': 0.1}",37,2,20,120.32652733106475,2.492112398147583,35000,118.6354656029667,1.4254268059750934
ACO,"{'num_ants': 100, 'alpha': 1.0, 'beta': 1.0, 'decay': 0.05, 'p_best': 0.1}",37,3,20,165.35980006928685,2.9547386169433594,41600,164.54929940834646,0.49255795306004224
ACO,"{'num_ants': 100, 'alpha': 1.0, 'beta': 1.0, 'decay': 0.05, 'p_best': 0.1}",37,4,50,323.22223517198256,13.19446849822998,51700,318.6536528323593,1.4337140964854291
ACO,"{'num_ants': 100, 'alpha': 1.0, 'beta': 1.0, 'decay': 0.05, 'p_best': 0.1}",37,5,50,363.32468945178687,11.47430157661438,44000,360.4194456725518,0.806072983607706
ACO,"{'num_ants': 100, 'alpha': 1.0, 'beta': 1.0, 'decay': 0.05, 'p_best': 0.1}",37,6,50,390.9476695135953,14.40571665763855,56100,385.05729258733777,1.5297403891971488
ACO,"{'num_ants': 100, 'alpha': 1.0, 'beta': 1.0, 'decay': 0.05, 'p_best': 0.1}",37,7,100,775.6586207889726,26.04974126815796,32900,761.9097879558192,1.8045224054728466
ACO,"{'num_ants': 100, 'alpha': 1.0, 'beta': 1.0, 'decay': 0.05, 'p_best': 0.1}",37,8,100,722.35869629444,47.97866487503052,60600,710.3872567232144,1.6851990879518375
ACO,"{'num_ants': 100, 'alpha': 1.0, 'beta': 1.0, 'decay': 0.05, 'p_best': 0.1}",37,9,100,747.9499013596525,30.290907621383667,38300,735.0723673725494,1.751872952745143
ACO,"{'num_ants': 100, 'alpha': 1.0, 'beta': 1.0, 'decay': 0.05, 'p_best': 0.2}",38,1,20,125.04613885983656,2.1375954151153564,29700,124.03729577564157,0.8133385026547066
ACO,"{'num_ants': 100, 'alpha': 1.0, 'beta': 1.0, 'decay': 0.05, 'p_best': 0.2}",38,2,20,119.3990800749876,3.6708788871765137,52600,118.6354656029667,0.6436645805196678
ACO,"{'num_ants': 100, 'alpha': 1.0, 'beta': 1.0, 'decay': 0.05, 'p_best': 0.2}",38,3,20,165.84819341818394,4.79499888420105,67300,164.54929940834646,0.7893646551567138
ACO,"{'num_ants': 100, 'alpha': 1.0, 'beta': 1.0, 'decay': 0.05, 'p_best': 0.2}",38,4,50,323.32859552911594,9.27099347114563,36300,318.6536528323593,1.4670921406998911
ACO,"{'num_ants': 100, 'alpha': 1.0, 'beta': 1.0, 'decay': 0.05, 'p_best': 0.2}",38,5,50,364.7294829131779,11.637728214263916,45100,360.4194456725518,1.1958392623859342
ACO,"{'num_ants': 100, 'alpha': 1.0, 'beta': 1.0, 'decay': 0.05, 'p_best': 0.2}",38,6,50,390.61153205699856,13.956191778182983,54400,385.05729258733777,1.4424449495138407
ACO,"{'num_ants': 100, 'alpha': 1.0, 'beta': 1.0, 'decay': 0.05, 'p_best': 0.2}",38,7,100,774.9031153711599,42.04527497291565,52800,761.9097879558192,1.705362973509157
ACO,"{'num_ants': 100, 'alpha': 1.0, 'beta': 1.0, 'decay': 0.05, 'p_best': 0.2}",38,8,100,723.6617725292191,27.709012031555176,35100,710.3872567232144,1.8686309024229626
ACO,"{'num_ants': 100, 'alpha': 1.0, 'beta': 1.0, 'decay': 0.05, 'p_best': 0.2}",38,9,100,747.5751119476244,39.67135405540466,50600,735.0723673725494,1.7008862161102491
ACO,"{'num_ants': 100, 'alpha': 1.0, 'beta': 1.0, 'decay': 0.15, 'p_best': 0.1}",39,1,20,124.50891650668378,2.326688289642334,32300,124.03729577564157,0.38022493806643004
ACO,"{'num_ants': 100, 'alpha': 1.0, 'beta': 1.0, 'decay': 0.15, 'p_best': 0.1}",39,2,20,118.69367706214359,5.682743072509766,78400,118.6354656029667,0.04906750176351382
ACO,"{'num_ants': 100, 'alpha': 1.0, 'beta': 1.0, 'decay': 0.15, 'p_best': 0.1}",39,3,20,166.02081352200813,2.941192626953125,40900,164.54929940834646,0.8942694493095056
ACO,"{'num_ants': 100, 'alpha': 1.0, 'beta': 1.0, 'decay': 0.15, 'p_best': 0.1}",39,4,50,321.5917789859426,10.805160284042358,41800,318.6536528323593,0.9220437699262882
ACO,"{'num_ants': 100, 'alpha': 1.0, 'beta': 1.0, 'decay': 0.15, 'p_best': 0.1}",39,5,50,364.6104294939936,6.830634117126465,26700,360.4194456725518,1.162807354531423
ACO,"{'num_ants': 100, 'alpha': 1.0, 'beta': 1.0, 'decay': 0.15, 'p_best': 0.1}",39,6,50,389.8950345515196,9.782825469970703,37900,385.05729258733777,1.2563693915976235
ACO,"{'num_ants': 100, 'alpha': 1.0, 'beta': 1.0, 'decay': 0.15, 'p_best': 0.1}",39,7,100,775.0331165413161,26.78573203086853,34400,761.9097879558192,1.722425514535833
ACO,"{'num_ants': 100, 'alpha': 1.0, 'beta': 1.0, 'decay': 0.15, 'p_best': 0.1}",39,8,100,724.0454237890615,19.743278980255127,24900,710.3872567232144,1.922636834569332
ACO,"{'num_ants': 100, 'alpha': 1.0, 'beta': 1.0, 'decay': 0.15, 'p_best': 0.1}",39,9,100,748.4159476249122,36.3504114151001,46700,735.0723673725494,1.8152743654421741
ACO,"{'num_ants': 100, 'alpha': 1.0, 'beta': 1.0, 'decay': 0.15, 'p_best': 0.2}",40,1,20,124.94035786544477,3.0220236778259277,41400,124.03729577564157,0.7280568994640586
ACO,"{'num_ants': 100, 'alpha': 1.0, 'beta': 1.0, 'decay': 0.15, 'p_best': 0.2}",40,2,20,119.67884208566346,3.176752805709839,44500,118.6354656029667,0.8794810872059038
ACO,"{'num_ants': 100, 'alpha': 1.0, 'beta': 1.0, 'decay': 0.15, 'p_best': 0.2}",40,3,20,165.3580438969371,3.9932796955108643,55200,164.54929940834646,0.49149069093490866
ACO,"{'num_ants': 100, 'alpha': 1.0, 'beta': 1.0, 'decay': 0.15, 'p_best': 0.2}",40,4,50,321.5869079867742,15.644195079803467,61100,318.6536528323593,0.9205151512755614
ACO,"{'num_ants': 100, 'alpha': 1.0, 'beta': 1.0, 'decay': 0.15, 'p_best': 0.2}",40,5,50,364.79668505387775,8.458600997924805,33000,360.4194456725518,1.2144847992754495
ACO,"{'num_ants': 100, 'alpha': 1.0, 'beta': 1.0, 'decay': 0.15, 'p_best': 0.2}",40,6,50,390.54652992238186,9.436172485351562,36600,385.05729258733777,1.4255637903024623
ACO,"{'num_ants': 100, 'alpha': 1.0, 'beta': 1.0, 'decay': 0.15, 'p_best': 0.2}",40,7,100,773.5022774927216,49.71603488922119,63400,761.9097879558192,1.521504214823747
ACO,"{'num_ants': 100, 'alpha': 1.0, 'beta': 1.0, 'decay': 0.15, 'p_best': 0.2}",40,8,100,721.9078764166076,20.83367896080017,26700,710.3872567232144,1.6217379442494615
ACO,"{'num_ants': 100, 'alpha': 1.0, 'beta': 1.0, 'decay': 0.15, 'p_best': 0.2}",40,9,100,747.2907292688698,49.98499250411987,64500,735.0723673725494,1.6621985043450687
ACO,"{'num_ants': 100, 'alpha': 1.0, 'beta': 2.0, 'decay': 0.05, 'p_best': 0.1}",41,1,20,124.50796344404073,2.9757001399993896,40500,124.03729577564157,0.3794565702645611
ACO,"{'num_ants': 100, 'alpha': 1.0, 'beta': 2.0, 'decay': 0.05, 'p_best': 0.1}",41,2,20,119.8055423511655,1.9061954021453857,26500,118.6354656029667,0.9862790542877385
ACO,"{'num_ants': 100, 'alpha': 1.0, 'beta': 2.0, 'decay': 0.05, 'p_best': 0.1}",41,3,20,165.6199750570183,3.840101957321167,52300,164.54929940834646,0.650671654344062
ACO,"{'num_ants': 100, 'alpha': 1.0, 'beta': 2.0, 'decay': 0.05, 'p_best': 0.1}",41,4,50,320.13418247223984,15.33283257484436,58400,318.6536528323593,0.4646203257740312
ACO,"{'num_ants': 100, 'alpha': 1.0, 'beta': 2.0, 'decay': 0.05, 'p_best': 0.1}",41,5,50,362.48541203906456,11.83910608291626,44500,360.4194456725518,0.5732116819217778
ACO,"{'num_ants': 100, 'alpha': 1.0, 'beta': 2.0, 'decay': 0.05, 'p_best': 0.1}",41,6,50,387.030698143829,14.302319526672363,53500,385.05729258733777,0.5124966062144185
ACO,"{'num_ants': 100, 'alpha': 1.0, 'beta': 2.0, 'decay': 0.05, 'p_best': 0.1}",41,7,100,769.3794349822342,35.00055718421936,42800,761.9097879558192,0.9803847049210206
ACO,"{'num_ants': 100, 'alpha': 1.0, 'beta': 2.0, 'decay': 0.05, 'p_best': 0.1}",41,8,100,718.1982670221034,40.16325092315674,49500,710.3872567232144,1.0995425699102102
ACO,"{'num_ants': 100, 'alpha': 1.0, 'beta': 2.0, 'decay': 0.05, 'p_best': 0.1}",41,9,100,742.0803678362951,33.419339418411255,41200,735.0723673725494,0.9533755824334923
ACO,"{'num_ants': 100, 'alpha': 1.0, 'beta': 2.0, 'decay': 0.05, 'p_best': 0.2}",42,1,20,124.45723095414293,1.750422477722168,23700,124.03729577564157,0.3385555738500941
ACO,"{'num_ants': 100, 'alpha': 1.0, 'beta': 2.0, 'decay': 0.05, 'p_best': 0.2}",42,2,20,119.36134422756822,2.8307175636291504,39000,118.6354656029667,0.6118563457497558
ACO,"{'num_ants': 100, 'alpha': 1.0, 'beta': 2.0, 'decay': 0.05, 'p_best': 0.2}",42,3,20,165.31727699611753,4.670236825942993,63700,164.54929940834646,0.46671580525253625
ACO,"{'num_ants': 100, 'alpha': 1.0, 'beta': 2.0, 'decay': 0.05, 'p_best': 0.2}",42,4,50,321.7494720537941,7.983238697052002,30300,318.6536528323593,0.9715310632461119
ACO,"{'num_ants': 100, 'alpha': 1.0, 'beta': 2.0, 'decay': 0.05, 'p_best': 0.2}",42,5,50,362.35407342079253,10.971384048461914,41300,360.4194456725518,0.5367711901977689
ACO,"{'num_ants': 100, 'alpha': 1.0, 'beta': 2.0, 'decay': 0.05, 'p_best': 0.2}",42,6,50,387.03247092050617,9.36326289176941,34900,385.05729258733777,0.51295699917705
ACO,"{'num_ants': 100, 'alpha': 1.0, 'beta': 2.0, 'decay': 0.05, 'p_best': 0.2}",42,7,100,769.1311668665804,27.870370864868164,34200,761.9097879558192,0.947799729694507
ACO,"{'num_ants': 100, 'alpha': 1.0, 'beta': 2.0, 'decay': 0.05, 'p_best': 0.2}",42,8,100,716.8296524336687,25.283820867538452,31000,710.3872567232144,0.9068850334071306
ACO,"{'num_ants': 100, 'alpha': 1.0, 'beta': 2.0, 'decay': 0.05, 'p_best': 0.2}",42,9,100,741.9197260389902,31.379159212112427,38700,735.0723673725494,0.9315217073002134
ACO,"{'num_ants': 100, 'alpha': 1.0, 'beta': 2.0, 'decay': 0.15, 'p_best': 0.1}",43,1,20,124.03729577564157,3.37160325050354,45800,124.03729577564157,0.0
ACO,"{'num_ants': 100, 'alpha': 1.0, 'beta': 2.0, 'decay': 0.15, 'p_best': 0.1}",43,2,20,118.6354656029667,4.676774024963379,64700,118.6354656029667,0.0
ACO,"{'num_ants': 100, 'alpha': 1.0, 'beta': 2.0, 'decay': 0.15, 'p_best': 0.1}",43,3,20,165.37019398004057,2.84283185005188,39000,164.54929940834646,0.49887454680495175
ACO,"{'num_ants': 100, 'alpha': 1.0, 'beta': 2.0, 'decay': 0.15, 'p_best': 0.1}",43,4,50,322.09702735982904,7.440557241439819,28600,318.6536528323593,1.080600990091673
ACO,"{'num_ants': 100, 'alpha': 1.0, 'beta': 2.0, 'decay': 0.15, 'p_best': 0.1}",43,5,50,363.00560027430845,12.452019214630127,47000,360.4194456725518,0.7175402528381468
ACO,"{'num_ants': 100, 'alpha': 1.0, 'beta': 2.0, 'decay': 0.15, 'p_best': 0.1}",43,6,50,387.35289684250637,6.663769245147705,25500,385.05729258733777,0.5961721279822053
ACO,"{'num_ants': 100, 'alpha': 1.0, 'beta': 2.0, 'decay': 0.15, 'p_best': 0.1}",43,7,100,770.1706104821537,20.52823567390442,25400,761.9097879558192,1.0842258042777067
ACO,"{'num_ants': 100, 'alpha': 1.0, 'beta': 2.0, 'decay': 0.15, 'p_best': 0.1}",43,8,100,720.766161771594,17.77769923210144,21800,710.3872567232144,1.4610207249851594
ACO,"{'num_ants': 100, 'alpha': 1.0, 'beta': 2.0, 'decay': 0.15, 'p_best': 0.1}",43,9,100,742.6887889703405,23.836113691329956,29500,735.0723673725494,1.036145818542379
ACO,"{'num_ants': 100, 'alpha': 1.0, 'beta': 2.0, 'decay': 0.15, 'p_best': 0.2}",44,1,20,124.51559357947521,1.838979721069336,25300,124.03729577564157,0.38560805509561025
ACO,"{'num_ants': 100, 'alpha': 1.0, 'beta': 2.0, 'decay': 0.15, 'p_best': 0.2}",44,2,20,119.19605762335246,2.7184841632843018,38300,118.6354656029667,0.4725332492577467
ACO,"{'num_ants': 100, 'alpha': 1.0, 'beta': 2.0, 'decay': 0.15, 'p_best': 0.2}",44,3,20,164.88546332547233,2.659231662750244,37000,164.54929940834646,0.2042937395264423
ACO,"{'num_ants': 100, 'alpha': 1.0, 'beta': 2.0, 'decay': 0.15, 'p_best': 0.2}",44,4,50,321.7037854701622,7.2943572998046875,27500,318.6536528323593,0.9571936837038393
ACO,"{'num_ants': 100, 'alpha': 1.0, 'beta': 2.0, 'decay': 0.15, 'p_best': 0.2}",44,5,50,362.8835528972491,11.503453493118286,43200,360.4194456725518,0.6836776578742146
ACO,"{'num_ants': 100, 'alpha': 1.0, 'beta': 2.0, 'decay': 0.15, 'p_best': 0.2}",44,6,50,387.66385171212744,7.476162910461426,28300,385.05729258733777,0.6769276092072599
ACO,"{'num_ants': 100, 'alpha': 1.0, 'beta': 2.0, 'decay': 0.15, 'p_best': 0.2}",44,7,100,770.4933970956332,30.195168018341064,37300,761.9097879558192,1.1265912678249734
ACO,"{'num_ants': 100, 'alpha': 1.0, 'beta': 2.0, 'decay': 0.15, 'p_best': 0.2}",44,8,100,718.9539673885603,35.543834924697876,43800,710.3872567232144,1.2059212189223891
ACO,"{'num_ants': 100, 'alpha': 1.0, 'beta': 2.0, 'decay': 0.15, 'p_best': 0.2}",44,9,100,742.0769234066283,37.05656981468201,46100,735.0723673725494,0.9529069986831549
ACO,"{'num_ants': 100, 'alpha': 1.0, 'beta': 5.0, 'decay': 0.05, 'p_best': 0.1}",45,1,20,124.46430324707093,1.5896155834197998,21800,124.03729577564157,0.3442573209607319
ACO,"{'num_ants': 100, 'alpha': 1.0, 'beta': 5.0, 'decay': 0.05, 'p_best': 0.1}",45,2,20,119.2556381453053,3.716993808746338,51500,118.6354656029667,0.5227547590314217
ACO,"{'num_ants': 100, 'alpha': 1.0, 'beta': 5.0, 'decay': 0.05, 'p_best': 0.1}",45,3,20,165.03865228083356,3.179471731185913,43600,164.54929940834646,0.2973898243545373
ACO,"{'num_ants': 100, 'alpha': 1.0, 'beta': 5.0, 'decay': 0.05, 'p_best': 0.1}",45,4,50,321.05106687400405,6.517032146453857,24700,318.6536528323593,0.7523573071688661
ACO,"{'num_ants': 100, 'alpha': 1.0, 'beta': 5.0, 'decay': 0.05, 'p_best': 0.1}",45,5,50,361.9105012453623,19.949475526809692,75600,360.4194456725518,0.41370009046769834
ACO,"{'num_ants': 100, 'alpha': 1.0, 'beta': 5.0, 'decay': 0.05, 'p_best': 0.1}",45,6,50,385.70631144762433,6.731491804122925,25300,385.05729258733777,0.16855124491359977
ACO,"{'num_ants': 100, 'alpha': 1.0, 'beta': 5.0, 'decay': 0.05, 'p_best': 0.1}",45,7,100,766.6828170046707,29.43661403656006,35600,761.9097879558192,0.6264559301249324
ACO,"{'num_ants': 100, 'alpha': 1.0, 'beta': 5.0, 'decay': 0.05, 'p_best': 0.1}",45,8,100,714.4626925814466,29.616915702819824,36500,710.3872567232144,0.5736921404011265
ACO,"{'num_ants': 100, 'alpha': 1.0, 'beta': 5.0, 'decay': 0.05, 'p_best': 0.1}",45,9,100,736.6888287981344,28.59722065925598,35100,735.0723673725494,0.21990507293355904
ACO,"{'num_ants': 100, 'alpha': 1.0, 'beta': 5.0, 'decay': 0.05, 'p_best': 0.2}",46,1,20,124.58301826715233,3.315343141555786,46100,124.03729577564157,0.43996645371716314
ACO,"{'num_ants': 100, 'alpha': 1.0, 'beta': 5.0, 'decay': 0.05, 'p_best': 0.2}",46,2,20,119.56548056806356,2.307222604751587,32500,118.6354656029667,0.7839265942692961
ACO,"{'num_ants': 100, 'alpha': 1.0, 'beta': 5.0, 'decay': 0.05, 'p_best': 0.2}",46,3,20,165.54759957144245,1.7288572788238525,24500,164.54929940834646,0.6066875803698216
ACO,"{'num_ants': 100, 'alpha': 1.0, 'beta': 5.0, 'decay': 0.05, 'p_best': 0.2}",46,4,50,321.25135026083785,8.834012985229492,33500,318.6536528323593,0.8152103091833041
ACO,"{'num_ants': 100, 'alpha': 1.0, 'beta': 5.0, 'decay': 0.05, 'p_best': 0.2}",46,5,50,361.91892710329023,9.448906421661377,35300,360.4194456725518,0.41603788273420866
ACO,"{'num_ants': 100, 'alpha': 1.0, 'beta': 5.0, 'decay': 0.05, 'p_best': 0.2}",46,6,50,385.8210978645736,12.885373830795288,48500,385.05729258733777,0.19836146255107198
ACO,"{'num_ants': 100, 'alpha': 1.0, 'beta': 5.0, 'decay': 0.05, 'p_best': 0.2}",46,7,100,766.6559762794539,37.58556604385376,45800,761.9097879558192,0.6229331081791912
ACO,"{'num_ants': 100, 'alpha': 1.0, 'beta': 5.0, 'decay': 0.05, 'p_best': 0.2}",46,8,100,714.9629828589976,53.70181846618652,65300,710.3872567232144,0.6441171477215974
ACO,"{'num_ants': 100, 'alpha': 1.0, 'beta': 5.0, 'decay': 0.05, 'p_best': 0.2}",46,9,100,738.4301455481946,31.60120415687561,38800,735.0723673725494,0.4567955924730613
ACO,"{'num_ants': 100, 'alpha': 1.0, 'beta': 5.0, 'decay': 0.15, 'p_best': 0.1}",47,1,20,124.3522707293903,3.258934259414673,44600,124.03729577564157,0.25393568263408217
ACO,"{'num_ants': 100, 'alpha': 1.0, 'beta': 5.0, 'decay': 0.15, 'p_best': 0.1}",47,2,20,119.51276361103879,2.3701589107513428,33300,118.6354656029667,0.7394905086882804
ACO,"{'num_ants': 100, 'alpha': 1.0, 'beta': 5.0, 'decay': 0.15, 'p_best': 0.1}",47,3,20,164.54929940834646,5.421245574951172,75700,164.54929940834646,0.0
ACO,"{'num_ants': 100, 'alpha': 1.0, 'beta': 5.0, 'decay': 0.15, 'p_best': 0.1}",47,4,50,320.08441314250194,8.609877586364746,32900,318.6536528323593,0.44900169743083695
ACO,"{'num_ants': 100, 'alpha': 1.0, 'beta': 5.0, 'decay': 0.15, 'p_best': 0.1}",47,5,50,361.98292062504834,7.668144226074219,29300,360.4194456725518,0.43379317383363686
ACO,"{'num_ants': 100, 'alpha': 1.0, 'beta': 5.0, 'decay': 0.15, 'p_best': 0.1}",47,6,50,386.7285010696449,8.12273621559143,30400,385.05729258733777,0.43401553859106895
ACO,"{'num_ants': 100, 'alpha': 1.0, 'beta': 5.0, 'decay': 0.15, 'p_best': 0.1}",47,7,100,765.8088248922786,44.86976385116577,55300,761.9097879558192,0.5117452220846804
ACO,"{'num_ants': 100, 'alpha': 1.0, 'beta': 5.0, 'decay': 0.15, 'p_best': 0.1}",47,8,100,715.390570428773,39.03021216392517,47700,710.3872567232144,0.7043079191253092
ACO,"{'num_ants': 100, 'alpha': 1.0, 'beta': 5.0, 'decay': 0.15, 'p_best': 0.1}",47,9,100,738.6109917171756,32.66740417480469,40700,735.0723673725494,0.4813980910851963
ACO,"{'num_ants': 100, 'alpha': 1.0, 'beta': 5.0, 'decay': 0.15, 'p_best': 0.2}",48,1,20,124.60048635474766,2.391646385192871,33200,124.03729577564157,0.4540493853758225
ACO,"{'num_ants': 100, 'alpha': 1.0, 'beta': 5.0, 'decay': 0.15, 'p_best': 0.2}",48,2,20,119.49084317409036,3.568838596343994,49600,118.6354656029667,0.7210133721616748
ACO,"{'num_ants': 100, 'alpha': 1.0, 'beta': 5.0, 'decay': 0.15, 'p_best': 0.2}",48,3,20,164.83259336206743,2.4962992668151855,34700,164.54929940834646,0.17216357331181778
ACO,"{'num_ants': 100, 'alpha': 1.0, 'beta': 5.0, 'decay': 0.15, 'p_best': 0.2}",48,4,50,320.96685161282716,7.633623123168945,29500,318.6536528323593,0.7259288446584429
ACO,"{'num_ants': 100, 'alpha': 1.0, 'beta': 5.0, 'decay': 0.15, 'p_best': 0.2}",48,5,50,361.6322369422511,12.411367893218994,47300,360.4194456725518,0.3364944051329485
ACO,"{'num_ants': 100, 'alpha': 1.0, 'beta': 5.0, 'decay': 0.15, 'p_best': 0.2}",48,6,50,386.10511070823304,7.172702074050903,27100,385.05729258733777,0.2721200561751751
ACO,"{'num_ants': 100, 'alpha': 1.0, 'beta': 5.0, 'decay': 0.15, 'p_best': 0.2}",48,7,100,766.3795650008882,24.43879795074463,30300,761.9097879558192,0.5866543671871292
ACO,"{'num_ants': 100, 'alpha': 1.0, 'beta': 5.0, 'decay': 0.15, 'p_best': 0.2}",48,8,100,716.0586387784086,21.574540615081787,26500,710.3872567232144,0.7983507589021959
ACO,"{'num_ants': 100, 'alpha': 1.0, 'beta': 5.0, 'decay': 0.15, 'p_best': 0.2}",48,9,100,738.0526781799813,44.744566202163696,55700,735.0723673725494,0.40544454392766455
ACO,"{'num_ants': 100, 'alpha': 2.0, 'beta': 1.0, 'decay': 0.05, 'p_best': 0.1}",49,1,20,125.00178056707368,2.1873996257781982,29800,124.03729577564157,0.7775764421506509
ACO,"{'num_ants': 100, 'alpha': 2.0, 'beta': 1.0, 'decay': 0.05, 'p_best': 0.1}",49,2,20,119.58242550493162,3.2905032634735107,45300,118.6354656029667,0.7982097909356004
ACO,"{'num_ants': 100, 'alpha': 2.0, 'beta': 1.0, 'decay': 0.05, 'p_best': 0.1}",49,3,20,166.40484232102003,1.7812631130218506,24600,164.54929940834646,1.1276516638754228
ACO,"{'num_ants': 100, 'alpha': 2.0, 'beta': 1.0, 'decay': 0.05, 'p_best': 0.1}",49,4,50,322.2391990819998,14.823939561843872,56100,318.6536528323593,1.1252173693194214
ACO,"{'num_ants': 100, 'alpha': 2.0, 'beta': 1.0, 'decay': 0.05, 'p_best': 0.1}",49,5,50,366.45936633465567,7.3362908363342285,27700,360.4194456725518,1.6758032161203875
ACO,"{'num_ants': 100, 'alpha': 2.0, 'beta': 1.0, 'decay': 0.05, 'p_best': 0.1}",49,6,50,391.42081426859465,7.11344313621521,26700,385.05729258733777,1.6526168452746615
ACO,"{'num_ants': 100, 'alpha': 2.0, 'beta': 1.0, 'decay': 0.05, 'p_best': 0.1}",49,7,100,776.3385784532719,22.84265947341919,28000,761.9097879558192,1.8937662601979075
ACO,"{'num_ants': 100, 'alpha': 2.0, 'beta': 1.0, 'decay': 0.05, 'p_best': 0.1}",49,8,100,725.3090304272284,22.323686122894287,27200,710.3872567232144,2.1005125813831973
ACO,"{'num_ants': 100, 'alpha': 2.0, 'beta': 1.0, 'decay': 0.05, 'p_best': 0.1}",49,9,100,748.0360606625347,24.922810077667236,30700,735.0723673725494,1.763594152821026
ACO,"{'num_ants': 100, 'alpha': 2.0, 'beta': 1.0, 'decay': 0.05, 'p_best': 0.2}",50,1,20,125.02474165809267,3.5763638019561768,47900,124.03729577564157,0.7960878833066374
ACO,"{'num_ants': 100, 'alpha': 2.0, 'beta': 1.0, 'decay': 0.05, 'p_best': 0.2}",50,2,20,120.27346482823636,1.784867525100708,24900,118.6354656029667,1.3806994535272352
ACO,"{'num_ants': 100, 'alpha': 2.0, 'beta': 1.0, 'decay': 0.05, 'p_best': 0.2}",50,3,20,166.37832095065608,2.1317954063415527,29600,164.54929940834646,1.1115340805983673
ACO,"{'num_ants': 100, 'alpha': 2.0, 'beta': 1.0, 'decay': 0.05, 'p_best': 0.2}",50,4,50,321.86823843502333,16.239864110946655,61500,318.6536528323593,1.0088023702509408
ACO,"{'num_ants': 100, 'alpha': 2.0, 'beta': 1.0, 'decay': 0.05, 'p_best': 0.2}",50,5,50,365.4862533758635,11.386268854141235,43000,360.4194456725518,1.4058086388366013
ACO,"{'num_ants': 100, 'alpha': 2.0, 'beta': 1.0, 'decay': 0.05, 'p_best': 0.2}",50,6,50,393.27200104441096,6.201463937759399,23000,385.05729258733777,2.133373037003304
ACO,"{'num_ants': 100, 'alpha': 2.0, 'beta': 1.0, 'decay': 0.05, 'p_best': 0.2}",50,7,100,775.6916217575052,24.34736180305481,29300,761.9097879558192,1.8088537540201826
ACO,"{'num_ants': 100, 'alpha': 2.0, 'beta': 1.0, 'decay': 0.05, 'p_best': 0.2}",50,8,100,724.5424786525429,29.912446975708008,36400,710.3872567232144,1.9926063981808924
ACO,"{'num_ants': 100, 'alpha': 2.0, 'beta': 1.0, 'decay': 0.05, 'p_best': 0.2}",50,9,100,748.7028215867745,40.791476011276245,49600,735.0723673725494,1.8543009939206312
ACO,"{'num_ants': 100, 'alpha': 2.0, 'beta': 1.0, 'decay': 0.15, 'p_best': 0.1}",51,1,20,125.44145232481621,2.8311502933502197,38800,124.03729577564157,1.1320438263298482
ACO,"{'num_ants': 100, 'alpha': 2.0, 'beta': 1.0, 'decay': 0.15, 'p_best': 0.1}",51,2,20,120.39240280356306,1.5884485244750977,22200,118.6354656029667,1.4809544444965863
ACO,"{'num_ants': 100, 'alpha': 2.0, 'beta': 1.0, 'decay': 0.15, 'p_best': 0.1}",51,3,20,166.67653516840343,1.8067455291748047,24700,164.54929940834646,1.2927650058102138
ACO,"{'num_ants': 100, 'alpha': 2.0, 'beta': 1.0, 'decay': 0.15, 'p_best': 0.1}",51,4,50,321.3024429191481,8.374515771865845,31800,318.6536528323593,0.8312442249586698
ACO,"{'num_ants': 100, 'alpha': 2.0, 'beta': 1.0, 'decay': 0.15, 'p_best': 0.1}",51,5,50,365.0102560105318,8.038697004318237,30700,360.4194456725518,1.2737410239931597
ACO,"{'num_ants': 100, 'alpha': 2.0, 'beta': 1.0, 'decay': 0.15, 'p_best': 0.1}",51,6,50,387.3667308358371,9.432975053787231,35300,385.05729258733777,0.5997648383650553
ACO,"{'num_ants': 100, 'alpha': 2.0, 'beta': 1.0, 'decay': 0.15, 'p_best': 0.1}",51,7,100,764.8930692577003,48.11122679710388,59600,761.9097879558192,0.3915530879167677
ACO,"{'num_ants': 100, 'alpha': 2.0, 'beta': 1.0, 'decay': 0.15, 'p_best': 0.1}",51,8,100,716.5086423579817,29.59265923500061,36500,710.3872567232144,0.8616969936937313
ACO,"{'num_ants': 100, 'alpha': 2.0, 'beta': 1.0, 'decay': 0.15, 'p_best': 0.1}",51,9,100,741.6454700466041,25.850867986679077,32200,735.0723673725494,0.894211640351786
ACO,"{'num_ants': 100, 'alpha': 2.0, 'beta': 1.0, 'decay': 0.15, 'p_best': 0.2}",52,1,20,125.22365170803897,1.7461040019989014,23300,124.03729577564157,0.9564509811172301
ACO,"{'num_ants': 100, 'alpha': 2.0, 'beta': 1.0, 'decay': 0.15, 'p_best': 0.2}",52,2,20,120.46566948044847,1.780548334121704,24400,118.6354656029667,1.5427122641443882
ACO,"{'num_ants': 100, 'alpha': 2.0, 'beta': 1.0, 'decay': 0.15, 'p_best': 0.2}",52,3,20,166.6405454229513,2.737196683883667,37600,164.54929940834646,1.2708932958840506
ACO,"{'num_ants': 100, 'alpha': 2.0, 'beta': 1.0, 'decay': 0.15, 'p_best': 0.2}",52,4,50,321.04777268754407,10.141631841659546,39000,318.6536528323593,0.7513235244299262
ACO,"{'num_ants': 100, 'alpha': 2.0, 'beta': 1.0, 'decay': 0.15, 'p_best': 0.2}",52,5,50,363.53202027025094,8.443942546844482,32200,360.4194456725518,0.8635978538535906
ACO,"{'num_ants': 100, 'alpha': 2.0, 'beta': 1.0, 'decay': 0.15, 'p_best': 0.2}",52,6,50,388.9866170270452,10.261313676834106,39100,385.05729258733777,1.0204518951725094
ACO,"{'num_ants': 100, 'alpha': 2.0, 'beta': 1.0, 'decay': 0.15, 'p_best': 0.2}",52,7,100,764.6943351875026,39.48060345649719,48300,761.9097879558192,0.3654694132692875
ACO,"{'num_ants': 100, 'alpha': 2.0, 'beta': 1.0, 'decay': 0.15, 'p_best': 0.2}",52,8,100,715.8786009358347,70.28279852867126,86600,710.3872567232144,0.7730071395072767
ACO,"{'num_ants': 100, 'alpha': 2.0, 'beta': 1.0, 'decay': 0.15, 'p_best': 0.2}",52,9,100,740.8559799835756,30.897066354751587,38100,735.0723673725494,0.7868086011312379
ACO,"{'num_ants': 100, 'alpha': 2.0, 'beta': 2.0, 'decay': 0.05, 'p_best': 0.1}",53,1,20,124.61959737069178,2.578324794769287,34500,124.03729577564157,0.46945686086503946
ACO,"{'num_ants': 100, 'alpha': 2.0, 'beta': 2.0, 'decay': 0.05, 'p_best': 0.1}",53,2,20,118.99225435470099,3.984823226928711,54300,118.6354656029667,0.3007437530766206
ACO,"{'num_ants': 100, 'alpha': 2.0, 'beta': 2.0, 'decay': 0.05, 'p_best': 0.1}",53,3,20,165.46361616744088,1.9701004028320312,26800,164.54929940834646,0.5556491351722168
ACO,"{'num_ants': 100, 'alpha': 2.0, 'beta': 2.0, 'decay': 0.05, 'p_best': 0.1}",53,4,50,320.4252758711969,23.212477207183838,85500,318.6536528323593,0.5559713573312314
ACO,"{'num_ants': 100, 'alpha': 2.0, 'beta': 2.0, 'decay': 0.05, 'p_best': 0.1}",53,5,50,363.2397985204227,8.390551090240479,30700,360.4194456725518,0.7825196120059744
ACO,"{'num_ants': 100, 'alpha': 2.0, 'beta': 2.0, 'decay': 0.05, 'p_best': 0.1}",53,6,50,388.20110220999936,6.421146869659424,23400,385.05729258733777,0.8164524301142851
ACO,"{'num_ants': 100, 'alpha': 2.0, 'beta': 2.0, 'decay': 0.05, 'p_best': 0.1}",53,7,100,769.0819070873858,25.892666339874268,30200,761.9097879558192,0.9413344263248328
ACO,"{'num_ants': 100, 'alpha': 2.0, 'beta': 2.0, 'decay': 0.05, 'p_best': 0.1}",53,8,100,718.9772439049789,31.27862572669983,36600,710.3872567232144,1.2091978143565432
ACO,"{'num_ants': 100, 'alpha': 2.0, 'beta': 2.0, 'decay': 0.05, 'p_best': 0.1}",53,9,100,742.2885527950136,23.81204390525818,27800,735.0723673725494,0.9816972780867652
ACO,"{'num_ants': 100, 'alpha': 2.0, 'beta': 2.0, 'decay': 0.05, 'p_best': 0.2}",54,1,20,124.26696933814371,3.1537294387817383,41800,124.03729577564157,0.1851649224258934
ACO,"{'num_ants': 100, 'alpha': 2.0, 'beta': 2.0, 'decay': 0.05, 'p_best': 0.2}",54,2,20,119.91416771370132,1.7306303977966309,23400,118.6354656029667,1.0778413556482365
ACO,"{'num_ants': 100, 'alpha': 2.0, 'beta': 2.0, 'decay': 0.05, 'p_best': 0.2}",54,3,20,165.7580354907171,1.837294340133667,24900,164.54929940834646,0.734573824815287
ACO,"{'num_ants': 100, 'alpha': 2.0, 'beta': 2.0, 'decay': 0.05, 'p_best': 0.2}",54,4,50,321.5067625274694,10.537559986114502,38400,318.6536528323593,0.8953638754020813
ACO,"{'num_ants': 100, 'alpha': 2.0, 'beta': 2.0, 'decay': 0.05, 'p_best': 0.2}",54,5,50,363.02891535388534,7.097554922103882,25800,360.4194456725518,0.7240091267728987
ACO,"{'num_ants': 100, 'alpha': 2.0, 'beta': 2.0, 'decay': 0.05, 'p_best': 0.2}",54,6,50,387.92907494251665,8.996171236038208,32500,385.05729258733777,0.7458065099565694
ACO,"{'num_ants': 100, 'alpha': 2.0, 'beta': 2.0, 'decay': 0.05, 'p_best': 0.2}",54,7,100,770.1313289415086,41.61260962486267,48700,761.9097879558192,1.0790701360783916
ACO,"{'num_ants': 100, 'alpha': 2.0, 'beta': 2.0, 'decay': 0.05, 'p_best': 0.2}",54,8,100,719.2507568606104,27.451560258865356,31800,710.3872567232144,1.2476997656574658
ACO,"{'num_ants': 100, 'alpha': 2.0, 'beta': 2.0, 'decay': 0.05, 'p_best': 0.2}",54,9,100,741.6211422220757,25.47539734840393,29900,735.0723673725494,0.8909020581108722
ACO,"{'num_ants': 100, 'alpha': 2.0, 'beta': 2.0, 'decay': 0.15, 'p_best': 0.1}",55,1,20,125.17375990776101,1.6279096603393555,22100,124.03729577564157,0.9162277563476366
ACO,"{'num_ants': 100, 'alpha': 2.0, 'beta': 2.0, 'decay': 0.15, 'p_best': 0.1}",55,2,20,119.79694629019768,1.6021740436553955,21700,118.6354656029667,0.9790332775513059
ACO,"{'num_ants': 100, 'alpha': 2.0, 'beta': 2.0, 'decay': 0.15, 'p_best': 0.1}",55,3,20,165.47391592960363,1.7704565525054932,23700,164.54929940834646,0.561908512878347
ACO,"{'num_ants': 100, 'alpha': 2.0, 'beta': 2.0, 'decay': 0.15, 'p_best': 0.1}",55,4,50,320.0239548425609,8.055400133132935,29900,318.6536528323593,0.43002865274622026
ACO,"{'num_ants': 100, 'alpha': 2.0, 'beta': 2.0, 'decay': 0.15, 'p_best': 0.1}",55,5,50,360.4194456725518,8.840699672698975,32400,360.4194456725518,0.0
ACO,"{'num_ants': 100, 'alpha': 2.0, 'beta': 2.0, 'decay': 0.15, 'p_best': 0.1}",55,6,50,388.03107844723,6.612913131713867,24200,385.05729258733777,0.7722969846669606
ACO,"{'num_ants': 100, 'alpha': 2.0, 'beta': 2.0, 'decay': 0.15, 'p_best': 0.1}",55,7,100,765.4656833596309,36.026816606521606,42600,761.9097879558192,0.46670819302008254
ACO,"{'num_ants': 100, 'alpha': 2.0, 'beta': 2.0, 'decay': 0.15, 'p_best': 0.1}",55,8,100,713.7593184271647,47.174155712127686,55200,710.3872567232144,0.4746793628456286
ACO,"{'num_ants': 100, 'alpha': 2.0, 'beta': 2.0, 'decay': 0.15, 'p_best': 0.1}",55,9,100,736.0370056349877,34.56775522232056,41100,735.0723673725494,0.1312303801986713
ACO,"{'num_ants': 100, 'alpha': 2.0, 'beta': 2.0, 'decay': 0.15, 'p_best': 0.2}",56,1,20,125.49764277219313,1.6155412197113037,21600,124.03729577564157,1.1773450778812828
ACO,"{'num_ants': 100, 'alpha': 2.0, 'beta': 2.0, 'decay': 0.15, 'p_best': 0.2}",56,2,20,119.46395546281921,2.7156431674957275,36300,118.6354656029667,0.6983492294160916
ACO,"{'num_ants': 100, 'alpha': 2.0, 'beta': 2.0, 'decay': 0.15, 'p_best': 0.2}",56,3,20,165.65658588189405,2.8160977363586426,38200,164.54929940834646,0.6729208070340917
ACO,"{'num_ants': 100, 'alpha': 2.0, 'beta': 2.0, 'decay': 0.15, 'p_best': 0.2}",56,4,50,319.5930173785044,13.243813514709473,48900,318.6536528323593,0.2947917081117821
ACO,"{'num_ants': 100, 'alpha': 2.0, 'beta': 2.0, 'decay': 0.15, 'p_best': 0.2}",56,5,50,361.8915631051274,8.20108699798584,29900,360.4194456725518,0.408445618084949
ACO,"{'num_ants': 100, 'alpha': 2.0, 'beta': 2.0, 'decay': 0.15, 'p_best': 0.2}",56,6,50,387.30858840636273,8.007277011871338,29400,385.05729258733777,0.5846651556441635
ACO,"{'num_ants': 100, 'alpha': 2.0, 'beta': 2.0, 'decay': 0.15, 'p_best': 0.2}",56,7,100,764.2618495608548,58.5000102519989,68900,761.9097879558192,0.30870604922219347
ACO,"{'num_ants': 100, 'alpha': 2.0, 'beta': 2.0, 'decay': 0.15, 'p_best': 0.2}",56,8,100,713.6641268312284,47.95344018936157,56200,710.3872567232144,0.46127940457844735
ACO,"{'num_ants': 100, 'alpha': 2.0, 'beta': 2.0, 'decay': 0.15, 'p_best': 0.2}",56,9,100,737.3129197554189,40.175105571746826,47400,735.0723673725494,0.3048070478935515
ACO,"{'num_ants': 100, 'alpha': 2.0, 'beta': 5.0, 'decay': 0.05, 'p_best': 0.1}",57,1,20,124.23837718719838,3.45668363571167,46600,124.03729577564157,0.16211366936000401
ACO,"{'num_ants': 100, 'alpha': 2.0, 'beta': 5.0, 'decay': 0.05, 'p_best': 0.1}",57,2,20,119.22136104314556,3.4933557510375977,47200,118.6354656029667,0.4938619637905379
ACO,"{'num_ants': 100, 'alpha': 2.0, 'beta': 5.0, 'decay': 0.05, 'p_best': 0.1}",57,3,20,165.32659027980756,1.638610601425171,22500,164.54929940834646,0.4723756796631358
ACO,"{'num_ants': 100, 'alpha': 2.0, 'beta': 5.0, 'decay': 0.05, 'p_best': 0.1}",57,4,50,320.5341638708824,8.714999198913574,32000,318.6536528323593,0.5901426272092535
ACO,"{'num_ants': 100, 'alpha': 2.0, 'beta': 5.0, 'decay': 0.05, 'p_best': 0.1}",57,5,50,362.65826271781646,6.574817657470703,23900,360.4194456725518,0.6211698819654398
ACO,"{'num_ants': 100, 'alpha': 2.0, 'beta': 5.0, 'decay': 0.05, 'p_best': 0.1}",57,6,50,385.1333496285527,8.698306322097778,31700,385.05729258733777,0.019752136287014135
ACO,"{'num_ants': 100, 'alpha': 2.0, 'beta': 5.0, 'decay': 0.05, 'p_best': 0.1}",57,7,100,766.9792663612413,30.23217248916626,34700,761.9097879558192,0.6653646515059763
ACO,"{'num_ants': 100, 'alpha': 2.0, 'beta': 5.0, 'decay': 0.05, 'p_best': 0.1}",57,8,100,715.1835361898846,26.217060804367065,30500,710.3872567232144,0.6751640631609812
ACO,"{'num_ants': 100, 'alpha': 2.0, 'beta': 5.0, 'decay': 0.05, 'p_best': 0.1}",57,9,100,738.1114683012063,26.90629816055298,31400,735.0723673725494,0.41344241241442886
ACO,"{'num_ants': 100, 'alpha': 2.0, 'beta': 5.0, 'decay': 0.05, 'p_best': 0.2}",58,1,20,124.69120873718235,2.2288758754730225,29700,124.03729577564157,0.52719059815975
ACO,"{'num_ants': 100, 'alpha': 2.0, 'beta': 5.0, 'decay': 0.05, 'p_best': 0.2}",58,2,20,119.64108057220416,2.8073573112487793,38000,118.6354656029667,0.8476512180623236
ACO,"{'num_ants': 100, 'alpha': 2.0, 'beta': 5.0, 'decay': 0.05, 'p_best': 0.2}",58,3,20,165.19346085877174,2.6042935848236084,34700,164.54929940834646,0.3914701871970492
ACO,"{'num_ants': 100, 'alpha': 2.0, 'beta': 5.0, 'decay': 0.05, 'p_best': 0.2}",58,4,50,320.3268660355326,14.061774969100952,50900,318.6536528323593,0.5250883485254024
ACO,"{'num_ants': 100, 'alpha': 2.0, 'beta': 5.0, 'decay': 0.05, 'p_best': 0.2}",58,5,50,361.3827264154399,11.863237380981445,43600,360.4194456725518,0.26726658465683234
ACO,"{'num_ants': 100, 'alpha': 2.0, 'beta': 5.0, 'decay': 0.05, 'p_best': 0.2}",58,6,50,385.48347057526615,8.402554750442505,30400,385.05729258733777,0.11067911090963663
ACO,"{'num_ants': 100, 'alpha': 2.0, 'beta': 5.0, 'decay': 0.05, 'p_best': 0.2}",58,7,100,766.5184070117602,27.585142850875854,32000,761.9097879558192,0.6048772609032688
ACO,"{'num_ants': 100, 'alpha': 2.0, 'beta': 5.0, 'decay': 0.05, 'p_best': 0.2}",58,8,100,715.7832680690516,40.03582310676575,46700,710.3872567232144,0.759587294784435
ACO,"{'num_ants': 100, 'alpha': 2.0, 'beta': 5.0, 'decay': 0.05, 'p_best': 0.2}",58,9,100,739.0263121370199,40.632362842559814,48000,735.0723673725494,0.5378987076610625
ACO,"{'num_ants': 100, 'alpha': 2.0, 'beta': 5.0, 'decay': 0.15, 'p_best': 0.1}",59,1,20,124.48881908420537,2.046578884124756,27300,124.03729577564157,0.3640222126258878
ACO,"{'num_ants': 100, 'alpha': 2.0, 'beta': 5.0, 'decay': 0.15, 'p_best': 0.1}",59,2,20,119.90881349851732,1.6682558059692383,22600,118.6354656029667,1.0733281899125213
ACO,"{'num_ants': 100, 'alpha': 2.0, 'beta': 5.0, 'decay': 0.15, 'p_best': 0.1}",59,3,20,165.20349969586528,1.7582125663757324,24100,164.54929940834646,0.39757099536191387
ACO,"{'num_ants': 100, 'alpha': 2.0, 'beta': 5.0, 'decay': 0.15, 'p_best': 0.1}",59,4,50,319.2577023475414,13.8334059715271,50800,318.6536528323593,0.18956302864034535
ACO,"{'num_ants': 100, 'alpha': 2.0, 'beta': 5.0, 'decay': 0.15, 'p_best': 0.1}",59,5,50,361.2508784217953,10.288996458053589,37500,360.4194456725518,0.23068476443939634
ACO,"{'num_ants': 100, 'alpha': 2.0, 'beta': 5.0, 'decay': 0.15, 'p_best': 0.1}",59,6,50,385.2688715700422,8.794092893600464,32000,385.05729258733777,0.05494740309494658
ACO,"{'num_ants': 100, 'alpha': 2.0, 'beta': 5.0, 'decay': 0.15, 'p_best': 0.1}",59,7,100,762.464778634861,78.20040035247803,92100,761.9097879558192,0.07284204610769165
ACO,"{'num_ants': 100, 'alpha': 2.0, 'beta': 5.0, 'decay': 0.15, 'p_best': 0.1}",59,8,100,713.2261695468322,60.34951996803284,70600,710.3872567232144,0.3996289061705382
ACO,"{'num_ants': 100, 'alpha': 2.0, 'beta': 5.0, 'decay': 0.15, 'p_best': 0.1}",59,9,100,735.0723673725494,60.29657244682312,71000,735.0723673725494,0.0
ACO,"{'num_ants': 100, 'alpha': 2.0, 'beta': 5.0, 'decay': 0.15, 'p_best': 0.2}",60,1,20,124.33194255453135,3.145598888397217,42400,124.03729577564157,0.2375469225181605
ACO,"{'num_ants': 100, 'alpha': 2.0, 'beta': 5.0, 'decay': 0.15, 'p_best': 0.2}",60,2,20,120.18810690180602,1.5397555828094482,20800,118.6354656029667,1.3087496988762966
ACO,"{'num_ants': 100, 'alpha': 2.0, 'beta': 5.0, 'decay': 0.15, 'p_best': 0.2}",60,3,20,165.29669131584706,3.0909290313720703,41700,164.54929940834646,0.4542054631578027
ACO,"{'num_ants': 100, 'alpha': 2.0, 'beta': 5.0, 'decay': 0.15, 'p_best': 0.2}",60,4,50,320.7896178666816,7.581754684448242,28000,318.6536528323593,0.6703092888899193
ACO,"{'num_ants': 100, 'alpha': 2.0, 'beta': 5.0, 'decay': 0.15, 'p_best': 0.2}",60,5,50,361.4120787274107,7.115356922149658,26100,360.4194456725518,0.2754105159355748
ACO,"{'num_ants': 100, 'alpha': 2.0, 'beta': 5.0, 'decay': 0.15, 'p_best': 0.2}",60,6,50,385.05729258733777,19.56915593147278,71300,385.05729258733777,0.0
ACO,"{'num_ants': 100, 'alpha': 2.0, 'beta': 5.0, 'decay': 0.15, 'p_best': 0.2}",60,7,100,762.6579470768431,39.8668475151062,46600,761.9097879558192,0.09819523687065815
ACO,"{'num_ants': 100, 'alpha': 2.0, 'beta': 5.0, 'decay': 0.15, 'p_best': 0.2}",60,8,100,712.3020734413922,39.66289234161377,46700,710.3872567232144,0.2695454767882846
ACO,"{'num_ants': 100, 'alpha': 2.0, 'beta': 5.0, 'decay': 0.15, 'p_best': 0.2}",60,9,100,735.933501742357,40.174744606018066,47400,735.0723673725494,0.11714960431523704
ACO,"{'num_ants': 100, 'alpha': 5.0, 'beta': 1.0, 'decay': 0.05, 'p_best': 0.1}",61,1,20,125.13504654704671,1.654642105102539,22300,124.03729577564157,0.8850166915850496
ACO,"{'num_ants': 100, 'alpha': 5.0, 'beta': 1.0, 'decay': 0.05, 'p_best': 0.1}",61,2,20,120.27572846778051,1.537712574005127,21400,118.6354656029667,1.3826075166284746
ACO,"{'num_ants': 100, 'alpha': 5.0, 'beta': 1.0, 'decay': 0.05, 'p_best': 0.1}",61,3,20,166.85429591374816,1.8931012153625488,26300,164.54929940834646,1.4007938737445558
ACO,"{'num_ants': 100, 'alpha': 5.0, 'beta': 1.0, 'decay': 0.05, 'p_best': 0.1}",61,4,50,319.464175581663,18.019543409347534,68400,318.6536528323593,0.2543585306803785
ACO,"{'num_ants': 100, 'alpha': 5.0, 'beta': 1.0, 'decay': 0.05, 'p_best': 0.1}",61,5,50,361.73355306811754,18.79262661933899,71100,360.4194456725518,0.36460502099536074
ACO,"{'num_ants': 100, 'alpha': 5.0, 'beta': 1.0, 'decay': 0.05, 'p_best': 0.1}",61,6,50,387.12228940267664,10.780556201934814,40900,385.05729258733777,0.5362830038780515
ACO,"{'num_ants': 100, 'alpha': 5.0, 'beta': 1.0, 'decay': 0.05, 'p_best': 0.1}",61,7,100,767.7292238127666,45.19561743736267,55200,761.9097879558192,0.7637959176979158
ACO,"{'num_ants': 100, 'alpha': 5.0, 'beta': 1.0, 'decay': 0.05, 'p_best': 0.1}",61,8,100,722.1140970059002,36.96661424636841,45200,710.3872567232144,1.6507672641508222
ACO,"{'num_ants': 100, 'alpha': 5.0, 'beta': 1.0, 'decay': 0.05, 'p_best': 0.1}",61,9,100,739.2995634092025,48.071964740753174,58900,735.0723673725494,0.5750720914408571
ACO,"{'num_ants': 100, 'alpha': 5.0, 'beta': 1.0, 'decay': 0.05, 'p_best': 0.2}",62,1,20,125.74385231769625,1.6005465984344482,21900,124.03729577564157,1.3758414607341174
ACO,"{'num_ants': 100, 'alpha': 5.0, 'beta': 1.0, 'decay': 0.05, 'p_best': 0.2}",62,2,20,120.95259480638467,1.7434277534484863,23800,118.6354656029667,1.9531505116460037
ACO,"{'num_ants': 100, 'alpha': 5.0, 'beta': 1.0, 'decay': 0.05, 'p_best': 0.2}",62,3,20,166.92178982505476,1.660358190536499,23200,164.54929940834646,1.4418113144442608
ACO,"{'num_ants': 100, 'alpha': 5.0, 'beta': 1.0, 'decay': 0.05, 'p_best': 0.2}",62,4,50,319.82586739210103,12.009657144546509,45700,318.6536528323593,0.3678647802472981
ACO,"{'num_ants': 100, 'alpha': 5.0, 'beta': 1.0, 'decay': 0.05, 'p_best': 0.2}",62,5,50,362.10380296009384,9.364389419555664,35600,360.4194456725518,0.46733252263873204
ACO,"{'num_ants': 100, 'alpha': 5.0, 'beta': 1.0, 'decay': 0.05, 'p_best': 0.2}",62,6,50,387.4251456160537,12.878826141357422,48400,385.05729258733777,0.6149352510130386
ACO,"{'num_ants': 100, 'alpha': 5.0, 'beta': 1.0, 'decay': 0.05, 'p_best': 0.2}",62,7,100,771.4794536691096,35.397194623947144,43300,761.9097879558192,1.256010339355994
ACO,"{'num_ants': 100, 'alpha': 5.0, 'beta': 1.0, 'decay': 0.05, 'p_best': 0.2}",62,8,100,718.8033337233686,39.287550926208496,47800,710.3872567232144,1.1847167753226422
ACO,"{'num_ants': 100, 'alpha': 5.0, 'beta': 1.0, 'decay': 0.05, 'p_best': 0.2}",62,9,100,739.6336025916848,83.22737264633179,101900,735.0723673725494,0.6205151249854775
ACO,"{'num_ants': 100, 'alpha': 5.0, 'beta': 1.0, 'decay': 0.15, 'p_best': 0.1}",63,1,20,126.10520431099536,2.0911099910736084,28500,124.03729577564157,1.667166735958371
ACO,"{'num_ants': 100, 'alpha': 5.0, 'beta': 1.0, 'decay': 0.15, 'p_best': 0.1}",63,2,20,121.61906016768984,1.453226089477539,20200,118.6354656029667,2.5149263329974434
ACO,"{'num_ants': 100, 'alpha': 5.0, 'beta': 1.0, 'decay': 0.15, 'p_best': 0.1}",63,3,20,167.95160240691962,1.4740450382232666,20200,164.54929940834646,2.0676496410537664
ACO,"{'num_ants': 100, 'alpha': 5.0, 'beta': 1.0, 'decay': 0.15, 'p_best': 0.1}",63,4,50,322.7488075371327,7.406484603881836,27800,318.6536528323593,1.2851428716958142
ACO,"{'num_ants': 100, 'alpha': 5.0, 'beta': 1.0, 'decay': 0.15, 'p_best': 0.1}",63,5,50,367.206108306599,5.529748916625977,20900,360.4194456725518,1.8829901426054119
ACO,"{'num_ants': 100, 'alpha': 5.0, 'beta': 1.0, 'decay': 0.15, 'p_best': 0.1}",63,6,50,393.1909722467326,5.840648412704468,22100,385.05729258733777,2.112329727543069
ACO,"{'num_ants': 100, 'alpha': 5.0, 'beta': 1.0, 'decay': 0.15, 'p_best': 0.1}",63,7,100,773.9517284484551,17.88956093788147,22000,761.9097879558192,1.580494263624583
ACO,"{'num_ants': 100, 'alpha': 5.0, 'beta': 1.0, 'decay': 0.15, 'p_best': 0.1}",63,8,100,721.8786822609111,18.85722255706787,23300,710.3872567232144,1.6176283328480496
ACO,"{'num_ants': 100, 'alpha': 5.0, 'beta': 1.0, 'decay': 0.15, 'p_best': 0.1}",63,9,100,745.2627334375335,20.05836057662964,24800,735.0723673725494,1.3863078680822507
ACO,"{'num_ants': 100, 'alpha': 5.0, 'beta': 1.0, 'decay': 0.15, 'p_best': 0.2}",64,1,20,126.5270311915065,1.774681568145752,24200,124.03729577564157,2.0072474172351815
ACO,"{'num_ants': 100, 'alpha': 5.0, 'beta': 1.0, 'decay': 0.15, 'p_best': 0.2}",64,2,20,121.70811916252049,1.6907086372375488,23300,118.6354656029667,2.5899957857770213
ACO,"{'num_ants': 100, 'alpha': 5.0, 'beta': 1.0, 'decay': 0.15, 'p_best': 0.2}",64,3,20,166.70001543287162,1.4854505062103271,20900,164.54929940834646,1.3070344463685244
ACO,"{'num_ants': 100, 'alpha': 5.0, 'beta': 1.0, 'decay': 0.15, 'p_best': 0.2}",64,4,50,325.71472527917297,5.605445861816406,21500,318.6536528323593,2.215908207563667
ACO,"{'num_ants': 100, 'alpha': 5.0, 'beta': 1.0, 'decay': 0.15, 'p_best': 0.2}",64,5,50,364.0049337791782,9.904636859893799,37600,360.4194456725518,0.994809838835365
ACO,"{'num_ants': 100, 'alpha': 5.0, 'beta': 1.0, 'decay': 0.15, 'p_best': 0.2}",64,6,50,392.89891618187187,5.924917221069336,22300,385.05729258733777,2.0364822963989133
ACO,"{'num_ants': 100, 'alpha': 5.0, 'beta': 1.0, 'decay': 0.15, 'p_best': 0.2}",64,7,100,774.2581625123916,18.474987745285034,22700,761.9097879558192,1.6207134692025262
ACO,"{'num_ants': 100, 'alpha': 5.0, 'beta': 1.0, 'decay': 0.15, 'p_best': 0.2}",64,8,100,720.9410223371656,19.23871922492981,23400,710.3872567232144,1.4856355479449765
ACO,"{'num_ants': 100, 'alpha': 5.0, 'beta': 1.0, 'decay': 0.15, 'p_best': 0.2}",64,9,100,749.9537754774591,21.691611289978027,26700,735.0723673725494,2.024482046319057
ACO,"{'num_ants': 100, 'alpha': 5.0, 'beta': 2.0, 'decay': 0.05, 'p_best': 0.1}",65,1,20,125.4388860088382,1.6879708766937256,22600,124.03729577564157,1.1299748389644213
ACO,"{'num_ants': 100, 'alpha': 5.0, 'beta': 2.0, 'decay': 0.05, 'p_best': 0.1}",65,2,20,120.2224869908207,1.5613412857055664,21300,118.6354656029667,1.3377293036175413
ACO,"{'num_ants': 100, 'alpha': 5.0, 'beta': 2.0, 'decay': 0.05, 'p_best': 0.1}",65,3,20,165.98052224964482,1.5952353477478027,21800,164.54929940834646,0.8697836128409356
ACO,"{'num_ants': 100, 'alpha': 5.0, 'beta': 2.0, 'decay': 0.05, 'p_best': 0.1}",65,4,50,320.3129526225018,14.127158403396606,51800,318.6536528323593,0.5207220364159713
ACO,"{'num_ants': 100, 'alpha': 5.0, 'beta': 2.0, 'decay': 0.05, 'p_best': 0.1}",65,5,50,360.5291262389215,10.707273244857788,38900,360.4194456725518,0.030431367587576065
ACO,"{'num_ants': 100, 'alpha': 5.0, 'beta': 2.0, 'decay': 0.05, 'p_best': 0.1}",65,6,50,386.28726972288206,8.647996187210083,31500,385.05729258733777,0.3194270461103676
ACO,"{'num_ants': 100, 'alpha': 5.0, 'beta': 2.0, 'decay': 0.05, 'p_best': 0.1}",65,7,100,765.9165861310721,64.7156457901001,75600,761.9097879558192,0.5258887913755568
ACO,"{'num_ants': 100, 'alpha': 5.0, 'beta': 2.0, 'decay': 0.05, 'p_best': 0.1}",65,8,100,717.0342570786489,41.61895179748535,48900,710.3872567232144,0.9356868795894523
ACO,"{'num_ants': 100, 'alpha': 5.0, 'beta': 2.0, 'decay': 0.05, 'p_best': 0.1}",65,9,100,737.7196615351168,50.13226675987244,58800,735.0723673725494,0.3601406174510284
ACO,"{'num_ants': 100, 'alpha': 5.0, 'beta': 2.0, 'decay': 0.05, 'p_best': 0.2}",66,1,20,124.43547277583791,1.8886988162994385,25600,124.03729577564157,0.32101393190364536
ACO,"{'num_ants': 100, 'alpha': 5.0, 'beta': 2.0, 'decay': 0.05, 'p_best': 0.2}",66,2,20,119.89164103681945,1.6585676670074463,22600,118.6354656029667,1.0588532084130273
ACO,"{'num_ants': 100, 'alpha': 5.0, 'beta': 2.0, 'decay': 0.05, 'p_best': 0.2}",66,3,20,165.76031585398835,1.6558938026428223,22600,164.54929940834646,0.7359596485650318
ACO,"{'num_ants': 100, 'alpha': 5.0, 'beta': 2.0, 'decay': 0.05, 'p_best': 0.2}",66,4,50,319.1708521340663,13.255414009094238,49000,318.6536528323593,0.1623076644845861
ACO,"{'num_ants': 100, 'alpha': 5.0, 'beta': 2.0, 'decay': 0.05, 'p_best': 0.2}",66,5,50,362.46566248654796,6.177670240402222,22800,360.4194456725518,0.567732079543569
ACO,"{'num_ants': 100, 'alpha': 5.0, 'beta': 2.0, 'decay': 0.05, 'p_best': 0.2}",66,6,50,387.0415377955023,9.331081628799438,34000,385.05729258733777,0.5153116812388243
ACO,"{'num_ants': 100, 'alpha': 5.0, 'beta': 2.0, 'decay': 0.05, 'p_best': 0.2}",66,7,100,764.0219118325341,37.9784893989563,44600,761.9097879558192,0.27721443012061603
ACO,"{'num_ants': 100, 'alpha': 5.0, 'beta': 2.0, 'decay': 0.05, 'p_best': 0.2}",66,8,100,715.8334531770324,35.93297839164734,42100,710.3872567232144,0.766651766663101
ACO,"{'num_ants': 100, 'alpha': 5.0, 'beta': 2.0, 'decay': 0.05, 'p_best': 0.2}",66,9,100,735.3142563765464,70.21974515914917,82200,735.0723673725494,0.032906828597247806
ACO,"{'num_ants': 100, 'alpha': 5.0, 'beta': 2.0, 'decay': 0.15, 'p_best': 0.1}",67,1,20,124.8030393251092,1.5856070518493652,20900,124.03729577564157,0.6173494388757916
ACO,"{'num_ants': 100, 'alpha': 5.0, 'beta': 2.0, 'decay': 0.15, 'p_best': 0.1}",67,2,20,120.80189743277862,1.539217233657837,21000,118.6354656029667,1.8261249440047183
ACO,"{'num_ants': 100, 'alpha': 5.0, 'beta': 2.0, 'decay': 0.15, 'p_best': 0.1}",67,3,20,167.02676021848228,1.5538201332092285,21200,164.54929940834646,1.5056039855798737
ACO,"{'num_ants': 100, 'alpha': 5.0, 'beta': 2.0, 'decay': 0.15, 'p_best': 0.1}",67,4,50,321.43703731502825,6.04503607749939,22300,318.6536528323593,0.8734826850182937
ACO,"{'num_ants': 100, 'alpha': 5.0, 'beta': 2.0, 'decay': 0.15, 'p_best': 0.1}",67,5,50,362.29623847778817,9.403725147247314,34600,360.4194456725518,0.5207246245369055
ACO,"{'num_ants': 100, 'alpha': 5.0, 'beta': 2.0, 'decay': 0.15, 'p_best': 0.1}",67,6,50,388.1087614506565,6.5846498012542725,23900,385.05729258733777,0.7924713859630691
ACO,"{'num_ants': 100, 'alpha': 5.0, 'beta': 2.0, 'decay': 0.15, 'p_best': 0.1}",67,7,100,767.7389727548651,24.73324418067932,29200,761.9097879558192,0.7650754579076183
ACO,"{'num_ants': 100, 'alpha': 5.0, 'beta': 2.0, 'decay': 0.15, 'p_best': 0.1}",67,8,100,715.4390104735895,33.58379411697388,39600,710.3872567232144,0.7111267414448359
ACO,"{'num_ants': 100, 'alpha': 5.0, 'beta': 2.0, 'decay': 0.15, 'p_best': 0.1}",67,9,100,742.3660445505183,25.695615530014038,30400,735.0723673725494,0.9922393361131913
ACO,"{'num_ants': 100, 'alpha': 5.0, 'beta': 2.0, 'decay': 0.15, 'p_best': 0.2}",68,1,20,125.58102715556544,1.5861880779266357,21100,124.03729577564157,1.2445703288438084
ACO,"{'num_ants': 100, 'alpha': 5.0, 'beta': 2.0, 'decay': 0.15, 'p_best': 0.2}",68,2,20,120.86788926022305,1.5075061321258545,20300,118.6354656029667,1.8817506602347096
ACO,"{'num_ants': 100, 'alpha': 5.0, 'beta': 2.0, 'decay': 0.15, 'p_best': 0.2}",68,3,20,166.59751715133177,2.7268619537353516,37100,164.54929940834646,1.2447441285680876
ACO,"{'num_ants': 100, 'alpha': 5.0, 'beta': 2.0, 'decay': 0.15, 'p_best': 0.2}",68,4,50,322.4835005193244,7.758286714553833,28800,318.6536528323593,1.2018841312263209
ACO,"{'num_ants': 100, 'alpha': 5.0, 'beta': 2.0, 'decay': 0.15, 'p_best': 0.2}",68,5,50,365.4731392399626,6.150763511657715,22500,360.4194456725518,1.4021700627113851
ACO,"{'num_ants': 100, 'alpha': 5.0, 'beta': 2.0, 'decay': 0.15, 'p_best': 0.2}",68,6,50,388.7448029544019,12.727240562438965,47000,385.05729258733777,0.9576523904498557
ACO,"{'num_ants': 100, 'alpha': 5.0, 'beta': 2.0, 'decay': 0.15, 'p_best': 0.2}",68,7,100,768.5520773927478,20.509316205978394,23900,761.9097879558192,0.8717947376355027
ACO,"{'num_ants': 100, 'alpha': 5.0, 'beta': 2.0, 'decay': 0.15, 'p_best': 0.2}",68,8,100,718.4672316929453,23.900591611862183,27800,710.3872567232144,1.1374042669348101
ACO,"{'num_ants': 100, 'alpha': 5.0, 'beta': 2.0, 'decay': 0.15, 'p_best': 0.2}",68,9,100,742.8034613128879,22.246184587478638,26400,735.0723673725494,1.0517459618258542
ACO,"{'num_ants': 100, 'alpha': 5.0, 'beta': 5.0, 'decay': 0.05, 'p_best': 0.1}",69,1,20,124.2948305717295,1.750779151916504,23600,124.03729577564157,0.2076269032451069
ACO,"{'num_ants': 100, 'alpha': 5.0, 'beta': 5.0, 'decay': 0.05, 'p_best': 0.1}",69,2,20,120.11223994145806,1.4926915168762207,20200,118.6354656029667,1.244800052821998
ACO,"{'num_ants': 100, 'alpha': 5.0, 'beta': 5.0, 'decay': 0.05, 'p_best': 0.1}",69,3,20,165.4468635646988,1.7124905586242676,23000,164.54929940834646,0.5454682332769651
ACO,"{'num_ants': 100, 'alpha': 5.0, 'beta': 5.0, 'decay': 0.05, 'p_best': 0.1}",69,4,50,319.2384194982774,8.826695203781128,32500,318.6536528323593,0.1835116781873943
ACO,"{'num_ants': 100, 'alpha': 5.0, 'beta': 5.0, 'decay': 0.05, 'p_best': 0.1}",69,5,50,361.07630893815764,7.902629137039185,28900,360.4194456725518,0.18224967423168317
ACO,"{'num_ants': 100, 'alpha': 5.0, 'beta': 5.0, 'decay': 0.05, 'p_best': 0.1}",69,6,50,385.33912091366403,8.321790933609009,30100,385.05729258733777,0.07319127094894307
ACO,"{'num_ants': 100, 'alpha': 5.0, 'beta': 5.0, 'decay': 0.05, 'p_best': 0.1}",69,7,100,762.5740085128506,54.863078117370605,64200,761.9097879558192,0.08717837302149413
ACO,"{'num_ants': 100, 'alpha': 5.0, 'beta': 5.0, 'decay': 0.05, 'p_best': 0.1}",69,8,100,713.0266684895245,54.58120155334473,63500,710.3872567232144,0.3715454833022841
ACO,"{'num_ants': 100, 'alpha': 5.0, 'beta': 5.0, 'decay': 0.05, 'p_best': 0.1}",69,9,100,736.2887974106542,51.50526833534241,60500,735.0723673725494,0.1654843920269835
ACO,"{'num_ants': 100, 'alpha': 5.0, 'beta': 5.0, 'decay': 0.05, 'p_best': 0.2}",70,1,20,124.62935160293172,1.5234942436218262,20400,124.03729577564157,0.47732081192826276
ACO,"{'num_ants': 100, 'alpha': 5.0, 'beta': 5.0, 'decay': 0.05, 'p_best': 0.2}",70,2,20,119.8978429215975,1.811201572418213,24300,118.6354656029667,1.064080890326298
ACO,"{'num_ants': 100, 'alpha': 5.0, 'beta': 5.0, 'decay': 0.05, 'p_best': 0.2}",70,3,20,165.27365722950626,1.6126627922058105,21800,164.54929940834646,0.4402071742415802
ACO,"{'num_ants': 100, 'alpha': 5.0, 'beta': 5.0, 'decay': 0.05, 'p_best': 0.2}",70,4,50,319.89332259073694,8.415599822998047,31000,318.6536528323593,0.38903359411035443
ACO,"{'num_ants': 100, 'alpha': 5.0, 'beta': 5.0, 'decay': 0.05, 'p_best': 0.2}",70,5,50,361.86728467050597,7.993140697479248,28900,360.4194456725518,0.40170945695021776
ACO,"{'num_ants': 100, 'alpha': 5.0, 'beta': 5.0, 'decay': 0.05, 'p_best': 0.2}",70,6,50,385.97827280465947,8.515120267868042,30900,385.05729258733777,0.23918004802176396
ACO,"{'num_ants': 100, 'alpha': 5.0, 'beta': 5.0, 'decay': 0.05, 'p_best': 0.2}",70,7,100,763.5592510525221,41.226134300231934,48400,761.9097879558192,0.21649060332042222
ACO,"{'num_ants': 100, 'alpha': 5.0, 'beta': 5.0, 'decay': 0.05, 'p_best': 0.2}",70,8,100,712.5182751191566,72.60918545722961,85100,710.3872567232144,0.2999798174550439
ACO,"{'num_ants': 100, 'alpha': 5.0, 'beta': 5.0, 'decay': 0.05, 'p_best': 0.2}",70,9,100,735.7802875875311,44.79641032218933,52900,735.0723673725494,0.0963061932952469
ACO,"{'num_ants': 100, 'alpha': 5.0, 'beta': 5.0, 'decay': 0.15, 'p_best': 0.1}",71,1,20,125.007531038422,1.549590826034546,20800,124.03729577564157,0.7822125246388749
ACO,"{'num_ants': 100, 'alpha': 5.0, 'beta': 5.0, 'decay': 0.15, 'p_best': 0.1}",71,2,20,120.33324343034612,1.5022468566894531,20200,118.6354656029667,1.4310879286817206
ACO,"{'num_ants': 100, 'alpha': 5.0, 'beta': 5.0, 'decay': 0.15, 'p_best': 0.1}",71,3,20,166.42278363066416,1.4897868633270264,20200,164.54929940834646,1.1385549674498772
ACO,"{'num_ants': 100, 'alpha': 5.0, 'beta': 5.0, 'decay': 0.15, 'p_best': 0.1}",71,4,50,320.8582685284001,8.106052160263062,30200,318.6536528323593,0.6918532633927346
ACO,"{'num_ants': 100, 'alpha': 5.0, 'beta': 5.0, 'decay': 0.15, 'p_best': 0.1}",71,5,50,362.3096485190252,5.519282579421997,20400,360.4194456725518,0.5244453009315988
ACO,"{'num_ants': 100, 'alpha': 5.0, 'beta': 5.0, 'decay': 0.15, 'p_best': 0.1}",71,6,50,385.222269036553,11.722581148147583,42800,385.05729258733777,0.04284464997576523
ACO,"{'num_ants': 100, 'alpha': 5.0, 'beta': 5.0, 'decay': 0.15, 'p_best': 0.1}",71,7,100,768.2216935665572,18.401859998703003,21400,761.9097879558192,0.828432146497638
ACO,"{'num_ants': 100, 'alpha': 5.0, 'beta': 5.0, 'decay': 0.15, 'p_best': 0.1}",71,8,100,716.3715714171615,29.706804752349854,34600,710.3872567232144,0.842401751623588
ACO,"{'num_ants': 100, 'alpha': 5.0, 'beta': 5.0, 'decay': 0.15, 'p_best': 0.1}",71,9,100,738.5004438340487,21.610966205596924,25400,735.0723673725494,0.46635904349835816
ACO,"{'num_ants': 100, 'alpha': 5.0, 'beta': 5.0, 'decay': 0.15, 'p_best': 0.2}",72,1,20,124.59654629312527,1.562756061553955,20800,124.03729577564157,0.45087287173309204
ACO,"{'num_ants': 100, 'alpha': 5.0, 'beta': 5.0, 'decay': 0.15, 'p_best': 0.2}",72,2,20,119.84447103261613,1.5953788757324219,21200,118.6354656029667,1.0190927506413305
ACO,"{'num_ants': 100, 'alpha': 5.0, 'beta': 5.0, 'decay': 0.15, 'p_best': 0.2}",72,3,20,166.75310338469703,1.5853261947631836,21100,164.54929940834646,1.3392970886382194
ACO,"{'num_ants': 100, 'alpha': 5.0, 'beta': 5.0, 'decay': 0.15, 'p_best': 0.2}",72,4,50,320.974853424784,7.733479976654053,28400,318.6536528323593,0.7284399760657583
ACO,"{'num_ants': 100, 'alpha': 5.0, 'beta': 5.0, 'decay': 0.15, 'p_best': 0.2}",72,5,50,362.9458944255482,10.437581777572632,38500,360.4194456725518,0.7009745959411299
ACO,"{'num_ants': 100, 'alpha': 5.0, 'beta': 5.0, 'decay': 0.15, 'p_best': 0.2}",72,6,50,385.9141729859229,9.487877368927002,34400,385.05729258733777,0.22253322169993123
ACO,"{'num_ants': 100, 'alpha': 5.0, 'beta': 5.0, 'decay': 0.15, 'p_best': 0.2}",72,7,100,765.5347453091399,21.17086410522461,24800,761.9097879558192,0.47577251409860144
ACO,"{'num_ants': 100, 'alpha': 5.0, 'beta': 5.0, 'decay': 0.15, 'p_best': 0.2}",72,8,100,715.0193380572808,20.34061288833618,23700,710.3872567232144,0.6520501726667728
ACO,"{'num_ants': 100, 'alpha': 5.0, 'beta': 5.0, 'decay': 0.15, 'p_best': 0.2}",72,9,100,737.4657812278396,21.777545928955078,25600,735.0723673725494,0.325602479636833
