scheduler_name,config,config_id,instance_id,size,makespan,execution_time_s,solution_count,best_known_makespan,rpd
GA,"{'population_size': 50, 'crossover_rate': 0.75, 'mutation_rate': 0.05, 'survival_rate': 0.05, 'tournament_size': 2, 'mutation_iters': 1}",1,1,20,124.37547398506264,0.49186253547668457,20000,123.34164199704334,0.8381856859373442
GA,"{'population_size': 50, 'crossover_rate': 0.75, 'mutation_rate': 0.05, 'survival_rate': 0.05, 'tournament_size': 2, 'mutation_iters': 1}",1,2,20,119.060706592824,0.5371508598327637,22300,118.182620805516,0.7429906202139547
GA,"{'population_size': 50, 'crossover_rate': 0.75, 'mutation_rate': 0.05, 'survival_rate': 0.05, 'tournament_size': 2, 'mutation_iters': 1}",1,3,20,164.5844309449208,0.5788278579711914,24550,163.88828838251453,0.424766509722447
GA,"{'population_size': 50, 'crossover_rate': 0.75, 'mutation_rate': 0.05, 'survival_rate': 0.05, 'tournament_size': 2, 'mutation_iters': 1}",1,4,50,317.5935564436315,1.364424228668213,23150,315.1086406332271,0.7885901844553789
GA,"{'population_size': 50, 'crossover_rate': 0.75, 'mutation_rate': 0.05, 'survival_rate': 0.05, 'tournament_size': 2, 'mutation_iters': 1}",1,5,50,358.41531307806594,1.7830848693847656,29600,356.7151767230881,0.4766089210433571
GA,"{'population_size': 50, 'crossover_rate': 0.75, 'mutation_rate': 0.05, 'survival_rate': 0.05, 'tournament_size': 2, 'mutation_iters': 1}",1,6,50,382.78487087576826,1.8921632766723633,30050,380.95278886744313,0.4809210122261697
GA,"{'population_size': 50, 'crossover_rate': 0.75, 'mutation_rate': 0.05, 'survival_rate': 0.05, 'tournament_size': 2, 'mutation_iters': 1}",1,7,100,759.901942487867,6.3593456745147705,52000,755.2922150926004,0.6103237003047203
GA,"{'population_size': 50, 'crossover_rate': 0.75, 'mutation_rate': 0.05, 'survival_rate': 0.05, 'tournament_size': 2, 'mutation_iters': 1}",1,8,100,708.5639941073265,5.848180294036865,49050,704.7356821685974,0.5432266359706301
GA,"{'population_size': 50, 'crossover_rate': 0.75, 'mutation_rate': 0.05, 'survival_rate': 0.05, 'tournament_size': 2, 'mutation_iters': 1}",1,9,100,735.606793584509,4.248528242111206,37100,727.1609345563712,1.1614841538882228
GA,"{'population_size': 50, 'crossover_rate': 0.75, 'mutation_rate': 0.05, 'survival_rate': 0.05, 'tournament_size': 2, 'mutation_iters': 3}",2,1,20,124.53328121889592,0.5067901611328125,20000,123.34164199704334,0.9661288779349541
GA,"{'population_size': 50, 'crossover_rate': 0.75, 'mutation_rate': 0.05, 'survival_rate': 0.05, 'tournament_size': 2, 'mutation_iters': 3}",2,2,20,120.2338164519644,0.4770090579986572,20000,118.182620805516,1.7356152981443016
GA,"{'population_size': 50, 'crossover_rate': 0.75, 'mutation_rate': 0.05, 'survival_rate': 0.05, 'tournament_size': 2, 'mutation_iters': 3}",2,3,20,165.62576078075415,0.47874975204467773,20000,163.88828838251453,1.0601565342999768
GA,"{'population_size': 50, 'crossover_rate': 0.75, 'mutation_rate': 0.05, 'survival_rate': 0.05, 'tournament_size': 2, 'mutation_iters': 3}",2,4,50,320.953861971017,1.2838540077209473,21250,315.1086406332271,1.854986053712656
GA,"{'population_size': 50, 'crossover_rate': 0.75, 'mutation_rate': 0.05, 'survival_rate': 0.05, 'tournament_size': 2, 'mutation_iters': 3}",2,5,50,362.0281775052559,1.1966581344604492,20000,356.7151767230881,1.4894238117298142
GA,"{'population_size': 50, 'crossover_rate': 0.75, 'mutation_rate': 0.05, 'survival_rate': 0.05, 'tournament_size': 2, 'mutation_iters': 3}",2,6,50,385.71690152603554,1.2709577083587646,20000,380.95278886744313,1.2505782337900502
GA,"{'population_size': 50, 'crossover_rate': 0.75, 'mutation_rate': 0.05, 'survival_rate': 0.05, 'tournament_size': 2, 'mutation_iters': 3}",2,7,100,765.414907945258,2.403186082839966,20000,755.2922150926004,1.3402352957413464
GA,"{'population_size': 50, 'crossover_rate': 0.75, 'mutation_rate': 0.05, 'survival_rate': 0.05, 'tournament_size': 2, 'mutation_iters': 3}",2,8,100,715.5045926230017,2.312761068344116,20000,704.7356821685974,1.5280779343067326
GA,"{'population_size': 50, 'crossover_rate': 0.75, 'mutation_rate': 0.05, 'survival_rate': 0.05, 'tournament_size': 2, 'mutation_iters': 3}",2,9,100,736.6997925254257,2.241182804107666,20000,727.1609345563712,1.3117946132342693
GA,"{'population_size': 50, 'crossover_rate': 0.75, 'mutation_rate': 0.05, 'survival_rate': 0.05, 'tournament_size': 5, 'mutation_iters': 1}",3,1,20,123.96090800203022,0.5941128730773926,23700,123.34164199704334,0.5020737481358714
GA,"{'population_size': 50, 'crossover_rate': 0.75, 'mutation_rate': 0.05, 'survival_rate': 0.05, 'tournament_size': 5, 'mutation_iters': 1}",3,2,20,118.99307047642026,0.4749898910522461,20000,118.182620805516,0.685760448854791
GA,"{'population_size': 50, 'crossover_rate': 0.75, 'mutation_rate': 0.05, 'survival_rate': 0.05, 'tournament_size': 5, 'mutation_iters': 1}",3,3,20,164.76552329370247,0.47346949577331543,20000,163.88828838251453,0.5352639409720835
GA,"{'population_size': 50, 'crossover_rate': 0.75, 'mutation_rate': 0.05, 'survival_rate': 0.05, 'tournament_size': 5, 'mutation_iters': 1}",3,4,50,317.94045914710574,2.2538726329803467,39200,315.1086406332271,0.8986800578327441
GA,"{'population_size': 50, 'crossover_rate': 0.75, 'mutation_rate': 0.05, 'survival_rate': 0.05, 'tournament_size': 5, 'mutation_iters': 1}",3,5,50,358.12688813636294,4.483070373535156,75150,356.7151767230881,0.3957531121168705
GA,"{'population_size': 50, 'crossover_rate': 0.75, 'mutation_rate': 0.05, 'survival_rate': 0.05, 'tournament_size': 5, 'mutation_iters': 1}",3,6,50,383.8573464623078,1.7902593612670898,28800,380.95278886744313,0.7624455522427894
GA,"{'population_size': 50, 'crossover_rate': 0.75, 'mutation_rate': 0.05, 'survival_rate': 0.05, 'tournament_size': 5, 'mutation_iters': 1}",3,7,100,758.2209663968246,8.619048118591309,71850,755.2922150926004,0.38776399990633054
GA,"{'population_size': 50, 'crossover_rate': 0.75, 'mutation_rate': 0.05, 'survival_rate': 0.05, 'tournament_size': 5, 'mutation_iters': 1}",3,8,100,709.7224114600613,9.080385446548462,78400,704.7356821685974,0.7076027818144331
GA,"{'population_size': 50, 'crossover_rate': 0.75, 'mutation_rate': 0.05, 'survival_rate': 0.05, 'tournament_size': 5, 'mutation_iters': 1}",3,9,100,733.570417021898,3.2012038230895996,27450,727.1609345563712,0.8814393294432324
GA,"{'population_size': 50, 'crossover_rate': 0.75, 'mutation_rate': 0.05, 'survival_rate': 0.05, 'tournament_size': 5, 'mutation_iters': 3}",4,1,20,125.09287264986062,0.6271040439605713,25000,123.34164199704334,1.4198210956679689
GA,"{'population_size': 50, 'crossover_rate': 0.75, 'mutation_rate': 0.05, 'survival_rate': 0.05, 'tournament_size': 5, 'mutation_iters': 3}",4,2,20,120.6471736442542,0.47808241844177246,20000,118.182620805516,2.085376700855132
GA,"{'population_size': 50, 'crossover_rate': 0.75, 'mutation_rate': 0.05, 'survival_rate': 0.05, 'tournament_size': 5, 'mutation_iters': 3}",4,3,20,165.95884086056788,0.473067045211792,20000,163.88828838251453,1.2633925819157277
GA,"{'population_size': 50, 'crossover_rate': 0.75, 'mutation_rate': 0.05, 'survival_rate': 0.05, 'tournament_size': 5, 'mutation_iters': 3}",4,4,50,322.4719901145555,1.1946582794189453,20000,315.1086406332271,2.336765334816402
GA,"{'population_size': 50, 'crossover_rate': 0.75, 'mutation_rate': 0.05, 'survival_rate': 0.05, 'tournament_size': 5, 'mutation_iters': 3}",4,5,50,363.740213993312,1.211076021194458,20150,356.7151767230881,1.9693687649508973
GA,"{'population_size': 50, 'crossover_rate': 0.75, 'mutation_rate': 0.05, 'survival_rate': 0.05, 'tournament_size': 5, 'mutation_iters': 3}",4,6,50,387.3802531200727,1.4954731464385986,23900,380.95278886744313,1.687207559692154
GA,"{'population_size': 50, 'crossover_rate': 0.75, 'mutation_rate': 0.05, 'survival_rate': 0.05, 'tournament_size': 5, 'mutation_iters': 3}",4,7,100,764.2393849932863,2.7307839393615723,22800,755.2922150926004,1.184597129680331
GA,"{'population_size': 50, 'crossover_rate': 0.75, 'mutation_rate': 0.05, 'survival_rate': 0.05, 'tournament_size': 5, 'mutation_iters': 3}",4,8,100,714.2865113979894,2.411160945892334,20000,704.7356821685974,1.355235653742193
GA,"{'population_size': 50, 'crossover_rate': 0.75, 'mutation_rate': 0.05, 'survival_rate': 0.05, 'tournament_size': 5, 'mutation_iters': 3}",4,9,100,739.271721612301,2.3474462032318115,20000,727.1609345563712,1.6654892308424656
GA,"{'population_size': 50, 'crossover_rate': 0.75, 'mutation_rate': 0.05, 'survival_rate': 0.1, 'tournament_size': 2, 'mutation_iters': 1}",5,1,20,124.27970657531225,0.5114574432373047,20000,123.34164199704334,0.7605416654753094
GA,"{'population_size': 50, 'crossover_rate': 0.75, 'mutation_rate': 0.05, 'survival_rate': 0.1, 'tournament_size': 2, 'mutation_iters': 1}",5,2,20,118.81529005610443,0.5605874061584473,23650,118.182620805516,0.5353318840589685
GA,"{'population_size': 50, 'crossover_rate': 0.75, 'mutation_rate': 0.05, 'survival_rate': 0.1, 'tournament_size': 2, 'mutation_iters': 1}",5,3,20,165.5403091180738,0.45449161529541016,20000,163.88828838251453,1.0080163456850881
GA,"{'population_size': 50, 'crossover_rate': 0.75, 'mutation_rate': 0.05, 'survival_rate': 0.1, 'tournament_size': 2, 'mutation_iters': 1}",5,4,50,316.88893833804553,1.5990922451019287,26750,315.1086406332271,0.5649790184238844
GA,"{'population_size': 50, 'crossover_rate': 0.75, 'mutation_rate': 0.05, 'survival_rate': 0.1, 'tournament_size': 2, 'mutation_iters': 1}",5,5,50,360.45884508420113,1.4081714153289795,23650,356.7151767230881,1.049483903517555
GA,"{'population_size': 50, 'crossover_rate': 0.75, 'mutation_rate': 0.05, 'survival_rate': 0.1, 'tournament_size': 2, 'mutation_iters': 1}",5,6,50,384.9405013799688,2.530660390853882,40500,380.95278886744313,1.0467734136770503
GA,"{'population_size': 50, 'crossover_rate': 0.75, 'mutation_rate': 0.05, 'survival_rate': 0.1, 'tournament_size': 2, 'mutation_iters': 1}",5,7,100,759.5082202382401,5.7503204345703125,48100,755.2922150926004,0.5581952337643091
GA,"{'population_size': 50, 'crossover_rate': 0.75, 'mutation_rate': 0.05, 'survival_rate': 0.1, 'tournament_size': 2, 'mutation_iters': 1}",5,8,100,709.4595196572509,3.9549129009246826,33600,704.7356821685974,0.6702991785682617
GA,"{'population_size': 50, 'crossover_rate': 0.75, 'mutation_rate': 0.05, 'survival_rate': 0.1, 'tournament_size': 2, 'mutation_iters': 1}",5,9,100,734.489613018771,2.693499803543091,23450,727.1609345563712,1.0078482099524382
GA,"{'population_size': 50, 'crossover_rate': 0.75, 'mutation_rate': 0.05, 'survival_rate': 0.1, 'tournament_size': 2, 'mutation_iters': 3}",6,1,20,124.414023871667,0.4955868721008301,20000,123.34164199704334,0.8694402452088041
GA,"{'population_size': 50, 'crossover_rate': 0.75, 'mutation_rate': 0.05, 'survival_rate': 0.1, 'tournament_size': 2, 'mutation_iters': 3}",6,2,20,119.16821237797119,0.4717092514038086,20000,118.182620805516,0.8339564360119446
GA,"{'population_size': 50, 'crossover_rate': 0.75, 'mutation_rate': 0.05, 'survival_rate': 0.1, 'tournament_size': 2, 'mutation_iters': 3}",6,3,20,165.7649913326481,0.4685945510864258,20000,163.88828838251453,1.145111080636431
GA,"{'population_size': 50, 'crossover_rate': 0.75, 'mutation_rate': 0.05, 'survival_rate': 0.1, 'tournament_size': 2, 'mutation_iters': 3}",6,4,50,319.55405391198,1.4264342784881592,23800,315.1086406332271,1.4107557538947995
GA,"{'population_size': 50, 'crossover_rate': 0.75, 'mutation_rate': 0.05, 'survival_rate': 0.1, 'tournament_size': 2, 'mutation_iters': 3}",6,5,50,362.32796257714756,1.2308666706085205,20000,356.7151767230881,1.5734642707440925
GA,"{'population_size': 50, 'crossover_rate': 0.75, 'mutation_rate': 0.05, 'survival_rate': 0.1, 'tournament_size': 2, 'mutation_iters': 3}",6,6,50,385.6082012281563,1.2557458877563477,20000,380.95278886744313,1.2220444361500855
GA,"{'population_size': 50, 'crossover_rate': 0.75, 'mutation_rate': 0.05, 'survival_rate': 0.1, 'tournament_size': 2, 'mutation_iters': 3}",6,7,100,766.3650338418256,2.3942532539367676,20000,755.2922150926004,1.466031097363778
GA,"{'population_size': 50, 'crossover_rate': 0.75, 'mutation_rate': 0.05, 'survival_rate': 0.1, 'tournament_size': 2, 'mutation_iters': 3}",6,8,100,715.2249350315813,2.5647544860839844,21650,704.7356821685974,1.4883953130777487
GA,"{'population_size': 50, 'crossover_rate': 0.75, 'mutation_rate': 0.05, 'survival_rate': 0.1, 'tournament_size': 2, 'mutation_iters': 3}",6,9,100,737.7452521753154,2.3136491775512695,20000,727.1609345563712,1.455567415128191
GA,"{'population_size': 50, 'crossover_rate': 0.75, 'mutation_rate': 0.05, 'survival_rate': 0.1, 'tournament_size': 5, 'mutation_iters': 1}",7,1,20,123.82827480360426,0.5684480667114258,22800,123.34164199704334,0.39454056122634135
GA,"{'population_size': 50, 'crossover_rate': 0.75, 'mutation_rate': 0.05, 'survival_rate': 0.1, 'tournament_size': 5, 'mutation_iters': 1}",7,2,20,120.94415673752222,0.5497674942016602,22800,118.182620805516,2.3366683808363597
GA,"{'population_size': 50, 'crossover_rate': 0.75, 'mutation_rate': 0.05, 'survival_rate': 0.1, 'tournament_size': 5, 'mutation_iters': 1}",7,3,20,164.6102309708268,0.48978686332702637,20600,163.88828838251453,0.4405089560928533
GA,"{'population_size': 50, 'crossover_rate': 0.75, 'mutation_rate': 0.05, 'survival_rate': 0.1, 'tournament_size': 5, 'mutation_iters': 1}",7,4,50,318.31911835397534,1.1846387386322021,20300,315.1086406332271,1.0188478850648581
GA,"{'population_size': 50, 'crossover_rate': 0.75, 'mutation_rate': 0.05, 'survival_rate': 0.1, 'tournament_size': 5, 'mutation_iters': 1}",7,5,50,360.21758144793506,1.2551546096801758,20750,356.7151767230881,0.9818490923266202
GA,"{'population_size': 50, 'crossover_rate': 0.75, 'mutation_rate': 0.05, 'survival_rate': 0.1, 'tournament_size': 5, 'mutation_iters': 1}",7,6,50,383.0515180244353,2.330091953277588,36000,380.95278886744313,0.550915813802447
GA,"{'population_size': 50, 'crossover_rate': 0.75, 'mutation_rate': 0.05, 'survival_rate': 0.1, 'tournament_size': 5, 'mutation_iters': 1}",7,7,100,760.1219102824559,6.383605241775513,52600,755.2922150926004,0.6394472355660948
GA,"{'population_size': 50, 'crossover_rate': 0.75, 'mutation_rate': 0.05, 'survival_rate': 0.1, 'tournament_size': 5, 'mutation_iters': 1}",7,8,100,707.3957966381855,7.518030881881714,63250,704.7356821685974,0.37746271927121944
GA,"{'population_size': 50, 'crossover_rate': 0.75, 'mutation_rate': 0.05, 'survival_rate': 0.1, 'tournament_size': 5, 'mutation_iters': 1}",7,9,100,731.1942461162478,6.11970067024231,52500,727.1609345563712,0.5546655998973883
GA,"{'population_size': 50, 'crossover_rate': 0.75, 'mutation_rate': 0.05, 'survival_rate': 0.1, 'tournament_size': 5, 'mutation_iters': 3}",8,1,20,124.67414794232982,0.510601282119751,20000,123.34164199704334,1.0803374462279551
GA,"{'population_size': 50, 'crossover_rate': 0.75, 'mutation_rate': 0.05, 'survival_rate': 0.1, 'tournament_size': 5, 'mutation_iters': 3}",8,2,20,119.0907209506027,0.49156975746154785,20000,118.182620805516,0.7683872120090285
GA,"{'population_size': 50, 'crossover_rate': 0.75, 'mutation_rate': 0.05, 'survival_rate': 0.1, 'tournament_size': 5, 'mutation_iters': 3}",8,3,20,165.7784619224848,0.5519235134124756,22950,163.88828838251453,1.1533304537043065
GA,"{'population_size': 50, 'crossover_rate': 0.75, 'mutation_rate': 0.05, 'survival_rate': 0.1, 'tournament_size': 5, 'mutation_iters': 3}",8,4,50,320.1024114589055,1.247972011566162,21150,315.1086406332271,1.5847774963083205
GA,"{'population_size': 50, 'crossover_rate': 0.75, 'mutation_rate': 0.05, 'survival_rate': 0.1, 'tournament_size': 5, 'mutation_iters': 3}",8,5,50,363.0890813611562,1.2182626724243164,20000,356.7151767230881,1.7868330404725254
GA,"{'population_size': 50, 'crossover_rate': 0.75, 'mutation_rate': 0.05, 'survival_rate': 0.1, 'tournament_size': 5, 'mutation_iters': 3}",8,6,50,386.6832866964152,1.27874755859375,20000,380.95278886744313,1.5042540693844566
GA,"{'population_size': 50, 'crossover_rate': 0.75, 'mutation_rate': 0.05, 'survival_rate': 0.1, 'tournament_size': 5, 'mutation_iters': 3}",8,7,100,765.6274891670587,2.381334066390991,20000,755.2922150926004,1.3683808555065256
GA,"{'population_size': 50, 'crossover_rate': 0.75, 'mutation_rate': 0.05, 'survival_rate': 0.1, 'tournament_size': 5, 'mutation_iters': 3}",8,8,100,713.824570473577,2.4108169078826904,20000,704.7356821685974,1.2896875431383685
GA,"{'population_size': 50, 'crossover_rate': 0.75, 'mutation_rate': 0.05, 'survival_rate': 0.1, 'tournament_size': 5, 'mutation_iters': 3}",8,9,100,738.0858791672053,2.4497556686401367,21300,727.1609345563712,1.5024108270474208
GA,"{'population_size': 50, 'crossover_rate': 0.75, 'mutation_rate': 0.05, 'survival_rate': 0.15, 'tournament_size': 2, 'mutation_iters': 1}",9,1,20,124.26505936977053,0.49274611473083496,20000,123.34164199704334,0.7486663528845531
GA,"{'population_size': 50, 'crossover_rate': 0.75, 'mutation_rate': 0.05, 'survival_rate': 0.15, 'tournament_size': 2, 'mutation_iters': 1}",9,2,20,119.26324718714099,0.46038365364074707,20000,118.182620805516,0.9143699591865528
GA,"{'population_size': 50, 'crossover_rate': 0.75, 'mutation_rate': 0.05, 'survival_rate': 0.15, 'tournament_size': 2, 'mutation_iters': 1}",9,3,20,164.5169189968492,0.5970501899719238,25750,163.88828838251453,0.38357262775693085
GA,"{'population_size': 50, 'crossover_rate': 0.75, 'mutation_rate': 0.05, 'survival_rate': 0.15, 'tournament_size': 2, 'mutation_iters': 1}",9,4,50,316.09130651416865,3.6133224964141846,62850,315.1086406332271,0.31184986833964623
GA,"{'population_size': 50, 'crossover_rate': 0.75, 'mutation_rate': 0.05, 'survival_rate': 0.15, 'tournament_size': 2, 'mutation_iters': 1}",9,5,50,358.640540802249,3.759899139404297,63150,356.7151767230881,0.5397482935399502
GA,"{'population_size': 50, 'crossover_rate': 0.75, 'mutation_rate': 0.05, 'survival_rate': 0.15, 'tournament_size': 2, 'mutation_iters': 1}",9,6,50,382.9286437608369,1.9038283824920654,30550,380.95278886744313,0.5186613541451968
GA,"{'population_size': 50, 'crossover_rate': 0.75, 'mutation_rate': 0.05, 'survival_rate': 0.15, 'tournament_size': 2, 'mutation_iters': 1}",9,7,100,761.407923064796,7.630990743637085,64100,755.2922150926004,0.8097141543350679
GA,"{'population_size': 50, 'crossover_rate': 0.75, 'mutation_rate': 0.05, 'survival_rate': 0.15, 'tournament_size': 2, 'mutation_iters': 1}",9,8,100,709.3463995852027,8.489614486694336,72600,704.7356821685974,0.6542477602974957
GA,"{'population_size': 50, 'crossover_rate': 0.75, 'mutation_rate': 0.05, 'survival_rate': 0.15, 'tournament_size': 2, 'mutation_iters': 1}",9,9,100,732.8709947654778,4.516955375671387,38550,727.1609345563712,0.7852539840565279
GA,"{'population_size': 50, 'crossover_rate': 0.75, 'mutation_rate': 0.05, 'survival_rate': 0.15, 'tournament_size': 2, 'mutation_iters': 3}",10,1,20,125.22947078835782,0.4622962474822998,20000,123.34164199704334,1.530568882291781
GA,"{'population_size': 50, 'crossover_rate': 0.75, 'mutation_rate': 0.05, 'survival_rate': 0.15, 'tournament_size': 2, 'mutation_iters': 3}",10,2,20,121.43366855133667,0.4775874614715576,21050,118.182620805516,2.750867871825815
GA,"{'population_size': 50, 'crossover_rate': 0.75, 'mutation_rate': 0.05, 'survival_rate': 0.15, 'tournament_size': 2, 'mutation_iters': 3}",10,3,20,165.55084629483207,0.5332727432250977,23600,163.88828838251453,1.014445833028127
GA,"{'population_size': 50, 'crossover_rate': 0.75, 'mutation_rate': 0.05, 'survival_rate': 0.15, 'tournament_size': 2, 'mutation_iters': 3}",10,4,50,320.0922219929728,1.1361849308013916,20000,315.1086406332271,1.5815438604701335
GA,"{'population_size': 50, 'crossover_rate': 0.75, 'mutation_rate': 0.05, 'survival_rate': 0.15, 'tournament_size': 2, 'mutation_iters': 3}",10,5,50,362.83459821213665,1.161691665649414,20000,356.7151767230881,1.715492327874498
GA,"{'population_size': 50, 'crossover_rate': 0.75, 'mutation_rate': 0.05, 'survival_rate': 0.15, 'tournament_size': 2, 'mutation_iters': 3}",10,6,50,385.8594658516624,1.230001449584961,20000,380.95278886744313,1.2880013291953036
GA,"{'population_size': 50, 'crossover_rate': 0.75, 'mutation_rate': 0.05, 'survival_rate': 0.15, 'tournament_size': 2, 'mutation_iters': 3}",10,7,100,765.1787235783495,2.3841497898101807,20550,755.2922150926004,1.3089647011040637
GA,"{'population_size': 50, 'crossover_rate': 0.75, 'mutation_rate': 0.05, 'survival_rate': 0.15, 'tournament_size': 2, 'mutation_iters': 3}",10,8,100,712.9207818560667,3.878755807876587,33550,704.7356821685974,1.161442494621861
GA,"{'population_size': 50, 'crossover_rate': 0.75, 'mutation_rate': 0.05, 'survival_rate': 0.15, 'tournament_size': 2, 'mutation_iters': 3}",10,9,100,736.4540418116658,2.2234444618225098,20000,727.1609345563712,1.277998695153244
GA,"{'population_size': 50, 'crossover_rate': 0.75, 'mutation_rate': 0.05, 'survival_rate': 0.15, 'tournament_size': 5, 'mutation_iters': 1}",11,1,20,124.24666927132922,0.5846602916717529,23950,123.34164199704334,0.7337564666988784
GA,"{'population_size': 50, 'crossover_rate': 0.75, 'mutation_rate': 0.05, 'survival_rate': 0.15, 'tournament_size': 5, 'mutation_iters': 1}",11,2,20,119.54400760824258,0.4686887264251709,20000,118.182620805516,1.1519348559437637
GA,"{'population_size': 50, 'crossover_rate': 0.75, 'mutation_rate': 0.05, 'survival_rate': 0.15, 'tournament_size': 5, 'mutation_iters': 1}",11,3,20,164.68136004058138,0.46251964569091797,20000,163.88828838251453,0.4839099034433897
GA,"{'population_size': 50, 'crossover_rate': 0.75, 'mutation_rate': 0.05, 'survival_rate': 0.15, 'tournament_size': 5, 'mutation_iters': 1}",11,4,50,316.93349813937533,2.0212454795837402,34400,315.1086406332271,0.5791201099662335
GA,"{'population_size': 50, 'crossover_rate': 0.75, 'mutation_rate': 0.05, 'survival_rate': 0.15, 'tournament_size': 5, 'mutation_iters': 1}",11,5,50,358.00097460505884,1.7946527004241943,30100,356.7151767230881,0.3604550537441432
GA,"{'population_size': 50, 'crossover_rate': 0.75, 'mutation_rate': 0.05, 'survival_rate': 0.15, 'tournament_size': 5, 'mutation_iters': 1}",11,6,50,383.4066245511398,2.3793060779571533,38250,380.95278886744313,0.6441311772495083
GA,"{'population_size': 50, 'crossover_rate': 0.75, 'mutation_rate': 0.05, 'survival_rate': 0.15, 'tournament_size': 5, 'mutation_iters': 1}",11,7,100,762.6144180766101,3.6151857376098633,30900,755.2922150926004,0.9694529928541711
GA,"{'population_size': 50, 'crossover_rate': 0.75, 'mutation_rate': 0.05, 'survival_rate': 0.15, 'tournament_size': 5, 'mutation_iters': 1}",11,8,100,710.3789747541629,3.790374755859375,32650,704.7356821685974,0.8007672562002397
GA,"{'population_size': 50, 'crossover_rate': 0.75, 'mutation_rate': 0.05, 'survival_rate': 0.15, 'tournament_size': 5, 'mutation_iters': 1}",11,9,100,734.7158378564475,4.438318252563477,39150,727.1609345563712,1.0389589073133285
GA,"{'population_size': 50, 'crossover_rate': 0.75, 'mutation_rate': 0.05, 'survival_rate': 0.15, 'tournament_size': 5, 'mutation_iters': 3}",12,1,20,123.96256378636481,0.4943833351135254,20000,123.34164199704334,0.5034161855380161
GA,"{'population_size': 50, 'crossover_rate': 0.75, 'mutation_rate': 0.05, 'survival_rate': 0.15, 'tournament_size': 5, 'mutation_iters': 3}",12,2,20,119.74077190030215,0.49059128761291504,20000,118.182620805516,1.3184265877385504
GA,"{'population_size': 50, 'crossover_rate': 0.75, 'mutation_rate': 0.05, 'survival_rate': 0.15, 'tournament_size': 5, 'mutation_iters': 3}",12,3,20,165.19977118714638,0.4815406799316406,20000,163.88828838251453,0.8002297281736545
GA,"{'population_size': 50, 'crossover_rate': 0.75, 'mutation_rate': 0.05, 'survival_rate': 0.15, 'tournament_size': 5, 'mutation_iters': 3}",12,4,50,320.6081000659032,1.1685864925384521,20000,315.1086406332271,1.7452582136829653
GA,"{'population_size': 50, 'crossover_rate': 0.75, 'mutation_rate': 0.05, 'survival_rate': 0.15, 'tournament_size': 5, 'mutation_iters': 3}",12,5,50,362.46019718535297,1.1894505023956299,20000,356.7151767230881,1.6105343526565477
GA,"{'population_size': 50, 'crossover_rate': 0.75, 'mutation_rate': 0.05, 'survival_rate': 0.15, 'tournament_size': 5, 'mutation_iters': 3}",12,6,50,385.73927271509757,1.2299787998199463,20000,380.95278886744313,1.2564506646307685
GA,"{'population_size': 50, 'crossover_rate': 0.75, 'mutation_rate': 0.05, 'survival_rate': 0.15, 'tournament_size': 5, 'mutation_iters': 3}",12,7,100,766.7833887064842,3.2036948204040527,27250,755.2922150926004,1.5214208996547065
GA,"{'population_size': 50, 'crossover_rate': 0.75, 'mutation_rate': 0.05, 'survival_rate': 0.15, 'tournament_size': 5, 'mutation_iters': 3}",12,8,100,715.3774431153906,2.300689697265625,20000,704.7356821685974,1.5100357788109562
GA,"{'population_size': 50, 'crossover_rate': 0.75, 'mutation_rate': 0.05, 'survival_rate': 0.15, 'tournament_size': 5, 'mutation_iters': 3}",12,9,100,738.2525439385595,2.7221665382385254,23750,727.1609345563712,1.525330756245187
GA,"{'population_size': 50, 'crossover_rate': 0.75, 'mutation_rate': 0.1, 'survival_rate': 0.05, 'tournament_size': 2, 'mutation_iters': 1}",13,1,20,123.7140301264337,0.5063433647155762,20000,123.34164199704334,0.30191598178925283
GA,"{'population_size': 50, 'crossover_rate': 0.75, 'mutation_rate': 0.1, 'survival_rate': 0.05, 'tournament_size': 2, 'mutation_iters': 1}",13,2,20,118.89176078347371,0.4725005626678467,20000,118.182620805516,0.6000374446973008
GA,"{'population_size': 50, 'crossover_rate': 0.75, 'mutation_rate': 0.1, 'survival_rate': 0.05, 'tournament_size': 2, 'mutation_iters': 1}",13,3,20,164.68159836614024,0.46746301651000977,20000,163.88828838251453,0.48405532296128584
GA,"{'population_size': 50, 'crossover_rate': 0.75, 'mutation_rate': 0.1, 'survival_rate': 0.05, 'tournament_size': 2, 'mutation_iters': 1}",13,4,50,316.3608376477973,1.6406896114349365,27700,315.1086406332271,0.3973858070200449
GA,"{'population_size': 50, 'crossover_rate': 0.75, 'mutation_rate': 0.1, 'survival_rate': 0.05, 'tournament_size': 2, 'mutation_iters': 1}",13,5,50,358.96255549969476,1.4117610454559326,23450,356.7151767230881,0.6300205102714874
GA,"{'population_size': 50, 'crossover_rate': 0.75, 'mutation_rate': 0.1, 'survival_rate': 0.05, 'tournament_size': 2, 'mutation_iters': 1}",13,6,50,381.9082920048891,1.607633113861084,25900,380.95278886744313,0.2508193050080191
GA,"{'population_size': 50, 'crossover_rate': 0.75, 'mutation_rate': 0.1, 'survival_rate': 0.05, 'tournament_size': 2, 'mutation_iters': 1}",13,7,100,757.8414533551712,10.31965160369873,86300,755.2922150926004,0.33751681953431717
GA,"{'population_size': 50, 'crossover_rate': 0.75, 'mutation_rate': 0.1, 'survival_rate': 0.05, 'tournament_size': 2, 'mutation_iters': 1}",13,8,100,707.8903964327931,5.7452309131622314,49450,704.7356821685974,0.4476450311822015
GA,"{'population_size': 50, 'crossover_rate': 0.75, 'mutation_rate': 0.1, 'survival_rate': 0.05, 'tournament_size': 2, 'mutation_iters': 1}",13,9,100,729.4801391987878,7.1832990646362305,62500,727.1609345563712,0.31893966413796715
GA,"{'population_size': 50, 'crossover_rate': 0.75, 'mutation_rate': 0.1, 'survival_rate': 0.05, 'tournament_size': 2, 'mutation_iters': 3}",14,1,20,123.8299367580993,0.48828864097595215,20000,123.34164199704334,0.39588800112427486
GA,"{'population_size': 50, 'crossover_rate': 0.75, 'mutation_rate': 0.1, 'survival_rate': 0.05, 'tournament_size': 2, 'mutation_iters': 3}",14,2,20,118.83370828352369,0.47635722160339355,20000,118.182620805516,0.5509164321877245
GA,"{'population_size': 50, 'crossover_rate': 0.75, 'mutation_rate': 0.1, 'survival_rate': 0.05, 'tournament_size': 2, 'mutation_iters': 3}",14,3,20,165.19958336203115,0.46257686614990234,20000,163.88828838251453,0.8001151225986696
GA,"{'population_size': 50, 'crossover_rate': 0.75, 'mutation_rate': 0.1, 'survival_rate': 0.05, 'tournament_size': 2, 'mutation_iters': 3}",14,4,50,318.239823888775,1.6863453388214111,28600,315.1086406332271,0.9936837178617621
GA,"{'population_size': 50, 'crossover_rate': 0.75, 'mutation_rate': 0.1, 'survival_rate': 0.05, 'tournament_size': 2, 'mutation_iters': 3}",14,5,50,362.33735565594867,1.1916990280151367,20000,356.7151767230881,1.5760974860974168
GA,"{'population_size': 50, 'crossover_rate': 0.75, 'mutation_rate': 0.1, 'survival_rate': 0.05, 'tournament_size': 2, 'mutation_iters': 3}",14,6,50,384.7026862227947,1.2351584434509277,20000,380.95278886744313,0.9843470017636146
GA,"{'population_size': 50, 'crossover_rate': 0.75, 'mutation_rate': 0.1, 'survival_rate': 0.05, 'tournament_size': 2, 'mutation_iters': 3}",14,7,100,762.4045662589518,2.714797019958496,22900,755.2922150926004,0.9416688037065853
GA,"{'population_size': 50, 'crossover_rate': 0.75, 'mutation_rate': 0.1, 'survival_rate': 0.05, 'tournament_size': 2, 'mutation_iters': 3}",14,8,100,714.9476512189332,2.321983575820923,20000,704.7356821685974,1.4490495243424848
GA,"{'population_size': 50, 'crossover_rate': 0.75, 'mutation_rate': 0.1, 'survival_rate': 0.05, 'tournament_size': 2, 'mutation_iters': 3}",14,9,100,733.4158321479998,3.5763745307922363,31300,727.1609345563712,0.8601806415033303
GA,"{'population_size': 50, 'crossover_rate': 0.75, 'mutation_rate': 0.1, 'survival_rate': 0.05, 'tournament_size': 5, 'mutation_iters': 1}",15,1,20,124.29755334264087,0.5075516700744629,20000,123.34164199704334,0.7750110425969863
GA,"{'population_size': 50, 'crossover_rate': 0.75, 'mutation_rate': 0.1, 'survival_rate': 0.05, 'tournament_size': 5, 'mutation_iters': 1}",15,2,20,120.62878265532663,0.4831390380859375,20000,118.182620805516,2.0698152005243613
GA,"{'population_size': 50, 'crossover_rate': 0.75, 'mutation_rate': 0.1, 'survival_rate': 0.05, 'tournament_size': 5, 'mutation_iters': 1}",15,3,20,165.0416750653167,0.4779343605041504,20000,163.88828838251453,0.7037639444437696
GA,"{'population_size': 50, 'crossover_rate': 0.75, 'mutation_rate': 0.1, 'survival_rate': 0.05, 'tournament_size': 5, 'mutation_iters': 1}",15,4,50,318.5188020841819,2.6491851806640625,45700,315.1086406332271,1.0822176897789713
GA,"{'population_size': 50, 'crossover_rate': 0.75, 'mutation_rate': 0.1, 'survival_rate': 0.05, 'tournament_size': 5, 'mutation_iters': 1}",15,5,50,357.8752625189282,2.1585962772369385,35550,356.7151767230881,0.32521346764582154
GA,"{'population_size': 50, 'crossover_rate': 0.75, 'mutation_rate': 0.1, 'survival_rate': 0.05, 'tournament_size': 5, 'mutation_iters': 1}",15,6,50,382.02495470181987,3.6344168186187744,54050,380.95278886744313,0.281443230160944
GA,"{'population_size': 50, 'crossover_rate': 0.75, 'mutation_rate': 0.1, 'survival_rate': 0.05, 'tournament_size': 5, 'mutation_iters': 1}",15,7,100,759.2175084273271,11.558161497116089,94000,755.2922150926004,0.5197052553024712
GA,"{'population_size': 50, 'crossover_rate': 0.75, 'mutation_rate': 0.1, 'survival_rate': 0.05, 'tournament_size': 5, 'mutation_iters': 1}",15,8,100,708.1459824814302,4.274632692337036,36200,704.7356821685974,0.483911968575051
GA,"{'population_size': 50, 'crossover_rate': 0.75, 'mutation_rate': 0.1, 'survival_rate': 0.05, 'tournament_size': 5, 'mutation_iters': 1}",15,9,100,732.5683987105419,4.633919954299927,39400,727.1609345563712,0.7436406299067385
GA,"{'population_size': 50, 'crossover_rate': 0.75, 'mutation_rate': 0.1, 'survival_rate': 0.05, 'tournament_size': 5, 'mutation_iters': 3}",16,1,20,124.5623270624402,0.5119221210479736,20000,123.34164199704334,0.9896779754449238
GA,"{'population_size': 50, 'crossover_rate': 0.75, 'mutation_rate': 0.1, 'survival_rate': 0.05, 'tournament_size': 5, 'mutation_iters': 3}",16,2,20,120.35002955268716,0.48519110679626465,20000,118.182620805516,1.8339487924691593
GA,"{'population_size': 50, 'crossover_rate': 0.75, 'mutation_rate': 0.1, 'survival_rate': 0.05, 'tournament_size': 5, 'mutation_iters': 3}",16,3,20,165.25842882220556,0.5478103160858154,22900,163.88828838251453,0.8360209586746834
GA,"{'population_size': 50, 'crossover_rate': 0.75, 'mutation_rate': 0.1, 'survival_rate': 0.05, 'tournament_size': 5, 'mutation_iters': 3}",16,4,50,320.46176778744814,1.5081467628479004,25450,315.1086406332271,1.6988195383864024
GA,"{'population_size': 50, 'crossover_rate': 0.75, 'mutation_rate': 0.1, 'survival_rate': 0.05, 'tournament_size': 5, 'mutation_iters': 3}",16,5,50,361.2511721722375,1.189424991607666,20000,356.7151767230881,1.2716014751092533
GA,"{'population_size': 50, 'crossover_rate': 0.75, 'mutation_rate': 0.1, 'survival_rate': 0.05, 'tournament_size': 5, 'mutation_iters': 3}",16,6,50,384.6252238383894,1.2559852600097656,20000,380.95278886744313,0.9640131476302491
GA,"{'population_size': 50, 'crossover_rate': 0.75, 'mutation_rate': 0.1, 'survival_rate': 0.05, 'tournament_size': 5, 'mutation_iters': 3}",16,7,100,764.602917139441,2.3791141510009766,20000,755.2922150926004,1.232728454072463
GA,"{'population_size': 50, 'crossover_rate': 0.75, 'mutation_rate': 0.1, 'survival_rate': 0.05, 'tournament_size': 5, 'mutation_iters': 3}",16,8,100,715.301166049837,2.587491989135742,22000,704.7356821685974,1.4992122789536855
GA,"{'population_size': 50, 'crossover_rate': 0.75, 'mutation_rate': 0.1, 'survival_rate': 0.05, 'tournament_size': 5, 'mutation_iters': 3}",16,9,100,737.7021819630517,2.733241319656372,23950,727.1609345563712,1.4496443504781347
GA,"{'population_size': 50, 'crossover_rate': 0.75, 'mutation_rate': 0.1, 'survival_rate': 0.1, 'tournament_size': 2, 'mutation_iters': 1}",17,1,20,123.54270058914442,0.4907369613647461,20000,123.34164199704334,0.1630094985324558
GA,"{'population_size': 50, 'crossover_rate': 0.75, 'mutation_rate': 0.1, 'survival_rate': 0.1, 'tournament_size': 2, 'mutation_iters': 1}",17,2,20,119.47643808822595,0.47374606132507324,20000,118.182620805516,1.0947610349909969
GA,"{'population_size': 50, 'crossover_rate': 0.75, 'mutation_rate': 0.1, 'survival_rate': 0.1, 'tournament_size': 2, 'mutation_iters': 1}",17,3,20,165.32542665818028,0.46151041984558105,20000,163.88828838251453,0.8769011439740411
GA,"{'population_size': 50, 'crossover_rate': 0.75, 'mutation_rate': 0.1, 'survival_rate': 0.1, 'tournament_size': 2, 'mutation_iters': 1}",17,4,50,319.20164381912235,1.3937568664550781,24300,315.1086406332271,1.2989181057270183
GA,"{'population_size': 50, 'crossover_rate': 0.75, 'mutation_rate': 0.1, 'survival_rate': 0.1, 'tournament_size': 2, 'mutation_iters': 1}",17,5,50,357.9943741972461,2.503124475479126,41350,356.7151767230881,0.3586047237768599
GA,"{'population_size': 50, 'crossover_rate': 0.75, 'mutation_rate': 0.1, 'survival_rate': 0.1, 'tournament_size': 2, 'mutation_iters': 1}",17,6,50,383.25797644067393,1.5104317665100098,23350,380.95278886744313,0.6051110900340232
GA,"{'population_size': 50, 'crossover_rate': 0.75, 'mutation_rate': 0.1, 'survival_rate': 0.1, 'tournament_size': 2, 'mutation_iters': 1}",17,7,100,758.1396783892981,5.670451879501343,46300,755.2922150926004,0.37700154189310586
GA,"{'population_size': 50, 'crossover_rate': 0.75, 'mutation_rate': 0.1, 'survival_rate': 0.1, 'tournament_size': 2, 'mutation_iters': 1}",17,8,100,707.5277025796706,5.900497198104858,49000,704.7356821685974,0.39617979928045316
GA,"{'population_size': 50, 'crossover_rate': 0.75, 'mutation_rate': 0.1, 'survival_rate': 0.1, 'tournament_size': 2, 'mutation_iters': 1}",17,9,100,730.6154481501295,5.5723912715911865,48450,727.1609345563712,0.4750686443112946
GA,"{'population_size': 50, 'crossover_rate': 0.75, 'mutation_rate': 0.1, 'survival_rate': 0.1, 'tournament_size': 2, 'mutation_iters': 3}",18,1,20,125.24843940997303,0.611821174621582,23450,123.34164199704334,1.5459478097230128
GA,"{'population_size': 50, 'crossover_rate': 0.75, 'mutation_rate': 0.1, 'survival_rate': 0.1, 'tournament_size': 2, 'mutation_iters': 3}",18,2,20,119.58771692511004,0.5002071857452393,20000,118.182620805516,1.1889194113458585
GA,"{'population_size': 50, 'crossover_rate': 0.75, 'mutation_rate': 0.1, 'survival_rate': 0.1, 'tournament_size': 2, 'mutation_iters': 3}",18,3,20,165.07890088955634,0.47542786598205566,20000,163.88828838251453,0.7264780899187387
GA,"{'population_size': 50, 'crossover_rate': 0.75, 'mutation_rate': 0.1, 'survival_rate': 0.1, 'tournament_size': 2, 'mutation_iters': 3}",18,4,50,319.12281951285286,1.3551909923553467,22550,315.1086406332271,1.2739031438678021
GA,"{'population_size': 50, 'crossover_rate': 0.75, 'mutation_rate': 0.1, 'survival_rate': 0.1, 'tournament_size': 2, 'mutation_iters': 3}",18,5,50,362.24178622641244,2.2172317504882812,36300,356.7151767230881,1.5493059628395165
GA,"{'population_size': 50, 'crossover_rate': 0.75, 'mutation_rate': 0.1, 'survival_rate': 0.1, 'tournament_size': 2, 'mutation_iters': 3}",18,6,50,383.6122314451419,1.7701711654663086,28500,380.95278886744313,0.69810292913334
GA,"{'population_size': 50, 'crossover_rate': 0.75, 'mutation_rate': 0.1, 'survival_rate': 0.1, 'tournament_size': 2, 'mutation_iters': 3}",18,7,100,765.296911765916,2.3851101398468018,20000,755.2922150926004,1.3246127092795483
GA,"{'population_size': 50, 'crossover_rate': 0.75, 'mutation_rate': 0.1, 'survival_rate': 0.1, 'tournament_size': 2, 'mutation_iters': 3}",18,8,100,713.8064971145401,4.174360990524292,34600,704.7356821685974,1.287122984610376
GA,"{'population_size': 50, 'crossover_rate': 0.75, 'mutation_rate': 0.1, 'survival_rate': 0.1, 'tournament_size': 2, 'mutation_iters': 3}",18,9,100,736.2389706729869,2.9238064289093018,25100,727.1609345563712,1.2484218671832246
GA,"{'population_size': 50, 'crossover_rate': 0.75, 'mutation_rate': 0.1, 'survival_rate': 0.1, 'tournament_size': 5, 'mutation_iters': 1}",19,1,20,123.58219867512337,0.5031876564025879,20000,123.34164199704334,0.1950328163182651
GA,"{'population_size': 50, 'crossover_rate': 0.75, 'mutation_rate': 0.1, 'survival_rate': 0.1, 'tournament_size': 5, 'mutation_iters': 1}",19,2,20,119.11977994129201,0.4882669448852539,20000,118.182620805516,0.7929754217569979
GA,"{'population_size': 50, 'crossover_rate': 0.75, 'mutation_rate': 0.1, 'survival_rate': 0.1, 'tournament_size': 5, 'mutation_iters': 1}",19,3,20,165.3216283837251,0.46526551246643066,20000,163.88828838251453,0.8745835442891271
GA,"{'population_size': 50, 'crossover_rate': 0.75, 'mutation_rate': 0.1, 'survival_rate': 0.1, 'tournament_size': 5, 'mutation_iters': 1}",19,4,50,318.43024037622746,1.508227825164795,25600,315.1086406332271,1.054112555062105
GA,"{'population_size': 50, 'crossover_rate': 0.75, 'mutation_rate': 0.1, 'survival_rate': 0.1, 'tournament_size': 5, 'mutation_iters': 1}",19,5,50,361.1936806964936,1.3353726863861084,22000,356.7151767230881,1.2554845618138748
GA,"{'population_size': 50, 'crossover_rate': 0.75, 'mutation_rate': 0.1, 'survival_rate': 0.1, 'tournament_size': 5, 'mutation_iters': 1}",19,6,50,382.7771793294441,2.100926160812378,32050,380.95278886744313,0.47890198347800533
GA,"{'population_size': 50, 'crossover_rate': 0.75, 'mutation_rate': 0.1, 'survival_rate': 0.1, 'tournament_size': 5, 'mutation_iters': 1}",19,7,100,759.9979274565592,5.977429389953613,49200,755.2922150926004,0.6230320225638603
GA,"{'population_size': 50, 'crossover_rate': 0.75, 'mutation_rate': 0.1, 'survival_rate': 0.1, 'tournament_size': 5, 'mutation_iters': 1}",19,8,100,708.047783217155,3.4505863189697266,29000,704.7356821685974,0.46997777072472813
GA,"{'population_size': 50, 'crossover_rate': 0.75, 'mutation_rate': 0.1, 'survival_rate': 0.1, 'tournament_size': 5, 'mutation_iters': 1}",19,9,100,732.5159781241789,3.8485422134399414,33150,727.1609345563712,0.7364316911599089
GA,"{'population_size': 50, 'crossover_rate': 0.75, 'mutation_rate': 0.1, 'survival_rate': 0.1, 'tournament_size': 5, 'mutation_iters': 3}",20,1,20,124.53125264630623,0.5182836055755615,20800,123.34164199704334,0.9644842001466182
GA,"{'population_size': 50, 'crossover_rate': 0.75, 'mutation_rate': 0.1, 'survival_rate': 0.1, 'tournament_size': 5, 'mutation_iters': 3}",20,2,20,120.17114661467357,0.5758209228515625,23750,118.182620805516,1.6825873344186049
GA,"{'population_size': 50, 'crossover_rate': 0.75, 'mutation_rate': 0.1, 'survival_rate': 0.1, 'tournament_size': 5, 'mutation_iters': 3}",20,3,20,166.02198932629918,0.49271631240844727,20900,163.88828838251453,1.3019239903247983
GA,"{'population_size': 50, 'crossover_rate': 0.75, 'mutation_rate': 0.1, 'survival_rate': 0.1, 'tournament_size': 5, 'mutation_iters': 3}",20,4,50,319.3569372881076,1.1740682125091553,20000,315.1086406332271,1.3482006225990293
GA,"{'population_size': 50, 'crossover_rate': 0.75, 'mutation_rate': 0.1, 'survival_rate': 0.1, 'tournament_size': 5, 'mutation_iters': 3}",20,5,50,361.3524879770288,1.413588523864746,23300,356.7151767230881,1.3000039125166007
GA,"{'population_size': 50, 'crossover_rate': 0.75, 'mutation_rate': 0.1, 'survival_rate': 0.1, 'tournament_size': 5, 'mutation_iters': 3}",20,6,50,385.2625525903057,1.2599599361419678,20000,380.95278886744313,1.131311765868759
GA,"{'population_size': 50, 'crossover_rate': 0.75, 'mutation_rate': 0.1, 'survival_rate': 0.1, 'tournament_size': 5, 'mutation_iters': 3}",20,7,100,765.7701265239597,2.435593843460083,20000,755.2922150926004,1.387265911389632
GA,"{'population_size': 50, 'crossover_rate': 0.75, 'mutation_rate': 0.1, 'survival_rate': 0.1, 'tournament_size': 5, 'mutation_iters': 3}",20,8,100,713.3938428074523,2.6902270317077637,22800,704.7356821685974,1.2285685056008868
GA,"{'population_size': 50, 'crossover_rate': 0.75, 'mutation_rate': 0.1, 'survival_rate': 0.1, 'tournament_size': 5, 'mutation_iters': 3}",20,9,100,736.2615804963256,2.2585289478302,20000,727.1609345563712,1.2515311958427058
GA,"{'population_size': 50, 'crossover_rate': 0.75, 'mutation_rate': 0.1, 'survival_rate': 0.15, 'tournament_size': 2, 'mutation_iters': 1}",21,1,20,124.28023504540337,0.4974081516265869,20000,123.34164199704334,0.7609701258740601
GA,"{'population_size': 50, 'crossover_rate': 0.75, 'mutation_rate': 0.1, 'survival_rate': 0.15, 'tournament_size': 2, 'mutation_iters': 1}",21,2,20,118.60379546926518,0.4729442596435547,20000,118.182620805516,0.3563761413298482
GA,"{'population_size': 50, 'crossover_rate': 0.75, 'mutation_rate': 0.1, 'survival_rate': 0.15, 'tournament_size': 2, 'mutation_iters': 1}",21,3,20,164.84303915860752,0.4620964527130127,20000,163.88828838251453,0.5825619301512315
GA,"{'population_size': 50, 'crossover_rate': 0.75, 'mutation_rate': 0.1, 'survival_rate': 0.15, 'tournament_size': 2, 'mutation_iters': 1}",21,4,50,316.1901570169446,2.069175958633423,35450,315.1086406332271,0.3432201610035761
GA,"{'population_size': 50, 'crossover_rate': 0.75, 'mutation_rate': 0.1, 'survival_rate': 0.15, 'tournament_size': 2, 'mutation_iters': 1}",21,5,50,357.72023481130685,2.6661295890808105,45200,356.7151767230881,0.2817536661746638
GA,"{'population_size': 50, 'crossover_rate': 0.75, 'mutation_rate': 0.1, 'survival_rate': 0.15, 'tournament_size': 2, 'mutation_iters': 1}",21,6,50,384.50823563920096,2.7489562034606934,45050,380.95278886744313,0.9333037782261747
GA,"{'population_size': 50, 'crossover_rate': 0.75, 'mutation_rate': 0.1, 'survival_rate': 0.15, 'tournament_size': 2, 'mutation_iters': 1}",21,7,100,758.5254952574264,5.913880825042725,49850,755.2922150926004,0.4280833431375496
GA,"{'population_size': 50, 'crossover_rate': 0.75, 'mutation_rate': 0.1, 'survival_rate': 0.15, 'tournament_size': 2, 'mutation_iters': 1}",21,8,100,708.0969602175387,6.73345947265625,58700,704.7356821685974,0.4769558479851774
GA,"{'population_size': 50, 'crossover_rate': 0.75, 'mutation_rate': 0.1, 'survival_rate': 0.15, 'tournament_size': 2, 'mutation_iters': 1}",21,9,100,730.7680567965374,7.939597129821777,69950,727.1609345563712,0.4960555591956851
GA,"{'population_size': 50, 'crossover_rate': 0.75, 'mutation_rate': 0.1, 'survival_rate': 0.15, 'tournament_size': 2, 'mutation_iters': 3}",22,1,20,124.34574795318859,0.47904086112976074,20000,123.34164199704334,0.8140851215271826
GA,"{'population_size': 50, 'crossover_rate': 0.75, 'mutation_rate': 0.1, 'survival_rate': 0.15, 'tournament_size': 2, 'mutation_iters': 3}",22,2,20,120.1713976592044,0.45983147621154785,20000,118.182620805516,1.682799755271279
GA,"{'population_size': 50, 'crossover_rate': 0.75, 'mutation_rate': 0.1, 'survival_rate': 0.15, 'tournament_size': 2, 'mutation_iters': 3}",22,3,20,166.1739199703795,0.4570019245147705,20000,163.88828838251453,1.394627773846973
GA,"{'population_size': 50, 'crossover_rate': 0.75, 'mutation_rate': 0.1, 'survival_rate': 0.15, 'tournament_size': 2, 'mutation_iters': 3}",22,4,50,318.5313448396273,1.5688505172729492,27150,315.1086406332271,1.08619814408203
GA,"{'population_size': 50, 'crossover_rate': 0.75, 'mutation_rate': 0.1, 'survival_rate': 0.15, 'tournament_size': 2, 'mutation_iters': 3}",22,5,50,360.31081403630856,1.1861693859100342,20150,356.7151767230881,1.0079855155733022
GA,"{'population_size': 50, 'crossover_rate': 0.75, 'mutation_rate': 0.1, 'survival_rate': 0.15, 'tournament_size': 2, 'mutation_iters': 3}",22,6,50,382.9016322490854,1.2686152458190918,20000,380.95278886744313,0.5115708399027926
GA,"{'population_size': 50, 'crossover_rate': 0.75, 'mutation_rate': 0.1, 'survival_rate': 0.15, 'tournament_size': 2, 'mutation_iters': 3}",22,7,100,765.3054777093985,4.147577285766602,34600,755.2922150926004,1.3257468323793664
GA,"{'population_size': 50, 'crossover_rate': 0.75, 'mutation_rate': 0.1, 'survival_rate': 0.15, 'tournament_size': 2, 'mutation_iters': 3}",22,8,100,711.2008123277099,3.0483410358428955,26150,704.7356821685974,0.9173836833716361
GA,"{'population_size': 50, 'crossover_rate': 0.75, 'mutation_rate': 0.1, 'survival_rate': 0.15, 'tournament_size': 2, 'mutation_iters': 3}",22,9,100,734.82721660547,2.4650211334228516,21450,727.1609345563712,1.0542758397459602
GA,"{'population_size': 50, 'crossover_rate': 0.75, 'mutation_rate': 0.1, 'survival_rate': 0.15, 'tournament_size': 5, 'mutation_iters': 1}",23,1,20,123.98169365006261,0.49306559562683105,20000,123.34164199704334,0.5189258409861394
GA,"{'population_size': 50, 'crossover_rate': 0.75, 'mutation_rate': 0.1, 'survival_rate': 0.15, 'tournament_size': 5, 'mutation_iters': 1}",23,2,20,120.6329155932289,0.4770328998565674,20000,118.182620805516,2.07331227807612
GA,"{'population_size': 50, 'crossover_rate': 0.75, 'mutation_rate': 0.1, 'survival_rate': 0.15, 'tournament_size': 5, 'mutation_iters': 1}",23,3,20,164.9453185399069,0.47605228424072266,20000,163.88828838251453,0.6449699169017326
GA,"{'population_size': 50, 'crossover_rate': 0.75, 'mutation_rate': 0.1, 'survival_rate': 0.15, 'tournament_size': 5, 'mutation_iters': 1}",23,4,50,316.1279729985854,1.4777190685272217,24500,315.1086406332271,0.32348600892375035
GA,"{'population_size': 50, 'crossover_rate': 0.75, 'mutation_rate': 0.1, 'survival_rate': 0.15, 'tournament_size': 5, 'mutation_iters': 1}",23,5,50,357.6951449849075,2.7369401454925537,45150,356.7151767230881,0.2747200920414115
GA,"{'population_size': 50, 'crossover_rate': 0.75, 'mutation_rate': 0.1, 'survival_rate': 0.15, 'tournament_size': 5, 'mutation_iters': 1}",23,6,50,383.33342360379623,1.98297119140625,31800,380.95278886744313,0.6249159491470401
GA,"{'population_size': 50, 'crossover_rate': 0.75, 'mutation_rate': 0.1, 'survival_rate': 0.15, 'tournament_size': 5, 'mutation_iters': 1}",23,7,100,759.6093572229892,6.332040548324585,52250,755.2922150926004,0.5715856782476565
GA,"{'population_size': 50, 'crossover_rate': 0.75, 'mutation_rate': 0.1, 'survival_rate': 0.15, 'tournament_size': 5, 'mutation_iters': 1}",23,8,100,709.0243088357398,3.1562187671661377,27200,704.7356821685974,0.6085439939617642
GA,"{'population_size': 50, 'crossover_rate': 0.75, 'mutation_rate': 0.1, 'survival_rate': 0.15, 'tournament_size': 5, 'mutation_iters': 1}",23,9,100,730.071348554103,8.874216794967651,78600,727.1609345563712,0.40024344810373724
GA,"{'population_size': 50, 'crossover_rate': 0.75, 'mutation_rate': 0.1, 'survival_rate': 0.15, 'tournament_size': 5, 'mutation_iters': 3}",24,1,20,124.47288075532751,0.48946118354797363,20000,123.34164199704334,0.9171588280876677
GA,"{'population_size': 50, 'crossover_rate': 0.75, 'mutation_rate': 0.1, 'survival_rate': 0.15, 'tournament_size': 5, 'mutation_iters': 3}",24,2,20,120.40458088351646,0.5012662410736084,20700,118.182620805516,1.8801072973808661
GA,"{'population_size': 50, 'crossover_rate': 0.75, 'mutation_rate': 0.1, 'survival_rate': 0.15, 'tournament_size': 5, 'mutation_iters': 3}",24,3,20,164.93074366980036,0.45981502532958984,20000,163.88828838251453,0.636076743234237
GA,"{'population_size': 50, 'crossover_rate': 0.75, 'mutation_rate': 0.1, 'survival_rate': 0.15, 'tournament_size': 5, 'mutation_iters': 3}",24,4,50,320.3484436810116,1.14451265335083,20000,315.1086406332271,1.6628560350661445
GA,"{'population_size': 50, 'crossover_rate': 0.75, 'mutation_rate': 0.1, 'survival_rate': 0.15, 'tournament_size': 5, 'mutation_iters': 3}",24,5,50,362.42583596453545,1.1772196292877197,20000,356.7151767230881,1.6009016756470718
GA,"{'population_size': 50, 'crossover_rate': 0.75, 'mutation_rate': 0.1, 'survival_rate': 0.15, 'tournament_size': 5, 'mutation_iters': 3}",24,6,50,385.0954298704831,1.2478306293487549,20000,380.95278886744313,1.0874420988899582
GA,"{'population_size': 50, 'crossover_rate': 0.75, 'mutation_rate': 0.1, 'survival_rate': 0.15, 'tournament_size': 5, 'mutation_iters': 3}",24,7,100,764.4084901958632,2.9471256732940674,25150,755.2922150926004,1.2069865041764254
GA,"{'population_size': 50, 'crossover_rate': 0.75, 'mutation_rate': 0.1, 'survival_rate': 0.15, 'tournament_size': 5, 'mutation_iters': 3}",24,8,100,713.6370259074131,2.2871081829071045,20000,704.7356821685974,1.2630754996575055
GA,"{'population_size': 50, 'crossover_rate': 0.75, 'mutation_rate': 0.1, 'survival_rate': 0.15, 'tournament_size': 5, 'mutation_iters': 3}",24,9,100,737.4135253391715,2.2655935287475586,20000,727.1609345563712,1.4099479627649771
GA,"{'population_size': 50, 'crossover_rate': 0.75, 'mutation_rate': 0.15, 'survival_rate': 0.05, 'tournament_size': 2, 'mutation_iters': 1}",25,1,20,123.60760905905964,0.4882829189300537,20000,123.34164199704334,0.2156344424397049
GA,"{'population_size': 50, 'crossover_rate': 0.75, 'mutation_rate': 0.15, 'survival_rate': 0.05, 'tournament_size': 2, 'mutation_iters': 1}",25,2,20,118.59995204079787,0.47237491607666016,20000,118.182620805516,0.35312403163629963
GA,"{'population_size': 50, 'crossover_rate': 0.75, 'mutation_rate': 0.15, 'survival_rate': 0.05, 'tournament_size': 2, 'mutation_iters': 1}",25,3,20,164.10959730075894,0.6226441860198975,26700,163.88828838251453,0.13503644490317068
GA,"{'population_size': 50, 'crossover_rate': 0.75, 'mutation_rate': 0.15, 'survival_rate': 0.05, 'tournament_size': 2, 'mutation_iters': 1}",25,4,50,315.12709769890637,3.7259700298309326,64200,315.1086406332271,0.005857365777782325
GA,"{'population_size': 50, 'crossover_rate': 0.75, 'mutation_rate': 0.15, 'survival_rate': 0.05, 'tournament_size': 2, 'mutation_iters': 1}",25,5,50,357.5669986953627,1.4334001541137695,24250,356.7151767230881,0.2387961118166406
GA,"{'population_size': 50, 'crossover_rate': 0.75, 'mutation_rate': 0.15, 'survival_rate': 0.05, 'tournament_size': 2, 'mutation_iters': 1}",25,6,50,381.5875542816683,1.7055749893188477,27350,380.95278886744313,0.16662574281508807
GA,"{'population_size': 50, 'crossover_rate': 0.75, 'mutation_rate': 0.15, 'survival_rate': 0.05, 'tournament_size': 2, 'mutation_iters': 1}",25,7,100,758.4222814820826,3.738541603088379,31600,755.2922150926004,0.4144179334747186
GA,"{'population_size': 50, 'crossover_rate': 0.75, 'mutation_rate': 0.15, 'survival_rate': 0.05, 'tournament_size': 2, 'mutation_iters': 1}",25,8,100,705.6213258523253,10.263994693756104,88850,704.7356821685974,0.1256703337345805
GA,"{'population_size': 50, 'crossover_rate': 0.75, 'mutation_rate': 0.15, 'survival_rate': 0.05, 'tournament_size': 2, 'mutation_iters': 1}",25,9,100,729.1706075654424,8.931267976760864,78250,727.1609345563712,0.2763725213452611
GA,"{'population_size': 50, 'crossover_rate': 0.75, 'mutation_rate': 0.15, 'survival_rate': 0.05, 'tournament_size': 2, 'mutation_iters': 3}",26,1,20,124.05363213566397,0.4840998649597168,20000,123.34164199704334,0.5772504136418927
GA,"{'population_size': 50, 'crossover_rate': 0.75, 'mutation_rate': 0.15, 'survival_rate': 0.05, 'tournament_size': 2, 'mutation_iters': 3}",26,2,20,119.54889023289695,0.4780559539794922,20000,118.182620805516,1.156066279516106
GA,"{'population_size': 50, 'crossover_rate': 0.75, 'mutation_rate': 0.15, 'survival_rate': 0.05, 'tournament_size': 2, 'mutation_iters': 3}",26,3,20,164.87971945962258,0.46846699714660645,20000,163.88828838251453,0.6049432127779936
GA,"{'population_size': 50, 'crossover_rate': 0.75, 'mutation_rate': 0.15, 'survival_rate': 0.05, 'tournament_size': 2, 'mutation_iters': 3}",26,4,50,319.6767350384179,1.3540401458740234,23350,315.1086406332271,1.4496887156159897
GA,"{'population_size': 50, 'crossover_rate': 0.75, 'mutation_rate': 0.15, 'survival_rate': 0.05, 'tournament_size': 2, 'mutation_iters': 3}",26,5,50,361.28813879213084,1.1731789112091064,20000,356.7151767230881,1.2819645385014355
GA,"{'population_size': 50, 'crossover_rate': 0.75, 'mutation_rate': 0.15, 'survival_rate': 0.05, 'tournament_size': 2, 'mutation_iters': 3}",26,6,50,384.7628450218129,1.2424540519714355,20000,380.95278886744313,1.0001386695965397
GA,"{'population_size': 50, 'crossover_rate': 0.75, 'mutation_rate': 0.15, 'survival_rate': 0.05, 'tournament_size': 2, 'mutation_iters': 3}",26,7,100,763.3148116882727,2.8334455490112305,24100,755.2922150926004,1.0621844678603947
GA,"{'population_size': 50, 'crossover_rate': 0.75, 'mutation_rate': 0.15, 'survival_rate': 0.05, 'tournament_size': 2, 'mutation_iters': 3}",26,8,100,710.9295028900306,3.4443717002868652,29750,704.7356821685974,0.8788856415463059
GA,"{'population_size': 50, 'crossover_rate': 0.75, 'mutation_rate': 0.15, 'survival_rate': 0.05, 'tournament_size': 2, 'mutation_iters': 3}",26,9,100,735.2864505882488,2.373060464859009,21050,727.1609345563712,1.117430220152691
GA,"{'population_size': 50, 'crossover_rate': 0.75, 'mutation_rate': 0.15, 'survival_rate': 0.05, 'tournament_size': 5, 'mutation_iters': 1}",27,1,20,123.55198748753764,0.5298283100128174,21100,123.34164199704334,0.17053890891070447
GA,"{'population_size': 50, 'crossover_rate': 0.75, 'mutation_rate': 0.15, 'survival_rate': 0.05, 'tournament_size': 5, 'mutation_iters': 1}",27,2,20,119.42483536560077,0.4817087650299072,20000,118.182620805516,1.051097489307664
GA,"{'population_size': 50, 'crossover_rate': 0.75, 'mutation_rate': 0.15, 'survival_rate': 0.05, 'tournament_size': 5, 'mutation_iters': 1}",27,3,20,165.0189569706318,0.4718503952026367,20000,163.88828838251453,0.6899020053698312
GA,"{'population_size': 50, 'crossover_rate': 0.75, 'mutation_rate': 0.15, 'survival_rate': 0.05, 'tournament_size': 5, 'mutation_iters': 1}",27,4,50,316.4788932973387,2.1162357330322266,36450,315.1086406332271,0.43485086964229547
GA,"{'population_size': 50, 'crossover_rate': 0.75, 'mutation_rate': 0.15, 'survival_rate': 0.05, 'tournament_size': 5, 'mutation_iters': 1}",27,5,50,358.1166207153927,1.9328606128692627,32250,356.7151767230881,0.392874787436499
GA,"{'population_size': 50, 'crossover_rate': 0.75, 'mutation_rate': 0.15, 'survival_rate': 0.05, 'tournament_size': 5, 'mutation_iters': 1}",27,6,50,383.090829273561,1.251352071762085,20200,380.95278886744313,0.5612350056483792
GA,"{'population_size': 50, 'crossover_rate': 0.75, 'mutation_rate': 0.15, 'survival_rate': 0.05, 'tournament_size': 5, 'mutation_iters': 1}",27,7,100,757.8964459575375,5.1760923862457275,43050,755.2922150926004,0.34479778990146537
GA,"{'population_size': 50, 'crossover_rate': 0.75, 'mutation_rate': 0.15, 'survival_rate': 0.05, 'tournament_size': 5, 'mutation_iters': 1}",27,8,100,706.8803539283833,3.9290542602539062,34050,704.7356821685974,0.30432285664696884
GA,"{'population_size': 50, 'crossover_rate': 0.75, 'mutation_rate': 0.15, 'survival_rate': 0.05, 'tournament_size': 5, 'mutation_iters': 1}",27,9,100,729.9957891955146,7.700727701187134,67350,727.1609345563712,0.38985243904402955
GA,"{'population_size': 50, 'crossover_rate': 0.75, 'mutation_rate': 0.15, 'survival_rate': 0.05, 'tournament_size': 5, 'mutation_iters': 3}",28,1,20,125.09445396076887,0.4925656318664551,20000,123.34164199704334,1.421103153278559
GA,"{'population_size': 50, 'crossover_rate': 0.75, 'mutation_rate': 0.15, 'survival_rate': 0.05, 'tournament_size': 5, 'mutation_iters': 3}",28,2,20,119.3195207687523,0.5462117195129395,22450,118.182620805516,0.9619857433244869
GA,"{'population_size': 50, 'crossover_rate': 0.75, 'mutation_rate': 0.15, 'survival_rate': 0.05, 'tournament_size': 5, 'mutation_iters': 3}",28,3,20,165.3685645518889,0.5223088264465332,22050,163.88828838251453,0.9032226670885839
GA,"{'population_size': 50, 'crossover_rate': 0.75, 'mutation_rate': 0.15, 'survival_rate': 0.05, 'tournament_size': 5, 'mutation_iters': 3}",28,4,50,319.83856798035606,1.1544950008392334,20000,315.1086406332271,1.5010465398930175
GA,"{'population_size': 50, 'crossover_rate': 0.75, 'mutation_rate': 0.15, 'survival_rate': 0.05, 'tournament_size': 5, 'mutation_iters': 3}",28,5,50,361.60288291352003,1.3200922012329102,21850,356.7151767230881,1.37019855317963
GA,"{'population_size': 50, 'crossover_rate': 0.75, 'mutation_rate': 0.15, 'survival_rate': 0.05, 'tournament_size': 5, 'mutation_iters': 3}",28,6,50,385.73601471342823,1.2628388404846191,20000,380.95278886744313,1.2555954401083222
GA,"{'population_size': 50, 'crossover_rate': 0.75, 'mutation_rate': 0.15, 'survival_rate': 0.05, 'tournament_size': 5, 'mutation_iters': 3}",28,7,100,765.639752212218,2.392873764038086,20200,755.2922150926004,1.3700044714943886
GA,"{'population_size': 50, 'crossover_rate': 0.75, 'mutation_rate': 0.15, 'survival_rate': 0.05, 'tournament_size': 5, 'mutation_iters': 3}",28,8,100,712.5695205751821,2.511544942855835,21350,704.7356821685974,1.1115995123843616
GA,"{'population_size': 50, 'crossover_rate': 0.75, 'mutation_rate': 0.15, 'survival_rate': 0.05, 'tournament_size': 5, 'mutation_iters': 3}",28,9,100,735.4527648166452,2.872549057006836,25000,727.1609345563712,1.1403019422836125
GA,"{'population_size': 50, 'crossover_rate': 0.75, 'mutation_rate': 0.15, 'survival_rate': 0.1, 'tournament_size': 2, 'mutation_iters': 1}",29,1,20,123.36691098879729,0.4900810718536377,20000,123.34164199704334,0.02048699153409419
GA,"{'population_size': 50, 'crossover_rate': 0.75, 'mutation_rate': 0.15, 'survival_rate': 0.1, 'tournament_size': 2, 'mutation_iters': 1}",29,2,20,118.95958377616988,0.4627060890197754,20000,118.182620805516,0.6574257410761533
GA,"{'population_size': 50, 'crossover_rate': 0.75, 'mutation_rate': 0.15, 'survival_rate': 0.1, 'tournament_size': 2, 'mutation_iters': 1}",29,3,20,165.0707055510576,0.460310697555542,20000,163.88828838251453,0.7214775260714946
GA,"{'population_size': 50, 'crossover_rate': 0.75, 'mutation_rate': 0.15, 'survival_rate': 0.1, 'tournament_size': 2, 'mutation_iters': 1}",29,4,50,316.4007753718293,1.8002479076385498,31400,315.1086406332271,0.4100600783290498
GA,"{'population_size': 50, 'crossover_rate': 0.75, 'mutation_rate': 0.15, 'survival_rate': 0.1, 'tournament_size': 2, 'mutation_iters': 1}",29,5,50,358.8107640006218,2.2666239738464355,38250,356.7151767230881,0.5874679336002753
GA,"{'population_size': 50, 'crossover_rate': 0.75, 'mutation_rate': 0.15, 'survival_rate': 0.1, 'tournament_size': 2, 'mutation_iters': 1}",29,6,50,381.05519870904385,2.981924533843994,48500,380.95278886744313,0.02688255463496618
GA,"{'population_size': 50, 'crossover_rate': 0.75, 'mutation_rate': 0.15, 'survival_rate': 0.1, 'tournament_size': 2, 'mutation_iters': 1}",29,7,100,757.5339707379424,4.92999529838562,41450,755.2922150926004,0.29680640162127686
GA,"{'population_size': 50, 'crossover_rate': 0.75, 'mutation_rate': 0.15, 'survival_rate': 0.1, 'tournament_size': 2, 'mutation_iters': 1}",29,8,100,704.9825477984627,9.961251020431519,86100,704.7356821685974,0.03502953463428264
GA,"{'population_size': 50, 'crossover_rate': 0.75, 'mutation_rate': 0.15, 'survival_rate': 0.1, 'tournament_size': 2, 'mutation_iters': 1}",29,9,100,728.9480708435359,5.91190242767334,51950,727.1609345563712,0.24576901786603642
GA,"{'population_size': 50, 'crossover_rate': 0.75, 'mutation_rate': 0.15, 'survival_rate': 0.1, 'tournament_size': 2, 'mutation_iters': 3}",30,1,20,124.03121054085545,0.5029349327087402,20000,123.34164199704334,0.5590719668128342
GA,"{'population_size': 50, 'crossover_rate': 0.75, 'mutation_rate': 0.15, 'survival_rate': 0.1, 'tournament_size': 2, 'mutation_iters': 3}",30,2,20,118.86553096793529,0.4841482639312744,20000,118.182620805516,0.5778431361266753
GA,"{'population_size': 50, 'crossover_rate': 0.75, 'mutation_rate': 0.15, 'survival_rate': 0.1, 'tournament_size': 2, 'mutation_iters': 3}",30,3,20,164.70458303401904,0.46610355377197266,20000,163.88828838251453,0.4980799174613858
GA,"{'population_size': 50, 'crossover_rate': 0.75, 'mutation_rate': 0.15, 'survival_rate': 0.1, 'tournament_size': 2, 'mutation_iters': 3}",30,4,50,317.07010572070504,2.2079529762268066,37950,315.1086406332271,0.622472644208136
GA,"{'population_size': 50, 'crossover_rate': 0.75, 'mutation_rate': 0.15, 'survival_rate': 0.1, 'tournament_size': 2, 'mutation_iters': 3}",30,5,50,359.0032305947113,1.6803650856018066,28100,356.7151767230881,0.6414231916460733
GA,"{'population_size': 50, 'crossover_rate': 0.75, 'mutation_rate': 0.15, 'survival_rate': 0.1, 'tournament_size': 2, 'mutation_iters': 3}",30,6,50,385.26031345235975,1.2652907371520996,20000,380.95278886744313,1.130723992787325
GA,"{'population_size': 50, 'crossover_rate': 0.75, 'mutation_rate': 0.15, 'survival_rate': 0.1, 'tournament_size': 2, 'mutation_iters': 3}",30,7,100,764.3339155461729,2.4946022033691406,21300,755.2922150926004,1.197112888614107
GA,"{'population_size': 50, 'crossover_rate': 0.75, 'mutation_rate': 0.15, 'survival_rate': 0.1, 'tournament_size': 2, 'mutation_iters': 3}",30,8,100,713.0274641737943,2.6757752895355225,23200,704.7356821685974,1.1765804137633114
GA,"{'population_size': 50, 'crossover_rate': 0.75, 'mutation_rate': 0.15, 'survival_rate': 0.1, 'tournament_size': 2, 'mutation_iters': 3}",30,9,100,735.4984702843594,2.477933883666992,21800,727.1609345563712,1.1465874102649372
GA,"{'population_size': 50, 'crossover_rate': 0.75, 'mutation_rate': 0.15, 'survival_rate': 0.1, 'tournament_size': 5, 'mutation_iters': 1}",31,1,20,124.0903610359319,0.498762845993042,20000,123.34164199704334,0.6070285969652603
GA,"{'population_size': 50, 'crossover_rate': 0.75, 'mutation_rate': 0.15, 'survival_rate': 0.1, 'tournament_size': 5, 'mutation_iters': 1}",31,2,20,118.6814216132219,0.4828963279724121,20000,118.182620805516,0.42205935551788354
GA,"{'population_size': 50, 'crossover_rate': 0.75, 'mutation_rate': 0.15, 'survival_rate': 0.1, 'tournament_size': 5, 'mutation_iters': 1}",31,3,20,165.58875019716277,0.48104095458984375,20000,163.88828838251453,1.0375737225831327
GA,"{'population_size': 50, 'crossover_rate': 0.75, 'mutation_rate': 0.15, 'survival_rate': 0.1, 'tournament_size': 5, 'mutation_iters': 1}",31,4,50,316.0201101939753,2.396131753921509,40950,315.1086406332271,0.28925565446780044
GA,"{'population_size': 50, 'crossover_rate': 0.75, 'mutation_rate': 0.15, 'survival_rate': 0.1, 'tournament_size': 5, 'mutation_iters': 1}",31,5,50,357.72052443873474,3.676215410232544,61100,356.7151767230881,0.2818348590834014
GA,"{'population_size': 50, 'crossover_rate': 0.75, 'mutation_rate': 0.15, 'survival_rate': 0.1, 'tournament_size': 5, 'mutation_iters': 1}",31,6,50,382.4126215250268,1.7693240642547607,27000,380.95278886744313,0.3832056622878869
GA,"{'population_size': 50, 'crossover_rate': 0.75, 'mutation_rate': 0.15, 'survival_rate': 0.1, 'tournament_size': 5, 'mutation_iters': 1}",31,7,100,758.7626323510425,8.103240728378296,65550,755.2922150926004,0.45948007792144996
GA,"{'population_size': 50, 'crossover_rate': 0.75, 'mutation_rate': 0.15, 'survival_rate': 0.1, 'tournament_size': 5, 'mutation_iters': 1}",31,8,100,706.9582932028843,5.058700799942017,41950,704.7356821685974,0.3153822192524133
GA,"{'population_size': 50, 'crossover_rate': 0.75, 'mutation_rate': 0.15, 'survival_rate': 0.1, 'tournament_size': 5, 'mutation_iters': 1}",31,9,100,731.8128411430567,4.668614625930786,39800,727.1609345563712,0.6397354926009025
GA,"{'population_size': 50, 'crossover_rate': 0.75, 'mutation_rate': 0.15, 'survival_rate': 0.1, 'tournament_size': 5, 'mutation_iters': 3}",32,1,20,124.93654831116899,0.5400774478912354,20000,123.34164199704334,1.2930801700887715
GA,"{'population_size': 50, 'crossover_rate': 0.75, 'mutation_rate': 0.15, 'survival_rate': 0.1, 'tournament_size': 5, 'mutation_iters': 3}",32,2,20,120.08579310685356,0.5211079120635986,20000,118.182620805516,1.610365625982746
GA,"{'population_size': 50, 'crossover_rate': 0.75, 'mutation_rate': 0.15, 'survival_rate': 0.1, 'tournament_size': 5, 'mutation_iters': 3}",32,3,20,166.59491112905974,0.49617934226989746,20000,163.88828838251453,1.6515046762999697
GA,"{'population_size': 50, 'crossover_rate': 0.75, 'mutation_rate': 0.15, 'survival_rate': 0.1, 'tournament_size': 5, 'mutation_iters': 3}",32,4,50,320.58652656678834,1.2173700332641602,20000,315.1086406332271,1.7384118450554573
GA,"{'population_size': 50, 'crossover_rate': 0.75, 'mutation_rate': 0.15, 'survival_rate': 0.1, 'tournament_size': 5, 'mutation_iters': 3}",32,5,50,361.9775876009437,1.586658239364624,25350,356.7151767230881,1.4752416553167027
GA,"{'population_size': 50, 'crossover_rate': 0.75, 'mutation_rate': 0.15, 'survival_rate': 0.1, 'tournament_size': 5, 'mutation_iters': 3}",32,6,50,384.17065742762406,1.512876033782959,23850,380.95278886744313,0.8446895925732745
GA,"{'population_size': 50, 'crossover_rate': 0.75, 'mutation_rate': 0.15, 'survival_rate': 0.1, 'tournament_size': 5, 'mutation_iters': 3}",32,7,100,763.2422255675699,2.46773624420166,20750,755.2922150926004,1.0525741317213024
GA,"{'population_size': 50, 'crossover_rate': 0.75, 'mutation_rate': 0.15, 'survival_rate': 0.1, 'tournament_size': 5, 'mutation_iters': 3}",32,8,100,714.482020398179,2.394733190536499,20000,704.7356821685974,1.382977827884407
GA,"{'population_size': 50, 'crossover_rate': 0.75, 'mutation_rate': 0.15, 'survival_rate': 0.1, 'tournament_size': 5, 'mutation_iters': 3}",32,9,100,735.874494992329,2.761939764022827,23000,727.1609345563712,1.198298756419552
GA,"{'population_size': 50, 'crossover_rate': 0.75, 'mutation_rate': 0.15, 'survival_rate': 0.15, 'tournament_size': 2, 'mutation_iters': 1}",33,1,20,124.05649065850508,0.5146479606628418,20000,123.34164199704334,0.579567978735746
GA,"{'population_size': 50, 'crossover_rate': 0.75, 'mutation_rate': 0.15, 'survival_rate': 0.15, 'tournament_size': 2, 'mutation_iters': 1}",33,2,20,118.35727807160728,0.4949638843536377,20000,118.182620805516,0.14778591378397968
GA,"{'population_size': 50, 'crossover_rate': 0.75, 'mutation_rate': 0.15, 'survival_rate': 0.15, 'tournament_size': 2, 'mutation_iters': 1}",33,3,20,164.74558248039529,0.48723506927490234,20000,163.88828838251453,0.5230966204734735
GA,"{'population_size': 50, 'crossover_rate': 0.75, 'mutation_rate': 0.15, 'survival_rate': 0.15, 'tournament_size': 2, 'mutation_iters': 1}",33,4,50,316.8615054584483,2.0027501583099365,33650,315.1086406332271,0.5562731703258669
GA,"{'population_size': 50, 'crossover_rate': 0.75, 'mutation_rate': 0.15, 'survival_rate': 0.15, 'tournament_size': 2, 'mutation_iters': 1}",33,5,50,357.3679621754691,3.1321847438812256,52200,356.7151767230881,0.18299906899887805
GA,"{'population_size': 50, 'crossover_rate': 0.75, 'mutation_rate': 0.15, 'survival_rate': 0.15, 'tournament_size': 2, 'mutation_iters': 1}",33,6,50,384.2906478711913,1.458510160446167,23150,380.95278886744313,0.8761870502829222
GA,"{'population_size': 50, 'crossover_rate': 0.75, 'mutation_rate': 0.15, 'survival_rate': 0.15, 'tournament_size': 2, 'mutation_iters': 1}",33,7,100,757.9935983490699,7.102147102355957,59050,755.2922150926004,0.3576606778792652
GA,"{'population_size': 50, 'crossover_rate': 0.75, 'mutation_rate': 0.15, 'survival_rate': 0.15, 'tournament_size': 2, 'mutation_iters': 1}",33,8,100,707.3340198750365,9.454900741577148,78700,704.7356821685974,0.36869677131198497
GA,"{'population_size': 50, 'crossover_rate': 0.75, 'mutation_rate': 0.15, 'survival_rate': 0.15, 'tournament_size': 2, 'mutation_iters': 1}",33,9,100,731.7714387531544,3.75765323638916,32750,727.1609345563712,0.634041788781729
GA,"{'population_size': 50, 'crossover_rate': 0.75, 'mutation_rate': 0.15, 'survival_rate': 0.15, 'tournament_size': 2, 'mutation_iters': 3}",34,1,20,124.19678933987556,0.48505187034606934,20000,123.34164199704334,0.6933160034084226
GA,"{'population_size': 50, 'crossover_rate': 0.75, 'mutation_rate': 0.15, 'survival_rate': 0.15, 'tournament_size': 2, 'mutation_iters': 3}",34,2,20,119.16898839586891,0.6724803447723389,27650,118.182620805516,0.8346130620813543
GA,"{'population_size': 50, 'crossover_rate': 0.75, 'mutation_rate': 0.15, 'survival_rate': 0.15, 'tournament_size': 2, 'mutation_iters': 3}",34,3,20,165.42877367014412,0.46013450622558594,20000,163.88828838251453,0.9399605687711544
GA,"{'population_size': 50, 'crossover_rate': 0.75, 'mutation_rate': 0.15, 'survival_rate': 0.15, 'tournament_size': 2, 'mutation_iters': 3}",34,4,50,318.3414684316665,1.369621753692627,22000,315.1086406332271,1.025940701576092
GA,"{'population_size': 50, 'crossover_rate': 0.75, 'mutation_rate': 0.15, 'survival_rate': 0.15, 'tournament_size': 2, 'mutation_iters': 3}",34,5,50,360.1349210655686,1.4301049709320068,22750,356.7151767230881,0.9586764358880049
GA,"{'population_size': 50, 'crossover_rate': 0.75, 'mutation_rate': 0.15, 'survival_rate': 0.15, 'tournament_size': 2, 'mutation_iters': 3}",34,6,50,383.231746367637,1.2601616382598877,20000,380.95278886744313,0.5982257032345476
GA,"{'population_size': 50, 'crossover_rate': 0.75, 'mutation_rate': 0.15, 'survival_rate': 0.15, 'tournament_size': 2, 'mutation_iters': 3}",34,7,100,764.3102302283432,4.0801286697387695,34700,755.2922150926004,1.1939769741486406
GA,"{'population_size': 50, 'crossover_rate': 0.75, 'mutation_rate': 0.15, 'survival_rate': 0.15, 'tournament_size': 2, 'mutation_iters': 3}",34,8,100,712.197005151259,2.3615338802337646,20250,704.7356821685974,1.05874062736568
GA,"{'population_size': 50, 'crossover_rate': 0.75, 'mutation_rate': 0.15, 'survival_rate': 0.15, 'tournament_size': 2, 'mutation_iters': 3}",34,9,100,735.498814148446,2.2804648876190186,20150,727.1609345563712,1.1466346988457967
GA,"{'population_size': 50, 'crossover_rate': 0.75, 'mutation_rate': 0.15, 'survival_rate': 0.15, 'tournament_size': 5, 'mutation_iters': 1}",35,1,20,124.0172185610894,0.48919224739074707,20150,123.34164199704334,0.547727882576955
GA,"{'population_size': 50, 'crossover_rate': 0.75, 'mutation_rate': 0.15, 'survival_rate': 0.15, 'tournament_size': 5, 'mutation_iters': 1}",35,2,20,118.92199883828502,0.47829294204711914,20000,118.182620805516,0.6256233173114026
GA,"{'population_size': 50, 'crossover_rate': 0.75, 'mutation_rate': 0.15, 'survival_rate': 0.15, 'tournament_size': 5, 'mutation_iters': 1}",35,3,20,165.4362961561691,0.47798705101013184,20000,163.88828838251453,0.9445505770623048
GA,"{'population_size': 50, 'crossover_rate': 0.75, 'mutation_rate': 0.15, 'survival_rate': 0.15, 'tournament_size': 5, 'mutation_iters': 1}",35,4,50,315.7017414887927,1.3506014347076416,23200,315.1086406332271,0.18822107015972994
GA,"{'population_size': 50, 'crossover_rate': 0.75, 'mutation_rate': 0.15, 'survival_rate': 0.15, 'tournament_size': 5, 'mutation_iters': 1}",35,5,50,360.0061560346367,1.274219036102295,21550,356.7151767230881,0.9225790003612119
GA,"{'population_size': 50, 'crossover_rate': 0.75, 'mutation_rate': 0.15, 'survival_rate': 0.15, 'tournament_size': 5, 'mutation_iters': 1}",35,6,50,381.9309844999948,2.5645737648010254,41150,380.95278886744313,0.25677607859488194
GA,"{'population_size': 50, 'crossover_rate': 0.75, 'mutation_rate': 0.15, 'survival_rate': 0.15, 'tournament_size': 5, 'mutation_iters': 1}",35,7,100,756.1048666031028,7.190175294876099,59150,755.2922150926004,0.10759431836627267
GA,"{'population_size': 50, 'crossover_rate': 0.75, 'mutation_rate': 0.15, 'survival_rate': 0.15, 'tournament_size': 5, 'mutation_iters': 1}",35,8,100,706.6726748086222,7.325140476226807,61300,704.7356821685974,0.2748537769599514
GA,"{'population_size': 50, 'crossover_rate': 0.75, 'mutation_rate': 0.15, 'survival_rate': 0.15, 'tournament_size': 5, 'mutation_iters': 1}",35,9,100,729.2708375293026,7.010173797607422,59000,727.1609345563712,0.29015626014324314
GA,"{'population_size': 50, 'crossover_rate': 0.75, 'mutation_rate': 0.15, 'survival_rate': 0.15, 'tournament_size': 5, 'mutation_iters': 3}",36,1,20,124.02797008507952,0.6285240650177002,23700,123.34164199704334,0.5564447472270795
GA,"{'population_size': 50, 'crossover_rate': 0.75, 'mutation_rate': 0.15, 'survival_rate': 0.15, 'tournament_size': 5, 'mutation_iters': 3}",36,2,20,119.68570696189335,0.504859209060669,20000,118.182620805516,1.2718334947495054
GA,"{'population_size': 50, 'crossover_rate': 0.75, 'mutation_rate': 0.15, 'survival_rate': 0.15, 'tournament_size': 5, 'mutation_iters': 3}",36,3,20,165.4739973601156,0.48744916915893555,20000,163.88828838251453,0.9675547857941018
GA,"{'population_size': 50, 'crossover_rate': 0.75, 'mutation_rate': 0.15, 'survival_rate': 0.15, 'tournament_size': 5, 'mutation_iters': 3}",36,4,50,319.0739267102835,1.199000597000122,20000,315.1086406332271,1.2583869706295492
GA,"{'population_size': 50, 'crossover_rate': 0.75, 'mutation_rate': 0.15, 'survival_rate': 0.15, 'tournament_size': 5, 'mutation_iters': 3}",36,5,50,361.322728802828,1.204545497894287,20000,356.7151767230881,1.2916613534827683
GA,"{'population_size': 50, 'crossover_rate': 0.75, 'mutation_rate': 0.15, 'survival_rate': 0.15, 'tournament_size': 5, 'mutation_iters': 3}",36,6,50,385.4547059270374,1.7824084758758545,28550,380.95278886744313,1.1817519627506348
GA,"{'population_size': 50, 'crossover_rate': 0.75, 'mutation_rate': 0.15, 'survival_rate': 0.15, 'tournament_size': 5, 'mutation_iters': 3}",36,7,100,766.7831045729242,2.4103915691375732,20000,755.2922150926004,1.5213832806306697
GA,"{'population_size': 50, 'crossover_rate': 0.75, 'mutation_rate': 0.15, 'survival_rate': 0.15, 'tournament_size': 5, 'mutation_iters': 3}",36,8,100,713.7292262854029,2.44389271736145,20000,704.7356821685974,1.276158472511396
GA,"{'population_size': 50, 'crossover_rate': 0.75, 'mutation_rate': 0.15, 'survival_rate': 0.15, 'tournament_size': 5, 'mutation_iters': 3}",36,9,100,737.6491590701296,2.312196969985962,20000,727.1609345563712,1.442352581847246
GA,"{'population_size': 50, 'crossover_rate': 0.9, 'mutation_rate': 0.05, 'survival_rate': 0.05, 'tournament_size': 2, 'mutation_iters': 1}",37,1,20,123.9664347646524,0.4996349811553955,20000,123.34164199704334,0.506554605154391
GA,"{'population_size': 50, 'crossover_rate': 0.9, 'mutation_rate': 0.05, 'survival_rate': 0.05, 'tournament_size': 2, 'mutation_iters': 1}",37,2,20,118.62803283366193,0.5180339813232422,21350,118.182620805516,0.37688454115340553
GA,"{'population_size': 50, 'crossover_rate': 0.9, 'mutation_rate': 0.05, 'survival_rate': 0.05, 'tournament_size': 2, 'mutation_iters': 1}",37,3,20,165.1332570291019,0.4720346927642822,20000,163.88828838251453,0.7596446694724335
GA,"{'population_size': 50, 'crossover_rate': 0.9, 'mutation_rate': 0.05, 'survival_rate': 0.05, 'tournament_size': 2, 'mutation_iters': 1}",37,4,50,319.09745479569034,1.93137788772583,33000,315.1086406332271,1.2658536289095497
GA,"{'population_size': 50, 'crossover_rate': 0.9, 'mutation_rate': 0.05, 'survival_rate': 0.05, 'tournament_size': 2, 'mutation_iters': 1}",37,5,50,359.4781558114208,1.9527018070220947,31950,356.7151767230881,0.7745616863611917
GA,"{'population_size': 50, 'crossover_rate': 0.9, 'mutation_rate': 0.05, 'survival_rate': 0.05, 'tournament_size': 2, 'mutation_iters': 1}",37,6,50,383.2792502628192,1.489903211593628,23950,380.95278886744313,0.6106954623675329
GA,"{'population_size': 50, 'crossover_rate': 0.9, 'mutation_rate': 0.05, 'survival_rate': 0.05, 'tournament_size': 2, 'mutation_iters': 1}",37,7,100,759.305507727518,11.599432468414307,95000,755.2922150926004,0.5313562823397595
GA,"{'population_size': 50, 'crossover_rate': 0.9, 'mutation_rate': 0.05, 'survival_rate': 0.05, 'tournament_size': 2, 'mutation_iters': 1}",37,8,100,707.7470377869352,7.712139368057251,65200,704.7356821685974,0.4273028448157079
GA,"{'population_size': 50, 'crossover_rate': 0.9, 'mutation_rate': 0.05, 'survival_rate': 0.05, 'tournament_size': 2, 'mutation_iters': 1}",37,9,100,730.1428948815807,7.1403632164001465,60750,727.1609345563712,0.41008258055401464
GA,"{'population_size': 50, 'crossover_rate': 0.9, 'mutation_rate': 0.05, 'survival_rate': 0.05, 'tournament_size': 2, 'mutation_iters': 3}",38,1,20,124.56020709163582,0.5000185966491699,20000,123.34164199704334,0.9879591959880738
GA,"{'population_size': 50, 'crossover_rate': 0.9, 'mutation_rate': 0.05, 'survival_rate': 0.05, 'tournament_size': 2, 'mutation_iters': 3}",38,2,20,121.89529793925213,0.46419548988342285,20000,118.182620805516,3.1414747011286894
GA,"{'population_size': 50, 'crossover_rate': 0.9, 'mutation_rate': 0.05, 'survival_rate': 0.05, 'tournament_size': 2, 'mutation_iters': 3}",38,3,20,164.60765346514776,0.46219873428344727,20000,163.88828838251453,0.438936235000659
GA,"{'population_size': 50, 'crossover_rate': 0.9, 'mutation_rate': 0.05, 'survival_rate': 0.05, 'tournament_size': 2, 'mutation_iters': 3}",38,4,50,319.3138996145816,1.1717472076416016,20000,315.1086406332271,1.3345425796334347
GA,"{'population_size': 50, 'crossover_rate': 0.9, 'mutation_rate': 0.05, 'survival_rate': 0.05, 'tournament_size': 2, 'mutation_iters': 3}",38,5,50,363.7757801506878,1.2248260974884033,20000,356.7151767230881,1.9793392286980582
GA,"{'population_size': 50, 'crossover_rate': 0.9, 'mutation_rate': 0.05, 'survival_rate': 0.05, 'tournament_size': 2, 'mutation_iters': 3}",38,6,50,386.492251563202,1.310142993927002,20850,380.95278886744313,1.4541074006118841
GA,"{'population_size': 50, 'crossover_rate': 0.9, 'mutation_rate': 0.05, 'survival_rate': 0.05, 'tournament_size': 2, 'mutation_iters': 3}",38,7,100,763.8783830892271,2.680178165435791,22000,755.2922150926004,1.136800807032553
GA,"{'population_size': 50, 'crossover_rate': 0.9, 'mutation_rate': 0.05, 'survival_rate': 0.05, 'tournament_size': 2, 'mutation_iters': 3}",38,8,100,713.0877402459055,2.3445024490356445,20000,704.7356821685974,1.1851334179088757
GA,"{'population_size': 50, 'crossover_rate': 0.9, 'mutation_rate': 0.05, 'survival_rate': 0.05, 'tournament_size': 2, 'mutation_iters': 3}",38,9,100,735.802524288627,2.740212917327881,23800,727.1609345563712,1.188401263267509
GA,"{'population_size': 50, 'crossover_rate': 0.9, 'mutation_rate': 0.05, 'survival_rate': 0.05, 'tournament_size': 5, 'mutation_iters': 1}",39,1,20,124.07236162213388,0.5235188007354736,20000,123.34164199704334,0.5924354607733046
GA,"{'population_size': 50, 'crossover_rate': 0.9, 'mutation_rate': 0.05, 'survival_rate': 0.05, 'tournament_size': 5, 'mutation_iters': 1}",39,2,20,120.68039079256354,0.48937511444091797,20200,118.182620805516,2.1134833277711236
GA,"{'population_size': 50, 'crossover_rate': 0.9, 'mutation_rate': 0.05, 'survival_rate': 0.05, 'tournament_size': 5, 'mutation_iters': 1}",39,3,20,165.6585819363496,0.5022871494293213,20000,163.88828838251453,1.0801830755003172
GA,"{'population_size': 50, 'crossover_rate': 0.9, 'mutation_rate': 0.05, 'survival_rate': 0.05, 'tournament_size': 5, 'mutation_iters': 1}",39,4,50,318.08195052372605,2.0790748596191406,34050,315.1086406332271,0.9435824687396536
GA,"{'population_size': 50, 'crossover_rate': 0.9, 'mutation_rate': 0.05, 'survival_rate': 0.05, 'tournament_size': 5, 'mutation_iters': 1}",39,5,50,359.1405669936447,1.51539945602417,25100,356.7151767230881,0.679923487651152
GA,"{'population_size': 50, 'crossover_rate': 0.9, 'mutation_rate': 0.05, 'survival_rate': 0.05, 'tournament_size': 5, 'mutation_iters': 1}",39,6,50,383.0448360345582,1.5594453811645508,24500,380.95278886744313,0.5491617933378709
GA,"{'population_size': 50, 'crossover_rate': 0.9, 'mutation_rate': 0.05, 'survival_rate': 0.05, 'tournament_size': 5, 'mutation_iters': 1}",39,7,100,760.7626647671734,3.186093807220459,26050,755.2922150926004,0.7242825445913484
GA,"{'population_size': 50, 'crossover_rate': 0.9, 'mutation_rate': 0.05, 'survival_rate': 0.05, 'tournament_size': 5, 'mutation_iters': 1}",39,8,100,708.317547726656,7.6431825160980225,64400,704.7356821685974,0.5082565916112871
GA,"{'population_size': 50, 'crossover_rate': 0.9, 'mutation_rate': 0.05, 'survival_rate': 0.05, 'tournament_size': 5, 'mutation_iters': 1}",39,9,100,733.0064274017394,3.4290049076080322,30000,727.1609345563712,0.8038788344611
GA,"{'population_size': 50, 'crossover_rate': 0.9, 'mutation_rate': 0.05, 'survival_rate': 0.05, 'tournament_size': 5, 'mutation_iters': 3}",40,1,20,123.76301561883493,0.5077664852142334,20000,123.34164199704334,0.3416312730794429
GA,"{'population_size': 50, 'crossover_rate': 0.9, 'mutation_rate': 0.05, 'survival_rate': 0.05, 'tournament_size': 5, 'mutation_iters': 3}",40,2,20,119.40371409696193,0.4793717861175537,20000,118.182620805516,1.0332257679878312
GA,"{'population_size': 50, 'crossover_rate': 0.9, 'mutation_rate': 0.05, 'survival_rate': 0.05, 'tournament_size': 5, 'mutation_iters': 3}",40,3,20,165.39735836422156,0.4748067855834961,20000,163.88828838251453,0.9207918372939904
GA,"{'population_size': 50, 'crossover_rate': 0.9, 'mutation_rate': 0.05, 'survival_rate': 0.05, 'tournament_size': 5, 'mutation_iters': 3}",40,4,50,321.02881606986637,1.3414862155914307,22850,315.1086406332271,1.8787728018953669
GA,"{'population_size': 50, 'crossover_rate': 0.9, 'mutation_rate': 0.05, 'survival_rate': 0.05, 'tournament_size': 5, 'mutation_iters': 3}",40,5,50,360.9454188072968,1.1865625381469727,20000,356.7151767230881,1.1858878904646475
GA,"{'population_size': 50, 'crossover_rate': 0.9, 'mutation_rate': 0.05, 'survival_rate': 0.05, 'tournament_size': 5, 'mutation_iters': 3}",40,6,50,386.9700234525544,1.5330514907836914,24850,380.95278886744313,1.5795223872754078
GA,"{'population_size': 50, 'crossover_rate': 0.9, 'mutation_rate': 0.05, 'survival_rate': 0.05, 'tournament_size': 5, 'mutation_iters': 3}",40,7,100,766.2992265321553,2.7187271118164062,22950,755.2922150926004,1.4573182696190607
GA,"{'population_size': 50, 'crossover_rate': 0.9, 'mutation_rate': 0.05, 'survival_rate': 0.05, 'tournament_size': 5, 'mutation_iters': 3}",40,8,100,714.4318224246397,2.3514719009399414,20100,704.7356821685974,1.3758548774209325
GA,"{'population_size': 50, 'crossover_rate': 0.9, 'mutation_rate': 0.05, 'survival_rate': 0.05, 'tournament_size': 5, 'mutation_iters': 3}",40,9,100,737.2404464576896,2.7193920612335205,23850,727.1609345563712,1.386145957836378
GA,"{'population_size': 50, 'crossover_rate': 0.9, 'mutation_rate': 0.05, 'survival_rate': 0.1, 'tournament_size': 2, 'mutation_iters': 1}",41,1,20,123.94231352704867,0.49483609199523926,20000,123.34164199704334,0.4869981624046545
GA,"{'population_size': 50, 'crossover_rate': 0.9, 'mutation_rate': 0.05, 'survival_rate': 0.1, 'tournament_size': 2, 'mutation_iters': 1}",41,2,20,118.71426822262292,0.4797499179840088,20000,118.182620805516,0.4498524516407667
GA,"{'population_size': 50, 'crossover_rate': 0.9, 'mutation_rate': 0.05, 'survival_rate': 0.1, 'tournament_size': 2, 'mutation_iters': 1}",41,3,20,163.88828838251453,0.5597515106201172,23850,163.88828838251453,0.0
GA,"{'population_size': 50, 'crossover_rate': 0.9, 'mutation_rate': 0.05, 'survival_rate': 0.1, 'tournament_size': 2, 'mutation_iters': 1}",41,4,50,317.81834091729183,1.153001070022583,20000,315.1086406332271,0.8599257318426652
GA,"{'population_size': 50, 'crossover_rate': 0.9, 'mutation_rate': 0.05, 'survival_rate': 0.1, 'tournament_size': 2, 'mutation_iters': 1}",41,5,50,361.36525455493654,1.36745023727417,23100,356.7151767230881,1.3035828401150973
GA,"{'population_size': 50, 'crossover_rate': 0.9, 'mutation_rate': 0.05, 'survival_rate': 0.1, 'tournament_size': 2, 'mutation_iters': 1}",41,6,50,383.9893857758983,1.4458391666412354,23300,380.95278886744313,0.7971058349468598
GA,"{'population_size': 50, 'crossover_rate': 0.9, 'mutation_rate': 0.05, 'survival_rate': 0.1, 'tournament_size': 2, 'mutation_iters': 1}",41,7,100,759.2485663199676,5.425386428833008,45600,755.2922150926004,0.5238172919447049
GA,"{'population_size': 50, 'crossover_rate': 0.9, 'mutation_rate': 0.05, 'survival_rate': 0.1, 'tournament_size': 2, 'mutation_iters': 1}",41,8,100,708.5206419570476,7.802743196487427,66950,704.7356821685974,0.5370750884648329
GA,"{'population_size': 50, 'crossover_rate': 0.9, 'mutation_rate': 0.05, 'survival_rate': 0.1, 'tournament_size': 2, 'mutation_iters': 1}",41,9,100,733.4053659811568,4.249326705932617,37100,727.1609345563712,0.8587413223174905
GA,"{'population_size': 50, 'crossover_rate': 0.9, 'mutation_rate': 0.05, 'survival_rate': 0.1, 'tournament_size': 2, 'mutation_iters': 3}",42,1,20,124.58713751414687,0.48471665382385254,20000,123.34164199704334,1.0097932027963366
GA,"{'population_size': 50, 'crossover_rate': 0.9, 'mutation_rate': 0.05, 'survival_rate': 0.1, 'tournament_size': 2, 'mutation_iters': 3}",42,2,20,119.54952057800028,0.4733459949493408,20000,118.182620805516,1.1565996448273808
GA,"{'population_size': 50, 'crossover_rate': 0.9, 'mutation_rate': 0.05, 'survival_rate': 0.1, 'tournament_size': 2, 'mutation_iters': 3}",42,3,20,166.46271000719503,0.5114912986755371,21950,163.88828838251453,1.570839289426105
GA,"{'population_size': 50, 'crossover_rate': 0.9, 'mutation_rate': 0.05, 'survival_rate': 0.1, 'tournament_size': 2, 'mutation_iters': 3}",42,4,50,319.3669151567121,1.2042500972747803,20500,315.1086406332271,1.351367107841847
GA,"{'population_size': 50, 'crossover_rate': 0.9, 'mutation_rate': 0.05, 'survival_rate': 0.1, 'tournament_size': 2, 'mutation_iters': 3}",42,5,50,363.3081360345693,1.220376968383789,20950,356.7151767230881,1.84824188643905
GA,"{'population_size': 50, 'crossover_rate': 0.9, 'mutation_rate': 0.05, 'survival_rate': 0.1, 'tournament_size': 2, 'mutation_iters': 3}",42,6,50,386.61333795242035,1.6648898124694824,27250,380.95278886744313,1.485892543746903
GA,"{'population_size': 50, 'crossover_rate': 0.9, 'mutation_rate': 0.05, 'survival_rate': 0.1, 'tournament_size': 2, 'mutation_iters': 3}",42,7,100,764.9649773140139,3.4125847816467285,29000,755.2922150926004,1.2806648907704765
GA,"{'population_size': 50, 'crossover_rate': 0.9, 'mutation_rate': 0.05, 'survival_rate': 0.1, 'tournament_size': 2, 'mutation_iters': 3}",42,8,100,716.7301000898784,2.332446575164795,20000,704.7356821685974,1.7019739775871865
GA,"{'population_size': 50, 'crossover_rate': 0.9, 'mutation_rate': 0.05, 'survival_rate': 0.1, 'tournament_size': 2, 'mutation_iters': 3}",42,9,100,737.9707177071722,2.2477667331695557,20000,727.1609345563712,1.4865736918878676
GA,"{'population_size': 50, 'crossover_rate': 0.9, 'mutation_rate': 0.05, 'survival_rate': 0.1, 'tournament_size': 5, 'mutation_iters': 1}",43,1,20,124.5547048789954,0.6158847808837891,25050,123.34164199704334,0.983498243019283
GA,"{'population_size': 50, 'crossover_rate': 0.9, 'mutation_rate': 0.05, 'survival_rate': 0.1, 'tournament_size': 5, 'mutation_iters': 1}",43,2,20,119.33120114953532,0.5447747707366943,22650,118.182620805516,0.97186907532661
GA,"{'population_size': 50, 'crossover_rate': 0.9, 'mutation_rate': 0.05, 'survival_rate': 0.1, 'tournament_size': 5, 'mutation_iters': 1}",43,3,20,165.70070339971616,0.472611665725708,20000,163.88828838251453,1.1058844015573959
GA,"{'population_size': 50, 'crossover_rate': 0.9, 'mutation_rate': 0.05, 'survival_rate': 0.1, 'tournament_size': 5, 'mutation_iters': 1}",43,4,50,319.6120362702861,1.292252540588379,22350,315.1086406332271,1.4291565055179816
GA,"{'population_size': 50, 'crossover_rate': 0.9, 'mutation_rate': 0.05, 'survival_rate': 0.1, 'tournament_size': 5, 'mutation_iters': 1}",43,5,50,359.7374392736524,1.7945103645324707,30100,356.7151767230881,0.8472480981403291
GA,"{'population_size': 50, 'crossover_rate': 0.9, 'mutation_rate': 0.05, 'survival_rate': 0.1, 'tournament_size': 5, 'mutation_iters': 1}",43,6,50,382.95938764356464,2.0849661827087402,33650,380.95278886744313,0.5267316147197773
GA,"{'population_size': 50, 'crossover_rate': 0.9, 'mutation_rate': 0.05, 'survival_rate': 0.1, 'tournament_size': 5, 'mutation_iters': 1}",43,7,100,760.667189460954,5.1603844165802,43750,755.2922150926004,0.7116417011784799
GA,"{'population_size': 50, 'crossover_rate': 0.9, 'mutation_rate': 0.05, 'survival_rate': 0.1, 'tournament_size': 5, 'mutation_iters': 1}",43,8,100,706.1047492606968,10.184658765792847,86200,704.7356821685974,0.19426674805036626
GA,"{'population_size': 50, 'crossover_rate': 0.9, 'mutation_rate': 0.05, 'survival_rate': 0.1, 'tournament_size': 5, 'mutation_iters': 1}",43,9,100,730.2966040800792,6.824546575546265,59400,727.1609345563712,0.4312208446155038
GA,"{'population_size': 50, 'crossover_rate': 0.9, 'mutation_rate': 0.05, 'survival_rate': 0.1, 'tournament_size': 5, 'mutation_iters': 3}",44,1,20,124.73745738143298,0.49364662170410156,20000,123.34164199704334,1.1316659660028645
GA,"{'population_size': 50, 'crossover_rate': 0.9, 'mutation_rate': 0.05, 'survival_rate': 0.1, 'tournament_size': 5, 'mutation_iters': 3}",44,2,20,120.53984569120267,0.4864504337310791,20000,118.182620805516,1.9945613573469312
GA,"{'population_size': 50, 'crossover_rate': 0.9, 'mutation_rate': 0.05, 'survival_rate': 0.1, 'tournament_size': 5, 'mutation_iters': 3}",44,3,20,166.40474678950446,0.4678661823272705,20000,163.88828838251453,1.5354717727703175
GA,"{'population_size': 50, 'crossover_rate': 0.9, 'mutation_rate': 0.05, 'survival_rate': 0.1, 'tournament_size': 5, 'mutation_iters': 3}",44,4,50,319.8313972795139,1.309312343597412,22350,315.1086406332271,1.498770911770684
GA,"{'population_size': 50, 'crossover_rate': 0.9, 'mutation_rate': 0.05, 'survival_rate': 0.1, 'tournament_size': 5, 'mutation_iters': 3}",44,5,50,360.52255039015563,1.3495738506317139,22450,356.7151767230881,1.0673427752761717
GA,"{'population_size': 50, 'crossover_rate': 0.9, 'mutation_rate': 0.05, 'survival_rate': 0.1, 'tournament_size': 5, 'mutation_iters': 3}",44,6,50,384.1306629307797,1.2950489521026611,20000,380.95278886744313,0.8341910483932269
GA,"{'population_size': 50, 'crossover_rate': 0.9, 'mutation_rate': 0.05, 'survival_rate': 0.1, 'tournament_size': 5, 'mutation_iters': 3}",44,7,100,764.4399210182402,2.389486074447632,20000,755.2922150926004,1.2111479163754217
GA,"{'population_size': 50, 'crossover_rate': 0.9, 'mutation_rate': 0.05, 'survival_rate': 0.1, 'tournament_size': 5, 'mutation_iters': 3}",44,8,100,714.4580028645346,2.3715693950653076,20000,704.7356821685974,1.379569807792324
GA,"{'population_size': 50, 'crossover_rate': 0.9, 'mutation_rate': 0.05, 'survival_rate': 0.1, 'tournament_size': 5, 'mutation_iters': 3}",44,9,100,737.6137795726625,2.562620162963867,22000,727.1609345563712,1.4374871530561997
GA,"{'population_size': 50, 'crossover_rate': 0.9, 'mutation_rate': 0.05, 'survival_rate': 0.15, 'tournament_size': 2, 'mutation_iters': 1}",45,1,20,123.93357549758412,0.5066847801208496,20000,123.34164199704334,0.4799137509090121
GA,"{'population_size': 50, 'crossover_rate': 0.9, 'mutation_rate': 0.05, 'survival_rate': 0.15, 'tournament_size': 2, 'mutation_iters': 1}",45,2,20,118.86722582519357,0.503037691116333,21250,118.182620805516,0.5792772363748626
GA,"{'population_size': 50, 'crossover_rate': 0.9, 'mutation_rate': 0.05, 'survival_rate': 0.15, 'tournament_size': 2, 'mutation_iters': 1}",45,3,20,164.6516918782047,0.4828224182128906,20000,163.88828838251453,0.4658072295613886
GA,"{'population_size': 50, 'crossover_rate': 0.9, 'mutation_rate': 0.05, 'survival_rate': 0.15, 'tournament_size': 2, 'mutation_iters': 1}",45,4,50,317.26689078968946,2.229182243347168,37550,315.1086406332271,0.6849225562730548
GA,"{'population_size': 50, 'crossover_rate': 0.9, 'mutation_rate': 0.05, 'survival_rate': 0.15, 'tournament_size': 2, 'mutation_iters': 1}",45,5,50,359.0329534660631,1.422609567642212,24150,356.7151767230881,0.6497555736952025
GA,"{'population_size': 50, 'crossover_rate': 0.9, 'mutation_rate': 0.05, 'survival_rate': 0.15, 'tournament_size': 2, 'mutation_iters': 1}",45,6,50,384.4003024602741,2.1832642555236816,35050,380.95278886744313,0.9049713490955821
GA,"{'population_size': 50, 'crossover_rate': 0.9, 'mutation_rate': 0.05, 'survival_rate': 0.15, 'tournament_size': 2, 'mutation_iters': 1}",45,7,100,758.9563485324429,9.546940565109253,77950,755.2922150926004,0.48512792355384116
GA,"{'population_size': 50, 'crossover_rate': 0.9, 'mutation_rate': 0.05, 'survival_rate': 0.15, 'tournament_size': 2, 'mutation_iters': 1}",45,8,100,710.9465588571824,2.8945939540863037,24550,704.7356821685974,0.8813058350434367
GA,"{'population_size': 50, 'crossover_rate': 0.9, 'mutation_rate': 0.05, 'survival_rate': 0.15, 'tournament_size': 2, 'mutation_iters': 1}",45,9,100,735.5873881289813,3.276200532913208,28600,727.1609345563712,1.158815493540078
GA,"{'population_size': 50, 'crossover_rate': 0.9, 'mutation_rate': 0.05, 'survival_rate': 0.15, 'tournament_size': 2, 'mutation_iters': 3}",46,1,20,125.01698246361376,0.484926700592041,20050,123.34164199704334,1.3582926572443217
GA,"{'population_size': 50, 'crossover_rate': 0.9, 'mutation_rate': 0.05, 'survival_rate': 0.15, 'tournament_size': 2, 'mutation_iters': 3}",46,2,20,119.69607197822434,0.4666330814361572,20000,118.182620805516,1.280603833620269
GA,"{'population_size': 50, 'crossover_rate': 0.9, 'mutation_rate': 0.05, 'survival_rate': 0.15, 'tournament_size': 2, 'mutation_iters': 3}",46,3,20,167.04957237060603,0.4531245231628418,20000,163.88828838251453,1.9289261113723237
GA,"{'population_size': 50, 'crossover_rate': 0.9, 'mutation_rate': 0.05, 'survival_rate': 0.15, 'tournament_size': 2, 'mutation_iters': 3}",46,4,50,319.9730944816794,1.1414434909820557,20000,315.1086406332271,1.5437386415926175
GA,"{'population_size': 50, 'crossover_rate': 0.9, 'mutation_rate': 0.05, 'survival_rate': 0.15, 'tournament_size': 2, 'mutation_iters': 3}",46,5,50,360.93406301181034,1.3554115295410156,23200,356.7151767230881,1.1827044555486537
GA,"{'population_size': 50, 'crossover_rate': 0.9, 'mutation_rate': 0.05, 'survival_rate': 0.15, 'tournament_size': 2, 'mutation_iters': 3}",46,6,50,386.41519748414447,1.2363851070404053,20000,380.95278886744313,1.433880726517544
GA,"{'population_size': 50, 'crossover_rate': 0.9, 'mutation_rate': 0.05, 'survival_rate': 0.15, 'tournament_size': 2, 'mutation_iters': 3}",46,7,100,765.3172160227648,2.4218943119049072,20550,755.2922150926004,1.3273009743567048
GA,"{'population_size': 50, 'crossover_rate': 0.9, 'mutation_rate': 0.05, 'survival_rate': 0.15, 'tournament_size': 2, 'mutation_iters': 3}",46,8,100,716.8028200890141,2.323803424835205,20000,704.7356821685974,1.712292739780676
GA,"{'population_size': 50, 'crossover_rate': 0.9, 'mutation_rate': 0.05, 'survival_rate': 0.15, 'tournament_size': 2, 'mutation_iters': 3}",46,9,100,738.7656449614186,2.2336323261260986,20000,727.1609345563712,1.595892993361537
GA,"{'population_size': 50, 'crossover_rate': 0.9, 'mutation_rate': 0.05, 'survival_rate': 0.15, 'tournament_size': 5, 'mutation_iters': 1}",47,1,20,124.07813580358193,0.5007526874542236,20000,123.34164199704334,0.5971169141369503
GA,"{'population_size': 50, 'crossover_rate': 0.9, 'mutation_rate': 0.05, 'survival_rate': 0.15, 'tournament_size': 5, 'mutation_iters': 1}",47,2,20,120.8884384823632,0.49897074699401855,21950,118.182620805516,2.2895224851206835
GA,"{'population_size': 50, 'crossover_rate': 0.9, 'mutation_rate': 0.05, 'survival_rate': 0.15, 'tournament_size': 5, 'mutation_iters': 1}",47,3,20,164.4212178365123,0.6404292583465576,26850,163.88828838251453,0.325178485453412
GA,"{'population_size': 50, 'crossover_rate': 0.9, 'mutation_rate': 0.05, 'survival_rate': 0.15, 'tournament_size': 5, 'mutation_iters': 1}",47,4,50,316.0096751358276,3.3322665691375732,57150,315.1086406332271,0.2859440797274979
GA,"{'population_size': 50, 'crossover_rate': 0.9, 'mutation_rate': 0.05, 'survival_rate': 0.15, 'tournament_size': 5, 'mutation_iters': 1}",47,5,50,359.2415523187622,2.2913763523101807,38600,356.7151767230881,0.7082332798066729
GA,"{'population_size': 50, 'crossover_rate': 0.9, 'mutation_rate': 0.05, 'survival_rate': 0.15, 'tournament_size': 5, 'mutation_iters': 1}",47,6,50,382.8331564973981,3.7815377712249756,60750,380.95278886744313,0.493595974331938
GA,"{'population_size': 50, 'crossover_rate': 0.9, 'mutation_rate': 0.05, 'survival_rate': 0.15, 'tournament_size': 5, 'mutation_iters': 1}",47,7,100,760.7879535767468,6.018712759017944,50200,755.2922150926004,0.7276307599003383
GA,"{'population_size': 50, 'crossover_rate': 0.9, 'mutation_rate': 0.05, 'survival_rate': 0.15, 'tournament_size': 5, 'mutation_iters': 1}",47,8,100,708.0368697930123,9.449718236923218,79350,704.7356821685974,0.4684291867067999
GA,"{'population_size': 50, 'crossover_rate': 0.9, 'mutation_rate': 0.05, 'survival_rate': 0.15, 'tournament_size': 5, 'mutation_iters': 1}",47,9,100,732.8172749301834,8.747079133987427,75350,727.1609345563712,0.7778663711167394
GA,"{'population_size': 50, 'crossover_rate': 0.9, 'mutation_rate': 0.05, 'survival_rate': 0.15, 'tournament_size': 5, 'mutation_iters': 3}",48,1,20,125.28805742561231,0.5022830963134766,20000,123.34164199704334,1.578068361223557
GA,"{'population_size': 50, 'crossover_rate': 0.9, 'mutation_rate': 0.05, 'survival_rate': 0.15, 'tournament_size': 5, 'mutation_iters': 3}",48,2,20,120.82003165602384,0.48798489570617676,20000,118.182620805516,2.2316401790141644
GA,"{'population_size': 50, 'crossover_rate': 0.9, 'mutation_rate': 0.05, 'survival_rate': 0.15, 'tournament_size': 5, 'mutation_iters': 3}",48,3,20,165.9441950254033,0.48024630546569824,20000,163.88828838251453,1.2544561073761995
GA,"{'population_size': 50, 'crossover_rate': 0.9, 'mutation_rate': 0.05, 'survival_rate': 0.15, 'tournament_size': 5, 'mutation_iters': 3}",48,4,50,319.8969141681825,1.318305492401123,21700,315.1086406332271,1.5195627531295637
GA,"{'population_size': 50, 'crossover_rate': 0.9, 'mutation_rate': 0.05, 'survival_rate': 0.15, 'tournament_size': 5, 'mutation_iters': 3}",48,5,50,360.5251145359197,1.1997416019439697,20000,356.7151767230881,1.068061596882713
GA,"{'population_size': 50, 'crossover_rate': 0.9, 'mutation_rate': 0.05, 'survival_rate': 0.15, 'tournament_size': 5, 'mutation_iters': 3}",48,6,50,386.8664360617219,1.367304801940918,21650,380.95278886744313,1.5523307262980826
GA,"{'population_size': 50, 'crossover_rate': 0.9, 'mutation_rate': 0.05, 'survival_rate': 0.15, 'tournament_size': 5, 'mutation_iters': 3}",48,7,100,765.4525771083307,2.9996345043182373,25050,755.2922150926004,1.3452226585553613
GA,"{'population_size': 50, 'crossover_rate': 0.9, 'mutation_rate': 0.05, 'survival_rate': 0.15, 'tournament_size': 5, 'mutation_iters': 3}",48,8,100,715.2152088298877,2.4131057262420654,20000,704.7356821685974,1.487015192567376
GA,"{'population_size': 50, 'crossover_rate': 0.9, 'mutation_rate': 0.05, 'survival_rate': 0.15, 'tournament_size': 5, 'mutation_iters': 3}",48,9,100,737.8246212057873,2.867274284362793,24650,727.1609345563712,1.4664823346047562
GA,"{'population_size': 50, 'crossover_rate': 0.9, 'mutation_rate': 0.1, 'survival_rate': 0.05, 'tournament_size': 2, 'mutation_iters': 1}",49,1,20,123.62567050472416,0.4998018741607666,20000,123.34164199704334,0.2302778713515297
GA,"{'population_size': 50, 'crossover_rate': 0.9, 'mutation_rate': 0.1, 'survival_rate': 0.05, 'tournament_size': 2, 'mutation_iters': 1}",49,2,20,118.69495944814926,0.49028849601745605,20000,118.182620805516,0.43351436881433125
GA,"{'population_size': 50, 'crossover_rate': 0.9, 'mutation_rate': 0.1, 'survival_rate': 0.05, 'tournament_size': 2, 'mutation_iters': 1}",49,3,20,165.2158241946829,0.4717576503753662,20000,163.88828838251453,0.8100248195099308
GA,"{'population_size': 50, 'crossover_rate': 0.9, 'mutation_rate': 0.1, 'survival_rate': 0.05, 'tournament_size': 2, 'mutation_iters': 1}",49,4,50,316.6603273488442,1.1995878219604492,20600,315.1086406332271,0.4924291230157682
GA,"{'population_size': 50, 'crossover_rate': 0.9, 'mutation_rate': 0.1, 'survival_rate': 0.05, 'tournament_size': 2, 'mutation_iters': 1}",49,5,50,358.6019018581117,1.2694733142852783,20850,356.7151767230881,0.5289164179544367
GA,"{'population_size': 50, 'crossover_rate': 0.9, 'mutation_rate': 0.1, 'survival_rate': 0.05, 'tournament_size': 2, 'mutation_iters': 1}",49,6,50,382.8874027217892,1.6662285327911377,25950,380.95278886744313,0.5078355929871545
GA,"{'population_size': 50, 'crossover_rate': 0.9, 'mutation_rate': 0.1, 'survival_rate': 0.05, 'tournament_size': 2, 'mutation_iters': 1}",49,7,100,756.8500860513293,6.319482088088989,50700,755.2922150926004,0.20626069322559198
GA,"{'population_size': 50, 'crossover_rate': 0.9, 'mutation_rate': 0.1, 'survival_rate': 0.05, 'tournament_size': 2, 'mutation_iters': 1}",49,8,100,707.1642860102285,9.49567699432373,79150,704.7356821685974,0.34461201597709207
GA,"{'population_size': 50, 'crossover_rate': 0.9, 'mutation_rate': 0.1, 'survival_rate': 0.05, 'tournament_size': 2, 'mutation_iters': 1}",49,9,100,730.9767269960691,5.269055604934692,45100,727.1609345563712,0.524752122723133
GA,"{'population_size': 50, 'crossover_rate': 0.9, 'mutation_rate': 0.1, 'survival_rate': 0.05, 'tournament_size': 2, 'mutation_iters': 3}",50,1,20,123.51119340375135,0.5333638191223145,20300,123.34164199704334,0.13746485287756596
GA,"{'population_size': 50, 'crossover_rate': 0.9, 'mutation_rate': 0.1, 'survival_rate': 0.05, 'tournament_size': 2, 'mutation_iters': 3}",50,2,20,118.74866486791653,0.5062720775604248,20000,118.182620805516,0.47895710768847394
GA,"{'population_size': 50, 'crossover_rate': 0.9, 'mutation_rate': 0.1, 'survival_rate': 0.05, 'tournament_size': 2, 'mutation_iters': 3}",50,3,20,165.67748877459093,0.4736902713775635,20000,163.88828838251453,1.0917194936470445
GA,"{'population_size': 50, 'crossover_rate': 0.9, 'mutation_rate': 0.1, 'survival_rate': 0.05, 'tournament_size': 2, 'mutation_iters': 3}",50,4,50,319.45100940398834,1.4057044982910156,23700,315.1086406332271,1.37805449004351
GA,"{'population_size': 50, 'crossover_rate': 0.9, 'mutation_rate': 0.1, 'survival_rate': 0.05, 'tournament_size': 2, 'mutation_iters': 3}",50,5,50,360.8812093830183,1.2873098850250244,21400,356.7151767230881,1.1678876963410505
GA,"{'population_size': 50, 'crossover_rate': 0.9, 'mutation_rate': 0.1, 'survival_rate': 0.05, 'tournament_size': 2, 'mutation_iters': 3}",50,6,50,383.7210906519157,1.236088514328003,20000,380.95278886744313,0.7266784403134577
GA,"{'population_size': 50, 'crossover_rate': 0.9, 'mutation_rate': 0.1, 'survival_rate': 0.05, 'tournament_size': 2, 'mutation_iters': 3}",50,7,100,764.4775110565239,2.379899024963379,20000,755.2922150926004,1.2161248031395884
GA,"{'population_size': 50, 'crossover_rate': 0.9, 'mutation_rate': 0.1, 'survival_rate': 0.05, 'tournament_size': 2, 'mutation_iters': 3}",50,8,100,711.4145896305179,2.6110403537750244,22150,704.7356821685974,0.9477180779846889
GA,"{'population_size': 50, 'crossover_rate': 0.9, 'mutation_rate': 0.1, 'survival_rate': 0.05, 'tournament_size': 2, 'mutation_iters': 3}",50,9,100,735.0119376247975,2.8292899131774902,24800,727.1609345563712,1.0796788847321737
GA,"{'population_size': 50, 'crossover_rate': 0.9, 'mutation_rate': 0.1, 'survival_rate': 0.05, 'tournament_size': 5, 'mutation_iters': 1}",51,1,20,124.31258160039654,0.505180835723877,20000,123.34164199704334,0.7871952956297406
GA,"{'population_size': 50, 'crossover_rate': 0.9, 'mutation_rate': 0.1, 'survival_rate': 0.05, 'tournament_size': 5, 'mutation_iters': 1}",51,2,20,119.07202853399534,0.4848978519439697,20000,118.182620805516,0.7525706592198278
GA,"{'population_size': 50, 'crossover_rate': 0.9, 'mutation_rate': 0.1, 'survival_rate': 0.05, 'tournament_size': 5, 'mutation_iters': 1}",51,3,20,164.49907547834115,0.47571754455566406,20000,163.88828838251453,0.3726850172484863
GA,"{'population_size': 50, 'crossover_rate': 0.9, 'mutation_rate': 0.1, 'survival_rate': 0.05, 'tournament_size': 5, 'mutation_iters': 1}",51,4,50,317.1328137804257,1.8799314498901367,31950,315.1086406332271,0.6423731012678452
GA,"{'population_size': 50, 'crossover_rate': 0.9, 'mutation_rate': 0.1, 'survival_rate': 0.05, 'tournament_size': 5, 'mutation_iters': 1}",51,5,50,359.3556462825472,1.3816819190979004,22950,356.7151767230881,0.7402178914043835
GA,"{'population_size': 50, 'crossover_rate': 0.9, 'mutation_rate': 0.1, 'survival_rate': 0.05, 'tournament_size': 5, 'mutation_iters': 1}",51,6,50,384.307321568825,1.3493423461914062,21350,380.95278886744313,0.880563891225142
GA,"{'population_size': 50, 'crossover_rate': 0.9, 'mutation_rate': 0.1, 'survival_rate': 0.05, 'tournament_size': 5, 'mutation_iters': 1}",51,7,100,760.4960965945091,3.898698329925537,32000,755.2922150926004,0.6889891618002129
GA,"{'population_size': 50, 'crossover_rate': 0.9, 'mutation_rate': 0.1, 'survival_rate': 0.05, 'tournament_size': 5, 'mutation_iters': 1}",51,8,100,707.6471660807601,3.6459906101226807,30900,704.7356821685974,0.41313133219019627
GA,"{'population_size': 50, 'crossover_rate': 0.9, 'mutation_rate': 0.1, 'survival_rate': 0.05, 'tournament_size': 5, 'mutation_iters': 1}",51,9,100,729.8852916016161,6.367424964904785,54400,727.1609345563712,0.3746566840677435
GA,"{'population_size': 50, 'crossover_rate': 0.9, 'mutation_rate': 0.1, 'survival_rate': 0.05, 'tournament_size': 5, 'mutation_iters': 3}",52,1,20,125.06924969219172,0.6080546379089355,23600,123.34164199704334,1.4006686364608245
GA,"{'population_size': 50, 'crossover_rate': 0.9, 'mutation_rate': 0.1, 'survival_rate': 0.05, 'tournament_size': 5, 'mutation_iters': 3}",52,2,20,119.15367446991142,0.498401403427124,20000,118.182620805516,0.821655212735056
GA,"{'population_size': 50, 'crossover_rate': 0.9, 'mutation_rate': 0.1, 'survival_rate': 0.05, 'tournament_size': 5, 'mutation_iters': 3}",52,3,20,165.03158820273575,0.48258137702941895,20000,163.88828838251453,0.6976092260801208
GA,"{'population_size': 50, 'crossover_rate': 0.9, 'mutation_rate': 0.1, 'survival_rate': 0.05, 'tournament_size': 5, 'mutation_iters': 3}",52,4,50,319.81527676331245,1.3864150047302246,23300,315.1086406332271,1.4936550519932246
GA,"{'population_size': 50, 'crossover_rate': 0.9, 'mutation_rate': 0.1, 'survival_rate': 0.05, 'tournament_size': 5, 'mutation_iters': 3}",52,5,50,361.29951429816276,1.2112162113189697,20000,356.7151767230881,1.2851534989870599
GA,"{'population_size': 50, 'crossover_rate': 0.9, 'mutation_rate': 0.1, 'survival_rate': 0.05, 'tournament_size': 5, 'mutation_iters': 3}",52,6,50,384.9161062303543,1.2765483856201172,20000,380.95278886744313,1.0403696937601952
GA,"{'population_size': 50, 'crossover_rate': 0.9, 'mutation_rate': 0.1, 'survival_rate': 0.05, 'tournament_size': 5, 'mutation_iters': 3}",52,7,100,766.4642262769827,2.4640839099884033,20000,755.2922150926004,1.4791640852557446
GA,"{'population_size': 50, 'crossover_rate': 0.9, 'mutation_rate': 0.1, 'survival_rate': 0.05, 'tournament_size': 5, 'mutation_iters': 3}",52,8,100,713.5450744266673,2.4929909706115723,20000,704.7356821685974,1.2500278446185453
GA,"{'population_size': 50, 'crossover_rate': 0.9, 'mutation_rate': 0.1, 'survival_rate': 0.05, 'tournament_size': 5, 'mutation_iters': 3}",52,9,100,737.3592091911427,2.526475429534912,21850,727.1609345563712,1.4024783442187043
GA,"{'population_size': 50, 'crossover_rate': 0.9, 'mutation_rate': 0.1, 'survival_rate': 0.1, 'tournament_size': 2, 'mutation_iters': 1}",53,1,20,123.91608077313695,0.6606738567352295,26250,123.34164199704334,0.46572979473338366
GA,"{'population_size': 50, 'crossover_rate': 0.9, 'mutation_rate': 0.1, 'survival_rate': 0.1, 'tournament_size': 2, 'mutation_iters': 1}",53,2,20,119.25186967869975,0.4843151569366455,20000,118.182620805516,0.9047429020408451
GA,"{'population_size': 50, 'crossover_rate': 0.9, 'mutation_rate': 0.1, 'survival_rate': 0.1, 'tournament_size': 2, 'mutation_iters': 1}",53,3,20,165.15805118696846,0.46326494216918945,20000,163.88828838251453,0.7747733636038179
GA,"{'population_size': 50, 'crossover_rate': 0.9, 'mutation_rate': 0.1, 'survival_rate': 0.1, 'tournament_size': 2, 'mutation_iters': 1}",53,4,50,318.4678566700512,1.6016960144042969,27450,315.1086406332271,1.0660501184840945
GA,"{'population_size': 50, 'crossover_rate': 0.9, 'mutation_rate': 0.1, 'survival_rate': 0.1, 'tournament_size': 2, 'mutation_iters': 1}",53,5,50,358.1661437499729,2.1503193378448486,34600,356.7151767230881,0.40675786217280274
GA,"{'population_size': 50, 'crossover_rate': 0.9, 'mutation_rate': 0.1, 'survival_rate': 0.1, 'tournament_size': 2, 'mutation_iters': 1}",53,6,50,382.59418839011585,2.8095011711120605,42950,380.95278886744313,0.43086691333919
GA,"{'population_size': 50, 'crossover_rate': 0.9, 'mutation_rate': 0.1, 'survival_rate': 0.1, 'tournament_size': 2, 'mutation_iters': 1}",53,7,100,756.4557188236219,10.137102603912354,82250,755.2922150926004,0.15404683217591889
GA,"{'population_size': 50, 'crossover_rate': 0.9, 'mutation_rate': 0.1, 'survival_rate': 0.1, 'tournament_size': 2, 'mutation_iters': 1}",53,8,100,709.5432670293475,5.140692710876465,43500,704.7356821685974,0.6821826937946904
GA,"{'population_size': 50, 'crossover_rate': 0.9, 'mutation_rate': 0.1, 'survival_rate': 0.1, 'tournament_size': 2, 'mutation_iters': 1}",53,9,100,730.4917392836661,8.970110654830933,75450,727.1609345563712,0.4580560600834474
GA,"{'population_size': 50, 'crossover_rate': 0.9, 'mutation_rate': 0.1, 'survival_rate': 0.1, 'tournament_size': 2, 'mutation_iters': 3}",54,1,20,124.1894665633871,0.5738430023193359,23000,123.34164199704334,0.6873790170266129
GA,"{'population_size': 50, 'crossover_rate': 0.9, 'mutation_rate': 0.1, 'survival_rate': 0.1, 'tournament_size': 2, 'mutation_iters': 3}",54,2,20,118.79440157719725,0.5278286933898926,22050,118.182620805516,0.5176571373281812
GA,"{'population_size': 50, 'crossover_rate': 0.9, 'mutation_rate': 0.1, 'survival_rate': 0.1, 'tournament_size': 2, 'mutation_iters': 3}",54,3,20,165.63919780820834,0.4917874336242676,20000,163.88828838251453,1.0683554285509351
GA,"{'population_size': 50, 'crossover_rate': 0.9, 'mutation_rate': 0.1, 'survival_rate': 0.1, 'tournament_size': 2, 'mutation_iters': 3}",54,4,50,317.72503918102996,1.6016619205474854,26100,315.1086406332271,0.8303163450374086
GA,"{'population_size': 50, 'crossover_rate': 0.9, 'mutation_rate': 0.1, 'survival_rate': 0.1, 'tournament_size': 2, 'mutation_iters': 3}",54,5,50,361.9661187469793,1.4045310020446777,22400,356.7151767230881,1.4720265260727612
GA,"{'population_size': 50, 'crossover_rate': 0.9, 'mutation_rate': 0.1, 'survival_rate': 0.1, 'tournament_size': 2, 'mutation_iters': 3}",54,6,50,384.2586118034371,1.3190393447875977,20000,380.95278886744313,0.8677775915020912
GA,"{'population_size': 50, 'crossover_rate': 0.9, 'mutation_rate': 0.1, 'survival_rate': 0.1, 'tournament_size': 2, 'mutation_iters': 3}",54,7,100,764.260541384948,3.2810349464416504,27200,755.2922150926004,1.187398216629063
GA,"{'population_size': 50, 'crossover_rate': 0.9, 'mutation_rate': 0.1, 'survival_rate': 0.1, 'tournament_size': 2, 'mutation_iters': 3}",54,8,100,714.3928658225844,2.719684362411499,22850,704.7356821685974,1.3703270457755472
GA,"{'population_size': 50, 'crossover_rate': 0.9, 'mutation_rate': 0.1, 'survival_rate': 0.1, 'tournament_size': 2, 'mutation_iters': 3}",54,9,100,733.8066341457455,4.002377510070801,34400,727.1609345563712,0.9139241773801762
GA,"{'population_size': 50, 'crossover_rate': 0.9, 'mutation_rate': 0.1, 'survival_rate': 0.1, 'tournament_size': 5, 'mutation_iters': 1}",55,1,20,123.91202916694942,0.5123529434204102,20000,123.34164199704334,0.4624449299286586
GA,"{'population_size': 50, 'crossover_rate': 0.9, 'mutation_rate': 0.1, 'survival_rate': 0.1, 'tournament_size': 5, 'mutation_iters': 1}",55,2,20,118.74660390929536,0.5088214874267578,20000,118.182620805516,0.4772132314678209
GA,"{'population_size': 50, 'crossover_rate': 0.9, 'mutation_rate': 0.1, 'survival_rate': 0.1, 'tournament_size': 5, 'mutation_iters': 1}",55,3,20,165.588159818034,0.487424373626709,20000,163.88828838251453,1.037213489930395
GA,"{'population_size': 50, 'crossover_rate': 0.9, 'mutation_rate': 0.1, 'survival_rate': 0.1, 'tournament_size': 5, 'mutation_iters': 1}",55,4,50,316.8365594020873,1.9139554500579834,32150,315.1086406332271,0.5483565177355545
GA,"{'population_size': 50, 'crossover_rate': 0.9, 'mutation_rate': 0.1, 'survival_rate': 0.1, 'tournament_size': 5, 'mutation_iters': 1}",55,5,50,358.12092975147533,1.591336965560913,26300,356.7151767230881,0.3940827640979435
GA,"{'population_size': 50, 'crossover_rate': 0.9, 'mutation_rate': 0.1, 'survival_rate': 0.1, 'tournament_size': 5, 'mutation_iters': 1}",55,6,50,382.3759673467728,2.565955400466919,39550,380.95278886744313,0.3735839507989279
GA,"{'population_size': 50, 'crossover_rate': 0.9, 'mutation_rate': 0.1, 'survival_rate': 0.1, 'tournament_size': 5, 'mutation_iters': 1}",55,7,100,755.7997530112291,11.97202754020691,97650,755.2922150926004,0.06719755724828813
GA,"{'population_size': 50, 'crossover_rate': 0.9, 'mutation_rate': 0.1, 'survival_rate': 0.1, 'tournament_size': 5, 'mutation_iters': 1}",55,8,100,708.3476706763694,5.61475396156311,47000,704.7356821685974,0.5125309529747796
GA,"{'population_size': 50, 'crossover_rate': 0.9, 'mutation_rate': 0.1, 'survival_rate': 0.1, 'tournament_size': 5, 'mutation_iters': 1}",55,9,100,730.8807583853346,4.373382568359375,37750,727.1609345563712,0.5115544100609313
GA,"{'population_size': 50, 'crossover_rate': 0.9, 'mutation_rate': 0.1, 'survival_rate': 0.1, 'tournament_size': 5, 'mutation_iters': 3}",56,1,20,124.20563218183243,0.5143599510192871,20300,123.34164199704334,0.7004853922812211
GA,"{'population_size': 50, 'crossover_rate': 0.9, 'mutation_rate': 0.1, 'survival_rate': 0.1, 'tournament_size': 5, 'mutation_iters': 3}",56,2,20,119.84779981989628,0.49125027656555176,20300,118.182620805516,1.4089880585069627
GA,"{'population_size': 50, 'crossover_rate': 0.9, 'mutation_rate': 0.1, 'survival_rate': 0.1, 'tournament_size': 5, 'mutation_iters': 3}",56,3,20,166.18695328499177,0.4772984981536865,20000,163.88828838251453,1.4025803339358627
GA,"{'population_size': 50, 'crossover_rate': 0.9, 'mutation_rate': 0.1, 'survival_rate': 0.1, 'tournament_size': 5, 'mutation_iters': 3}",56,4,50,319.2618569951752,1.1721312999725342,20000,315.1086406332271,1.318026809294097
GA,"{'population_size': 50, 'crossover_rate': 0.9, 'mutation_rate': 0.1, 'survival_rate': 0.1, 'tournament_size': 5, 'mutation_iters': 3}",56,5,50,360.8030828520091,1.7742154598236084,29800,356.7151767230881,1.1459860403120259
GA,"{'population_size': 50, 'crossover_rate': 0.9, 'mutation_rate': 0.1, 'survival_rate': 0.1, 'tournament_size': 5, 'mutation_iters': 3}",56,6,50,386.85001471512146,1.2559642791748047,20000,380.95278886744313,1.548020127431154
GA,"{'population_size': 50, 'crossover_rate': 0.9, 'mutation_rate': 0.1, 'survival_rate': 0.1, 'tournament_size': 5, 'mutation_iters': 3}",56,7,100,766.4164276855538,2.3762567043304443,20000,755.2922150926004,1.4728355953714651
GA,"{'population_size': 50, 'crossover_rate': 0.9, 'mutation_rate': 0.1, 'survival_rate': 0.1, 'tournament_size': 5, 'mutation_iters': 3}",56,8,100,714.3462909094928,2.326323986053467,20000,704.7356821685974,1.3637181973420063
GA,"{'population_size': 50, 'crossover_rate': 0.9, 'mutation_rate': 0.1, 'survival_rate': 0.1, 'tournament_size': 5, 'mutation_iters': 3}",56,9,100,739.6840128222923,2.6700165271759033,22950,727.1609345563712,1.7221879876648205
GA,"{'population_size': 50, 'crossover_rate': 0.9, 'mutation_rate': 0.1, 'survival_rate': 0.15, 'tournament_size': 2, 'mutation_iters': 1}",57,1,20,123.38224127970554,0.48819684982299805,20000,123.34164199704334,0.03291611981553879
GA,"{'population_size': 50, 'crossover_rate': 0.9, 'mutation_rate': 0.1, 'survival_rate': 0.15, 'tournament_size': 2, 'mutation_iters': 1}",57,2,20,119.04973896867571,0.4681084156036377,20000,118.182620805516,0.7337103858837805
GA,"{'population_size': 50, 'crossover_rate': 0.9, 'mutation_rate': 0.1, 'survival_rate': 0.15, 'tournament_size': 2, 'mutation_iters': 1}",57,3,20,164.62117977788307,0.46198534965515137,20000,163.88828838251453,0.4471896086058174
GA,"{'population_size': 50, 'crossover_rate': 0.9, 'mutation_rate': 0.1, 'survival_rate': 0.15, 'tournament_size': 2, 'mutation_iters': 1}",57,4,50,317.92949035063964,1.7609827518463135,30600,315.1086406332271,0.8951991007748673
GA,"{'population_size': 50, 'crossover_rate': 0.9, 'mutation_rate': 0.1, 'survival_rate': 0.15, 'tournament_size': 2, 'mutation_iters': 1}",57,5,50,360.2408702161598,1.4911601543426514,25500,356.7151767230881,0.9883777655495215
GA,"{'population_size': 50, 'crossover_rate': 0.9, 'mutation_rate': 0.1, 'survival_rate': 0.15, 'tournament_size': 2, 'mutation_iters': 1}",57,6,50,382.4388412762496,2.249629497528076,36750,380.95278886744313,0.390088339614062
GA,"{'population_size': 50, 'crossover_rate': 0.9, 'mutation_rate': 0.1, 'survival_rate': 0.15, 'tournament_size': 2, 'mutation_iters': 1}",57,7,100,761.9282380762517,2.8301568031311035,23850,755.2922150926004,0.8786033870132894
GA,"{'population_size': 50, 'crossover_rate': 0.9, 'mutation_rate': 0.1, 'survival_rate': 0.15, 'tournament_size': 2, 'mutation_iters': 1}",57,8,100,707.5634714672677,3.077829599380493,26550,704.7356821685974,0.4012553032604749
GA,"{'population_size': 50, 'crossover_rate': 0.9, 'mutation_rate': 0.1, 'survival_rate': 0.15, 'tournament_size': 2, 'mutation_iters': 1}",57,9,100,729.9452817613294,5.8436853885650635,50100,727.1609345563712,0.38290659916389275
GA,"{'population_size': 50, 'crossover_rate': 0.9, 'mutation_rate': 0.1, 'survival_rate': 0.15, 'tournament_size': 2, 'mutation_iters': 3}",58,1,20,124.272875481499,0.5717933177947998,22700,123.34164199704334,0.7550033138670094
GA,"{'population_size': 50, 'crossover_rate': 0.9, 'mutation_rate': 0.1, 'survival_rate': 0.15, 'tournament_size': 2, 'mutation_iters': 3}",58,2,20,119.18036722438751,0.5385105609893799,21500,118.182620805516,0.8442412362080112
GA,"{'population_size': 50, 'crossover_rate': 0.9, 'mutation_rate': 0.1, 'survival_rate': 0.15, 'tournament_size': 2, 'mutation_iters': 3}",58,3,20,165.46128789810186,0.48964381217956543,20000,163.88828838251453,0.9597998314046414
GA,"{'population_size': 50, 'crossover_rate': 0.9, 'mutation_rate': 0.1, 'survival_rate': 0.15, 'tournament_size': 2, 'mutation_iters': 3}",58,4,50,318.5060865366833,1.1845357418060303,20000,315.1086406332271,1.0781823997681839
GA,"{'population_size': 50, 'crossover_rate': 0.9, 'mutation_rate': 0.1, 'survival_rate': 0.15, 'tournament_size': 2, 'mutation_iters': 3}",58,5,50,361.34077500485455,1.1925983428955078,20000,356.7151767230881,1.2967203482225824
GA,"{'population_size': 50, 'crossover_rate': 0.9, 'mutation_rate': 0.1, 'survival_rate': 0.15, 'tournament_size': 2, 'mutation_iters': 3}",58,6,50,387.2738028352616,1.232781171798706,20000,380.95278886744313,1.659264389850144
GA,"{'population_size': 50, 'crossover_rate': 0.9, 'mutation_rate': 0.1, 'survival_rate': 0.15, 'tournament_size': 2, 'mutation_iters': 3}",58,7,100,763.7398850626455,2.6711931228637695,22050,755.2922150926004,1.1184637947061886
GA,"{'population_size': 50, 'crossover_rate': 0.9, 'mutation_rate': 0.1, 'survival_rate': 0.15, 'tournament_size': 2, 'mutation_iters': 3}",58,8,100,711.0942344533898,4.683811664581299,39700,704.7356821685974,0.9022605844543157
GA,"{'population_size': 50, 'crossover_rate': 0.9, 'mutation_rate': 0.1, 'survival_rate': 0.15, 'tournament_size': 2, 'mutation_iters': 3}",58,9,100,736.484555191204,2.7915003299713135,24450,727.1609345563712,1.2821949298639028
GA,"{'population_size': 50, 'crossover_rate': 0.9, 'mutation_rate': 0.1, 'survival_rate': 0.15, 'tournament_size': 5, 'mutation_iters': 1}",59,1,20,124.53981256552342,0.4980180263519287,20000,123.34164199704334,0.9714242076563258
GA,"{'population_size': 50, 'crossover_rate': 0.9, 'mutation_rate': 0.1, 'survival_rate': 0.15, 'tournament_size': 5, 'mutation_iters': 1}",59,2,20,119.44195223843117,0.4861619472503662,20000,118.182620805516,1.065580898724153
GA,"{'population_size': 50, 'crossover_rate': 0.9, 'mutation_rate': 0.1, 'survival_rate': 0.15, 'tournament_size': 5, 'mutation_iters': 1}",59,3,20,164.4609493735546,0.4651801586151123,20000,163.88828838251453,0.3494215460371876
GA,"{'population_size': 50, 'crossover_rate': 0.9, 'mutation_rate': 0.1, 'survival_rate': 0.15, 'tournament_size': 5, 'mutation_iters': 1}",59,4,50,316.0347861614388,2.8684048652648926,47200,315.1086406332271,0.29391308545222816
GA,"{'population_size': 50, 'crossover_rate': 0.9, 'mutation_rate': 0.1, 'survival_rate': 0.15, 'tournament_size': 5, 'mutation_iters': 1}",59,5,50,358.125037535872,2.044650077819824,34050,356.7151767230881,0.3952343227264354
GA,"{'population_size': 50, 'crossover_rate': 0.9, 'mutation_rate': 0.1, 'survival_rate': 0.15, 'tournament_size': 5, 'mutation_iters': 1}",59,6,50,383.0595989575113,1.8889718055725098,29600,380.95278886744313,0.5530370564635121
GA,"{'population_size': 50, 'crossover_rate': 0.9, 'mutation_rate': 0.1, 'survival_rate': 0.15, 'tournament_size': 5, 'mutation_iters': 1}",59,7,100,761.1352351397632,5.643627882003784,46650,755.2922150926004,0.7736105219152053
GA,"{'population_size': 50, 'crossover_rate': 0.9, 'mutation_rate': 0.1, 'survival_rate': 0.15, 'tournament_size': 5, 'mutation_iters': 1}",59,8,100,708.9548603176645,6.973371982574463,59000,704.7356821685974,0.5986894456775601
GA,"{'population_size': 50, 'crossover_rate': 0.9, 'mutation_rate': 0.1, 'survival_rate': 0.15, 'tournament_size': 5, 'mutation_iters': 1}",59,9,100,730.1225174647545,7.835540533065796,67700,727.1609345563712,0.4072802549809875
GA,"{'population_size': 50, 'crossover_rate': 0.9, 'mutation_rate': 0.1, 'survival_rate': 0.15, 'tournament_size': 5, 'mutation_iters': 3}",60,1,20,123.8143044851482,0.5219974517822266,20000,123.34164199704334,0.38321403903167567
GA,"{'population_size': 50, 'crossover_rate': 0.9, 'mutation_rate': 0.1, 'survival_rate': 0.15, 'tournament_size': 5, 'mutation_iters': 3}",60,2,20,120.03286592728271,0.6126861572265625,25100,118.182620805516,1.5655813935718381
GA,"{'population_size': 50, 'crossover_rate': 0.9, 'mutation_rate': 0.1, 'survival_rate': 0.15, 'tournament_size': 5, 'mutation_iters': 3}",60,3,20,165.02422508121214,0.48929882049560547,20000,163.88828838251453,0.693116457502036
GA,"{'population_size': 50, 'crossover_rate': 0.9, 'mutation_rate': 0.1, 'survival_rate': 0.15, 'tournament_size': 5, 'mutation_iters': 3}",60,4,50,319.7106010830014,1.410505771636963,23700,315.1086406332271,1.4604361341937286
GA,"{'population_size': 50, 'crossover_rate': 0.9, 'mutation_rate': 0.1, 'survival_rate': 0.15, 'tournament_size': 5, 'mutation_iters': 3}",60,5,50,362.842150159116,1.2285075187683105,20000,356.7151767230881,1.7176094082434097
GA,"{'population_size': 50, 'crossover_rate': 0.9, 'mutation_rate': 0.1, 'survival_rate': 0.15, 'tournament_size': 5, 'mutation_iters': 3}",60,6,50,384.8579871319698,1.945650339126587,30200,380.95278886744313,1.0251134467703154
GA,"{'population_size': 50, 'crossover_rate': 0.9, 'mutation_rate': 0.1, 'survival_rate': 0.15, 'tournament_size': 5, 'mutation_iters': 3}",60,7,100,763.9709235996287,2.8664581775665283,23850,755.2922150926004,1.1490530861574273
GA,"{'population_size': 50, 'crossover_rate': 0.9, 'mutation_rate': 0.1, 'survival_rate': 0.15, 'tournament_size': 5, 'mutation_iters': 3}",60,8,100,711.8422435416672,2.846519708633423,24200,704.7356821685974,1.0084009583850981
GA,"{'population_size': 50, 'crossover_rate': 0.9, 'mutation_rate': 0.1, 'survival_rate': 0.15, 'tournament_size': 5, 'mutation_iters': 3}",60,9,100,737.513214731707,2.3648953437805176,20000,727.1609345563712,1.423657361578631
GA,"{'population_size': 50, 'crossover_rate': 0.9, 'mutation_rate': 0.15, 'survival_rate': 0.05, 'tournament_size': 2, 'mutation_iters': 1}",61,1,20,124.24547231276736,0.5139844417572021,20000,123.34164199704334,0.7327860251330918
GA,"{'population_size': 50, 'crossover_rate': 0.9, 'mutation_rate': 0.15, 'survival_rate': 0.05, 'tournament_size': 2, 'mutation_iters': 1}",61,2,20,118.53485138476219,0.4784679412841797,20000,118.182620805516,0.2980392352491785
GA,"{'population_size': 50, 'crossover_rate': 0.9, 'mutation_rate': 0.15, 'survival_rate': 0.05, 'tournament_size': 2, 'mutation_iters': 1}",61,3,20,164.20457869409574,0.4671339988708496,20000,163.88828838251453,0.1929914057330275
GA,"{'population_size': 50, 'crossover_rate': 0.9, 'mutation_rate': 0.15, 'survival_rate': 0.05, 'tournament_size': 2, 'mutation_iters': 1}",61,4,50,316.04698962216736,1.6643965244293213,28300,315.1086406332271,0.2977858642830663
GA,"{'population_size': 50, 'crossover_rate': 0.9, 'mutation_rate': 0.15, 'survival_rate': 0.05, 'tournament_size': 2, 'mutation_iters': 1}",61,5,50,358.72524928850976,1.204756498336792,20250,356.7151767230881,0.5634951066245276
GA,"{'population_size': 50, 'crossover_rate': 0.9, 'mutation_rate': 0.15, 'survival_rate': 0.05, 'tournament_size': 2, 'mutation_iters': 1}",61,6,50,382.49718677229725,1.8472521305084229,29800,380.95278886744313,0.4054040159268957
GA,"{'population_size': 50, 'crossover_rate': 0.9, 'mutation_rate': 0.15, 'survival_rate': 0.05, 'tournament_size': 2, 'mutation_iters': 1}",61,7,100,759.6337860158935,5.922832250595093,48850,755.2922150926004,0.574820028134523
GA,"{'population_size': 50, 'crossover_rate': 0.9, 'mutation_rate': 0.15, 'survival_rate': 0.05, 'tournament_size': 2, 'mutation_iters': 1}",61,8,100,708.4789896841625,3.425752639770508,28750,704.7356821685974,0.531164748753218
GA,"{'population_size': 50, 'crossover_rate': 0.9, 'mutation_rate': 0.15, 'survival_rate': 0.05, 'tournament_size': 2, 'mutation_iters': 1}",61,9,100,730.194336915183,6.720499753952026,57650,727.1609345563712,0.41715694761056643
GA,"{'population_size': 50, 'crossover_rate': 0.9, 'mutation_rate': 0.15, 'survival_rate': 0.05, 'tournament_size': 2, 'mutation_iters': 3}",62,1,20,123.63074589151466,0.6519780158996582,25700,123.34164199704334,0.23439277261952995
GA,"{'population_size': 50, 'crossover_rate': 0.9, 'mutation_rate': 0.15, 'survival_rate': 0.05, 'tournament_size': 2, 'mutation_iters': 3}",62,2,20,119.07571997191387,0.4924790859222412,20000,118.182620805516,0.7556941623993757
GA,"{'population_size': 50, 'crossover_rate': 0.9, 'mutation_rate': 0.15, 'survival_rate': 0.05, 'tournament_size': 2, 'mutation_iters': 3}",62,3,20,165.4708444682324,0.48345327377319336,20000,163.88828838251453,0.9656309803078729
GA,"{'population_size': 50, 'crossover_rate': 0.9, 'mutation_rate': 0.15, 'survival_rate': 0.05, 'tournament_size': 2, 'mutation_iters': 3}",62,4,50,318.8941887296426,1.6907110214233398,28000,315.1086406332271,1.2013469668138215
GA,"{'population_size': 50, 'crossover_rate': 0.9, 'mutation_rate': 0.15, 'survival_rate': 0.05, 'tournament_size': 2, 'mutation_iters': 3}",62,5,50,360.6710705924125,1.259533166885376,20850,356.7151767230881,1.1089782906532353
GA,"{'population_size': 50, 'crossover_rate': 0.9, 'mutation_rate': 0.15, 'survival_rate': 0.05, 'tournament_size': 2, 'mutation_iters': 3}",62,6,50,382.33929563832663,1.9910333156585693,32100,380.95278886744313,0.36395763763943745
GA,"{'population_size': 50, 'crossover_rate': 0.9, 'mutation_rate': 0.15, 'survival_rate': 0.05, 'tournament_size': 2, 'mutation_iters': 3}",62,7,100,762.9279730199189,3.405916213989258,28700,755.2922150926004,1.0109673811985969
GA,"{'population_size': 50, 'crossover_rate': 0.9, 'mutation_rate': 0.15, 'survival_rate': 0.05, 'tournament_size': 2, 'mutation_iters': 3}",62,8,100,710.5583565699516,3.2554445266723633,27950,704.7356821685974,0.8262210284906837
GA,"{'population_size': 50, 'crossover_rate': 0.9, 'mutation_rate': 0.15, 'survival_rate': 0.05, 'tournament_size': 2, 'mutation_iters': 3}",62,9,100,733.6752345116296,3.8714213371276855,33800,727.1609345563712,0.8958539500245062
GA,"{'population_size': 50, 'crossover_rate': 0.9, 'mutation_rate': 0.15, 'survival_rate': 0.05, 'tournament_size': 5, 'mutation_iters': 1}",63,1,20,123.95796016909972,0.49834752082824707,20000,123.34164199704334,0.49968377433402034
GA,"{'population_size': 50, 'crossover_rate': 0.9, 'mutation_rate': 0.15, 'survival_rate': 0.05, 'tournament_size': 5, 'mutation_iters': 1}",63,2,20,119.03085549142432,0.48377442359924316,20000,118.182620805516,0.7177321674937281
GA,"{'population_size': 50, 'crossover_rate': 0.9, 'mutation_rate': 0.15, 'survival_rate': 0.05, 'tournament_size': 5, 'mutation_iters': 1}",63,3,20,164.95073261167587,0.46704888343811035,20000,163.88828838251453,0.6482734304245117
GA,"{'population_size': 50, 'crossover_rate': 0.9, 'mutation_rate': 0.15, 'survival_rate': 0.05, 'tournament_size': 5, 'mutation_iters': 1}",63,4,50,315.9995326819058,2.2153971195220947,37550,315.1086406332271,0.2827253631917008
GA,"{'population_size': 50, 'crossover_rate': 0.9, 'mutation_rate': 0.15, 'survival_rate': 0.05, 'tournament_size': 5, 'mutation_iters': 1}",63,5,50,357.7801040780638,2.324091911315918,38650,356.7151767230881,0.29853715918635126
GA,"{'population_size': 50, 'crossover_rate': 0.9, 'mutation_rate': 0.15, 'survival_rate': 0.05, 'tournament_size': 5, 'mutation_iters': 1}",63,6,50,382.66758275180246,1.2800517082214355,20250,380.95278886744313,0.45013291265233546
GA,"{'population_size': 50, 'crossover_rate': 0.9, 'mutation_rate': 0.15, 'survival_rate': 0.05, 'tournament_size': 5, 'mutation_iters': 1}",63,7,100,755.8295072209547,9.870229721069336,82550,755.2922150926004,0.07113698746232659
GA,"{'population_size': 50, 'crossover_rate': 0.9, 'mutation_rate': 0.15, 'survival_rate': 0.05, 'tournament_size': 5, 'mutation_iters': 1}",63,8,100,706.5075549358571,6.494182348251343,53450,704.7356821685974,0.25142373404556395
GA,"{'population_size': 50, 'crossover_rate': 0.9, 'mutation_rate': 0.15, 'survival_rate': 0.05, 'tournament_size': 5, 'mutation_iters': 1}",63,9,100,730.1820617155391,9.034888982772827,76100,727.1609345563712,0.41546884817334934
GA,"{'population_size': 50, 'crossover_rate': 0.9, 'mutation_rate': 0.15, 'survival_rate': 0.05, 'tournament_size': 5, 'mutation_iters': 3}",64,1,20,124.76448811996443,0.5281867980957031,20000,123.34164199704334,1.1535813046458339
GA,"{'population_size': 50, 'crossover_rate': 0.9, 'mutation_rate': 0.15, 'survival_rate': 0.05, 'tournament_size': 5, 'mutation_iters': 3}",64,2,20,119.4362604120146,0.4926948547363281,20000,118.182620805516,1.0607647706185388
GA,"{'population_size': 50, 'crossover_rate': 0.9, 'mutation_rate': 0.15, 'survival_rate': 0.05, 'tournament_size': 5, 'mutation_iters': 3}",64,3,20,166.10169317397492,0.48419952392578125,20000,163.88828838251453,1.3505570247303544
GA,"{'population_size': 50, 'crossover_rate': 0.9, 'mutation_rate': 0.15, 'survival_rate': 0.05, 'tournament_size': 5, 'mutation_iters': 3}",64,4,50,320.761108497128,1.3000750541687012,21400,315.1086406332271,1.7938155718427815
GA,"{'population_size': 50, 'crossover_rate': 0.9, 'mutation_rate': 0.15, 'survival_rate': 0.05, 'tournament_size': 5, 'mutation_iters': 3}",64,5,50,359.8634129561997,1.2361257076263428,20000,356.7151767230881,0.8825630190541297
GA,"{'population_size': 50, 'crossover_rate': 0.9, 'mutation_rate': 0.15, 'survival_rate': 0.05, 'tournament_size': 5, 'mutation_iters': 3}",64,6,50,386.83146135256317,1.2611346244812012,20000,380.95278886744313,1.5431498749745565
GA,"{'population_size': 50, 'crossover_rate': 0.9, 'mutation_rate': 0.15, 'survival_rate': 0.05, 'tournament_size': 5, 'mutation_iters': 3}",64,7,100,764.7747498644434,2.4358253479003906,20000,755.2922150926004,1.2554789500485488
GA,"{'population_size': 50, 'crossover_rate': 0.9, 'mutation_rate': 0.15, 'survival_rate': 0.05, 'tournament_size': 5, 'mutation_iters': 3}",64,8,100,714.0168065367475,2.4178853034973145,20000,704.7356821685974,1.3169652967748782
GA,"{'population_size': 50, 'crossover_rate': 0.9, 'mutation_rate': 0.15, 'survival_rate': 0.05, 'tournament_size': 5, 'mutation_iters': 3}",64,9,100,736.0988669332936,2.61501145362854,22250,727.1609345563712,1.2291546413140682
GA,"{'population_size': 50, 'crossover_rate': 0.9, 'mutation_rate': 0.15, 'survival_rate': 0.1, 'tournament_size': 2, 'mutation_iters': 1}",65,1,20,123.77075337766713,0.4924643039703369,20000,123.34164199704334,0.3479047089660772
GA,"{'population_size': 50, 'crossover_rate': 0.9, 'mutation_rate': 0.15, 'survival_rate': 0.1, 'tournament_size': 2, 'mutation_iters': 1}",65,2,20,119.25569553714143,0.4784078598022461,20000,118.182620805516,0.9079801448906059
GA,"{'population_size': 50, 'crossover_rate': 0.9, 'mutation_rate': 0.15, 'survival_rate': 0.1, 'tournament_size': 2, 'mutation_iters': 1}",65,3,20,164.9492834726866,0.4667692184448242,20000,163.88828838251453,0.6473892067843878
GA,"{'population_size': 50, 'crossover_rate': 0.9, 'mutation_rate': 0.15, 'survival_rate': 0.1, 'tournament_size': 2, 'mutation_iters': 1}",65,4,50,317.15503874131866,2.001673460006714,33900,315.1086406332271,0.6494262118548185
GA,"{'population_size': 50, 'crossover_rate': 0.9, 'mutation_rate': 0.15, 'survival_rate': 0.1, 'tournament_size': 2, 'mutation_iters': 1}",65,5,50,357.9156655391054,2.3765952587127686,38750,356.7151767230881,0.33653987672893915
GA,"{'population_size': 50, 'crossover_rate': 0.9, 'mutation_rate': 0.15, 'survival_rate': 0.1, 'tournament_size': 2, 'mutation_iters': 1}",65,6,50,381.6151503269586,2.701615333557129,41500,380.95278886744313,0.17386969694713078
GA,"{'population_size': 50, 'crossover_rate': 0.9, 'mutation_rate': 0.15, 'survival_rate': 0.1, 'tournament_size': 2, 'mutation_iters': 1}",65,7,100,758.3502480074868,4.213780641555786,34650,755.2922150926004,0.40488076717585636
GA,"{'population_size': 50, 'crossover_rate': 0.9, 'mutation_rate': 0.15, 'survival_rate': 0.1, 'tournament_size': 2, 'mutation_iters': 1}",65,8,100,706.491981345322,5.645640134811401,46600,704.7356821685974,0.2492138855975285
GA,"{'population_size': 50, 'crossover_rate': 0.9, 'mutation_rate': 0.15, 'survival_rate': 0.1, 'tournament_size': 2, 'mutation_iters': 1}",65,9,100,729.9610676261111,5.663311243057251,49100,727.1609345563712,0.38507748926971913
GA,"{'population_size': 50, 'crossover_rate': 0.9, 'mutation_rate': 0.15, 'survival_rate': 0.1, 'tournament_size': 2, 'mutation_iters': 3}",66,1,20,124.19548945613721,0.5048606395721436,20000,123.34164199704334,0.6922621146184663
GA,"{'population_size': 50, 'crossover_rate': 0.9, 'mutation_rate': 0.15, 'survival_rate': 0.1, 'tournament_size': 2, 'mutation_iters': 3}",66,2,20,118.87410108203996,0.48672914505004883,20000,118.182620805516,0.5850947218896736
GA,"{'population_size': 50, 'crossover_rate': 0.9, 'mutation_rate': 0.15, 'survival_rate': 0.1, 'tournament_size': 2, 'mutation_iters': 3}",66,3,20,164.75838083230525,0.6699235439300537,26950,163.88828838251453,0.5309058129644543
GA,"{'population_size': 50, 'crossover_rate': 0.9, 'mutation_rate': 0.15, 'survival_rate': 0.1, 'tournament_size': 2, 'mutation_iters': 3}",66,4,50,318.9012885841076,1.231863260269165,20000,315.1086406332271,1.2036001117770003
GA,"{'population_size': 50, 'crossover_rate': 0.9, 'mutation_rate': 0.15, 'survival_rate': 0.1, 'tournament_size': 2, 'mutation_iters': 3}",66,5,50,360.1363427792463,2.4739882946014404,39900,356.7151767230881,0.9590749929919555
GA,"{'population_size': 50, 'crossover_rate': 0.9, 'mutation_rate': 0.15, 'survival_rate': 0.1, 'tournament_size': 2, 'mutation_iters': 3}",66,6,50,384.68502408659845,1.5440776348114014,24250,380.95278886744313,0.9797106959765526
GA,"{'population_size': 50, 'crossover_rate': 0.9, 'mutation_rate': 0.15, 'survival_rate': 0.1, 'tournament_size': 2, 'mutation_iters': 3}",66,7,100,761.3667560892388,2.4150097370147705,20000,755.2922150926004,0.8042636843402007
GA,"{'population_size': 50, 'crossover_rate': 0.9, 'mutation_rate': 0.15, 'survival_rate': 0.1, 'tournament_size': 2, 'mutation_iters': 3}",66,8,100,711.2677643063251,3.369175672531128,27650,704.7356821685974,0.9268839797677644
GA,"{'population_size': 50, 'crossover_rate': 0.9, 'mutation_rate': 0.15, 'survival_rate': 0.1, 'tournament_size': 2, 'mutation_iters': 3}",66,9,100,732.698943125027,3.843869209289551,31600,727.1609345563712,0.7615932464846179
GA,"{'population_size': 50, 'crossover_rate': 0.9, 'mutation_rate': 0.15, 'survival_rate': 0.1, 'tournament_size': 5, 'mutation_iters': 1}",67,1,20,124.01959838134313,0.5148770809173584,20000,123.34164199704334,0.5496573365838942
GA,"{'population_size': 50, 'crossover_rate': 0.9, 'mutation_rate': 0.15, 'survival_rate': 0.1, 'tournament_size': 5, 'mutation_iters': 1}",67,2,20,119.37139508785918,0.4838993549346924,20000,118.182620805516,1.0058790998546758
GA,"{'population_size': 50, 'crossover_rate': 0.9, 'mutation_rate': 0.15, 'survival_rate': 0.1, 'tournament_size': 5, 'mutation_iters': 1}",67,3,20,165.12504906249427,0.48229265213012695,20000,163.88828838251453,0.754636400310158
GA,"{'population_size': 50, 'crossover_rate': 0.9, 'mutation_rate': 0.15, 'survival_rate': 0.1, 'tournament_size': 5, 'mutation_iters': 1}",67,4,50,316.6098558690148,1.5662825107574463,26400,315.1086406332271,0.476411955181847
GA,"{'population_size': 50, 'crossover_rate': 0.9, 'mutation_rate': 0.15, 'survival_rate': 0.1, 'tournament_size': 5, 'mutation_iters': 1}",67,5,50,358.7922400960645,1.2206411361694336,20000,356.7151767230881,0.5822750217854582
GA,"{'population_size': 50, 'crossover_rate': 0.9, 'mutation_rate': 0.15, 'survival_rate': 0.1, 'tournament_size': 5, 'mutation_iters': 1}",67,6,50,383.7185781315195,1.426382303237915,22100,380.95278886744313,0.7260189044156763
GA,"{'population_size': 50, 'crossover_rate': 0.9, 'mutation_rate': 0.15, 'survival_rate': 0.1, 'tournament_size': 5, 'mutation_iters': 1}",67,7,100,756.7274279711556,8.84734845161438,70750,755.2922150926004,0.19002087534813294
GA,"{'population_size': 50, 'crossover_rate': 0.9, 'mutation_rate': 0.15, 'survival_rate': 0.1, 'tournament_size': 5, 'mutation_iters': 1}",67,8,100,707.1786532369949,5.310843467712402,42800,704.7356821685974,0.3466506848184734
GA,"{'population_size': 50, 'crossover_rate': 0.9, 'mutation_rate': 0.15, 'survival_rate': 0.1, 'tournament_size': 5, 'mutation_iters': 1}",67,9,100,729.9057683608911,5.5038628578186035,47800,727.1609345563712,0.3774726713274913
GA,"{'population_size': 50, 'crossover_rate': 0.9, 'mutation_rate': 0.15, 'survival_rate': 0.1, 'tournament_size': 5, 'mutation_iters': 3}",68,1,20,125.13335484355895,0.5116653442382812,20000,123.34164199704334,1.452642284881012
GA,"{'population_size': 50, 'crossover_rate': 0.9, 'mutation_rate': 0.15, 'survival_rate': 0.1, 'tournament_size': 5, 'mutation_iters': 3}",68,2,20,120.22702913868305,0.5018045902252197,20000,118.182620805516,1.7298722259099164
GA,"{'population_size': 50, 'crossover_rate': 0.9, 'mutation_rate': 0.15, 'survival_rate': 0.1, 'tournament_size': 5, 'mutation_iters': 3}",68,3,20,165.6702562941678,0.4786546230316162,20000,163.88828838251453,1.0873064385749012
GA,"{'population_size': 50, 'crossover_rate': 0.9, 'mutation_rate': 0.15, 'survival_rate': 0.1, 'tournament_size': 5, 'mutation_iters': 3}",68,4,50,320.77463834380626,1.1903257369995117,20000,315.1086406332271,1.7981092804034384
GA,"{'population_size': 50, 'crossover_rate': 0.9, 'mutation_rate': 0.15, 'survival_rate': 0.1, 'tournament_size': 5, 'mutation_iters': 3}",68,5,50,361.25406663480464,1.2283179759979248,20000,356.7151767230881,1.272412896309143
GA,"{'population_size': 50, 'crossover_rate': 0.9, 'mutation_rate': 0.15, 'survival_rate': 0.1, 'tournament_size': 5, 'mutation_iters': 3}",68,6,50,383.6734707195379,1.5260872840881348,23450,380.95278886744313,0.7141782214492292
GA,"{'population_size': 50, 'crossover_rate': 0.9, 'mutation_rate': 0.15, 'survival_rate': 0.1, 'tournament_size': 5, 'mutation_iters': 3}",68,7,100,764.7381133820192,2.779862403869629,22950,755.2922150926004,1.2506283132099663
GA,"{'population_size': 50, 'crossover_rate': 0.9, 'mutation_rate': 0.15, 'survival_rate': 0.1, 'tournament_size': 5, 'mutation_iters': 3}",68,8,100,714.8191365483289,2.3573482036590576,20000,704.7356821685974,1.4308136560792437
GA,"{'population_size': 50, 'crossover_rate': 0.9, 'mutation_rate': 0.15, 'survival_rate': 0.1, 'tournament_size': 5, 'mutation_iters': 3}",68,9,100,736.0299446940211,2.742663621902466,23650,727.1609345563712,1.2196763764627567
GA,"{'population_size': 50, 'crossover_rate': 0.9, 'mutation_rate': 0.15, 'survival_rate': 0.15, 'tournament_size': 2, 'mutation_iters': 1}",69,1,20,123.81011585637441,0.5032737255096436,20000,123.34164199704334,0.3798180823166759
GA,"{'population_size': 50, 'crossover_rate': 0.9, 'mutation_rate': 0.15, 'survival_rate': 0.15, 'tournament_size': 2, 'mutation_iters': 1}",69,2,20,120.50952971855358,0.5830636024475098,25300,118.182620805516,1.9689095547024624
GA,"{'population_size': 50, 'crossover_rate': 0.9, 'mutation_rate': 0.15, 'survival_rate': 0.15, 'tournament_size': 2, 'mutation_iters': 1}",69,3,20,165.38463395087336,0.4579451084136963,20000,163.88828838251453,0.9130277600229553
GA,"{'population_size': 50, 'crossover_rate': 0.9, 'mutation_rate': 0.15, 'survival_rate': 0.15, 'tournament_size': 2, 'mutation_iters': 1}",69,4,50,316.86753045496147,2.651232957839966,46350,315.1086406332271,0.5581852081871844
GA,"{'population_size': 50, 'crossover_rate': 0.9, 'mutation_rate': 0.15, 'survival_rate': 0.15, 'tournament_size': 2, 'mutation_iters': 1}",69,5,50,357.2690463479014,3.062483072280884,50900,356.7151767230881,0.1552694308947873
GA,"{'population_size': 50, 'crossover_rate': 0.9, 'mutation_rate': 0.15, 'survival_rate': 0.15, 'tournament_size': 2, 'mutation_iters': 1}",69,6,50,382.6380314112117,2.5578205585479736,40650,380.95278886744313,0.4423756940535208
GA,"{'population_size': 50, 'crossover_rate': 0.9, 'mutation_rate': 0.15, 'survival_rate': 0.15, 'tournament_size': 2, 'mutation_iters': 1}",69,7,100,757.3643314075504,9.15014386177063,74750,755.2922150926004,0.2743463090899128
GA,"{'population_size': 50, 'crossover_rate': 0.9, 'mutation_rate': 0.15, 'survival_rate': 0.15, 'tournament_size': 2, 'mutation_iters': 1}",69,8,100,708.4355257133346,3.748338460922241,30850,704.7356821685974,0.5249973342278076
GA,"{'population_size': 50, 'crossover_rate': 0.9, 'mutation_rate': 0.15, 'survival_rate': 0.15, 'tournament_size': 2, 'mutation_iters': 1}",69,9,100,730.7997384178457,5.100190877914429,44500,727.1609345563712,0.5004124518452618
GA,"{'population_size': 50, 'crossover_rate': 0.9, 'mutation_rate': 0.15, 'survival_rate': 0.15, 'tournament_size': 2, 'mutation_iters': 3}",70,1,20,123.91991847840337,0.6670873165130615,25700,123.34164199704334,0.4688412380418101
GA,"{'population_size': 50, 'crossover_rate': 0.9, 'mutation_rate': 0.15, 'survival_rate': 0.15, 'tournament_size': 2, 'mutation_iters': 3}",70,2,20,118.99799915456015,0.4869270324707031,20000,118.182620805516,0.6899308404963855
GA,"{'population_size': 50, 'crossover_rate': 0.9, 'mutation_rate': 0.15, 'survival_rate': 0.15, 'tournament_size': 2, 'mutation_iters': 3}",70,3,20,165.22996744372506,0.5258586406707764,21900,163.88828838251453,0.8186546302070435
GA,"{'population_size': 50, 'crossover_rate': 0.9, 'mutation_rate': 0.15, 'survival_rate': 0.15, 'tournament_size': 2, 'mutation_iters': 3}",70,4,50,318.93759374398707,1.1826612949371338,20000,315.1086406332271,1.2151215857062834
GA,"{'population_size': 50, 'crossover_rate': 0.9, 'mutation_rate': 0.15, 'survival_rate': 0.15, 'tournament_size': 2, 'mutation_iters': 3}",70,5,50,360.819672332217,1.7053825855255127,28100,356.7151767230881,1.1506366639160799
GA,"{'population_size': 50, 'crossover_rate': 0.9, 'mutation_rate': 0.15, 'survival_rate': 0.15, 'tournament_size': 2, 'mutation_iters': 3}",70,6,50,383.62917356237404,1.4198997020721436,21750,380.95278886744313,0.7025502301447073
GA,"{'population_size': 50, 'crossover_rate': 0.9, 'mutation_rate': 0.15, 'survival_rate': 0.15, 'tournament_size': 2, 'mutation_iters': 3}",70,7,100,762.8856802131404,3.31760311126709,27700,755.2922150926004,1.0053678521774592
GA,"{'population_size': 50, 'crossover_rate': 0.9, 'mutation_rate': 0.15, 'survival_rate': 0.15, 'tournament_size': 2, 'mutation_iters': 3}",70,8,100,710.1868153856125,4.8915791511535645,40550,704.7356821685974,0.7735003853134012
GA,"{'population_size': 50, 'crossover_rate': 0.9, 'mutation_rate': 0.15, 'survival_rate': 0.15, 'tournament_size': 2, 'mutation_iters': 3}",70,9,100,733.7997301940131,5.007168292999268,43600,727.1609345563712,0.9129747380739229
GA,"{'population_size': 50, 'crossover_rate': 0.9, 'mutation_rate': 0.15, 'survival_rate': 0.15, 'tournament_size': 5, 'mutation_iters': 1}",71,1,20,123.89258979847118,0.5096511840820312,20000,123.34164199704334,0.4466843415632861
GA,"{'population_size': 50, 'crossover_rate': 0.9, 'mutation_rate': 0.15, 'survival_rate': 0.15, 'tournament_size': 5, 'mutation_iters': 1}",71,2,20,120.14625672726706,0.4712705612182617,20000,118.182620805516,1.661526803490394
GA,"{'population_size': 50, 'crossover_rate': 0.9, 'mutation_rate': 0.15, 'survival_rate': 0.15, 'tournament_size': 5, 'mutation_iters': 1}",71,3,20,165.16721420552665,0.4769620895385742,20000,163.88828838251453,0.7803643784643776
GA,"{'population_size': 50, 'crossover_rate': 0.9, 'mutation_rate': 0.15, 'survival_rate': 0.15, 'tournament_size': 5, 'mutation_iters': 1}",71,4,50,318.8348448804294,1.7049834728240967,30050,315.1086406332271,1.1825141448721634
GA,"{'population_size': 50, 'crossover_rate': 0.9, 'mutation_rate': 0.15, 'survival_rate': 0.15, 'tournament_size': 5, 'mutation_iters': 1}",71,5,50,357.98509025560116,2.5180649757385254,41750,356.7151767230881,0.35600210346498834
GA,"{'population_size': 50, 'crossover_rate': 0.9, 'mutation_rate': 0.15, 'survival_rate': 0.15, 'tournament_size': 5, 'mutation_iters': 1}",71,6,50,383.0727130194998,1.5652837753295898,24900,380.95278886744313,0.5564794940494149
GA,"{'population_size': 50, 'crossover_rate': 0.9, 'mutation_rate': 0.15, 'survival_rate': 0.15, 'tournament_size': 5, 'mutation_iters': 1}",71,7,100,759.3878645755495,2.956319808959961,24850,755.2922150926004,0.5422602538604261
GA,"{'population_size': 50, 'crossover_rate': 0.9, 'mutation_rate': 0.15, 'survival_rate': 0.15, 'tournament_size': 5, 'mutation_iters': 1}",71,8,100,708.7755605347396,5.132775545120239,43950,704.7356821685974,0.5732473136184668
GA,"{'population_size': 50, 'crossover_rate': 0.9, 'mutation_rate': 0.15, 'survival_rate': 0.15, 'tournament_size': 5, 'mutation_iters': 1}",71,9,100,730.7916926916957,6.726191759109497,58750,727.1609345563712,0.49930599442056
GA,"{'population_size': 50, 'crossover_rate': 0.9, 'mutation_rate': 0.15, 'survival_rate': 0.15, 'tournament_size': 5, 'mutation_iters': 3}",72,1,20,124.79325840610204,0.5762760639190674,22850,123.34164199704334,1.1769069922820536
GA,"{'population_size': 50, 'crossover_rate': 0.9, 'mutation_rate': 0.15, 'survival_rate': 0.15, 'tournament_size': 5, 'mutation_iters': 3}",72,2,20,120.47013013959486,0.4802408218383789,20000,118.182620805516,1.935571675841611
GA,"{'population_size': 50, 'crossover_rate': 0.9, 'mutation_rate': 0.15, 'survival_rate': 0.15, 'tournament_size': 5, 'mutation_iters': 3}",72,3,20,164.97613578857963,0.48244309425354004,20000,163.88828838251453,0.663773730753758
GA,"{'population_size': 50, 'crossover_rate': 0.9, 'mutation_rate': 0.15, 'survival_rate': 0.15, 'tournament_size': 5, 'mutation_iters': 3}",72,4,50,321.3242895343551,1.1755163669586182,20000,315.1086406332271,1.9725415617411675
GA,"{'population_size': 50, 'crossover_rate': 0.9, 'mutation_rate': 0.15, 'survival_rate': 0.15, 'tournament_size': 5, 'mutation_iters': 3}",72,5,50,361.36460314308664,1.1868319511413574,20000,356.7151767230881,1.3034002261159159
GA,"{'population_size': 50, 'crossover_rate': 0.9, 'mutation_rate': 0.15, 'survival_rate': 0.15, 'tournament_size': 5, 'mutation_iters': 3}",72,6,50,385.6887115807565,1.4367282390594482,22850,380.95278886744313,1.2431783810778914
GA,"{'population_size': 50, 'crossover_rate': 0.9, 'mutation_rate': 0.15, 'survival_rate': 0.15, 'tournament_size': 5, 'mutation_iters': 3}",72,7,100,763.1217703285655,2.4611823558807373,20250,755.2922150926004,1.0366259680043453
GA,"{'population_size': 50, 'crossover_rate': 0.9, 'mutation_rate': 0.15, 'survival_rate': 0.15, 'tournament_size': 5, 'mutation_iters': 3}",72,8,100,713.4618441310712,2.4330010414123535,20000,704.7356821685974,1.23821770108502
GA,"{'population_size': 50, 'crossover_rate': 0.9, 'mutation_rate': 0.15, 'survival_rate': 0.15, 'tournament_size': 5, 'mutation_iters': 3}",72,9,100,736.9459095053213,2.3068721294403076,20000,727.1609345563712,1.345640900651483
GA,"{'population_size': 100, 'crossover_rate': 0.75, 'mutation_rate': 0.05, 'survival_rate': 0.05, 'tournament_size': 2, 'mutation_iters': 1}",73,1,20,123.88583426106531,0.5149190425872803,20800,123.34164199704334,0.44120724778012765
GA,"{'population_size': 100, 'crossover_rate': 0.75, 'mutation_rate': 0.05, 'survival_rate': 0.05, 'tournament_size': 2, 'mutation_iters': 1}",73,2,20,118.79524182912407,0.4971144199371338,20000,118.182620805516,0.5183681148992405
GA,"{'population_size': 100, 'crossover_rate': 0.75, 'mutation_rate': 0.05, 'survival_rate': 0.05, 'tournament_size': 2, 'mutation_iters': 1}",73,3,20,164.28689833797515,0.6590039730072021,28000,163.88828838251453,0.2432205250263279
GA,"{'population_size': 100, 'crossover_rate': 0.75, 'mutation_rate': 0.05, 'survival_rate': 0.05, 'tournament_size': 2, 'mutation_iters': 1}",73,4,50,315.9480709100785,4.746118783950806,82400,315.1086406332271,0.26639392533462497
GA,"{'population_size': 100, 'crossover_rate': 0.75, 'mutation_rate': 0.05, 'survival_rate': 0.05, 'tournament_size': 2, 'mutation_iters': 1}",73,5,50,359.8025841004183,2.4561784267425537,40100,356.7151767230881,0.8655105189782497
GA,"{'population_size': 100, 'crossover_rate': 0.75, 'mutation_rate': 0.05, 'survival_rate': 0.05, 'tournament_size': 2, 'mutation_iters': 1}",73,6,50,381.8021436688421,4.355440616607666,69400,380.95278886744313,0.2229553966317151
GA,"{'population_size': 100, 'crossover_rate': 0.75, 'mutation_rate': 0.05, 'survival_rate': 0.05, 'tournament_size': 2, 'mutation_iters': 1}",73,7,100,759.3601237226121,14.909862756729126,124300,755.2922150926004,0.5385873902477611
GA,"{'population_size': 100, 'crossover_rate': 0.75, 'mutation_rate': 0.05, 'survival_rate': 0.05, 'tournament_size': 2, 'mutation_iters': 1}",73,8,100,709.2992427702319,8.25560450553894,69300,704.7356821685974,0.6475563416331722
GA,"{'population_size': 100, 'crossover_rate': 0.75, 'mutation_rate': 0.05, 'survival_rate': 0.05, 'tournament_size': 2, 'mutation_iters': 1}",73,9,100,732.2861830667982,6.518786191940308,55900,727.1609345563712,0.7048300131186012
GA,"{'population_size': 100, 'crossover_rate': 0.75, 'mutation_rate': 0.05, 'survival_rate': 0.05, 'tournament_size': 2, 'mutation_iters': 3}",74,1,20,124.45580797857708,0.48726868629455566,20000,123.34164199704334,0.9033169686199352
GA,"{'population_size': 100, 'crossover_rate': 0.75, 'mutation_rate': 0.05, 'survival_rate': 0.05, 'tournament_size': 2, 'mutation_iters': 3}",74,2,20,120.45856574987747,0.4615499973297119,20000,118.182620805516,1.9257864894592382
GA,"{'population_size': 100, 'crossover_rate': 0.75, 'mutation_rate': 0.05, 'survival_rate': 0.05, 'tournament_size': 2, 'mutation_iters': 3}",74,3,20,165.99614376702124,0.4783821105957031,21100,163.88828838251453,1.2861537607781839
GA,"{'population_size': 100, 'crossover_rate': 0.75, 'mutation_rate': 0.05, 'survival_rate': 0.05, 'tournament_size': 2, 'mutation_iters': 3}",74,4,50,321.12770056126317,1.3471760749816895,22800,315.1086406332271,1.910153880877552
GA,"{'population_size': 100, 'crossover_rate': 0.75, 'mutation_rate': 0.05, 'survival_rate': 0.05, 'tournament_size': 2, 'mutation_iters': 3}",74,5,50,360.1312343135116,3.346362352371216,55000,356.7151767230881,0.9576429076566289
GA,"{'population_size': 100, 'crossover_rate': 0.75, 'mutation_rate': 0.05, 'survival_rate': 0.05, 'tournament_size': 2, 'mutation_iters': 3}",74,6,50,385.20038061347896,1.280900478363037,20000,380.95278886744313,1.1149916394269583
GA,"{'population_size': 100, 'crossover_rate': 0.75, 'mutation_rate': 0.05, 'survival_rate': 0.05, 'tournament_size': 2, 'mutation_iters': 3}",74,7,100,764.1227720766185,2.464616537094116,20800,755.2922150926004,1.169157685934243
GA,"{'population_size': 100, 'crossover_rate': 0.75, 'mutation_rate': 0.05, 'survival_rate': 0.05, 'tournament_size': 2, 'mutation_iters': 3}",74,8,100,712.4539981068382,2.4606785774230957,21200,704.7356821685974,1.0952072008742626
GA,"{'population_size': 100, 'crossover_rate': 0.75, 'mutation_rate': 0.05, 'survival_rate': 0.05, 'tournament_size': 2, 'mutation_iters': 3}",74,9,100,736.7413973792258,2.238577127456665,20000,727.1609345563712,1.3175161601192757
GA,"{'population_size': 100, 'crossover_rate': 0.75, 'mutation_rate': 0.05, 'survival_rate': 0.05, 'tournament_size': 5, 'mutation_iters': 1}",75,1,20,124.44648675472604,0.48868465423583984,20000,123.34164199704334,0.8957597286642116
GA,"{'population_size': 100, 'crossover_rate': 0.75, 'mutation_rate': 0.05, 'survival_rate': 0.05, 'tournament_size': 5, 'mutation_iters': 1}",75,2,20,119.12878494017025,0.6039960384368896,25600,118.182620805516,0.8005949844446948
GA,"{'population_size': 100, 'crossover_rate': 0.75, 'mutation_rate': 0.05, 'survival_rate': 0.05, 'tournament_size': 5, 'mutation_iters': 1}",75,3,20,165.81600370457284,0.47258496284484863,20500,163.88828838251453,1.1762373877253667
GA,"{'population_size': 100, 'crossover_rate': 0.75, 'mutation_rate': 0.05, 'survival_rate': 0.05, 'tournament_size': 5, 'mutation_iters': 1}",75,4,50,315.7628958287722,4.362267255783081,75000,315.1086406332271,0.20762845291399526
GA,"{'population_size': 100, 'crossover_rate': 0.75, 'mutation_rate': 0.05, 'survival_rate': 0.05, 'tournament_size': 5, 'mutation_iters': 1}",75,5,50,357.92069394347334,3.3456811904907227,55800,356.7151767230881,0.3379495180046798
GA,"{'population_size': 100, 'crossover_rate': 0.75, 'mutation_rate': 0.05, 'survival_rate': 0.05, 'tournament_size': 5, 'mutation_iters': 1}",75,6,50,383.8692285160355,4.090749740600586,66000,380.95278886744313,0.7655645880065122
GA,"{'population_size': 100, 'crossover_rate': 0.75, 'mutation_rate': 0.05, 'survival_rate': 0.05, 'tournament_size': 5, 'mutation_iters': 1}",75,7,100,759.3829969037312,10.76828908920288,90300,755.2922150926004,0.5416157785539015
GA,"{'population_size': 100, 'crossover_rate': 0.75, 'mutation_rate': 0.05, 'survival_rate': 0.05, 'tournament_size': 5, 'mutation_iters': 1}",75,8,100,708.1925476392009,11.506721496582031,99000,704.7356821685974,0.4905194327561501
GA,"{'population_size': 100, 'crossover_rate': 0.75, 'mutation_rate': 0.05, 'survival_rate': 0.05, 'tournament_size': 5, 'mutation_iters': 1}",75,9,100,729.2523083368794,20.041061639785767,175900,727.1609345563712,0.28760810449534374
GA,"{'population_size': 100, 'crossover_rate': 0.75, 'mutation_rate': 0.05, 'survival_rate': 0.05, 'tournament_size': 5, 'mutation_iters': 3}",76,1,20,124.35392730824876,0.5094709396362305,20000,123.34164199704334,0.8207165842900673
GA,"{'population_size': 100, 'crossover_rate': 0.75, 'mutation_rate': 0.05, 'survival_rate': 0.05, 'tournament_size': 5, 'mutation_iters': 3}",76,2,20,122.24753340527833,0.46025991439819336,20000,118.182620805516,3.439518071317482
GA,"{'population_size': 100, 'crossover_rate': 0.75, 'mutation_rate': 0.05, 'survival_rate': 0.05, 'tournament_size': 5, 'mutation_iters': 3}",76,3,20,165.5952685040093,0.6464250087738037,28000,163.88828838251453,1.0415510091304976
GA,"{'population_size': 100, 'crossover_rate': 0.75, 'mutation_rate': 0.05, 'survival_rate': 0.05, 'tournament_size': 5, 'mutation_iters': 3}",76,4,50,319.1539002617498,1.4614980220794678,24900,315.1086406332271,1.2837666464472604
GA,"{'population_size': 100, 'crossover_rate': 0.75, 'mutation_rate': 0.05, 'survival_rate': 0.05, 'tournament_size': 5, 'mutation_iters': 3}",76,5,50,362.08688578739225,1.1782341003417969,20000,356.7151767230881,1.5058818393011895
GA,"{'population_size': 100, 'crossover_rate': 0.75, 'mutation_rate': 0.05, 'survival_rate': 0.05, 'tournament_size': 5, 'mutation_iters': 3}",76,6,50,384.7912523484103,1.6100647449493408,26000,380.95278886744313,1.0075955848436644
GA,"{'population_size': 100, 'crossover_rate': 0.75, 'mutation_rate': 0.05, 'survival_rate': 0.05, 'tournament_size': 5, 'mutation_iters': 3}",76,7,100,764.9475696802805,3.748311996459961,31900,755.2922150926004,1.278360135950341
GA,"{'population_size': 100, 'crossover_rate': 0.75, 'mutation_rate': 0.05, 'survival_rate': 0.05, 'tournament_size': 5, 'mutation_iters': 3}",76,8,100,714.2378321583464,2.999063730239868,25900,704.7356821685974,1.3483282073229483
GA,"{'population_size': 100, 'crossover_rate': 0.75, 'mutation_rate': 0.05, 'survival_rate': 0.05, 'tournament_size': 5, 'mutation_iters': 3}",76,9,100,738.1980395318566,4.589919090270996,40800,727.1609345563712,1.5178352481516237
GA,"{'population_size': 100, 'crossover_rate': 0.75, 'mutation_rate': 0.05, 'survival_rate': 0.1, 'tournament_size': 2, 'mutation_iters': 1}",77,1,20,124.04555031336436,0.4840884208679199,20000,123.34164199704334,0.5706980261685611
GA,"{'population_size': 100, 'crossover_rate': 0.75, 'mutation_rate': 0.05, 'survival_rate': 0.1, 'tournament_size': 2, 'mutation_iters': 1}",77,2,20,119.00693400729531,0.4654049873352051,20000,118.182620805516,0.6974910491584267
GA,"{'population_size': 100, 'crossover_rate': 0.75, 'mutation_rate': 0.05, 'survival_rate': 0.1, 'tournament_size': 2, 'mutation_iters': 1}",77,3,20,164.81600445366976,0.560624361038208,24400,163.88828838251453,0.5660661175434001
GA,"{'population_size': 100, 'crossover_rate': 0.75, 'mutation_rate': 0.05, 'survival_rate': 0.1, 'tournament_size': 2, 'mutation_iters': 1}",77,4,50,318.5268630869345,3.0725290775299072,52600,315.1086406332271,1.0847758559836127
GA,"{'population_size': 100, 'crossover_rate': 0.75, 'mutation_rate': 0.05, 'survival_rate': 0.1, 'tournament_size': 2, 'mutation_iters': 1}",77,5,50,357.82010387795395,2.2776777744293213,38900,356.7151767230881,0.3097505312266458
GA,"{'population_size': 100, 'crossover_rate': 0.75, 'mutation_rate': 0.05, 'survival_rate': 0.1, 'tournament_size': 2, 'mutation_iters': 1}",77,6,50,382.80483828760515,3.3044769763946533,53400,380.95278886744313,0.48616245222093907
GA,"{'population_size': 100, 'crossover_rate': 0.75, 'mutation_rate': 0.05, 'survival_rate': 0.1, 'tournament_size': 2, 'mutation_iters': 1}",77,7,100,758.3386707768616,8.773539066314697,72100,755.2922150926004,0.403347952406436
GA,"{'population_size': 100, 'crossover_rate': 0.75, 'mutation_rate': 0.05, 'survival_rate': 0.1, 'tournament_size': 2, 'mutation_iters': 1}",77,8,100,707.4892674632997,12.964203596115112,108100,704.7356821685974,0.39072596497868367
GA,"{'population_size': 100, 'crossover_rate': 0.75, 'mutation_rate': 0.05, 'survival_rate': 0.1, 'tournament_size': 2, 'mutation_iters': 1}",77,9,100,730.051193114753,11.346852540969849,98300,727.1609345563712,0.397471649126075
GA,"{'population_size': 100, 'crossover_rate': 0.75, 'mutation_rate': 0.05, 'survival_rate': 0.1, 'tournament_size': 2, 'mutation_iters': 3}",78,1,20,123.81168954385835,0.49918174743652344,20000,123.34164199704334,0.38109395918880173
GA,"{'population_size': 100, 'crossover_rate': 0.75, 'mutation_rate': 0.05, 'survival_rate': 0.1, 'tournament_size': 2, 'mutation_iters': 3}",78,2,20,119.38144630074206,0.47176456451416016,20000,118.182620805516,1.014383914534164
GA,"{'population_size': 100, 'crossover_rate': 0.75, 'mutation_rate': 0.05, 'survival_rate': 0.1, 'tournament_size': 2, 'mutation_iters': 3}",78,3,20,165.61062698807726,0.461428165435791,20000,163.88828838251453,1.0509223218823271
GA,"{'population_size': 100, 'crossover_rate': 0.75, 'mutation_rate': 0.05, 'survival_rate': 0.1, 'tournament_size': 2, 'mutation_iters': 3}",78,4,50,319.75680562831064,1.3051567077636719,22700,315.1086406332271,1.4750991866623633
GA,"{'population_size': 100, 'crossover_rate': 0.75, 'mutation_rate': 0.05, 'survival_rate': 0.1, 'tournament_size': 2, 'mutation_iters': 3}",78,5,50,363.81212414197574,1.214704990386963,20700,356.7151767230881,1.9895277470621502
GA,"{'population_size': 100, 'crossover_rate': 0.75, 'mutation_rate': 0.05, 'survival_rate': 0.1, 'tournament_size': 2, 'mutation_iters': 3}",78,6,50,384.3918596235784,2.239531993865967,36100,380.95278886744313,0.9027551068360676
GA,"{'population_size': 100, 'crossover_rate': 0.75, 'mutation_rate': 0.05, 'survival_rate': 0.1, 'tournament_size': 2, 'mutation_iters': 3}",78,7,100,763.8647421151303,2.5345542430877686,21600,755.2922150926004,1.1349947545108638
GA,"{'population_size': 100, 'crossover_rate': 0.75, 'mutation_rate': 0.05, 'survival_rate': 0.1, 'tournament_size': 2, 'mutation_iters': 3}",78,8,100,713.2662172423596,3.745021104812622,32000,704.7356821685974,1.2104587988949704
GA,"{'population_size': 100, 'crossover_rate': 0.75, 'mutation_rate': 0.05, 'survival_rate': 0.1, 'tournament_size': 2, 'mutation_iters': 3}",78,9,100,735.3076172873045,2.28855562210083,20000,727.1609345563712,1.120341088716967
GA,"{'population_size': 100, 'crossover_rate': 0.75, 'mutation_rate': 0.05, 'survival_rate': 0.1, 'tournament_size': 5, 'mutation_iters': 1}",79,1,20,123.80658459375162,0.5088684558868408,20000,123.34164199704334,0.37695508927911686
GA,"{'population_size': 100, 'crossover_rate': 0.75, 'mutation_rate': 0.05, 'survival_rate': 0.1, 'tournament_size': 5, 'mutation_iters': 1}",79,2,20,119.71449010001588,0.4759035110473633,20000,118.182620805516,1.2961882923723305
GA,"{'population_size': 100, 'crossover_rate': 0.75, 'mutation_rate': 0.05, 'survival_rate': 0.1, 'tournament_size': 5, 'mutation_iters': 1}",79,3,20,164.83240563625884,0.4771294593811035,20000,163.88828838251453,0.5760736554528803
GA,"{'population_size': 100, 'crossover_rate': 0.75, 'mutation_rate': 0.05, 'survival_rate': 0.1, 'tournament_size': 5, 'mutation_iters': 1}",79,4,50,316.4530322185539,2.750161647796631,47100,315.1086406332271,0.42664383389335436
GA,"{'population_size': 100, 'crossover_rate': 0.75, 'mutation_rate': 0.05, 'survival_rate': 0.1, 'tournament_size': 5, 'mutation_iters': 1}",79,5,50,358.89795270411537,2.959550380706787,49400,356.7151767230881,0.6119100401275329
GA,"{'population_size': 100, 'crossover_rate': 0.75, 'mutation_rate': 0.05, 'survival_rate': 0.1, 'tournament_size': 5, 'mutation_iters': 1}",79,6,50,383.44937075826084,2.4438397884368896,38900,380.95278886744313,0.6553520446037272
GA,"{'population_size': 100, 'crossover_rate': 0.75, 'mutation_rate': 0.05, 'survival_rate': 0.1, 'tournament_size': 5, 'mutation_iters': 1}",79,7,100,757.4918494372012,13.857171058654785,116200,755.2922150926004,0.29122957984296205
GA,"{'population_size': 100, 'crossover_rate': 0.75, 'mutation_rate': 0.05, 'survival_rate': 0.1, 'tournament_size': 5, 'mutation_iters': 1}",79,8,100,707.1100676558776,14.737629413604736,125800,704.7356821685974,0.33691858484784976
GA,"{'population_size': 100, 'crossover_rate': 0.75, 'mutation_rate': 0.05, 'survival_rate': 0.1, 'tournament_size': 5, 'mutation_iters': 1}",79,9,100,733.2069258002034,7.570216178894043,65200,727.1609345563712,0.8314516025975391
GA,"{'population_size': 100, 'crossover_rate': 0.75, 'mutation_rate': 0.05, 'survival_rate': 0.1, 'tournament_size': 5, 'mutation_iters': 3}",80,1,20,124.91787315973036,0.5069437026977539,20000,123.34164199704334,1.2779391754204208
GA,"{'population_size': 100, 'crossover_rate': 0.75, 'mutation_rate': 0.05, 'survival_rate': 0.1, 'tournament_size': 5, 'mutation_iters': 3}",80,2,20,119.66180064513581,0.48412656784057617,20000,118.182620805516,1.2516052102567512
GA,"{'population_size': 100, 'crossover_rate': 0.75, 'mutation_rate': 0.05, 'survival_rate': 0.1, 'tournament_size': 5, 'mutation_iters': 3}",80,3,20,166.1513031724923,0.46350646018981934,20000,163.88828838251453,1.3808276432150586
GA,"{'population_size': 100, 'crossover_rate': 0.75, 'mutation_rate': 0.05, 'survival_rate': 0.1, 'tournament_size': 5, 'mutation_iters': 3}",80,4,50,321.21145404195073,1.5427587032318115,27000,315.1086406332271,1.936733120507178
GA,"{'population_size': 100, 'crossover_rate': 0.75, 'mutation_rate': 0.05, 'survival_rate': 0.1, 'tournament_size': 5, 'mutation_iters': 3}",80,5,50,362.46629416505255,1.9615533351898193,33100,356.7151767230881,1.612243553749584
GA,"{'population_size': 100, 'crossover_rate': 0.75, 'mutation_rate': 0.05, 'survival_rate': 0.1, 'tournament_size': 5, 'mutation_iters': 3}",80,6,50,384.3633775560677,1.239591121673584,20000,380.95278886744313,0.8952785721202083
GA,"{'population_size': 100, 'crossover_rate': 0.75, 'mutation_rate': 0.05, 'survival_rate': 0.1, 'tournament_size': 5, 'mutation_iters': 3}",80,7,100,768.1316982032396,2.3645389080047607,20000,755.2922150926004,1.699935846560402
GA,"{'population_size': 100, 'crossover_rate': 0.75, 'mutation_rate': 0.05, 'survival_rate': 0.1, 'tournament_size': 5, 'mutation_iters': 3}",80,8,100,712.8597993458026,2.86948823928833,24200,704.7356821685974,1.1527892489005047
GA,"{'population_size': 100, 'crossover_rate': 0.75, 'mutation_rate': 0.05, 'survival_rate': 0.1, 'tournament_size': 5, 'mutation_iters': 3}",80,9,100,740.0366276103798,2.2562308311462402,20000,727.1609345563712,1.7706799749719555
GA,"{'population_size': 100, 'crossover_rate': 0.75, 'mutation_rate': 0.05, 'survival_rate': 0.15, 'tournament_size': 2, 'mutation_iters': 1}",81,1,20,123.81600624045639,0.6083400249481201,24800,123.34164199704334,0.3845937476853279
GA,"{'population_size': 100, 'crossover_rate': 0.75, 'mutation_rate': 0.05, 'survival_rate': 0.15, 'tournament_size': 2, 'mutation_iters': 1}",81,2,20,118.182620805516,0.4779834747314453,20300,118.182620805516,0.0
GA,"{'population_size': 100, 'crossover_rate': 0.75, 'mutation_rate': 0.05, 'survival_rate': 0.15, 'tournament_size': 2, 'mutation_iters': 1}",81,3,20,164.42326276408554,0.5286247730255127,22900,163.88828838251453,0.3264262424428867
GA,"{'population_size': 100, 'crossover_rate': 0.75, 'mutation_rate': 0.05, 'survival_rate': 0.15, 'tournament_size': 2, 'mutation_iters': 1}",81,4,50,316.1282022946868,4.258836030960083,73100,315.1086406332271,0.3235587762401064
GA,"{'population_size': 100, 'crossover_rate': 0.75, 'mutation_rate': 0.05, 'survival_rate': 0.15, 'tournament_size': 2, 'mutation_iters': 1}",81,5,50,359.2513324180516,4.328202962875366,73100,356.7151767230881,0.7109749908208339
GA,"{'population_size': 100, 'crossover_rate': 0.75, 'mutation_rate': 0.05, 'survival_rate': 0.15, 'tournament_size': 2, 'mutation_iters': 1}",81,6,50,382.4910378729183,2.8918886184692383,46700,380.95278886744313,0.40378993156824394
GA,"{'population_size': 100, 'crossover_rate': 0.75, 'mutation_rate': 0.05, 'survival_rate': 0.15, 'tournament_size': 2, 'mutation_iters': 1}",81,7,100,758.5335541259685,15.5502450466156,127800,755.2922150926004,0.42915032997801444
GA,"{'population_size': 100, 'crossover_rate': 0.75, 'mutation_rate': 0.05, 'survival_rate': 0.15, 'tournament_size': 2, 'mutation_iters': 1}",81,8,100,708.6621027836625,8.666876792907715,71500,704.7356821685974,0.557147979648601
GA,"{'population_size': 100, 'crossover_rate': 0.75, 'mutation_rate': 0.05, 'survival_rate': 0.15, 'tournament_size': 2, 'mutation_iters': 1}",81,9,100,731.7353366377095,9.894559144973755,86700,727.1609345563712,0.6290769847432743
GA,"{'population_size': 100, 'crossover_rate': 0.75, 'mutation_rate': 0.05, 'survival_rate': 0.15, 'tournament_size': 2, 'mutation_iters': 3}",82,1,20,124.44532244480774,0.4902613162994385,20000,123.34164199704334,0.8948157571883636
GA,"{'population_size': 100, 'crossover_rate': 0.75, 'mutation_rate': 0.05, 'survival_rate': 0.15, 'tournament_size': 2, 'mutation_iters': 3}",82,2,20,120.53140212246367,0.7234957218170166,31300,118.182620805516,1.9874168477046108
GA,"{'population_size': 100, 'crossover_rate': 0.75, 'mutation_rate': 0.05, 'survival_rate': 0.15, 'tournament_size': 2, 'mutation_iters': 3}",82,3,20,165.3441987136246,0.6353693008422852,27800,163.88828838251453,0.8883553214687149
GA,"{'population_size': 100, 'crossover_rate': 0.75, 'mutation_rate': 0.05, 'survival_rate': 0.15, 'tournament_size': 2, 'mutation_iters': 3}",82,4,50,321.3206965549323,1.149900197982788,20000,315.1086406332271,1.9714013266096904
GA,"{'population_size': 100, 'crossover_rate': 0.75, 'mutation_rate': 0.05, 'survival_rate': 0.15, 'tournament_size': 2, 'mutation_iters': 3}",82,5,50,361.9961676005786,1.9834816455841064,34200,356.7151767230881,1.480450292584554
GA,"{'population_size': 100, 'crossover_rate': 0.75, 'mutation_rate': 0.05, 'survival_rate': 0.15, 'tournament_size': 2, 'mutation_iters': 3}",82,6,50,386.1599775478094,1.2160446643829346,20000,380.95278886744313,1.3668855649664622
GA,"{'population_size': 100, 'crossover_rate': 0.75, 'mutation_rate': 0.05, 'survival_rate': 0.15, 'tournament_size': 2, 'mutation_iters': 3}",82,7,100,763.4502707369275,2.3729498386383057,20000,755.2922150926004,1.0801191222826099
GA,"{'population_size': 100, 'crossover_rate': 0.75, 'mutation_rate': 0.05, 'survival_rate': 0.15, 'tournament_size': 2, 'mutation_iters': 3}",82,8,100,712.2309192920953,3.039891242980957,26100,704.7356821685974,1.063552948026387
GA,"{'population_size': 100, 'crossover_rate': 0.75, 'mutation_rate': 0.05, 'survival_rate': 0.15, 'tournament_size': 2, 'mutation_iters': 3}",82,9,100,737.6947949677868,3.0404953956604004,27100,727.1609345563712,1.4486284824750866
GA,"{'population_size': 100, 'crossover_rate': 0.75, 'mutation_rate': 0.05, 'survival_rate': 0.15, 'tournament_size': 5, 'mutation_iters': 1}",83,1,20,124.05235299311522,0.7902541160583496,31900,123.34164199704334,0.5762133408998383
GA,"{'population_size': 100, 'crossover_rate': 0.75, 'mutation_rate': 0.05, 'survival_rate': 0.15, 'tournament_size': 5, 'mutation_iters': 1}",83,2,20,118.3412502482198,0.500603199005127,20900,118.182620805516,0.13422400148397676
GA,"{'population_size': 100, 'crossover_rate': 0.75, 'mutation_rate': 0.05, 'survival_rate': 0.15, 'tournament_size': 5, 'mutation_iters': 1}",83,3,20,165.60804818285158,0.6162540912628174,26000,163.88828838251453,1.0493488078435067
GA,"{'population_size': 100, 'crossover_rate': 0.75, 'mutation_rate': 0.05, 'survival_rate': 0.15, 'tournament_size': 5, 'mutation_iters': 1}",83,4,50,317.8640042274707,2.54213809967041,43800,315.1086406332271,0.8744170228739347
GA,"{'population_size': 100, 'crossover_rate': 0.75, 'mutation_rate': 0.05, 'survival_rate': 0.15, 'tournament_size': 5, 'mutation_iters': 1}",83,5,50,357.6009000061309,4.181556701660156,69300,356.7151767230881,0.24829985961891923
GA,"{'population_size': 100, 'crossover_rate': 0.75, 'mutation_rate': 0.05, 'survival_rate': 0.15, 'tournament_size': 5, 'mutation_iters': 1}",83,6,50,383.28878754684547,3.020242691040039,48500,380.95278886744313,0.6131989967437079
GA,"{'population_size': 100, 'crossover_rate': 0.75, 'mutation_rate': 0.05, 'survival_rate': 0.15, 'tournament_size': 5, 'mutation_iters': 1}",83,7,100,757.3231706942743,14.443562030792236,119800,755.2922150926004,0.2688966682153471
GA,"{'population_size': 100, 'crossover_rate': 0.75, 'mutation_rate': 0.05, 'survival_rate': 0.15, 'tournament_size': 5, 'mutation_iters': 1}",83,8,100,708.6653410135959,10.58475661277771,90200,704.7356821685974,0.5576074753170328
GA,"{'population_size': 100, 'crossover_rate': 0.75, 'mutation_rate': 0.05, 'survival_rate': 0.15, 'tournament_size': 5, 'mutation_iters': 1}",83,9,100,732.3287311425455,10.05739164352417,87900,727.1609345563712,0.7106812729601705
GA,"{'population_size': 100, 'crossover_rate': 0.75, 'mutation_rate': 0.05, 'survival_rate': 0.15, 'tournament_size': 5, 'mutation_iters': 3}",84,1,20,124.71303602133459,0.49454307556152344,20000,123.34164199704334,1.1118661970821846
GA,"{'population_size': 100, 'crossover_rate': 0.75, 'mutation_rate': 0.05, 'survival_rate': 0.15, 'tournament_size': 5, 'mutation_iters': 3}",84,2,20,120.0374847488742,0.47431039810180664,20000,118.182620805516,1.569489600683858
GA,"{'population_size': 100, 'crossover_rate': 0.75, 'mutation_rate': 0.05, 'survival_rate': 0.15, 'tournament_size': 5, 'mutation_iters': 3}",84,3,20,166.31092824414998,0.542959451675415,23500,163.88828838251453,1.4782263489023788
GA,"{'population_size': 100, 'crossover_rate': 0.75, 'mutation_rate': 0.05, 'survival_rate': 0.15, 'tournament_size': 5, 'mutation_iters': 3}",84,4,50,319.6263149662716,1.3092005252838135,22400,315.1086406332271,1.4336878620548172
GA,"{'population_size': 100, 'crossover_rate': 0.75, 'mutation_rate': 0.05, 'survival_rate': 0.15, 'tournament_size': 5, 'mutation_iters': 3}",84,5,50,360.9787842921124,1.4463467597961426,24500,356.7151767230881,1.1952414271215672
GA,"{'population_size': 100, 'crossover_rate': 0.75, 'mutation_rate': 0.05, 'survival_rate': 0.15, 'tournament_size': 5, 'mutation_iters': 3}",84,6,50,385.9960033094052,1.2371189594268799,20000,380.95278886744313,1.3238423734750224
GA,"{'population_size': 100, 'crossover_rate': 0.75, 'mutation_rate': 0.05, 'survival_rate': 0.15, 'tournament_size': 5, 'mutation_iters': 3}",84,7,100,765.0539950555549,3.409924268722534,29000,755.2922150926004,1.2924507585130731
GA,"{'population_size': 100, 'crossover_rate': 0.75, 'mutation_rate': 0.05, 'survival_rate': 0.15, 'tournament_size': 5, 'mutation_iters': 3}",84,8,100,711.1479173257975,2.3511905670166016,20000,704.7356821685974,0.9098780322103959
GA,"{'population_size': 100, 'crossover_rate': 0.75, 'mutation_rate': 0.05, 'survival_rate': 0.15, 'tournament_size': 5, 'mutation_iters': 3}",84,9,100,738.265619609169,2.3694612979888916,20800,727.1609345563712,1.527128937361378
GA,"{'population_size': 100, 'crossover_rate': 0.75, 'mutation_rate': 0.1, 'survival_rate': 0.05, 'tournament_size': 2, 'mutation_iters': 1}",85,1,20,124.44418748221132,0.6762082576751709,28200,123.34164199704334,0.8938955792354452
GA,"{'population_size': 100, 'crossover_rate': 0.75, 'mutation_rate': 0.1, 'survival_rate': 0.05, 'tournament_size': 2, 'mutation_iters': 1}",85,2,20,118.92235759069837,0.8428850173950195,34900,118.182620805516,0.625926874984183
GA,"{'population_size': 100, 'crossover_rate': 0.75, 'mutation_rate': 0.1, 'survival_rate': 0.05, 'tournament_size': 2, 'mutation_iters': 1}",85,3,20,164.41491532338003,0.47156739234924316,20000,163.88828838251453,0.32133287012940964
GA,"{'population_size': 100, 'crossover_rate': 0.75, 'mutation_rate': 0.1, 'survival_rate': 0.05, 'tournament_size': 2, 'mutation_iters': 1}",85,4,50,316.83232254927947,2.3492777347564697,40000,315.1086406332271,0.5470119488277304
GA,"{'population_size': 100, 'crossover_rate': 0.75, 'mutation_rate': 0.1, 'survival_rate': 0.05, 'tournament_size': 2, 'mutation_iters': 1}",85,5,50,357.7733146319582,3.4526262283325195,57800,356.7151767230881,0.29663383503626717
GA,"{'population_size': 100, 'crossover_rate': 0.75, 'mutation_rate': 0.1, 'survival_rate': 0.05, 'tournament_size': 2, 'mutation_iters': 1}",85,6,50,382.417445674227,3.221060037612915,52200,380.95278886744313,0.38447200009697485
GA,"{'population_size': 100, 'crossover_rate': 0.75, 'mutation_rate': 0.1, 'survival_rate': 0.05, 'tournament_size': 2, 'mutation_iters': 1}",85,7,100,756.276527279709,17.903913736343384,146600,755.2922150926004,0.1303220352917172
GA,"{'population_size': 100, 'crossover_rate': 0.75, 'mutation_rate': 0.1, 'survival_rate': 0.05, 'tournament_size': 2, 'mutation_iters': 1}",85,8,100,707.3832439800274,8.222167015075684,68700,704.7356821685974,0.3756815325829683
GA,"{'population_size': 100, 'crossover_rate': 0.75, 'mutation_rate': 0.1, 'survival_rate': 0.05, 'tournament_size': 2, 'mutation_iters': 1}",85,9,100,730.2596297764969,10.632833242416382,92100,727.1609345563712,0.42613609627092625
GA,"{'population_size': 100, 'crossover_rate': 0.75, 'mutation_rate': 0.1, 'survival_rate': 0.05, 'tournament_size': 2, 'mutation_iters': 3}",86,1,20,124.16516589321614,0.4961822032928467,20000,123.34164199704334,0.6676770982119262
GA,"{'population_size': 100, 'crossover_rate': 0.75, 'mutation_rate': 0.1, 'survival_rate': 0.05, 'tournament_size': 2, 'mutation_iters': 3}",86,2,20,118.48881842076517,0.8242228031158447,33800,118.182620805516,0.2590885302442742
GA,"{'population_size': 100, 'crossover_rate': 0.75, 'mutation_rate': 0.1, 'survival_rate': 0.05, 'tournament_size': 2, 'mutation_iters': 3}",86,3,20,165.16928522962465,0.5140206813812256,22500,163.88828838251453,0.7816280588154513
GA,"{'population_size': 100, 'crossover_rate': 0.75, 'mutation_rate': 0.1, 'survival_rate': 0.05, 'tournament_size': 2, 'mutation_iters': 3}",86,4,50,318.09056764880495,2.1557836532592773,37300,315.1086406332271,0.9463171208461725
GA,"{'population_size': 100, 'crossover_rate': 0.75, 'mutation_rate': 0.1, 'survival_rate': 0.05, 'tournament_size': 2, 'mutation_iters': 3}",86,5,50,359.4418864999721,1.8039686679840088,30200,356.7151767230881,0.7643941034223719
GA,"{'population_size': 100, 'crossover_rate': 0.75, 'mutation_rate': 0.1, 'survival_rate': 0.05, 'tournament_size': 2, 'mutation_iters': 3}",86,6,50,383.32471390212714,3.4102425575256348,55200,380.95278886744313,0.6226296549070152
GA,"{'population_size': 100, 'crossover_rate': 0.75, 'mutation_rate': 0.1, 'survival_rate': 0.05, 'tournament_size': 2, 'mutation_iters': 3}",86,7,100,763.2027890618097,6.960000276565552,58700,755.2922150926004,1.0473527743483269
GA,"{'population_size': 100, 'crossover_rate': 0.75, 'mutation_rate': 0.1, 'survival_rate': 0.05, 'tournament_size': 2, 'mutation_iters': 3}",86,8,100,712.5437256090265,2.8935303688049316,24800,704.7356821685974,1.1079392796462968
GA,"{'population_size': 100, 'crossover_rate': 0.75, 'mutation_rate': 0.1, 'survival_rate': 0.05, 'tournament_size': 2, 'mutation_iters': 3}",86,9,100,736.2467654343,3.4822258949279785,30600,727.1609345563712,1.2494938116377026
GA,"{'population_size': 100, 'crossover_rate': 0.75, 'mutation_rate': 0.1, 'survival_rate': 0.05, 'tournament_size': 5, 'mutation_iters': 1}",87,1,20,123.96194467028805,0.6357645988464355,25400,123.34164199704334,0.5029142333451164
GA,"{'population_size': 100, 'crossover_rate': 0.75, 'mutation_rate': 0.1, 'survival_rate': 0.05, 'tournament_size': 5, 'mutation_iters': 1}",87,2,20,119.10274498248367,0.49073100090026855,20000,118.182620805516,0.7785613237346063
GA,"{'population_size': 100, 'crossover_rate': 0.75, 'mutation_rate': 0.1, 'survival_rate': 0.05, 'tournament_size': 5, 'mutation_iters': 1}",87,3,20,166.00909109833995,0.46702122688293457,20000,163.88828838251453,1.2940538562923274
GA,"{'population_size': 100, 'crossover_rate': 0.75, 'mutation_rate': 0.1, 'survival_rate': 0.05, 'tournament_size': 5, 'mutation_iters': 1}",87,4,50,317.1731022388031,3.911165475845337,66100,315.1086406332271,0.6551586784251208
GA,"{'population_size': 100, 'crossover_rate': 0.75, 'mutation_rate': 0.1, 'survival_rate': 0.05, 'tournament_size': 5, 'mutation_iters': 1}",87,5,50,357.4042859372477,4.081576108932495,68000,356.7151767230881,0.19318191630925313
GA,"{'population_size': 100, 'crossover_rate': 0.75, 'mutation_rate': 0.1, 'survival_rate': 0.05, 'tournament_size': 5, 'mutation_iters': 1}",87,6,50,381.5732187276235,3.832054853439331,60500,380.95278886744313,0.16286266390774512
GA,"{'population_size': 100, 'crossover_rate': 0.75, 'mutation_rate': 0.1, 'survival_rate': 0.05, 'tournament_size': 5, 'mutation_iters': 1}",87,7,100,755.6014234529493,19.26513361930847,160700,755.2922150926004,0.04093890472723407
GA,"{'population_size': 100, 'crossover_rate': 0.75, 'mutation_rate': 0.1, 'survival_rate': 0.05, 'tournament_size': 5, 'mutation_iters': 1}",87,8,100,706.1790796066556,15.66195011138916,135000,704.7356821685974,0.20481401390329065
GA,"{'population_size': 100, 'crossover_rate': 0.75, 'mutation_rate': 0.1, 'survival_rate': 0.05, 'tournament_size': 5, 'mutation_iters': 1}",87,9,100,730.4231956000725,16.179297924041748,140200,727.1609345563712,0.44862985464030075
GA,"{'population_size': 100, 'crossover_rate': 0.75, 'mutation_rate': 0.1, 'survival_rate': 0.05, 'tournament_size': 5, 'mutation_iters': 3}",88,1,20,125.03529322196064,0.5774242877960205,23000,123.34164199704334,1.373138217957162
GA,"{'population_size': 100, 'crossover_rate': 0.75, 'mutation_rate': 0.1, 'survival_rate': 0.05, 'tournament_size': 5, 'mutation_iters': 3}",88,2,20,119.77393566668538,1.1556072235107422,47400,118.182620805516,1.346488045639201
GA,"{'population_size': 100, 'crossover_rate': 0.75, 'mutation_rate': 0.1, 'survival_rate': 0.05, 'tournament_size': 5, 'mutation_iters': 3}",88,3,20,165.59719106732283,0.5654211044311523,23800,163.88828838251453,1.0427241029082703
GA,"{'population_size': 100, 'crossover_rate': 0.75, 'mutation_rate': 0.1, 'survival_rate': 0.05, 'tournament_size': 5, 'mutation_iters': 3}",88,4,50,320.09421419449075,1.9795124530792236,33000,315.1086406332271,1.5821760873471753
GA,"{'population_size': 100, 'crossover_rate': 0.75, 'mutation_rate': 0.1, 'survival_rate': 0.05, 'tournament_size': 5, 'mutation_iters': 3}",88,5,50,361.93582852749694,1.2274489402770996,20000,356.7151767230881,1.4635350960863431
GA,"{'population_size': 100, 'crossover_rate': 0.75, 'mutation_rate': 0.1, 'survival_rate': 0.05, 'tournament_size': 5, 'mutation_iters': 3}",88,6,50,385.36206116343055,1.7763988971710205,28300,380.95278886744313,1.1574327383442984
GA,"{'population_size': 100, 'crossover_rate': 0.75, 'mutation_rate': 0.1, 'survival_rate': 0.05, 'tournament_size': 5, 'mutation_iters': 3}",88,7,100,765.1368349309879,3.1013853549957275,25700,755.2922150926004,1.3034186824208904
GA,"{'population_size': 100, 'crossover_rate': 0.75, 'mutation_rate': 0.1, 'survival_rate': 0.05, 'tournament_size': 5, 'mutation_iters': 3}",88,8,100,712.4935021430592,2.4343292713165283,20000,704.7356821685974,1.1008127118793938
GA,"{'population_size': 100, 'crossover_rate': 0.75, 'mutation_rate': 0.1, 'survival_rate': 0.05, 'tournament_size': 5, 'mutation_iters': 3}",88,9,100,737.2125744436595,2.3231663703918457,20000,727.1609345563712,1.382312966719068
GA,"{'population_size': 100, 'crossover_rate': 0.75, 'mutation_rate': 0.1, 'survival_rate': 0.1, 'tournament_size': 2, 'mutation_iters': 1}",89,1,20,123.65437432026735,0.49335169792175293,20000,123.34164199704334,0.25354966754172786
GA,"{'population_size': 100, 'crossover_rate': 0.75, 'mutation_rate': 0.1, 'survival_rate': 0.1, 'tournament_size': 2, 'mutation_iters': 1}",89,2,20,118.42856737262737,0.47572851181030273,20000,118.182620805516,0.20810722036373688
GA,"{'population_size': 100, 'crossover_rate': 0.75, 'mutation_rate': 0.1, 'survival_rate': 0.1, 'tournament_size': 2, 'mutation_iters': 1}",89,3,20,164.7900490807893,0.46274876594543457,20000,163.88828838251453,0.5502288828412505
GA,"{'population_size': 100, 'crossover_rate': 0.75, 'mutation_rate': 0.1, 'survival_rate': 0.1, 'tournament_size': 2, 'mutation_iters': 1}",89,4,50,317.0113826054035,3.8057453632354736,65500,315.1086406332271,0.6038368127109384
GA,"{'population_size': 100, 'crossover_rate': 0.75, 'mutation_rate': 0.1, 'survival_rate': 0.1, 'tournament_size': 2, 'mutation_iters': 1}",89,5,50,357.53526807004283,4.462571382522583,72500,356.7151767230881,0.22990088464650177
GA,"{'population_size': 100, 'crossover_rate': 0.75, 'mutation_rate': 0.1, 'survival_rate': 0.1, 'tournament_size': 2, 'mutation_iters': 1}",89,6,50,382.4368549271333,3.6540658473968506,59000,380.95278886744313,0.3895669235293553
GA,"{'population_size': 100, 'crossover_rate': 0.75, 'mutation_rate': 0.1, 'survival_rate': 0.1, 'tournament_size': 2, 'mutation_iters': 1}",89,7,100,759.4935371876237,9.937344074249268,83700,755.2922150926004,0.556251211262417
GA,"{'population_size': 100, 'crossover_rate': 0.75, 'mutation_rate': 0.1, 'survival_rate': 0.1, 'tournament_size': 2, 'mutation_iters': 1}",89,8,100,706.4948996776068,12.59439468383789,107500,704.7356821685974,0.24962798869442876
GA,"{'population_size': 100, 'crossover_rate': 0.75, 'mutation_rate': 0.1, 'survival_rate': 0.1, 'tournament_size': 2, 'mutation_iters': 1}",89,9,100,728.5208710214722,19.675312042236328,171700,727.1609345563712,0.1870200117296814
GA,"{'population_size': 100, 'crossover_rate': 0.75, 'mutation_rate': 0.1, 'survival_rate': 0.1, 'tournament_size': 2, 'mutation_iters': 3}",90,1,20,125.16664242799989,1.1238210201263428,45500,123.34164199704334,1.4796304000884772
GA,"{'population_size': 100, 'crossover_rate': 0.75, 'mutation_rate': 0.1, 'survival_rate': 0.1, 'tournament_size': 2, 'mutation_iters': 3}",90,2,20,118.42856737262737,0.8235907554626465,34500,118.182620805516,0.20810722036373688
GA,"{'population_size': 100, 'crossover_rate': 0.75, 'mutation_rate': 0.1, 'survival_rate': 0.1, 'tournament_size': 2, 'mutation_iters': 3}",90,3,20,164.69413944915925,1.2662980556488037,52800,163.88828838251453,0.4917075372487067
GA,"{'population_size': 100, 'crossover_rate': 0.75, 'mutation_rate': 0.1, 'survival_rate': 0.1, 'tournament_size': 2, 'mutation_iters': 3}",90,4,50,318.0172507972216,2.8803083896636963,49100,315.1086406332271,0.9230499545012545
GA,"{'population_size': 100, 'crossover_rate': 0.75, 'mutation_rate': 0.1, 'survival_rate': 0.1, 'tournament_size': 2, 'mutation_iters': 3}",90,5,50,362.205010748844,1.278963327407837,21600,356.7151767230881,1.5389964834654515
GA,"{'population_size': 100, 'crossover_rate': 0.75, 'mutation_rate': 0.1, 'survival_rate': 0.1, 'tournament_size': 2, 'mutation_iters': 3}",90,6,50,383.71937590766277,2.199869394302368,35800,380.95278886744313,0.7262283204290437
GA,"{'population_size': 100, 'crossover_rate': 0.75, 'mutation_rate': 0.1, 'survival_rate': 0.1, 'tournament_size': 2, 'mutation_iters': 3}",90,7,100,762.6794310051213,6.06181526184082,51400,755.2922150926004,0.9780606452583671
GA,"{'population_size': 100, 'crossover_rate': 0.75, 'mutation_rate': 0.1, 'survival_rate': 0.1, 'tournament_size': 2, 'mutation_iters': 3}",90,8,100,712.5308109643411,3.624525547027588,30700,704.7356821685974,1.1061067280936763
GA,"{'population_size': 100, 'crossover_rate': 0.75, 'mutation_rate': 0.1, 'survival_rate': 0.1, 'tournament_size': 2, 'mutation_iters': 3}",90,9,100,735.4674871389145,4.0489113330841064,34200,727.1609345563712,1.1423265728116974
GA,"{'population_size': 100, 'crossover_rate': 0.75, 'mutation_rate': 0.1, 'survival_rate': 0.1, 'tournament_size': 5, 'mutation_iters': 1}",91,1,20,124.01901786972965,0.5093328952789307,20000,123.34164199704334,0.5491866831986474
GA,"{'population_size': 100, 'crossover_rate': 0.75, 'mutation_rate': 0.1, 'survival_rate': 0.1, 'tournament_size': 5, 'mutation_iters': 1}",91,2,20,120.05910173912913,0.48405981063842773,20000,118.182620805516,1.5877807759070748
GA,"{'population_size': 100, 'crossover_rate': 0.75, 'mutation_rate': 0.1, 'survival_rate': 0.1, 'tournament_size': 5, 'mutation_iters': 1}",91,3,20,165.40041430043536,0.4771537780761719,20000,163.88828838251453,0.9226564831719588
GA,"{'population_size': 100, 'crossover_rate': 0.75, 'mutation_rate': 0.1, 'survival_rate': 0.1, 'tournament_size': 5, 'mutation_iters': 1}",91,4,50,316.7798690340186,3.726759672164917,62800,315.1086406332271,0.5303657803331214
GA,"{'population_size': 100, 'crossover_rate': 0.75, 'mutation_rate': 0.1, 'survival_rate': 0.1, 'tournament_size': 5, 'mutation_iters': 1}",91,5,50,357.51584634623356,2.8499157428741455,45800,356.7151767230881,0.22445628204010634
GA,"{'population_size': 100, 'crossover_rate': 0.75, 'mutation_rate': 0.1, 'survival_rate': 0.1, 'tournament_size': 5, 'mutation_iters': 1}",91,6,50,382.34976168331417,3.4146368503570557,52400,380.95278886744313,0.3667049715068842
GA,"{'population_size': 100, 'crossover_rate': 0.75, 'mutation_rate': 0.1, 'survival_rate': 0.1, 'tournament_size': 5, 'mutation_iters': 1}",91,7,100,756.7406734521563,14.486909866333008,116900,755.2922150926004,0.19177456494482378
GA,"{'population_size': 100, 'crossover_rate': 0.75, 'mutation_rate': 0.1, 'survival_rate': 0.1, 'tournament_size': 5, 'mutation_iters': 1}",91,8,100,706.42596585004,11.19411015510559,93300,704.7356821685974,0.2398464735376212
GA,"{'population_size': 100, 'crossover_rate': 0.75, 'mutation_rate': 0.1, 'survival_rate': 0.1, 'tournament_size': 5, 'mutation_iters': 1}",91,9,100,729.024763854579,17.738450288772583,149200,727.1609345563712,0.25631592810260617
GA,"{'population_size': 100, 'crossover_rate': 0.75, 'mutation_rate': 0.1, 'survival_rate': 0.1, 'tournament_size': 5, 'mutation_iters': 3}",92,1,20,123.64576115548466,0.7682807445526123,30000,123.34164199704334,0.24656649086008944
GA,"{'population_size': 100, 'crossover_rate': 0.75, 'mutation_rate': 0.1, 'survival_rate': 0.1, 'tournament_size': 5, 'mutation_iters': 3}",92,2,20,119.94873980467378,0.4959561824798584,20000,118.182620805516,1.494398234799809
GA,"{'population_size': 100, 'crossover_rate': 0.75, 'mutation_rate': 0.1, 'survival_rate': 0.1, 'tournament_size': 5, 'mutation_iters': 3}",92,3,20,165.14932690300225,0.48569798469543457,20000,163.88828838251453,0.769450052187047
GA,"{'population_size': 100, 'crossover_rate': 0.75, 'mutation_rate': 0.1, 'survival_rate': 0.1, 'tournament_size': 5, 'mutation_iters': 3}",92,4,50,320.4632600837381,1.4076602458953857,23100,315.1086406332271,1.6992931199063952
GA,"{'population_size': 100, 'crossover_rate': 0.75, 'mutation_rate': 0.1, 'survival_rate': 0.1, 'tournament_size': 5, 'mutation_iters': 3}",92,5,50,360.6603427245852,1.2849225997924805,20400,356.7151767230881,1.1059708862792854
GA,"{'population_size': 100, 'crossover_rate': 0.75, 'mutation_rate': 0.1, 'survival_rate': 0.1, 'tournament_size': 5, 'mutation_iters': 3}",92,6,50,383.6361994967955,2.38138484954834,37200,380.95278886744313,0.7043945359554974
GA,"{'population_size': 100, 'crossover_rate': 0.75, 'mutation_rate': 0.1, 'survival_rate': 0.1, 'tournament_size': 5, 'mutation_iters': 3}",92,7,100,763.2237670945312,6.119699239730835,50200,755.2922150926004,1.0501302467361515
GA,"{'population_size': 100, 'crossover_rate': 0.75, 'mutation_rate': 0.1, 'survival_rate': 0.1, 'tournament_size': 5, 'mutation_iters': 3}",92,8,100,711.1357815401267,3.4152047634124756,28100,704.7356821685974,0.9081559985490005
GA,"{'population_size': 100, 'crossover_rate': 0.75, 'mutation_rate': 0.1, 'survival_rate': 0.1, 'tournament_size': 5, 'mutation_iters': 3}",92,9,100,736.8820750039962,3.040536403656006,26000,727.1609345563712,1.3368623073179366
GA,"{'population_size': 100, 'crossover_rate': 0.75, 'mutation_rate': 0.1, 'survival_rate': 0.15, 'tournament_size': 2, 'mutation_iters': 1}",93,1,20,124.43767359390792,0.4961516857147217,20000,123.34164199704334,0.8886144039584382
GA,"{'population_size': 100, 'crossover_rate': 0.75, 'mutation_rate': 0.1, 'survival_rate': 0.15, 'tournament_size': 2, 'mutation_iters': 1}",93,2,20,118.88499082339492,0.48963379859924316,20000,118.182620805516,0.5943090558422764
GA,"{'population_size': 100, 'crossover_rate': 0.75, 'mutation_rate': 0.1, 'survival_rate': 0.15, 'tournament_size': 2, 'mutation_iters': 1}",93,3,20,164.57440809138734,0.47400546073913574,20000,163.88828838251453,0.4186508478698665
GA,"{'population_size': 100, 'crossover_rate': 0.75, 'mutation_rate': 0.1, 'survival_rate': 0.15, 'tournament_size': 2, 'mutation_iters': 1}",93,4,50,316.331311541823,5.118218183517456,84800,315.1086406332271,0.38801567171846635
GA,"{'population_size': 100, 'crossover_rate': 0.75, 'mutation_rate': 0.1, 'survival_rate': 0.15, 'tournament_size': 2, 'mutation_iters': 1}",93,5,50,357.598835803524,3.476823568344116,56900,356.7151767230881,0.24772118992903805
GA,"{'population_size': 100, 'crossover_rate': 0.75, 'mutation_rate': 0.1, 'survival_rate': 0.15, 'tournament_size': 2, 'mutation_iters': 1}",93,6,50,381.74970013556634,2.956907272338867,47400,380.95278886744313,0.20918898388758217
GA,"{'population_size': 100, 'crossover_rate': 0.75, 'mutation_rate': 0.1, 'survival_rate': 0.15, 'tournament_size': 2, 'mutation_iters': 1}",93,7,100,755.8521268372592,19.883577585220337,161500,755.2922150926004,0.07413180401842241
GA,"{'population_size': 100, 'crossover_rate': 0.75, 'mutation_rate': 0.1, 'survival_rate': 0.15, 'tournament_size': 2, 'mutation_iters': 1}",93,8,100,706.9063652168911,7.9767677783966064,66000,704.7356821685974,0.3080137849149611
GA,"{'population_size': 100, 'crossover_rate': 0.75, 'mutation_rate': 0.1, 'survival_rate': 0.15, 'tournament_size': 2, 'mutation_iters': 1}",93,9,100,730.3437332550299,6.753049850463867,58700,727.1609345563712,0.4377021024376696
GA,"{'population_size': 100, 'crossover_rate': 0.75, 'mutation_rate': 0.1, 'survival_rate': 0.15, 'tournament_size': 2, 'mutation_iters': 3}",94,1,20,124.15903737720882,0.4990706443786621,20100,123.34164199704334,0.662708365910252
GA,"{'population_size': 100, 'crossover_rate': 0.75, 'mutation_rate': 0.1, 'survival_rate': 0.15, 'tournament_size': 2, 'mutation_iters': 3}",94,2,20,119.74414251576864,0.8571653366088867,37000,118.182620805516,1.3212786276099973
GA,"{'population_size': 100, 'crossover_rate': 0.75, 'mutation_rate': 0.1, 'survival_rate': 0.15, 'tournament_size': 2, 'mutation_iters': 3}",94,3,20,164.77073700155108,0.4654536247253418,20000,163.88828838251453,0.5384451980954983
GA,"{'population_size': 100, 'crossover_rate': 0.75, 'mutation_rate': 0.1, 'survival_rate': 0.15, 'tournament_size': 2, 'mutation_iters': 3}",94,4,50,320.2006503593182,1.271022081375122,21600,315.1086406332271,1.6159536964325947
GA,"{'population_size': 100, 'crossover_rate': 0.75, 'mutation_rate': 0.1, 'survival_rate': 0.15, 'tournament_size': 2, 'mutation_iters': 3}",94,5,50,361.3775155819664,1.6653990745544434,28000,356.7151767230881,1.3070200437526043
GA,"{'population_size': 100, 'crossover_rate': 0.75, 'mutation_rate': 0.1, 'survival_rate': 0.15, 'tournament_size': 2, 'mutation_iters': 3}",94,6,50,383.7607393783059,1.552807092666626,24800,380.95278886744313,0.7370862198464807
GA,"{'population_size': 100, 'crossover_rate': 0.75, 'mutation_rate': 0.1, 'survival_rate': 0.15, 'tournament_size': 2, 'mutation_iters': 3}",94,7,100,763.742208965204,4.2392144203186035,34900,755.2922150926004,1.118771477284143
GA,"{'population_size': 100, 'crossover_rate': 0.75, 'mutation_rate': 0.1, 'survival_rate': 0.15, 'tournament_size': 2, 'mutation_iters': 3}",94,8,100,712.8756583670885,4.265995740890503,36000,704.7356821685974,1.1550395991647489
GA,"{'population_size': 100, 'crossover_rate': 0.75, 'mutation_rate': 0.1, 'survival_rate': 0.15, 'tournament_size': 2, 'mutation_iters': 3}",94,9,100,734.7680276130047,5.312112808227539,45800,727.1609345563712,1.0461361020823372
GA,"{'population_size': 100, 'crossover_rate': 0.75, 'mutation_rate': 0.1, 'survival_rate': 0.15, 'tournament_size': 5, 'mutation_iters': 1}",95,1,20,124.21524795745007,0.4951660633087158,20000,123.34164199704334,0.708281441905627
GA,"{'population_size': 100, 'crossover_rate': 0.75, 'mutation_rate': 0.1, 'survival_rate': 0.15, 'tournament_size': 5, 'mutation_iters': 1}",95,2,20,119.15949292274655,0.47438645362854004,20000,118.182620805516,0.8265784855440963
GA,"{'population_size': 100, 'crossover_rate': 0.75, 'mutation_rate': 0.1, 'survival_rate': 0.15, 'tournament_size': 5, 'mutation_iters': 1}",95,3,20,164.50052447458978,0.7563316822052002,31800,163.88828838251453,0.37356915379230365
GA,"{'population_size': 100, 'crossover_rate': 0.75, 'mutation_rate': 0.1, 'survival_rate': 0.15, 'tournament_size': 5, 'mutation_iters': 1}",95,4,50,317.20437402137406,2.0318267345428467,33700,315.1086406332271,0.6650828057064693
GA,"{'population_size': 100, 'crossover_rate': 0.75, 'mutation_rate': 0.1, 'survival_rate': 0.15, 'tournament_size': 5, 'mutation_iters': 1}",95,5,50,357.22546651449375,5.287278652191162,86200,356.7151767230881,0.14305244763997102
GA,"{'population_size': 100, 'crossover_rate': 0.75, 'mutation_rate': 0.1, 'survival_rate': 0.15, 'tournament_size': 5, 'mutation_iters': 1}",95,6,50,383.914494860037,3.6801505088806152,58700,380.95278886744313,0.7774469905835032
GA,"{'population_size': 100, 'crossover_rate': 0.75, 'mutation_rate': 0.1, 'survival_rate': 0.15, 'tournament_size': 5, 'mutation_iters': 1}",95,7,100,758.524133956164,15.988241910934448,131200,755.2922150926004,0.4279031080927186
GA,"{'population_size': 100, 'crossover_rate': 0.75, 'mutation_rate': 0.1, 'survival_rate': 0.15, 'tournament_size': 5, 'mutation_iters': 1}",95,8,100,706.7142529353531,13.587296962738037,116000,704.7356821685974,0.28075359554199625
GA,"{'population_size': 100, 'crossover_rate': 0.75, 'mutation_rate': 0.1, 'survival_rate': 0.15, 'tournament_size': 5, 'mutation_iters': 1}",95,9,100,730.0597702006798,12.197256088256836,106400,727.1609345563712,0.3986511797525488
GA,"{'population_size': 100, 'crossover_rate': 0.75, 'mutation_rate': 0.1, 'survival_rate': 0.15, 'tournament_size': 5, 'mutation_iters': 3}",96,1,20,124.64358555686995,0.4987621307373047,20000,123.34164199704334,1.0555588029692524
GA,"{'population_size': 100, 'crossover_rate': 0.75, 'mutation_rate': 0.1, 'survival_rate': 0.15, 'tournament_size': 5, 'mutation_iters': 3}",96,2,20,119.46696690119073,0.5958185195922852,24900,118.182620805516,1.0867470080802186
GA,"{'population_size': 100, 'crossover_rate': 0.75, 'mutation_rate': 0.1, 'survival_rate': 0.15, 'tournament_size': 5, 'mutation_iters': 3}",96,3,20,165.54115782020457,0.4697151184082031,20000,163.88828838251453,1.008534199730156
GA,"{'population_size': 100, 'crossover_rate': 0.75, 'mutation_rate': 0.1, 'survival_rate': 0.15, 'tournament_size': 5, 'mutation_iters': 3}",96,4,50,319.68432540385663,1.5627810955047607,26700,315.1086406332271,1.4520975246614867
GA,"{'population_size': 100, 'crossover_rate': 0.75, 'mutation_rate': 0.1, 'survival_rate': 0.15, 'tournament_size': 5, 'mutation_iters': 3}",96,5,50,361.54312618305295,1.2926299571990967,21600,356.7151767230881,1.3534466081079253
GA,"{'population_size': 100, 'crossover_rate': 0.75, 'mutation_rate': 0.1, 'survival_rate': 0.15, 'tournament_size': 5, 'mutation_iters': 3}",96,6,50,385.20475068990606,2.3516733646392822,37100,380.95278886744313,1.116138783260739
GA,"{'population_size': 100, 'crossover_rate': 0.75, 'mutation_rate': 0.1, 'survival_rate': 0.15, 'tournament_size': 5, 'mutation_iters': 3}",96,7,100,765.7162778365338,2.3769824504852295,20000,755.2922150926004,1.3801363943166545
GA,"{'population_size': 100, 'crossover_rate': 0.75, 'mutation_rate': 0.1, 'survival_rate': 0.15, 'tournament_size': 5, 'mutation_iters': 3}",96,8,100,712.987410136373,3.456838846206665,29500,704.7356821685974,1.1708968591435036
GA,"{'population_size': 100, 'crossover_rate': 0.75, 'mutation_rate': 0.1, 'survival_rate': 0.15, 'tournament_size': 5, 'mutation_iters': 3}",96,9,100,736.9366188395818,2.2710888385772705,20000,727.1609345563712,1.344363237716361
GA,"{'population_size': 100, 'crossover_rate': 0.75, 'mutation_rate': 0.15, 'survival_rate': 0.05, 'tournament_size': 2, 'mutation_iters': 1}",97,1,20,123.75732780710898,0.5013236999511719,20000,123.34164199704334,0.3370198445028029
GA,"{'population_size': 100, 'crossover_rate': 0.75, 'mutation_rate': 0.15, 'survival_rate': 0.05, 'tournament_size': 2, 'mutation_iters': 1}",97,2,20,118.67493681041606,0.47720956802368164,20000,118.182620805516,0.4165722519474567
GA,"{'population_size': 100, 'crossover_rate': 0.75, 'mutation_rate': 0.15, 'survival_rate': 0.05, 'tournament_size': 2, 'mutation_iters': 1}",97,3,20,164.70899709983956,0.4598875045776367,20000,163.88828838251453,0.5007732556273347
GA,"{'population_size': 100, 'crossover_rate': 0.75, 'mutation_rate': 0.15, 'survival_rate': 0.05, 'tournament_size': 2, 'mutation_iters': 1}",97,4,50,316.6086328436791,1.935506820678711,33200,315.1086406332271,0.4760238270323922
GA,"{'population_size': 100, 'crossover_rate': 0.75, 'mutation_rate': 0.15, 'survival_rate': 0.05, 'tournament_size': 2, 'mutation_iters': 1}",97,5,50,358.46657825905646,2.7708518505096436,46300,356.7151767230881,0.49098038161912133
GA,"{'population_size': 100, 'crossover_rate': 0.75, 'mutation_rate': 0.15, 'survival_rate': 0.05, 'tournament_size': 2, 'mutation_iters': 1}",97,6,50,381.8558869126811,3.559040069580078,56600,380.95278886744313,0.2370629830333715
GA,"{'population_size': 100, 'crossover_rate': 0.75, 'mutation_rate': 0.15, 'survival_rate': 0.05, 'tournament_size': 2, 'mutation_iters': 1}",97,7,100,756.8767484244776,12.93424916267395,108400,755.2922150926004,0.2097907670983911
GA,"{'population_size': 100, 'crossover_rate': 0.75, 'mutation_rate': 0.15, 'survival_rate': 0.05, 'tournament_size': 2, 'mutation_iters': 1}",97,8,100,707.6862378640794,5.442172527313232,46400,704.7356821685974,0.4186755077311673
GA,"{'population_size': 100, 'crossover_rate': 0.75, 'mutation_rate': 0.15, 'survival_rate': 0.05, 'tournament_size': 2, 'mutation_iters': 1}",97,9,100,727.1609345563712,36.26405167579651,312500,727.1609345563712,0.0
GA,"{'population_size': 100, 'crossover_rate': 0.75, 'mutation_rate': 0.15, 'survival_rate': 0.05, 'tournament_size': 2, 'mutation_iters': 3}",98,1,20,123.83435219181696,0.9333300590515137,37200,123.34164199704334,0.3994678413519359
GA,"{'population_size': 100, 'crossover_rate': 0.75, 'mutation_rate': 0.15, 'survival_rate': 0.05, 'tournament_size': 2, 'mutation_iters': 3}",98,2,20,118.681430978053,0.7342655658721924,29500,118.182620805516,0.4220672795519225
GA,"{'population_size': 100, 'crossover_rate': 0.75, 'mutation_rate': 0.15, 'survival_rate': 0.05, 'tournament_size': 2, 'mutation_iters': 3}",98,3,20,164.37692835956912,0.8281669616699219,34800,163.88828838251453,0.2981542988075547
GA,"{'population_size': 100, 'crossover_rate': 0.75, 'mutation_rate': 0.15, 'survival_rate': 0.05, 'tournament_size': 2, 'mutation_iters': 3}",98,4,50,316.7379193273488,5.631931304931641,95400,315.1086406332271,0.5170530045915513
GA,"{'population_size': 100, 'crossover_rate': 0.75, 'mutation_rate': 0.15, 'survival_rate': 0.05, 'tournament_size': 2, 'mutation_iters': 3}",98,5,50,359.2303580366524,1.590677261352539,25900,356.7151767230881,0.7050951228567288
GA,"{'population_size': 100, 'crossover_rate': 0.75, 'mutation_rate': 0.15, 'survival_rate': 0.05, 'tournament_size': 2, 'mutation_iters': 3}",98,6,50,383.51980700427833,2.496471881866455,39600,380.95278886744313,0.6738415393851926
GA,"{'population_size': 100, 'crossover_rate': 0.75, 'mutation_rate': 0.15, 'survival_rate': 0.05, 'tournament_size': 2, 'mutation_iters': 3}",98,7,100,760.6429670954143,11.668037414550781,96900,755.2922150926004,0.708434682086311
GA,"{'population_size': 100, 'crossover_rate': 0.75, 'mutation_rate': 0.15, 'survival_rate': 0.05, 'tournament_size': 2, 'mutation_iters': 3}",98,8,100,710.4738265391169,4.479582786560059,38100,704.7356821685974,0.814226456203018
GA,"{'population_size': 100, 'crossover_rate': 0.75, 'mutation_rate': 0.15, 'survival_rate': 0.05, 'tournament_size': 2, 'mutation_iters': 3}",98,9,100,733.2409337202428,6.63814640045166,57800,727.1609345563712,0.836128410498407
GA,"{'population_size': 100, 'crossover_rate': 0.75, 'mutation_rate': 0.15, 'survival_rate': 0.05, 'tournament_size': 5, 'mutation_iters': 1}",99,1,20,123.54270058914442,0.5159890651702881,20500,123.34164199704334,0.1630094985324558
GA,"{'population_size': 100, 'crossover_rate': 0.75, 'mutation_rate': 0.15, 'survival_rate': 0.05, 'tournament_size': 5, 'mutation_iters': 1}",99,2,20,119.11495618513615,0.4896671772003174,20000,118.182620805516,0.7888938096527983
GA,"{'population_size': 100, 'crossover_rate': 0.75, 'mutation_rate': 0.15, 'survival_rate': 0.05, 'tournament_size': 5, 'mutation_iters': 1}",99,3,20,165.31469996725127,0.48264288902282715,20000,163.88828838251453,0.870356020442109
GA,"{'population_size': 100, 'crossover_rate': 0.75, 'mutation_rate': 0.15, 'survival_rate': 0.05, 'tournament_size': 5, 'mutation_iters': 1}",99,4,50,316.41047714710595,2.317234516143799,39500,315.1086406332271,0.4131389451151706
GA,"{'population_size': 100, 'crossover_rate': 0.75, 'mutation_rate': 0.15, 'survival_rate': 0.05, 'tournament_size': 5, 'mutation_iters': 1}",99,5,50,357.9982714737656,3.0450026988983154,50400,356.7151767230881,0.35969726953152215
GA,"{'population_size': 100, 'crossover_rate': 0.75, 'mutation_rate': 0.15, 'survival_rate': 0.05, 'tournament_size': 5, 'mutation_iters': 1}",99,6,50,381.8949266774851,4.412192344665527,69600,380.95278886744313,0.2473109103211731
GA,"{'population_size': 100, 'crossover_rate': 0.75, 'mutation_rate': 0.15, 'survival_rate': 0.05, 'tournament_size': 5, 'mutation_iters': 1}",99,7,100,756.0854487487369,13.686821699142456,111900,755.2922150926004,0.10502341216892722
GA,"{'population_size': 100, 'crossover_rate': 0.75, 'mutation_rate': 0.15, 'survival_rate': 0.05, 'tournament_size': 5, 'mutation_iters': 1}",99,8,100,706.8123622471202,17.749913215637207,148100,704.7356821685974,0.29467502938584184
GA,"{'population_size': 100, 'crossover_rate': 0.75, 'mutation_rate': 0.15, 'survival_rate': 0.05, 'tournament_size': 5, 'mutation_iters': 1}",99,9,100,729.2733671823655,15.01472520828247,125600,727.1609345563712,0.29050414091387644
GA,"{'population_size': 100, 'crossover_rate': 0.75, 'mutation_rate': 0.15, 'survival_rate': 0.05, 'tournament_size': 5, 'mutation_iters': 3}",100,1,20,125.6366972055523,0.5196437835693359,20000,123.34164199704334,1.8607302216423964
GA,"{'population_size': 100, 'crossover_rate': 0.75, 'mutation_rate': 0.15, 'survival_rate': 0.05, 'tournament_size': 5, 'mutation_iters': 3}",100,2,20,119.2779042652268,0.7632651329040527,30500,118.182620805516,0.9267720179545035
GA,"{'population_size': 100, 'crossover_rate': 0.75, 'mutation_rate': 0.15, 'survival_rate': 0.05, 'tournament_size': 5, 'mutation_iters': 3}",100,3,20,165.2106863605539,0.6322507858276367,25900,163.88828838251453,0.8068898583850549
GA,"{'population_size': 100, 'crossover_rate': 0.75, 'mutation_rate': 0.15, 'survival_rate': 0.05, 'tournament_size': 5, 'mutation_iters': 3}",100,4,50,317.47525367823664,1.5824313163757324,26400,315.1086406332271,0.7510466994030144
GA,"{'population_size': 100, 'crossover_rate': 0.75, 'mutation_rate': 0.15, 'survival_rate': 0.05, 'tournament_size': 5, 'mutation_iters': 3}",100,5,50,361.2038346969016,1.600778579711914,25300,356.7151767230881,1.2583310906611473
GA,"{'population_size': 100, 'crossover_rate': 0.75, 'mutation_rate': 0.15, 'survival_rate': 0.05, 'tournament_size': 5, 'mutation_iters': 3}",100,6,50,385.7274684875917,1.3456575870513916,20000,380.95278886744313,1.2533520582283926
GA,"{'population_size': 100, 'crossover_rate': 0.75, 'mutation_rate': 0.15, 'survival_rate': 0.05, 'tournament_size': 5, 'mutation_iters': 3}",100,7,100,764.075761720123,3.527759313583374,28500,755.2922150926004,1.1629335576357955
GA,"{'population_size': 100, 'crossover_rate': 0.75, 'mutation_rate': 0.15, 'survival_rate': 0.05, 'tournament_size': 5, 'mutation_iters': 3}",100,8,100,711.9345906591107,2.4001665115356445,20000,704.7356821685974,1.021504753152413
GA,"{'population_size': 100, 'crossover_rate': 0.75, 'mutation_rate': 0.15, 'survival_rate': 0.05, 'tournament_size': 5, 'mutation_iters': 3}",100,9,100,735.8911908236163,3.3887150287628174,29100,727.1609345563712,1.2005947861557293
GA,"{'population_size': 100, 'crossover_rate': 0.75, 'mutation_rate': 0.15, 'survival_rate': 0.1, 'tournament_size': 2, 'mutation_iters': 1}",101,1,20,123.87502777053025,0.5265629291534424,20000,123.34164199704334,0.43244581866333404
GA,"{'population_size': 100, 'crossover_rate': 0.75, 'mutation_rate': 0.15, 'survival_rate': 0.1, 'tournament_size': 2, 'mutation_iters': 1}",101,2,20,118.69804945578343,0.48900723457336426,20000,118.182620805516,0.4361289729017257
GA,"{'population_size': 100, 'crossover_rate': 0.75, 'mutation_rate': 0.15, 'survival_rate': 0.1, 'tournament_size': 2, 'mutation_iters': 1}",101,3,20,164.5361398979017,0.48488807678222656,20000,163.88828838251453,0.39530067815162695
GA,"{'population_size': 100, 'crossover_rate': 0.75, 'mutation_rate': 0.15, 'survival_rate': 0.1, 'tournament_size': 2, 'mutation_iters': 1}",101,4,50,315.3919599368607,4.023247241973877,66700,315.1086406332271,0.08991162637250237
GA,"{'population_size': 100, 'crossover_rate': 0.75, 'mutation_rate': 0.15, 'survival_rate': 0.1, 'tournament_size': 2, 'mutation_iters': 1}",101,5,50,359.8371073700971,2.4172680377960205,40800,356.7151767230881,0.8751886240692477
GA,"{'population_size': 100, 'crossover_rate': 0.75, 'mutation_rate': 0.15, 'survival_rate': 0.1, 'tournament_size': 2, 'mutation_iters': 1}",101,6,50,382.54886160614217,2.9148662090301514,44600,380.95278886744313,0.4189686452864917
GA,"{'population_size': 100, 'crossover_rate': 0.75, 'mutation_rate': 0.15, 'survival_rate': 0.1, 'tournament_size': 2, 'mutation_iters': 1}",101,7,100,755.8929438298167,16.837151288986206,137800,755.2922150926004,0.07953593658351633
GA,"{'population_size': 100, 'crossover_rate': 0.75, 'mutation_rate': 0.15, 'survival_rate': 0.1, 'tournament_size': 2, 'mutation_iters': 1}",101,8,100,705.6046152019713,12.806091547012329,109100,704.7356821685974,0.12329913971435785
GA,"{'population_size': 100, 'crossover_rate': 0.75, 'mutation_rate': 0.15, 'survival_rate': 0.1, 'tournament_size': 2, 'mutation_iters': 1}",101,9,100,728.1526370112972,17.80005407333374,155200,727.1609345563712,0.13638005120984753
GA,"{'population_size': 100, 'crossover_rate': 0.75, 'mutation_rate': 0.15, 'survival_rate': 0.1, 'tournament_size': 2, 'mutation_iters': 3}",102,1,20,123.65770911257188,0.7760446071624756,31300,123.34164199704334,0.25625337105218404
GA,"{'population_size': 100, 'crossover_rate': 0.75, 'mutation_rate': 0.15, 'survival_rate': 0.1, 'tournament_size': 2, 'mutation_iters': 3}",102,2,20,118.89131974113678,0.5008442401885986,20900,118.182620805516,0.5996642575620649
GA,"{'population_size': 100, 'crossover_rate': 0.75, 'mutation_rate': 0.15, 'survival_rate': 0.1, 'tournament_size': 2, 'mutation_iters': 3}",102,3,20,165.4420561348758,0.5155754089355469,22000,163.88828838251453,0.9480651532187462
GA,"{'population_size': 100, 'crossover_rate': 0.75, 'mutation_rate': 0.15, 'survival_rate': 0.1, 'tournament_size': 2, 'mutation_iters': 3}",102,4,50,320.0933268205588,1.5300557613372803,26200,315.1086406332271,1.5818944784613713
GA,"{'population_size': 100, 'crossover_rate': 0.75, 'mutation_rate': 0.15, 'survival_rate': 0.1, 'tournament_size': 2, 'mutation_iters': 3}",102,5,50,359.8409341090342,1.295966625213623,21400,356.7151767230881,0.876261395621123
GA,"{'population_size': 100, 'crossover_rate': 0.75, 'mutation_rate': 0.15, 'survival_rate': 0.1, 'tournament_size': 2, 'mutation_iters': 3}",102,6,50,384.19975107310387,1.8215527534484863,29200,380.95278886744313,0.8523266663341199
GA,"{'population_size': 100, 'crossover_rate': 0.75, 'mutation_rate': 0.15, 'survival_rate': 0.1, 'tournament_size': 2, 'mutation_iters': 3}",102,7,100,762.1974213921394,5.563354015350342,46800,755.2922150926004,0.9142430123806371
GA,"{'population_size': 100, 'crossover_rate': 0.75, 'mutation_rate': 0.15, 'survival_rate': 0.1, 'tournament_size': 2, 'mutation_iters': 3}",102,8,100,709.9795883036079,5.955307483673096,50400,704.7356821685974,0.7440954485054756
GA,"{'population_size': 100, 'crossover_rate': 0.75, 'mutation_rate': 0.15, 'survival_rate': 0.1, 'tournament_size': 2, 'mutation_iters': 3}",102,9,100,734.0192949465152,3.9892284870147705,34800,727.1609345563712,0.943169532935392
GA,"{'population_size': 100, 'crossover_rate': 0.75, 'mutation_rate': 0.15, 'survival_rate': 0.1, 'tournament_size': 5, 'mutation_iters': 1}",103,1,20,124.14740436293508,0.5299270153045654,20000,123.34164199704334,0.6532768275543576
GA,"{'population_size': 100, 'crossover_rate': 0.75, 'mutation_rate': 0.15, 'survival_rate': 0.1, 'tournament_size': 5, 'mutation_iters': 1}",103,2,20,119.33564251652258,0.503303050994873,20000,118.182620805516,0.9756271295624983
GA,"{'population_size': 100, 'crossover_rate': 0.75, 'mutation_rate': 0.15, 'survival_rate': 0.1, 'tournament_size': 5, 'mutation_iters': 1}",103,3,20,164.2742573491699,0.4956810474395752,20000,163.88828838251453,0.23550735105275192
GA,"{'population_size': 100, 'crossover_rate': 0.75, 'mutation_rate': 0.15, 'survival_rate': 0.1, 'tournament_size': 5, 'mutation_iters': 1}",103,4,50,316.05767290749014,2.7619760036468506,44200,315.1086406332271,0.3011762141323487
GA,"{'population_size': 100, 'crossover_rate': 0.75, 'mutation_rate': 0.15, 'survival_rate': 0.1, 'tournament_size': 5, 'mutation_iters': 1}",103,5,50,357.829111397252,1.9464950561523438,31600,356.7151767230881,0.31227566048545624
GA,"{'population_size': 100, 'crossover_rate': 0.75, 'mutation_rate': 0.15, 'survival_rate': 0.1, 'tournament_size': 5, 'mutation_iters': 1}",103,6,50,383.0418390648066,1.7172439098358154,27400,380.95278886744313,0.5483750896204547
GA,"{'population_size': 100, 'crossover_rate': 0.75, 'mutation_rate': 0.15, 'survival_rate': 0.1, 'tournament_size': 5, 'mutation_iters': 1}",103,7,100,755.6231298293145,12.9341139793396,105900,755.2922150926004,0.04381280914878278
GA,"{'population_size': 100, 'crossover_rate': 0.75, 'mutation_rate': 0.15, 'survival_rate': 0.1, 'tournament_size': 5, 'mutation_iters': 1}",103,8,100,705.9442170634034,12.632450342178345,105500,704.7356821685974,0.1714876833094544
GA,"{'population_size': 100, 'crossover_rate': 0.75, 'mutation_rate': 0.15, 'survival_rate': 0.1, 'tournament_size': 5, 'mutation_iters': 1}",103,9,100,729.0482333709368,10.991515398025513,94800,727.1609345563712,0.25954348272532274
GA,"{'population_size': 100, 'crossover_rate': 0.75, 'mutation_rate': 0.15, 'survival_rate': 0.1, 'tournament_size': 5, 'mutation_iters': 3}",104,1,20,124.25039298109095,0.6584405899047852,25400,123.34164199704334,0.7367754874459985
GA,"{'population_size': 100, 'crossover_rate': 0.75, 'mutation_rate': 0.15, 'survival_rate': 0.1, 'tournament_size': 5, 'mutation_iters': 3}",104,2,20,119.52616179128835,0.4945247173309326,20000,118.182620805516,1.1368346518421786
GA,"{'population_size': 100, 'crossover_rate': 0.75, 'mutation_rate': 0.15, 'survival_rate': 0.1, 'tournament_size': 5, 'mutation_iters': 3}",104,3,20,165.23926904764085,0.5692102909088135,23200,163.88828838251453,0.8243302059346255
GA,"{'population_size': 100, 'crossover_rate': 0.75, 'mutation_rate': 0.15, 'survival_rate': 0.1, 'tournament_size': 5, 'mutation_iters': 3}",104,4,50,318.1292808641784,1.6791713237762451,27800,315.1086406332271,0.958602793271923
GA,"{'population_size': 100, 'crossover_rate': 0.75, 'mutation_rate': 0.15, 'survival_rate': 0.1, 'tournament_size': 5, 'mutation_iters': 3}",104,5,50,359.96170331118304,1.6270337104797363,26900,356.7151767230881,0.9101173148613035
GA,"{'population_size': 100, 'crossover_rate': 0.75, 'mutation_rate': 0.15, 'survival_rate': 0.1, 'tournament_size': 5, 'mutation_iters': 3}",104,6,50,385.1996731467878,2.349299669265747,36700,380.95278886744313,1.1148059296193842
GA,"{'population_size': 100, 'crossover_rate': 0.75, 'mutation_rate': 0.15, 'survival_rate': 0.1, 'tournament_size': 5, 'mutation_iters': 3}",104,7,100,764.944928781562,2.6708734035491943,21600,755.2922150926004,1.2780104833700932
GA,"{'population_size': 100, 'crossover_rate': 0.75, 'mutation_rate': 0.15, 'survival_rate': 0.1, 'tournament_size': 5, 'mutation_iters': 3}",104,8,100,711.9115804230933,2.7341771125793457,22700,704.7356821685974,1.0182396657445223
GA,"{'population_size': 100, 'crossover_rate': 0.75, 'mutation_rate': 0.15, 'survival_rate': 0.1, 'tournament_size': 5, 'mutation_iters': 3}",104,9,100,735.1635189469246,3.84981369972229,33400,727.1609345563712,1.100524520811283
GA,"{'population_size': 100, 'crossover_rate': 0.75, 'mutation_rate': 0.15, 'survival_rate': 0.15, 'tournament_size': 2, 'mutation_iters': 1}",105,1,20,123.65730369502539,0.5042505264282227,20000,123.34164199704334,0.25592467626595894
GA,"{'population_size': 100, 'crossover_rate': 0.75, 'mutation_rate': 0.15, 'survival_rate': 0.15, 'tournament_size': 2, 'mutation_iters': 1}",105,2,20,118.9400587682048,0.6935839653015137,29200,118.182620805516,0.6409046926918881
GA,"{'population_size': 100, 'crossover_rate': 0.75, 'mutation_rate': 0.15, 'survival_rate': 0.15, 'tournament_size': 2, 'mutation_iters': 1}",105,3,20,165.3895230700197,0.5113570690155029,21300,163.88828838251453,0.9160109622972482
GA,"{'population_size': 100, 'crossover_rate': 0.75, 'mutation_rate': 0.15, 'survival_rate': 0.15, 'tournament_size': 2, 'mutation_iters': 1}",105,4,50,316.26952177723234,3.0587666034698486,51200,315.1086406332271,0.3684066364135266
GA,"{'population_size': 100, 'crossover_rate': 0.75, 'mutation_rate': 0.15, 'survival_rate': 0.15, 'tournament_size': 2, 'mutation_iters': 1}",105,5,50,358.3340896420852,2.9160361289978027,48600,356.7151767230881,0.45383909198060357
GA,"{'population_size': 100, 'crossover_rate': 0.75, 'mutation_rate': 0.15, 'survival_rate': 0.15, 'tournament_size': 2, 'mutation_iters': 1}",105,6,50,382.4149991519484,3.8743419647216797,63200,380.95278886744313,0.3838297886865067
GA,"{'population_size': 100, 'crossover_rate': 0.75, 'mutation_rate': 0.15, 'survival_rate': 0.15, 'tournament_size': 2, 'mutation_iters': 1}",105,7,100,755.9903737245132,17.284910917282104,144900,755.2922150926004,0.09243556572700345
GA,"{'population_size': 100, 'crossover_rate': 0.75, 'mutation_rate': 0.15, 'survival_rate': 0.15, 'tournament_size': 2, 'mutation_iters': 1}",105,8,100,706.5729145000246,9.369621753692627,80700,704.7356821685974,0.26069807133558776
GA,"{'population_size': 100, 'crossover_rate': 0.75, 'mutation_rate': 0.15, 'survival_rate': 0.15, 'tournament_size': 2, 'mutation_iters': 1}",105,9,100,729.7188245408081,8.19365119934082,70900,727.1609345563712,0.35176394424948165
GA,"{'population_size': 100, 'crossover_rate': 0.75, 'mutation_rate': 0.15, 'survival_rate': 0.15, 'tournament_size': 2, 'mutation_iters': 3}",106,1,20,124.15532605778664,0.5223238468170166,21400,123.34164199704334,0.6596993907076442
GA,"{'population_size': 100, 'crossover_rate': 0.75, 'mutation_rate': 0.15, 'survival_rate': 0.15, 'tournament_size': 2, 'mutation_iters': 3}",106,2,20,118.90515135884895,0.48413515090942383,20000,118.182620805516,0.6113678546035729
GA,"{'population_size': 100, 'crossover_rate': 0.75, 'mutation_rate': 0.15, 'survival_rate': 0.15, 'tournament_size': 2, 'mutation_iters': 3}",106,3,20,164.8261350119395,0.8497331142425537,36700,163.88828838251453,0.5722474977809505
GA,"{'population_size': 100, 'crossover_rate': 0.75, 'mutation_rate': 0.15, 'survival_rate': 0.15, 'tournament_size': 2, 'mutation_iters': 3}",106,4,50,319.21878264487043,1.7364990711212158,29800,315.1086406332271,1.3043571269209897
GA,"{'population_size': 100, 'crossover_rate': 0.75, 'mutation_rate': 0.15, 'survival_rate': 0.15, 'tournament_size': 2, 'mutation_iters': 3}",106,5,50,360.39272100160144,1.389139175415039,23500,356.7151767230881,1.0309469623066074
GA,"{'population_size': 100, 'crossover_rate': 0.75, 'mutation_rate': 0.15, 'survival_rate': 0.15, 'tournament_size': 2, 'mutation_iters': 3}",106,6,50,383.1249204929726,1.8098490238189697,28900,380.95278886744313,0.5701839411616114
GA,"{'population_size': 100, 'crossover_rate': 0.75, 'mutation_rate': 0.15, 'survival_rate': 0.15, 'tournament_size': 2, 'mutation_iters': 3}",106,7,100,765.082139877768,2.805642604827881,23800,755.2922150926004,1.2961771072891766
GA,"{'population_size': 100, 'crossover_rate': 0.75, 'mutation_rate': 0.15, 'survival_rate': 0.15, 'tournament_size': 2, 'mutation_iters': 3}",106,8,100,712.1125295569807,3.7821364402770996,32400,704.7356821685974,1.0467537794713992
GA,"{'population_size': 100, 'crossover_rate': 0.75, 'mutation_rate': 0.15, 'survival_rate': 0.15, 'tournament_size': 2, 'mutation_iters': 3}",106,9,100,733.2136996742289,9.423288106918335,83600,727.1609345563712,0.8323831534693734
GA,"{'population_size': 100, 'crossover_rate': 0.75, 'mutation_rate': 0.15, 'survival_rate': 0.15, 'tournament_size': 5, 'mutation_iters': 1}",107,1,20,124.23724117375845,0.5066647529602051,20000,123.34164199704334,0.7261125782131048
GA,"{'population_size': 100, 'crossover_rate': 0.75, 'mutation_rate': 0.15, 'survival_rate': 0.15, 'tournament_size': 5, 'mutation_iters': 1}",107,2,20,118.71945435316485,0.4858720302581787,20000,118.182620805516,0.4542406861430831
GA,"{'population_size': 100, 'crossover_rate': 0.75, 'mutation_rate': 0.15, 'survival_rate': 0.15, 'tournament_size': 5, 'mutation_iters': 1}",107,3,20,165.16370693741575,0.47476840019226074,20000,163.88828838251453,0.7782243426231903
GA,"{'population_size': 100, 'crossover_rate': 0.75, 'mutation_rate': 0.15, 'survival_rate': 0.15, 'tournament_size': 5, 'mutation_iters': 1}",107,4,50,317.0810183097272,4.934228420257568,84400,315.1086406332271,0.6259357637849986
GA,"{'population_size': 100, 'crossover_rate': 0.75, 'mutation_rate': 0.15, 'survival_rate': 0.15, 'tournament_size': 5, 'mutation_iters': 1}",107,5,50,356.7151767230881,5.171475410461426,86900,356.7151767230881,0.0
GA,"{'population_size': 100, 'crossover_rate': 0.75, 'mutation_rate': 0.15, 'survival_rate': 0.15, 'tournament_size': 5, 'mutation_iters': 1}",107,6,50,383.1705006109782,3.0629031658172607,48900,380.95278886744313,0.5821487093264831
GA,"{'population_size': 100, 'crossover_rate': 0.75, 'mutation_rate': 0.15, 'survival_rate': 0.15, 'tournament_size': 5, 'mutation_iters': 1}",107,7,100,757.5369344123179,21.033026695251465,175100,755.2922150926004,0.29719878940395794
GA,"{'population_size': 100, 'crossover_rate': 0.75, 'mutation_rate': 0.15, 'survival_rate': 0.15, 'tournament_size': 5, 'mutation_iters': 1}",107,8,100,706.7623096969813,11.393292665481567,95400,704.7356821685974,0.28757271409157104
GA,"{'population_size': 100, 'crossover_rate': 0.75, 'mutation_rate': 0.15, 'survival_rate': 0.15, 'tournament_size': 5, 'mutation_iters': 1}",107,9,100,728.770704430847,12.421830177307129,107500,727.1609345563712,0.22137738676210203
GA,"{'population_size': 100, 'crossover_rate': 0.75, 'mutation_rate': 0.15, 'survival_rate': 0.15, 'tournament_size': 5, 'mutation_iters': 3}",108,1,20,124.42411692342954,0.506657600402832,20000,123.34164199704334,0.8776232494230504
GA,"{'population_size': 100, 'crossover_rate': 0.75, 'mutation_rate': 0.15, 'survival_rate': 0.15, 'tournament_size': 5, 'mutation_iters': 3}",108,2,20,119.63533902095375,0.49653053283691406,20000,118.182620805516,1.2292147572428451
GA,"{'population_size': 100, 'crossover_rate': 0.75, 'mutation_rate': 0.15, 'survival_rate': 0.15, 'tournament_size': 5, 'mutation_iters': 3}",108,3,20,164.53667370442602,0.8724393844604492,36900,163.88828838251453,0.39562639180059167
GA,"{'population_size': 100, 'crossover_rate': 0.75, 'mutation_rate': 0.15, 'survival_rate': 0.15, 'tournament_size': 5, 'mutation_iters': 3}",108,4,50,318.6483205839359,1.4903390407562256,25600,315.1086406332271,1.1233204978434297
GA,"{'population_size': 100, 'crossover_rate': 0.75, 'mutation_rate': 0.15, 'survival_rate': 0.15, 'tournament_size': 5, 'mutation_iters': 3}",108,5,50,363.17741187931784,1.6852233409881592,28500,356.7151767230881,1.8115952384179734
GA,"{'population_size': 100, 'crossover_rate': 0.75, 'mutation_rate': 0.15, 'survival_rate': 0.15, 'tournament_size': 5, 'mutation_iters': 3}",108,6,50,385.4039574177842,1.5078537464141846,24300,380.95278886744313,1.1684304933359944
GA,"{'population_size': 100, 'crossover_rate': 0.75, 'mutation_rate': 0.15, 'survival_rate': 0.15, 'tournament_size': 5, 'mutation_iters': 3}",108,7,100,764.2861845105516,2.364488363265991,20000,755.2922150926004,1.190793343057105
GA,"{'population_size': 100, 'crossover_rate': 0.75, 'mutation_rate': 0.15, 'survival_rate': 0.15, 'tournament_size': 5, 'mutation_iters': 3}",108,8,100,715.4144648138752,2.3463358879089355,20000,704.7356821685974,1.5152890531124077
GA,"{'population_size': 100, 'crossover_rate': 0.75, 'mutation_rate': 0.15, 'survival_rate': 0.15, 'tournament_size': 5, 'mutation_iters': 3}",108,9,100,737.5089623047652,2.2813994884490967,20000,727.1609345563712,1.4230725629818293
GA,"{'population_size': 100, 'crossover_rate': 0.9, 'mutation_rate': 0.05, 'survival_rate': 0.05, 'tournament_size': 2, 'mutation_iters': 1}",109,1,20,124.35254324906188,0.4998021125793457,20000,123.34164199704334,0.8195944497339952
GA,"{'population_size': 100, 'crossover_rate': 0.9, 'mutation_rate': 0.05, 'survival_rate': 0.05, 'tournament_size': 2, 'mutation_iters': 1}",109,2,20,118.74213379788982,0.4878380298614502,20000,118.182620805516,0.4734308551970368
GA,"{'population_size': 100, 'crossover_rate': 0.9, 'mutation_rate': 0.05, 'survival_rate': 0.05, 'tournament_size': 2, 'mutation_iters': 1}",109,3,20,164.32580478784368,0.49858713150024414,21600,163.88828838251453,0.26696014074415564
GA,"{'population_size': 100, 'crossover_rate': 0.9, 'mutation_rate': 0.05, 'survival_rate': 0.05, 'tournament_size': 2, 'mutation_iters': 1}",109,4,50,316.07970532370234,2.9502663612365723,49800,315.1086406332271,0.3081682204981287
GA,"{'population_size': 100, 'crossover_rate': 0.9, 'mutation_rate': 0.05, 'survival_rate': 0.05, 'tournament_size': 2, 'mutation_iters': 1}",109,5,50,358.0732963065521,3.8670148849487305,64600,356.7151767230881,0.38072940880736883
GA,"{'population_size': 100, 'crossover_rate': 0.9, 'mutation_rate': 0.05, 'survival_rate': 0.05, 'tournament_size': 2, 'mutation_iters': 1}",109,6,50,382.9243246232188,5.1608195304870605,82600,380.95278886744313,0.5175275817344638
GA,"{'population_size': 100, 'crossover_rate': 0.9, 'mutation_rate': 0.05, 'survival_rate': 0.05, 'tournament_size': 2, 'mutation_iters': 1}",109,7,100,760.297841248078,4.072455406188965,34100,755.2922150926004,0.6627403348601932
GA,"{'population_size': 100, 'crossover_rate': 0.9, 'mutation_rate': 0.05, 'survival_rate': 0.05, 'tournament_size': 2, 'mutation_iters': 1}",109,8,100,707.9116771201609,7.197490930557251,60900,704.7356821685974,0.4506647005286365
GA,"{'population_size': 100, 'crossover_rate': 0.9, 'mutation_rate': 0.05, 'survival_rate': 0.05, 'tournament_size': 2, 'mutation_iters': 1}",109,9,100,730.4457978731954,11.413856983184814,98800,727.1609345563712,0.45173814498549736
GA,"{'population_size': 100, 'crossover_rate': 0.9, 'mutation_rate': 0.05, 'survival_rate': 0.05, 'tournament_size': 2, 'mutation_iters': 3}",110,1,20,124.19746806615004,0.502922773361206,20000,123.34164199704334,0.6938662849382311
GA,"{'population_size': 100, 'crossover_rate': 0.9, 'mutation_rate': 0.05, 'survival_rate': 0.05, 'tournament_size': 2, 'mutation_iters': 3}",110,2,20,119.0797728955122,0.4795975685119629,20000,118.182620805516,0.7591235359999212
GA,"{'population_size': 100, 'crossover_rate': 0.9, 'mutation_rate': 0.05, 'survival_rate': 0.05, 'tournament_size': 2, 'mutation_iters': 3}",110,3,20,164.9794348696433,0.7538220882415771,32500,163.88828838251453,0.6657867367447581
GA,"{'population_size': 100, 'crossover_rate': 0.9, 'mutation_rate': 0.05, 'survival_rate': 0.05, 'tournament_size': 2, 'mutation_iters': 3}",110,4,50,319.26169739487153,1.7446985244750977,29600,315.1086406332271,1.3179761599995061
GA,"{'population_size': 100, 'crossover_rate': 0.9, 'mutation_rate': 0.05, 'survival_rate': 0.05, 'tournament_size': 2, 'mutation_iters': 3}",110,5,50,360.46426622207264,1.195329189300537,20000,356.7151767230881,1.0510036420162945
GA,"{'population_size': 100, 'crossover_rate': 0.9, 'mutation_rate': 0.05, 'survival_rate': 0.05, 'tournament_size': 2, 'mutation_iters': 3}",110,6,50,385.0382034085929,1.2539141178131104,20000,380.95278886744313,1.0724201687289199
GA,"{'population_size': 100, 'crossover_rate': 0.9, 'mutation_rate': 0.05, 'survival_rate': 0.05, 'tournament_size': 2, 'mutation_iters': 3}",110,7,100,763.102422272505,6.840714454650879,57200,755.2922150926004,1.0340643030389358
GA,"{'population_size': 100, 'crossover_rate': 0.9, 'mutation_rate': 0.05, 'survival_rate': 0.05, 'tournament_size': 2, 'mutation_iters': 3}",110,8,100,712.4785992705773,4.26497745513916,35900,704.7356821685974,1.0986980364260304
GA,"{'population_size': 100, 'crossover_rate': 0.9, 'mutation_rate': 0.05, 'survival_rate': 0.05, 'tournament_size': 2, 'mutation_iters': 3}",110,9,100,737.0711955062483,2.683394432067871,23400,727.1609345563712,1.3628703742072092
GA,"{'population_size': 100, 'crossover_rate': 0.9, 'mutation_rate': 0.05, 'survival_rate': 0.05, 'tournament_size': 5, 'mutation_iters': 1}",111,1,20,124.00866363111237,0.5171191692352295,20000,123.34164199704334,0.5407919201246078
GA,"{'population_size': 100, 'crossover_rate': 0.9, 'mutation_rate': 0.05, 'survival_rate': 0.05, 'tournament_size': 5, 'mutation_iters': 1}",111,2,20,118.59534446016029,0.6021957397460938,24300,118.182620805516,0.34922533603606853
GA,"{'population_size': 100, 'crossover_rate': 0.9, 'mutation_rate': 0.05, 'survival_rate': 0.05, 'tournament_size': 5, 'mutation_iters': 1}",111,3,20,164.6062778059442,0.47815513610839844,20000,163.88828838251453,0.438096846648293
GA,"{'population_size': 100, 'crossover_rate': 0.9, 'mutation_rate': 0.05, 'survival_rate': 0.05, 'tournament_size': 5, 'mutation_iters': 1}",111,4,50,316.2839065749795,4.424627065658569,72300,315.1086406332271,0.3729716644363171
GA,"{'population_size': 100, 'crossover_rate': 0.9, 'mutation_rate': 0.05, 'survival_rate': 0.05, 'tournament_size': 5, 'mutation_iters': 1}",111,5,50,359.010719508534,2.903461217880249,46100,356.7151767230881,0.6435226015706866
GA,"{'population_size': 100, 'crossover_rate': 0.9, 'mutation_rate': 0.05, 'survival_rate': 0.05, 'tournament_size': 5, 'mutation_iters': 1}",111,6,50,382.30844987898723,3.292274236679077,52100,380.95278886744313,0.3558606344829301
GA,"{'population_size': 100, 'crossover_rate': 0.9, 'mutation_rate': 0.05, 'survival_rate': 0.05, 'tournament_size': 5, 'mutation_iters': 1}",111,7,100,758.5500771520487,14.667419195175171,119600,755.2922150926004,0.4313379635521532
GA,"{'population_size': 100, 'crossover_rate': 0.9, 'mutation_rate': 0.05, 'survival_rate': 0.05, 'tournament_size': 5, 'mutation_iters': 1}",111,8,100,708.77306719719,11.141440153121948,93300,704.7356821685974,0.5728935160724249
GA,"{'population_size': 100, 'crossover_rate': 0.9, 'mutation_rate': 0.05, 'survival_rate': 0.05, 'tournament_size': 5, 'mutation_iters': 1}",111,9,100,729.9738613945915,13.222229957580566,113000,727.1609345563712,0.38683690288400846
GA,"{'population_size': 100, 'crossover_rate': 0.9, 'mutation_rate': 0.05, 'survival_rate': 0.05, 'tournament_size': 5, 'mutation_iters': 3}",112,1,20,124.57732514505813,0.5174965858459473,20000,123.34164199704334,1.0018377637978966
GA,"{'population_size': 100, 'crossover_rate': 0.9, 'mutation_rate': 0.05, 'survival_rate': 0.05, 'tournament_size': 5, 'mutation_iters': 3}",112,2,20,119.41657018506676,0.49057507514953613,20000,118.182620805516,1.0441039225059834
GA,"{'population_size': 100, 'crossover_rate': 0.9, 'mutation_rate': 0.05, 'survival_rate': 0.05, 'tournament_size': 5, 'mutation_iters': 3}",112,3,20,165.46965564910764,0.48325276374816895,20000,163.88828838251453,0.9649055964891163
GA,"{'population_size': 100, 'crossover_rate': 0.9, 'mutation_rate': 0.05, 'survival_rate': 0.05, 'tournament_size': 5, 'mutation_iters': 3}",112,4,50,320.9223554563355,1.199659824371338,20000,315.1086406332271,1.8449874339927457
GA,"{'population_size': 100, 'crossover_rate': 0.9, 'mutation_rate': 0.05, 'survival_rate': 0.05, 'tournament_size': 5, 'mutation_iters': 3}",112,5,50,362.6127290510552,1.7326531410217285,28000,356.7151767230881,1.6532944805276042
GA,"{'population_size': 100, 'crossover_rate': 0.9, 'mutation_rate': 0.05, 'survival_rate': 0.05, 'tournament_size': 5, 'mutation_iters': 3}",112,6,50,386.10764674267335,1.329822063446045,20000,380.95278886744313,1.3531487433273293
GA,"{'population_size': 100, 'crossover_rate': 0.9, 'mutation_rate': 0.05, 'survival_rate': 0.05, 'tournament_size': 5, 'mutation_iters': 3}",112,7,100,768.5858624746863,2.446744918823242,20000,755.2922150926004,1.7600667816304891
GA,"{'population_size': 100, 'crossover_rate': 0.9, 'mutation_rate': 0.05, 'survival_rate': 0.05, 'tournament_size': 5, 'mutation_iters': 3}",112,8,100,712.1267437692526,4.512925863265991,37400,704.7356821685974,1.0487707359887921
GA,"{'population_size': 100, 'crossover_rate': 0.9, 'mutation_rate': 0.05, 'survival_rate': 0.05, 'tournament_size': 5, 'mutation_iters': 3}",112,9,100,736.5850884748284,2.436958074569702,20100,727.1609345563712,1.2960203815413511
GA,"{'population_size': 100, 'crossover_rate': 0.9, 'mutation_rate': 0.05, 'survival_rate': 0.1, 'tournament_size': 2, 'mutation_iters': 1}",113,1,20,124.08835748022534,0.6495320796966553,25200,123.34164199704334,0.6054042017698296
GA,"{'population_size': 100, 'crossover_rate': 0.9, 'mutation_rate': 0.05, 'survival_rate': 0.1, 'tournament_size': 2, 'mutation_iters': 1}",113,2,20,119.1995397025454,0.497178316116333,20000,118.182620805516,0.8604639921658731
GA,"{'population_size': 100, 'crossover_rate': 0.9, 'mutation_rate': 0.05, 'survival_rate': 0.1, 'tournament_size': 2, 'mutation_iters': 1}",113,3,20,164.493115271512,0.8916652202606201,37000,163.88828838251453,0.3690482675527223
GA,"{'population_size': 100, 'crossover_rate': 0.9, 'mutation_rate': 0.05, 'survival_rate': 0.1, 'tournament_size': 2, 'mutation_iters': 1}",113,4,50,316.5167835468582,2.902700424194336,48300,315.1086406332271,0.44687537314159415
GA,"{'population_size': 100, 'crossover_rate': 0.9, 'mutation_rate': 0.05, 'survival_rate': 0.1, 'tournament_size': 2, 'mutation_iters': 1}",113,5,50,358.0552019504357,4.406200885772705,72700,356.7151767230881,0.37565691475689345
GA,"{'population_size': 100, 'crossover_rate': 0.9, 'mutation_rate': 0.05, 'survival_rate': 0.1, 'tournament_size': 2, 'mutation_iters': 1}",113,6,50,382.805596139024,4.043959617614746,62700,380.95278886744313,0.4863613880053648
GA,"{'population_size': 100, 'crossover_rate': 0.9, 'mutation_rate': 0.05, 'survival_rate': 0.1, 'tournament_size': 2, 'mutation_iters': 1}",113,7,100,757.1539418448597,14.072430849075317,116600,755.2922150926004,0.2464909229907857
GA,"{'population_size': 100, 'crossover_rate': 0.9, 'mutation_rate': 0.05, 'survival_rate': 0.1, 'tournament_size': 2, 'mutation_iters': 1}",113,8,100,706.7632912061891,18.163108110427856,154300,704.7356821685974,0.28771198747202253
GA,"{'population_size': 100, 'crossover_rate': 0.9, 'mutation_rate': 0.05, 'survival_rate': 0.1, 'tournament_size': 2, 'mutation_iters': 1}",113,9,100,731.7190470826636,7.7123637199401855,67100,727.1609345563712,0.6268368265785863
GA,"{'population_size': 100, 'crossover_rate': 0.9, 'mutation_rate': 0.05, 'survival_rate': 0.1, 'tournament_size': 2, 'mutation_iters': 3}",114,1,20,124.30327906235198,0.4988110065460205,20000,123.34164199704334,0.7796532053073268
GA,"{'population_size': 100, 'crossover_rate': 0.9, 'mutation_rate': 0.05, 'survival_rate': 0.1, 'tournament_size': 2, 'mutation_iters': 3}",114,2,20,118.76745669956266,0.5035934448242188,20000,118.182620805516,0.4948577803237937
GA,"{'population_size': 100, 'crossover_rate': 0.9, 'mutation_rate': 0.05, 'survival_rate': 0.1, 'tournament_size': 2, 'mutation_iters': 3}",114,3,20,164.94959545034118,0.47358059883117676,20000,163.88828838251453,0.6475795667287468
GA,"{'population_size': 100, 'crossover_rate': 0.9, 'mutation_rate': 0.05, 'survival_rate': 0.1, 'tournament_size': 2, 'mutation_iters': 3}",114,4,50,320.281059486583,1.1504719257354736,20000,315.1086406332271,1.641471602607172
GA,"{'population_size': 100, 'crossover_rate': 0.9, 'mutation_rate': 0.05, 'survival_rate': 0.1, 'tournament_size': 2, 'mutation_iters': 3}",114,5,50,361.0835746937544,1.7626171112060547,29500,356.7151767230881,1.2246179180812828
GA,"{'population_size': 100, 'crossover_rate': 0.9, 'mutation_rate': 0.05, 'survival_rate': 0.1, 'tournament_size': 2, 'mutation_iters': 3}",114,6,50,385.9682282416767,1.2540521621704102,20000,380.95278886744313,1.3165514260032707
GA,"{'population_size': 100, 'crossover_rate': 0.9, 'mutation_rate': 0.05, 'survival_rate': 0.1, 'tournament_size': 2, 'mutation_iters': 3}",114,7,100,764.3576230570309,3.9088659286499023,32300,755.2922150926004,1.2002517414162766
GA,"{'population_size': 100, 'crossover_rate': 0.9, 'mutation_rate': 0.05, 'survival_rate': 0.1, 'tournament_size': 2, 'mutation_iters': 3}",114,8,100,712.7492510663786,2.419771194458008,20000,704.7356821685974,1.1371027607289732
GA,"{'population_size': 100, 'crossover_rate': 0.9, 'mutation_rate': 0.05, 'survival_rate': 0.1, 'tournament_size': 2, 'mutation_iters': 3}",114,9,100,735.4663181695466,2.3006863594055176,20000,727.1609345563712,1.1421658148127
GA,"{'population_size': 100, 'crossover_rate': 0.9, 'mutation_rate': 0.05, 'survival_rate': 0.1, 'tournament_size': 5, 'mutation_iters': 1}",115,1,20,123.82620239937735,0.5162520408630371,20000,123.34164199704334,0.39286034666672187
GA,"{'population_size': 100, 'crossover_rate': 0.9, 'mutation_rate': 0.05, 'survival_rate': 0.1, 'tournament_size': 5, 'mutation_iters': 1}",115,2,20,118.42856737262737,0.5001814365386963,20000,118.182620805516,0.20810722036373688
GA,"{'population_size': 100, 'crossover_rate': 0.9, 'mutation_rate': 0.05, 'survival_rate': 0.1, 'tournament_size': 5, 'mutation_iters': 1}",115,3,20,164.71361094502342,0.5192811489105225,21000,163.88828838251453,0.5035884935124761
GA,"{'population_size': 100, 'crossover_rate': 0.9, 'mutation_rate': 0.05, 'survival_rate': 0.1, 'tournament_size': 5, 'mutation_iters': 1}",115,4,50,318.06203667687265,3.6538360118865967,61200,315.1086406332271,0.9372627921946434
GA,"{'population_size': 100, 'crossover_rate': 0.9, 'mutation_rate': 0.05, 'survival_rate': 0.1, 'tournament_size': 5, 'mutation_iters': 1}",115,5,50,359.0362841221951,3.81099796295166,63400,356.7151767230881,0.6506892755249498
GA,"{'population_size': 100, 'crossover_rate': 0.9, 'mutation_rate': 0.05, 'survival_rate': 0.1, 'tournament_size': 5, 'mutation_iters': 1}",115,6,50,382.6147454283122,4.359639406204224,69500,380.95278886744313,0.4362631300875816
GA,"{'population_size': 100, 'crossover_rate': 0.9, 'mutation_rate': 0.05, 'survival_rate': 0.1, 'tournament_size': 5, 'mutation_iters': 1}",115,7,100,758.295539713579,9.243682384490967,77500,755.2922150926004,0.3976374389891547
GA,"{'population_size': 100, 'crossover_rate': 0.9, 'mutation_rate': 0.05, 'survival_rate': 0.1, 'tournament_size': 5, 'mutation_iters': 1}",115,8,100,707.1421604240254,15.07118844985962,128000,704.7356821685974,0.3414724578756808
GA,"{'population_size': 100, 'crossover_rate': 0.9, 'mutation_rate': 0.05, 'survival_rate': 0.1, 'tournament_size': 5, 'mutation_iters': 1}",115,9,100,731.7382945164895,10.100557804107666,86100,727.1609345563712,0.629483755602312
GA,"{'population_size': 100, 'crossover_rate': 0.9, 'mutation_rate': 0.05, 'survival_rate': 0.1, 'tournament_size': 5, 'mutation_iters': 3}",116,1,20,124.4632390672524,0.522761344909668,20000,123.34164199704334,0.9093417697779222
GA,"{'population_size': 100, 'crossover_rate': 0.9, 'mutation_rate': 0.05, 'survival_rate': 0.1, 'tournament_size': 5, 'mutation_iters': 3}",116,2,20,120.25217635148047,0.49114298820495605,20000,118.182620805516,1.7511504922286196
GA,"{'population_size': 100, 'crossover_rate': 0.9, 'mutation_rate': 0.05, 'survival_rate': 0.1, 'tournament_size': 5, 'mutation_iters': 3}",116,3,20,165.36525273946313,0.4826316833496094,20000,163.88828838251453,0.9012018927803865
GA,"{'population_size': 100, 'crossover_rate': 0.9, 'mutation_rate': 0.05, 'survival_rate': 0.1, 'tournament_size': 5, 'mutation_iters': 3}",116,4,50,318.52192101544944,1.627129316329956,26500,315.1086406332271,1.0832074853178226
GA,"{'population_size': 100, 'crossover_rate': 0.9, 'mutation_rate': 0.05, 'survival_rate': 0.1, 'tournament_size': 5, 'mutation_iters': 3}",116,5,50,363.11827424522863,1.2101688385009766,20000,356.7151767230881,1.7950168481648674
GA,"{'population_size': 100, 'crossover_rate': 0.9, 'mutation_rate': 0.05, 'survival_rate': 0.1, 'tournament_size': 5, 'mutation_iters': 3}",116,6,50,385.7546363037534,1.2866673469543457,20200,380.95278886744313,1.2604836023345434
GA,"{'population_size': 100, 'crossover_rate': 0.9, 'mutation_rate': 0.05, 'survival_rate': 0.1, 'tournament_size': 5, 'mutation_iters': 3}",116,7,100,767.2699432614231,2.4640185832977295,20000,755.2922150926004,1.585840278699848
GA,"{'population_size': 100, 'crossover_rate': 0.9, 'mutation_rate': 0.05, 'survival_rate': 0.1, 'tournament_size': 5, 'mutation_iters': 3}",116,8,100,714.6414763688479,2.545323133468628,21400,704.7356821685974,1.4056041791113254
GA,"{'population_size': 100, 'crossover_rate': 0.9, 'mutation_rate': 0.05, 'survival_rate': 0.1, 'tournament_size': 5, 'mutation_iters': 3}",116,9,100,738.4831577599415,2.32481050491333,20000,727.1609345563712,1.55704503164458
GA,"{'population_size': 100, 'crossover_rate': 0.9, 'mutation_rate': 0.05, 'survival_rate': 0.15, 'tournament_size': 2, 'mutation_iters': 1}",117,1,20,123.65730369502539,0.49142980575561523,20000,123.34164199704334,0.25592467626595894
GA,"{'population_size': 100, 'crossover_rate': 0.9, 'mutation_rate': 0.05, 'survival_rate': 0.15, 'tournament_size': 2, 'mutation_iters': 1}",117,2,20,118.47278875987723,0.6718387603759766,27700,118.182620805516,0.24552506314675862
GA,"{'population_size': 100, 'crossover_rate': 0.9, 'mutation_rate': 0.05, 'survival_rate': 0.15, 'tournament_size': 2, 'mutation_iters': 1}",117,3,20,164.70053808012332,0.4708592891693115,20000,163.88828838251453,0.49561180095615154
GA,"{'population_size': 100, 'crossover_rate': 0.9, 'mutation_rate': 0.05, 'survival_rate': 0.15, 'tournament_size': 2, 'mutation_iters': 1}",117,4,50,316.31994781210653,5.435845375061035,90700,315.1086406332271,0.3844093822515521
GA,"{'population_size': 100, 'crossover_rate': 0.9, 'mutation_rate': 0.05, 'survival_rate': 0.15, 'tournament_size': 2, 'mutation_iters': 1}",117,5,50,359.59361112294215,2.176669120788574,36500,356.7151767230881,0.8069279323342355
GA,"{'population_size': 100, 'crossover_rate': 0.9, 'mutation_rate': 0.05, 'survival_rate': 0.15, 'tournament_size': 2, 'mutation_iters': 1}",117,6,50,381.99239851606677,6.110422849655151,96000,380.95278886744313,0.27289724055160625
GA,"{'population_size': 100, 'crossover_rate': 0.9, 'mutation_rate': 0.05, 'survival_rate': 0.15, 'tournament_size': 2, 'mutation_iters': 1}",117,7,100,758.0359831082175,14.726306676864624,121600,755.2922150926004,0.36327238131015305
GA,"{'population_size': 100, 'crossover_rate': 0.9, 'mutation_rate': 0.05, 'survival_rate': 0.15, 'tournament_size': 2, 'mutation_iters': 1}",117,8,100,706.6868883908229,14.631114482879639,122000,704.7356821685974,0.27687064407202167
GA,"{'population_size': 100, 'crossover_rate': 0.9, 'mutation_rate': 0.05, 'survival_rate': 0.15, 'tournament_size': 2, 'mutation_iters': 1}",117,9,100,731.4155309738293,11.361760377883911,97800,727.1609345563712,0.5850969455686889
GA,"{'population_size': 100, 'crossover_rate': 0.9, 'mutation_rate': 0.05, 'survival_rate': 0.15, 'tournament_size': 2, 'mutation_iters': 3}",118,1,20,124.4183682425749,0.494126558303833,20000,123.34164199704334,0.8729624708234148
GA,"{'population_size': 100, 'crossover_rate': 0.9, 'mutation_rate': 0.05, 'survival_rate': 0.15, 'tournament_size': 2, 'mutation_iters': 3}",118,2,20,118.99583227375672,0.4915595054626465,20000,118.182620805516,0.6880973384225103
GA,"{'population_size': 100, 'crossover_rate': 0.9, 'mutation_rate': 0.05, 'survival_rate': 0.15, 'tournament_size': 2, 'mutation_iters': 3}",118,3,20,165.38301942020226,0.4803321361541748,20000,163.88828838251453,0.9120426190546531
GA,"{'population_size': 100, 'crossover_rate': 0.9, 'mutation_rate': 0.05, 'survival_rate': 0.15, 'tournament_size': 2, 'mutation_iters': 3}",118,4,50,321.5395914020519,1.4141509532928467,24300,315.1086406332271,2.0408677959136483
GA,"{'population_size': 100, 'crossover_rate': 0.9, 'mutation_rate': 0.05, 'survival_rate': 0.15, 'tournament_size': 2, 'mutation_iters': 3}",118,5,50,360.971300751226,1.3597798347473145,23200,356.7151767230881,1.1931435234228471
GA,"{'population_size': 100, 'crossover_rate': 0.9, 'mutation_rate': 0.05, 'survival_rate': 0.15, 'tournament_size': 2, 'mutation_iters': 3}",118,6,50,383.54426429044827,2.201540231704712,35200,380.95278886744313,0.6802615701303788
GA,"{'population_size': 100, 'crossover_rate': 0.9, 'mutation_rate': 0.05, 'survival_rate': 0.15, 'tournament_size': 2, 'mutation_iters': 3}",118,7,100,764.3805663841972,2.3541347980499268,20000,755.2922150926004,1.2032894169950614
GA,"{'population_size': 100, 'crossover_rate': 0.9, 'mutation_rate': 0.05, 'survival_rate': 0.15, 'tournament_size': 2, 'mutation_iters': 3}",118,8,100,713.7689178498134,2.3341481685638428,20000,704.7356821685974,1.2817905932362035
GA,"{'population_size': 100, 'crossover_rate': 0.9, 'mutation_rate': 0.05, 'survival_rate': 0.15, 'tournament_size': 2, 'mutation_iters': 3}",118,9,100,738.4868345434809,2.7312819957733154,24100,727.1609345563712,1.5575506671049935
GA,"{'population_size': 100, 'crossover_rate': 0.9, 'mutation_rate': 0.05, 'survival_rate': 0.15, 'tournament_size': 5, 'mutation_iters': 1}",119,1,20,124.19923198928434,0.5021462440490723,20000,123.34164199704334,0.6952963965418595
GA,"{'population_size': 100, 'crossover_rate': 0.9, 'mutation_rate': 0.05, 'survival_rate': 0.15, 'tournament_size': 5, 'mutation_iters': 1}",119,2,20,119.14404426376402,0.4828016757965088,20000,118.182620805516,0.8135066321046993
GA,"{'population_size': 100, 'crossover_rate': 0.9, 'mutation_rate': 0.05, 'survival_rate': 0.15, 'tournament_size': 5, 'mutation_iters': 1}",119,3,20,164.55399494166454,0.46494340896606445,20000,163.88828838251453,0.40619532104469475
GA,"{'population_size': 100, 'crossover_rate': 0.9, 'mutation_rate': 0.05, 'survival_rate': 0.15, 'tournament_size': 5, 'mutation_iters': 1}",119,4,50,317.3349631115614,2.414818525314331,40500,315.1086406332271,0.7065253665721223
GA,"{'population_size': 100, 'crossover_rate': 0.9, 'mutation_rate': 0.05, 'survival_rate': 0.15, 'tournament_size': 5, 'mutation_iters': 1}",119,5,50,359.61645812534795,3.5195016860961914,60300,356.7151767230881,0.8133327628255194
GA,"{'population_size': 100, 'crossover_rate': 0.9, 'mutation_rate': 0.05, 'survival_rate': 0.15, 'tournament_size': 5, 'mutation_iters': 1}",119,6,50,384.0029748410536,4.57012677192688,73100,380.95278886744313,0.8006729607305187
GA,"{'population_size': 100, 'crossover_rate': 0.9, 'mutation_rate': 0.05, 'survival_rate': 0.15, 'tournament_size': 5, 'mutation_iters': 1}",119,7,100,758.5522256364164,12.47134518623352,103600,755.2922150926004,0.43162242092173314
GA,"{'population_size': 100, 'crossover_rate': 0.9, 'mutation_rate': 0.05, 'survival_rate': 0.15, 'tournament_size': 5, 'mutation_iters': 1}",119,8,100,709.4937091870698,6.205165386199951,53300,704.7356821685974,0.6751505761466756
GA,"{'population_size': 100, 'crossover_rate': 0.9, 'mutation_rate': 0.05, 'survival_rate': 0.15, 'tournament_size': 5, 'mutation_iters': 1}",119,9,100,731.1981899045298,7.489235877990723,65200,727.1609345563712,0.5552079541541496
GA,"{'population_size': 100, 'crossover_rate': 0.9, 'mutation_rate': 0.05, 'survival_rate': 0.15, 'tournament_size': 5, 'mutation_iters': 3}",120,1,20,124.68978798612548,0.48873329162597656,20000,123.34164199704334,1.0930177085809007
GA,"{'population_size': 100, 'crossover_rate': 0.9, 'mutation_rate': 0.05, 'survival_rate': 0.15, 'tournament_size': 5, 'mutation_iters': 3}",120,2,20,119.02125523994215,0.6072769165039062,25200,118.182620805516,0.7096089329464359
GA,"{'population_size': 100, 'crossover_rate': 0.9, 'mutation_rate': 0.05, 'survival_rate': 0.15, 'tournament_size': 5, 'mutation_iters': 3}",120,3,20,165.01915467239627,0.6731486320495605,29000,163.88828838251453,0.6900226373969448
GA,"{'population_size': 100, 'crossover_rate': 0.9, 'mutation_rate': 0.05, 'survival_rate': 0.15, 'tournament_size': 5, 'mutation_iters': 3}",120,4,50,320.15458846698266,1.4055614471435547,23800,315.1086406332271,1.601335915008704
GA,"{'population_size': 100, 'crossover_rate': 0.9, 'mutation_rate': 0.05, 'survival_rate': 0.15, 'tournament_size': 5, 'mutation_iters': 3}",120,5,50,363.60863394708343,1.1810805797576904,20000,356.7151767230881,1.9324821801306722
GA,"{'population_size': 100, 'crossover_rate': 0.9, 'mutation_rate': 0.05, 'survival_rate': 0.15, 'tournament_size': 5, 'mutation_iters': 3}",120,6,50,386.1571805166045,1.5952870845794678,25800,380.95278886744313,1.3661513450613711
GA,"{'population_size': 100, 'crossover_rate': 0.9, 'mutation_rate': 0.05, 'survival_rate': 0.15, 'tournament_size': 5, 'mutation_iters': 3}",120,7,100,765.5965057215635,3.151125431060791,26700,755.2922150926004,1.3642786755983995
GA,"{'population_size': 100, 'crossover_rate': 0.9, 'mutation_rate': 0.05, 'survival_rate': 0.15, 'tournament_size': 5, 'mutation_iters': 3}",120,8,100,714.6643977899683,2.3447344303131104,20000,704.7356821685974,1.4088566639365512
GA,"{'population_size': 100, 'crossover_rate': 0.9, 'mutation_rate': 0.05, 'survival_rate': 0.15, 'tournament_size': 5, 'mutation_iters': 3}",120,9,100,737.0888610552095,2.517828941345215,21900,727.1609345563712,1.3652997606224693
GA,"{'population_size': 100, 'crossover_rate': 0.9, 'mutation_rate': 0.1, 'survival_rate': 0.05, 'tournament_size': 2, 'mutation_iters': 1}",121,1,20,123.85902871932562,0.5064692497253418,20000,123.34164199704334,0.41947448883053184
GA,"{'population_size': 100, 'crossover_rate': 0.9, 'mutation_rate': 0.1, 'survival_rate': 0.05, 'tournament_size': 2, 'mutation_iters': 1}",121,2,20,118.42856737262737,0.4968082904815674,20000,118.182620805516,0.20810722036373688
GA,"{'population_size': 100, 'crossover_rate': 0.9, 'mutation_rate': 0.1, 'survival_rate': 0.05, 'tournament_size': 2, 'mutation_iters': 1}",121,3,20,164.2007400855782,0.5415585041046143,22700,163.88828838251453,0.1906491953435973
GA,"{'population_size': 100, 'crossover_rate': 0.9, 'mutation_rate': 0.1, 'survival_rate': 0.05, 'tournament_size': 2, 'mutation_iters': 1}",121,4,50,315.6119223713248,4.606139183044434,75500,315.1086406332271,0.15971689544480328
GA,"{'population_size': 100, 'crossover_rate': 0.9, 'mutation_rate': 0.1, 'survival_rate': 0.05, 'tournament_size': 2, 'mutation_iters': 1}",121,5,50,357.43866072676485,3.4404845237731934,55300,356.7151767230881,0.20281839710968036
GA,"{'population_size': 100, 'crossover_rate': 0.9, 'mutation_rate': 0.1, 'survival_rate': 0.05, 'tournament_size': 2, 'mutation_iters': 1}",121,6,50,382.2089314222398,3.340059995651245,52500,380.95278886744313,0.3297370675592447
GA,"{'population_size': 100, 'crossover_rate': 0.9, 'mutation_rate': 0.1, 'survival_rate': 0.05, 'tournament_size': 2, 'mutation_iters': 1}",121,7,100,755.5867701856401,14.684834718704224,119400,755.2922150926004,0.03899882550804032
GA,"{'population_size': 100, 'crossover_rate': 0.9, 'mutation_rate': 0.1, 'survival_rate': 0.05, 'tournament_size': 2, 'mutation_iters': 1}",121,8,100,708.1190032727048,10.061739683151245,83700,704.7356821685974,0.4800836951658829
GA,"{'population_size': 100, 'crossover_rate': 0.9, 'mutation_rate': 0.1, 'survival_rate': 0.05, 'tournament_size': 2, 'mutation_iters': 1}",121,9,100,732.7242867708002,9.420220136642456,81200,727.1609345563712,0.7650785335192778
GA,"{'population_size': 100, 'crossover_rate': 0.9, 'mutation_rate': 0.1, 'survival_rate': 0.05, 'tournament_size': 2, 'mutation_iters': 3}",122,1,20,124.37295948406809,0.5082001686096191,20000,123.34164199704334,0.8361470386858258
GA,"{'population_size': 100, 'crossover_rate': 0.9, 'mutation_rate': 0.1, 'survival_rate': 0.05, 'tournament_size': 2, 'mutation_iters': 3}",122,2,20,120.28840272628719,0.7321844100952148,29000,118.182620805516,1.7818033704266176
GA,"{'population_size': 100, 'crossover_rate': 0.9, 'mutation_rate': 0.1, 'survival_rate': 0.05, 'tournament_size': 2, 'mutation_iters': 3}",122,3,20,164.467430371942,0.7691154479980469,31600,163.88828838251453,0.3533760680175881
GA,"{'population_size': 100, 'crossover_rate': 0.9, 'mutation_rate': 0.1, 'survival_rate': 0.05, 'tournament_size': 2, 'mutation_iters': 3}",122,4,50,319.4429397182531,1.4520862102508545,23600,315.1086406332271,1.3754935682868088
GA,"{'population_size': 100, 'crossover_rate': 0.9, 'mutation_rate': 0.1, 'survival_rate': 0.05, 'tournament_size': 2, 'mutation_iters': 3}",122,5,50,361.76573264557976,1.8198487758636475,30200,356.7151767230881,1.4158511473741695
GA,"{'population_size': 100, 'crossover_rate': 0.9, 'mutation_rate': 0.1, 'survival_rate': 0.05, 'tournament_size': 2, 'mutation_iters': 3}",122,6,50,384.4017599110804,1.3079922199249268,20000,380.95278886744313,0.9053539295225772
GA,"{'population_size': 100, 'crossover_rate': 0.9, 'mutation_rate': 0.1, 'survival_rate': 0.05, 'tournament_size': 2, 'mutation_iters': 3}",122,7,100,763.5652356026613,3.344067335128784,26400,755.2922150926004,1.0953403655890568
GA,"{'population_size': 100, 'crossover_rate': 0.9, 'mutation_rate': 0.1, 'survival_rate': 0.05, 'tournament_size': 2, 'mutation_iters': 3}",122,8,100,710.0570752059674,6.5141096115112305,54500,704.7356821685974,0.7550906207835514
GA,"{'population_size': 100, 'crossover_rate': 0.9, 'mutation_rate': 0.1, 'survival_rate': 0.05, 'tournament_size': 2, 'mutation_iters': 3}",122,9,100,735.6481210946916,4.488325834274292,39000,727.1609345563712,1.1671675601630498
GA,"{'population_size': 100, 'crossover_rate': 0.9, 'mutation_rate': 0.1, 'survival_rate': 0.05, 'tournament_size': 5, 'mutation_iters': 1}",123,1,20,124.28573452846356,0.5000157356262207,20000,123.34164199704334,0.7654288658187766
GA,"{'population_size': 100, 'crossover_rate': 0.9, 'mutation_rate': 0.1, 'survival_rate': 0.05, 'tournament_size': 5, 'mutation_iters': 1}",123,2,20,118.63152275286804,0.7126309871673584,28600,118.182620805516,0.37983752965739753
GA,"{'population_size': 100, 'crossover_rate': 0.9, 'mutation_rate': 0.1, 'survival_rate': 0.05, 'tournament_size': 5, 'mutation_iters': 1}",123,3,20,165.35985216192873,0.48306703567504883,20000,163.88828838251453,0.8979066130580202
GA,"{'population_size': 100, 'crossover_rate': 0.9, 'mutation_rate': 0.1, 'survival_rate': 0.05, 'tournament_size': 5, 'mutation_iters': 1}",123,4,50,315.9119653738692,2.6531944274902344,43900,315.1086406332271,0.25493580214994244
GA,"{'population_size': 100, 'crossover_rate': 0.9, 'mutation_rate': 0.1, 'survival_rate': 0.05, 'tournament_size': 5, 'mutation_iters': 1}",123,5,50,357.68382919607,5.974313020706177,97400,356.7151767230881,0.2715478724175045
GA,"{'population_size': 100, 'crossover_rate': 0.9, 'mutation_rate': 0.1, 'survival_rate': 0.05, 'tournament_size': 5, 'mutation_iters': 1}",123,6,50,381.94521806514956,3.0684115886688232,48800,380.95278886744313,0.26051238544725697
GA,"{'population_size': 100, 'crossover_rate': 0.9, 'mutation_rate': 0.1, 'survival_rate': 0.05, 'tournament_size': 5, 'mutation_iters': 1}",123,7,100,757.051392706366,14.371114730834961,116900,755.2922150926004,0.2329135106403696
GA,"{'population_size': 100, 'crossover_rate': 0.9, 'mutation_rate': 0.1, 'survival_rate': 0.05, 'tournament_size': 5, 'mutation_iters': 1}",123,8,100,707.010625937562,7.124544143676758,57900,704.7356821685974,0.32280808628339863
GA,"{'population_size': 100, 'crossover_rate': 0.9, 'mutation_rate': 0.1, 'survival_rate': 0.05, 'tournament_size': 5, 'mutation_iters': 1}",123,9,100,729.9795180163144,10.894598007202148,90900,727.1609345563712,0.3876148079465711
GA,"{'population_size': 100, 'crossover_rate': 0.9, 'mutation_rate': 0.1, 'survival_rate': 0.05, 'tournament_size': 5, 'mutation_iters': 3}",124,1,20,124.16722952915859,0.5623834133148193,20900,123.34164199704334,0.6693502038306256
GA,"{'population_size': 100, 'crossover_rate': 0.9, 'mutation_rate': 0.1, 'survival_rate': 0.05, 'tournament_size': 5, 'mutation_iters': 3}",124,2,20,119.2736650703655,0.75577712059021,29500,118.182620805516,0.9231850312787935
GA,"{'population_size': 100, 'crossover_rate': 0.9, 'mutation_rate': 0.1, 'survival_rate': 0.05, 'tournament_size': 5, 'mutation_iters': 3}",124,3,20,165.66690790012194,0.531254768371582,20700,163.88828838251453,1.0852633431963852
GA,"{'population_size': 100, 'crossover_rate': 0.9, 'mutation_rate': 0.1, 'survival_rate': 0.05, 'tournament_size': 5, 'mutation_iters': 3}",124,4,50,318.57089597617596,1.8298814296722412,29100,315.1086406332271,1.0987497315184054
GA,"{'population_size': 100, 'crossover_rate': 0.9, 'mutation_rate': 0.1, 'survival_rate': 0.05, 'tournament_size': 5, 'mutation_iters': 3}",124,5,50,361.3310984610688,1.7257754802703857,27300,356.7151767230881,1.2940076675133818
GA,"{'population_size': 100, 'crossover_rate': 0.9, 'mutation_rate': 0.1, 'survival_rate': 0.05, 'tournament_size': 5, 'mutation_iters': 3}",124,6,50,386.393498940731,1.4838526248931885,23000,380.95278886744313,1.4281848649704998
GA,"{'population_size': 100, 'crossover_rate': 0.9, 'mutation_rate': 0.1, 'survival_rate': 0.05, 'tournament_size': 5, 'mutation_iters': 3}",124,7,100,764.3269936995827,2.391512393951416,20000,755.2922150926004,1.1961964424424265
GA,"{'population_size': 100, 'crossover_rate': 0.9, 'mutation_rate': 0.1, 'survival_rate': 0.05, 'tournament_size': 5, 'mutation_iters': 3}",124,8,100,711.6658774365236,3.159008026123047,25600,704.7356821685974,0.9833751069054436
GA,"{'population_size': 100, 'crossover_rate': 0.9, 'mutation_rate': 0.1, 'survival_rate': 0.05, 'tournament_size': 5, 'mutation_iters': 3}",124,9,100,734.1961531918628,3.227538585662842,26800,727.1609345563712,0.9674912802877165
GA,"{'population_size': 100, 'crossover_rate': 0.9, 'mutation_rate': 0.1, 'survival_rate': 0.1, 'tournament_size': 2, 'mutation_iters': 1}",125,1,20,123.79205274760511,0.5139620304107666,20000,123.34164199704334,0.36517330503235024
GA,"{'population_size': 100, 'crossover_rate': 0.9, 'mutation_rate': 0.1, 'survival_rate': 0.1, 'tournament_size': 2, 'mutation_iters': 1}",125,2,20,118.50411341957111,0.48825693130493164,20000,118.182620805516,0.27203036441726286
GA,"{'population_size': 100, 'crossover_rate': 0.9, 'mutation_rate': 0.1, 'survival_rate': 0.1, 'tournament_size': 2, 'mutation_iters': 1}",125,3,20,164.33644839475394,0.4729301929473877,20000,163.88828838251453,0.2734545687568652
GA,"{'population_size': 100, 'crossover_rate': 0.9, 'mutation_rate': 0.1, 'survival_rate': 0.1, 'tournament_size': 2, 'mutation_iters': 1}",125,4,50,316.1212669581203,3.4021639823913574,57600,315.1086406332271,0.3213578411744941
GA,"{'population_size': 100, 'crossover_rate': 0.9, 'mutation_rate': 0.1, 'survival_rate': 0.1, 'tournament_size': 2, 'mutation_iters': 1}",125,5,50,357.14611421513604,6.4048497676849365,102000,356.7151767230881,0.12080716497869858
GA,"{'population_size': 100, 'crossover_rate': 0.9, 'mutation_rate': 0.1, 'survival_rate': 0.1, 'tournament_size': 2, 'mutation_iters': 1}",125,6,50,381.7774272814084,3.823625326156616,61000,380.95278886744313,0.21646735187761096
GA,"{'population_size': 100, 'crossover_rate': 0.9, 'mutation_rate': 0.1, 'survival_rate': 0.1, 'tournament_size': 2, 'mutation_iters': 1}",125,7,100,756.4954001097071,12.275596857070923,99200,755.2922150926004,0.15930059824054307
GA,"{'population_size': 100, 'crossover_rate': 0.9, 'mutation_rate': 0.1, 'survival_rate': 0.1, 'tournament_size': 2, 'mutation_iters': 1}",125,8,100,706.4648324186549,10.368619203567505,86700,704.7356821685974,0.24536152969246525
GA,"{'population_size': 100, 'crossover_rate': 0.9, 'mutation_rate': 0.1, 'survival_rate': 0.1, 'tournament_size': 2, 'mutation_iters': 1}",125,9,100,730.0969775407817,7.684989929199219,65700,727.1609345563712,0.40376797554474464
GA,"{'population_size': 100, 'crossover_rate': 0.9, 'mutation_rate': 0.1, 'survival_rate': 0.1, 'tournament_size': 2, 'mutation_iters': 3}",126,1,20,124.48818952795179,0.5276749134063721,21100,123.34164199704334,0.9295705102871371
GA,"{'population_size': 100, 'crossover_rate': 0.9, 'mutation_rate': 0.1, 'survival_rate': 0.1, 'tournament_size': 2, 'mutation_iters': 3}",126,2,20,118.9655068516847,0.5980982780456543,24300,118.182620805516,0.6624375401667845
GA,"{'population_size': 100, 'crossover_rate': 0.9, 'mutation_rate': 0.1, 'survival_rate': 0.1, 'tournament_size': 2, 'mutation_iters': 3}",126,3,20,164.34143796917542,0.7069978713989258,29900,163.88828838251453,0.2764990659999059
GA,"{'population_size': 100, 'crossover_rate': 0.9, 'mutation_rate': 0.1, 'survival_rate': 0.1, 'tournament_size': 2, 'mutation_iters': 3}",126,4,50,318.13400234903395,1.8047754764556885,29700,315.1086406332271,0.9601011605798069
GA,"{'population_size': 100, 'crossover_rate': 0.9, 'mutation_rate': 0.1, 'survival_rate': 0.1, 'tournament_size': 2, 'mutation_iters': 3}",126,5,50,361.5146164651355,1.3770804405212402,22600,356.7151767230881,1.3454543162802062
GA,"{'population_size': 100, 'crossover_rate': 0.9, 'mutation_rate': 0.1, 'survival_rate': 0.1, 'tournament_size': 2, 'mutation_iters': 3}",126,6,50,383.7589876577267,2.683805465698242,43100,380.95278886744313,0.7366263936868137
GA,"{'population_size': 100, 'crossover_rate': 0.9, 'mutation_rate': 0.1, 'survival_rate': 0.1, 'tournament_size': 2, 'mutation_iters': 3}",126,7,100,762.4908726425638,4.458393812179565,37700,755.2922150926004,0.9530956901337623
GA,"{'population_size': 100, 'crossover_rate': 0.9, 'mutation_rate': 0.1, 'survival_rate': 0.1, 'tournament_size': 2, 'mutation_iters': 3}",126,8,100,711.2451488559494,5.558915615081787,47200,704.7356821685974,0.9236749113258015
GA,"{'population_size': 100, 'crossover_rate': 0.9, 'mutation_rate': 0.1, 'survival_rate': 0.1, 'tournament_size': 2, 'mutation_iters': 3}",126,9,100,734.3721765976431,5.151673316955566,45600,727.1609345563712,0.9916982195518229
GA,"{'population_size': 100, 'crossover_rate': 0.9, 'mutation_rate': 0.1, 'survival_rate': 0.1, 'tournament_size': 5, 'mutation_iters': 1}",127,1,20,123.510055539927,0.5020003318786621,20000,123.34164199704334,0.13654232273613853
GA,"{'population_size': 100, 'crossover_rate': 0.9, 'mutation_rate': 0.1, 'survival_rate': 0.1, 'tournament_size': 5, 'mutation_iters': 1}",127,2,20,118.19212126813449,0.49767518043518066,20000,118.182620805516,0.00803879838992945
GA,"{'population_size': 100, 'crossover_rate': 0.9, 'mutation_rate': 0.1, 'survival_rate': 0.1, 'tournament_size': 5, 'mutation_iters': 1}",127,3,20,164.938545881739,0.471027135848999,20000,163.88828838251453,0.6408374323692828
GA,"{'population_size': 100, 'crossover_rate': 0.9, 'mutation_rate': 0.1, 'survival_rate': 0.1, 'tournament_size': 5, 'mutation_iters': 1}",127,4,50,316.3166873055068,2.8780171871185303,49000,315.1086406332271,0.3833746576584065
GA,"{'population_size': 100, 'crossover_rate': 0.9, 'mutation_rate': 0.1, 'survival_rate': 0.1, 'tournament_size': 5, 'mutation_iters': 1}",127,5,50,358.9024638194257,3.118602752685547,51400,356.7151767230881,0.6131746668114219
GA,"{'population_size': 100, 'crossover_rate': 0.9, 'mutation_rate': 0.1, 'survival_rate': 0.1, 'tournament_size': 5, 'mutation_iters': 1}",127,6,50,380.95278886744313,3.3625142574310303,54000,380.95278886744313,0.0
GA,"{'population_size': 100, 'crossover_rate': 0.9, 'mutation_rate': 0.1, 'survival_rate': 0.1, 'tournament_size': 5, 'mutation_iters': 1}",127,7,100,757.2529015647534,14.800987243652344,121500,755.2922150926004,0.25959309959426213
GA,"{'population_size': 100, 'crossover_rate': 0.9, 'mutation_rate': 0.1, 'survival_rate': 0.1, 'tournament_size': 5, 'mutation_iters': 1}",127,8,100,708.4512698628292,15.173142671585083,126400,704.7356821685974,0.5272313845097725
GA,"{'population_size': 100, 'crossover_rate': 0.9, 'mutation_rate': 0.1, 'survival_rate': 0.1, 'tournament_size': 5, 'mutation_iters': 1}",127,9,100,730.7596451188164,16.883891820907593,143600,727.1609345563712,0.49489877569408514
GA,"{'population_size': 100, 'crossover_rate': 0.9, 'mutation_rate': 0.1, 'survival_rate': 0.1, 'tournament_size': 5, 'mutation_iters': 3}",128,1,20,124.51908493230714,0.5071854591369629,20000,123.34164199704334,0.9546191506774515
GA,"{'population_size': 100, 'crossover_rate': 0.9, 'mutation_rate': 0.1, 'survival_rate': 0.1, 'tournament_size': 5, 'mutation_iters': 3}",128,2,20,119.06256520837881,0.49538207054138184,20000,118.182620805516,0.7445632842335381
GA,"{'population_size': 100, 'crossover_rate': 0.9, 'mutation_rate': 0.1, 'survival_rate': 0.1, 'tournament_size': 5, 'mutation_iters': 3}",128,3,20,165.41288468962904,0.4811258316040039,20000,163.88828838251453,0.9302655620858679
GA,"{'population_size': 100, 'crossover_rate': 0.9, 'mutation_rate': 0.1, 'survival_rate': 0.1, 'tournament_size': 5, 'mutation_iters': 3}",128,4,50,320.52137740319864,1.3053967952728271,21500,315.1086406332271,1.7177367015688256
GA,"{'population_size': 100, 'crossover_rate': 0.9, 'mutation_rate': 0.1, 'survival_rate': 0.1, 'tournament_size': 5, 'mutation_iters': 3}",128,5,50,361.22849827988324,1.6936683654785156,27700,356.7151767230881,1.2652451735460457
GA,"{'population_size': 100, 'crossover_rate': 0.9, 'mutation_rate': 0.1, 'survival_rate': 0.1, 'tournament_size': 5, 'mutation_iters': 3}",128,6,50,385.11567601603076,1.2729370594024658,20000,380.95278886744313,1.092756706405463
GA,"{'population_size': 100, 'crossover_rate': 0.9, 'mutation_rate': 0.1, 'survival_rate': 0.1, 'tournament_size': 5, 'mutation_iters': 3}",128,7,100,764.8884148374578,4.006670236587524,33100,755.2922150926004,1.2705280887452228
GA,"{'population_size': 100, 'crossover_rate': 0.9, 'mutation_rate': 0.1, 'survival_rate': 0.1, 'tournament_size': 5, 'mutation_iters': 3}",128,8,100,715.1466997109978,2.367845058441162,20000,704.7356821685974,1.4772939423705536
GA,"{'population_size': 100, 'crossover_rate': 0.9, 'mutation_rate': 0.1, 'survival_rate': 0.1, 'tournament_size': 5, 'mutation_iters': 3}",128,9,100,737.1555239371061,2.2881202697753906,20000,727.1609345563712,1.374467316073901
GA,"{'population_size': 100, 'crossover_rate': 0.9, 'mutation_rate': 0.1, 'survival_rate': 0.15, 'tournament_size': 2, 'mutation_iters': 1}",129,1,20,123.77515170129045,0.5007116794586182,20100,123.34164199704334,0.3514706770787976
GA,"{'population_size': 100, 'crossover_rate': 0.9, 'mutation_rate': 0.1, 'survival_rate': 0.15, 'tournament_size': 2, 'mutation_iters': 1}",129,2,20,118.73741020892845,0.7757072448730469,32100,118.182620805516,0.4694339993740965
GA,"{'population_size': 100, 'crossover_rate': 0.9, 'mutation_rate': 0.1, 'survival_rate': 0.15, 'tournament_size': 2, 'mutation_iters': 1}",129,3,20,164.65818485328396,0.48837971687316895,21100,163.88828838251453,0.4697690593805517
GA,"{'population_size': 100, 'crossover_rate': 0.9, 'mutation_rate': 0.1, 'survival_rate': 0.15, 'tournament_size': 2, 'mutation_iters': 1}",129,4,50,315.2649670152614,2.8258614540100098,48700,315.1086406332271,0.04961031272267311
GA,"{'population_size': 100, 'crossover_rate': 0.9, 'mutation_rate': 0.1, 'survival_rate': 0.15, 'tournament_size': 2, 'mutation_iters': 1}",129,5,50,357.41298279755864,2.8134236335754395,47200,356.7151767230881,0.195619956762371
GA,"{'population_size': 100, 'crossover_rate': 0.9, 'mutation_rate': 0.1, 'survival_rate': 0.15, 'tournament_size': 2, 'mutation_iters': 1}",129,6,50,382.2039772802047,3.1874165534973145,51400,380.95278886744313,0.32843660666753377
GA,"{'population_size': 100, 'crossover_rate': 0.9, 'mutation_rate': 0.1, 'survival_rate': 0.15, 'tournament_size': 2, 'mutation_iters': 1}",129,7,100,756.9356704091635,17.515886783599854,146100,755.2922150926004,0.2175919840987221
GA,"{'population_size': 100, 'crossover_rate': 0.9, 'mutation_rate': 0.1, 'survival_rate': 0.15, 'tournament_size': 2, 'mutation_iters': 1}",129,8,100,708.5076055567048,9.600997686386108,82800,704.7356821685974,0.5352252601288129
GA,"{'population_size': 100, 'crossover_rate': 0.9, 'mutation_rate': 0.1, 'survival_rate': 0.15, 'tournament_size': 2, 'mutation_iters': 1}",129,9,100,729.9453163684339,8.422534942626953,73800,727.1609345563712,0.3829113583723167
GA,"{'population_size': 100, 'crossover_rate': 0.9, 'mutation_rate': 0.1, 'survival_rate': 0.15, 'tournament_size': 2, 'mutation_iters': 3}",130,1,20,124.49128385875687,0.497391939163208,20000,123.34164199704334,0.932079258147943
GA,"{'population_size': 100, 'crossover_rate': 0.9, 'mutation_rate': 0.1, 'survival_rate': 0.15, 'tournament_size': 2, 'mutation_iters': 3}",130,2,20,119.14603406076141,0.47403907775878906,20000,118.182620805516,0.8151902950526271
GA,"{'population_size': 100, 'crossover_rate': 0.9, 'mutation_rate': 0.1, 'survival_rate': 0.15, 'tournament_size': 2, 'mutation_iters': 3}",130,3,20,164.80692002519308,0.4708747863769531,20000,163.88828838251453,0.5605230561286149
GA,"{'population_size': 100, 'crossover_rate': 0.9, 'mutation_rate': 0.1, 'survival_rate': 0.15, 'tournament_size': 2, 'mutation_iters': 3}",130,4,50,319.06933435389396,2.0952329635620117,36300,315.1086406332271,1.256929582352189
GA,"{'population_size': 100, 'crossover_rate': 0.9, 'mutation_rate': 0.1, 'survival_rate': 0.15, 'tournament_size': 2, 'mutation_iters': 3}",130,5,50,362.23310075608435,1.6206426620483398,27200,356.7151767230881,1.546871115405248
GA,"{'population_size': 100, 'crossover_rate': 0.9, 'mutation_rate': 0.1, 'survival_rate': 0.15, 'tournament_size': 2, 'mutation_iters': 3}",130,6,50,383.6291290745881,1.7181906700134277,28000,380.95278886744313,0.7025385521134021
GA,"{'population_size': 100, 'crossover_rate': 0.9, 'mutation_rate': 0.1, 'survival_rate': 0.15, 'tournament_size': 2, 'mutation_iters': 3}",130,7,100,763.1732041440255,4.952802658081055,41500,755.2922150926004,1.0434357582328422
GA,"{'population_size': 100, 'crossover_rate': 0.9, 'mutation_rate': 0.1, 'survival_rate': 0.15, 'tournament_size': 2, 'mutation_iters': 3}",130,8,100,710.0203913909079,7.830971956253052,66600,704.7356821685974,0.7498852911844263
GA,"{'population_size': 100, 'crossover_rate': 0.9, 'mutation_rate': 0.1, 'survival_rate': 0.15, 'tournament_size': 2, 'mutation_iters': 3}",130,9,100,735.9772594701885,4.893923282623291,43200,727.1609345563712,1.2124310444696818
GA,"{'population_size': 100, 'crossover_rate': 0.9, 'mutation_rate': 0.1, 'survival_rate': 0.15, 'tournament_size': 5, 'mutation_iters': 1}",131,1,20,123.95719000929242,0.4977912902832031,20200,123.34164199704334,0.49905936250129873
GA,"{'population_size': 100, 'crossover_rate': 0.9, 'mutation_rate': 0.1, 'survival_rate': 0.15, 'tournament_size': 5, 'mutation_iters': 1}",131,2,20,118.8254356146119,0.4793686866760254,20000,118.182620805516,0.5439165291094199
GA,"{'population_size': 100, 'crossover_rate': 0.9, 'mutation_rate': 0.1, 'survival_rate': 0.15, 'tournament_size': 5, 'mutation_iters': 1}",131,3,20,164.73508694052111,0.469968318939209,20000,163.88828838251453,0.5166925387799272
GA,"{'population_size': 100, 'crossover_rate': 0.9, 'mutation_rate': 0.1, 'survival_rate': 0.15, 'tournament_size': 5, 'mutation_iters': 1}",131,4,50,316.86126935098383,2.195067882537842,37500,315.1086406332271,0.5561982414175479
GA,"{'population_size': 100, 'crossover_rate': 0.9, 'mutation_rate': 0.1, 'survival_rate': 0.15, 'tournament_size': 5, 'mutation_iters': 1}",131,5,50,360.2269958217475,2.455996513366699,41200,356.7151767230881,0.9844882774319238
GA,"{'population_size': 100, 'crossover_rate': 0.9, 'mutation_rate': 0.1, 'survival_rate': 0.15, 'tournament_size': 5, 'mutation_iters': 1}",131,6,50,381.256754651456,3.3551833629608154,53900,380.95278886744313,0.07979093286507692
GA,"{'population_size': 100, 'crossover_rate': 0.9, 'mutation_rate': 0.1, 'survival_rate': 0.15, 'tournament_size': 5, 'mutation_iters': 1}",131,7,100,758.4088035818987,11.676756381988525,98300,755.2922150926004,0.41263347179028603
GA,"{'population_size': 100, 'crossover_rate': 0.9, 'mutation_rate': 0.1, 'survival_rate': 0.15, 'tournament_size': 5, 'mutation_iters': 1}",131,8,100,705.4745688190528,15.97599482536316,135200,704.7356821685974,0.1048459258060815
GA,"{'population_size': 100, 'crossover_rate': 0.9, 'mutation_rate': 0.1, 'survival_rate': 0.15, 'tournament_size': 5, 'mutation_iters': 1}",131,9,100,729.8439189208259,12.952139139175415,110500,727.1609345563712,0.36896706587951217
GA,"{'population_size': 100, 'crossover_rate': 0.9, 'mutation_rate': 0.1, 'survival_rate': 0.15, 'tournament_size': 5, 'mutation_iters': 3}",132,1,20,124.53772981365378,1.0042717456817627,39200,123.34164199704334,0.9697356036812899
GA,"{'population_size': 100, 'crossover_rate': 0.9, 'mutation_rate': 0.1, 'survival_rate': 0.15, 'tournament_size': 5, 'mutation_iters': 3}",132,2,20,119.98383175408946,0.483966588973999,20000,118.182620805516,1.5240912211090525
GA,"{'population_size': 100, 'crossover_rate': 0.9, 'mutation_rate': 0.1, 'survival_rate': 0.15, 'tournament_size': 5, 'mutation_iters': 3}",132,3,20,164.45646918372734,0.6630163192749023,28000,163.88828838251453,0.34668786087183545
GA,"{'population_size': 100, 'crossover_rate': 0.9, 'mutation_rate': 0.1, 'survival_rate': 0.15, 'tournament_size': 5, 'mutation_iters': 3}",132,4,50,319.7045362037249,1.6006665229797363,26800,315.1086406332271,1.4585114395029368
GA,"{'population_size': 100, 'crossover_rate': 0.9, 'mutation_rate': 0.1, 'survival_rate': 0.15, 'tournament_size': 5, 'mutation_iters': 3}",132,5,50,360.5275682412767,1.7268850803375244,28500,356.7151767230881,1.068749458100032
GA,"{'population_size': 100, 'crossover_rate': 0.9, 'mutation_rate': 0.1, 'survival_rate': 0.15, 'tournament_size': 5, 'mutation_iters': 3}",132,6,50,384.1645981211296,1.448817253112793,23000,380.95278886744313,0.8430990263216158
GA,"{'population_size': 100, 'crossover_rate': 0.9, 'mutation_rate': 0.1, 'survival_rate': 0.15, 'tournament_size': 5, 'mutation_iters': 3}",132,7,100,765.1810744650278,2.712909698486328,22800,755.2922150926004,1.309275956354856
GA,"{'population_size': 100, 'crossover_rate': 0.9, 'mutation_rate': 0.1, 'survival_rate': 0.15, 'tournament_size': 5, 'mutation_iters': 3}",132,8,100,715.1980461058336,2.788477659225464,23500,704.7356821685974,1.484579850567754
GA,"{'population_size': 100, 'crossover_rate': 0.9, 'mutation_rate': 0.1, 'survival_rate': 0.15, 'tournament_size': 5, 'mutation_iters': 3}",132,9,100,737.585590529013,3.8289146423339844,33600,727.1609345563712,1.4336105636645144
GA,"{'population_size': 100, 'crossover_rate': 0.9, 'mutation_rate': 0.15, 'survival_rate': 0.05, 'tournament_size': 2, 'mutation_iters': 1}",133,1,20,123.64165184307495,0.5058093070983887,20000,123.34164199704334,0.2432348403784064
GA,"{'population_size': 100, 'crossover_rate': 0.9, 'mutation_rate': 0.15, 'survival_rate': 0.05, 'tournament_size': 2, 'mutation_iters': 1}",133,2,20,118.71724860560363,0.7156646251678467,29300,118.182620805516,0.4523742970359657
GA,"{'population_size': 100, 'crossover_rate': 0.9, 'mutation_rate': 0.15, 'survival_rate': 0.05, 'tournament_size': 2, 'mutation_iters': 1}",133,3,20,164.49116187399883,0.46851682662963867,20000,163.88828838251453,0.36785635961808255
GA,"{'population_size': 100, 'crossover_rate': 0.9, 'mutation_rate': 0.15, 'survival_rate': 0.05, 'tournament_size': 2, 'mutation_iters': 1}",133,4,50,317.0544626623365,2.641449213027954,44800,315.1086406332271,0.6175083060874472
GA,"{'population_size': 100, 'crossover_rate': 0.9, 'mutation_rate': 0.15, 'survival_rate': 0.05, 'tournament_size': 2, 'mutation_iters': 1}",133,5,50,358.0020325136422,3.62496280670166,59600,356.7151767230881,0.3607516232910441
GA,"{'population_size': 100, 'crossover_rate': 0.9, 'mutation_rate': 0.15, 'survival_rate': 0.05, 'tournament_size': 2, 'mutation_iters': 1}",133,6,50,381.7982679740203,4.554832696914673,73400,380.95278886744313,0.22193802783036007
GA,"{'population_size': 100, 'crossover_rate': 0.9, 'mutation_rate': 0.15, 'survival_rate': 0.05, 'tournament_size': 2, 'mutation_iters': 1}",133,7,100,756.9585473700239,11.904689073562622,99200,755.2922150926004,0.22062087283916007
GA,"{'population_size': 100, 'crossover_rate': 0.9, 'mutation_rate': 0.15, 'survival_rate': 0.05, 'tournament_size': 2, 'mutation_iters': 1}",133,8,100,707.1379619306645,10.772321701049805,90800,704.7356821685974,0.3408767035429321
GA,"{'population_size': 100, 'crossover_rate': 0.9, 'mutation_rate': 0.15, 'survival_rate': 0.05, 'tournament_size': 2, 'mutation_iters': 1}",133,9,100,728.2173137719195,9.138994932174683,79600,727.1609345563712,0.14527447300132862
GA,"{'population_size': 100, 'crossover_rate': 0.9, 'mutation_rate': 0.15, 'survival_rate': 0.05, 'tournament_size': 2, 'mutation_iters': 3}",134,1,20,123.81245793355622,0.6622483730316162,26000,123.34164199704334,0.3817169358943381
GA,"{'population_size': 100, 'crossover_rate': 0.9, 'mutation_rate': 0.15, 'survival_rate': 0.05, 'tournament_size': 2, 'mutation_iters': 3}",134,2,20,119.19890247443865,0.4861581325531006,20000,118.182620805516,0.8599248028143454
GA,"{'population_size': 100, 'crossover_rate': 0.9, 'mutation_rate': 0.15, 'survival_rate': 0.05, 'tournament_size': 2, 'mutation_iters': 3}",134,3,20,164.44460058914265,1.2172513008117676,50400,163.88828838251453,0.33944598001395365
GA,"{'population_size': 100, 'crossover_rate': 0.9, 'mutation_rate': 0.15, 'survival_rate': 0.05, 'tournament_size': 2, 'mutation_iters': 3}",134,4,50,317.6459548190706,1.278212308883667,21600,315.1086406332271,0.8052188542797968
GA,"{'population_size': 100, 'crossover_rate': 0.9, 'mutation_rate': 0.15, 'survival_rate': 0.05, 'tournament_size': 2, 'mutation_iters': 3}",134,5,50,359.0077275908715,3.2857871055603027,54200,356.7151767230881,0.6426838602280924
GA,"{'population_size': 100, 'crossover_rate': 0.9, 'mutation_rate': 0.15, 'survival_rate': 0.05, 'tournament_size': 2, 'mutation_iters': 3}",134,6,50,384.0363460795951,1.5721354484558105,25200,380.95278886744313,0.8094329014677243
GA,"{'population_size': 100, 'crossover_rate': 0.9, 'mutation_rate': 0.15, 'survival_rate': 0.05, 'tournament_size': 2, 'mutation_iters': 3}",134,7,100,758.4425382984965,20.716486930847168,172400,755.2922150926004,0.4170999174815945
GA,"{'population_size': 100, 'crossover_rate': 0.9, 'mutation_rate': 0.15, 'survival_rate': 0.05, 'tournament_size': 2, 'mutation_iters': 3}",134,8,100,711.6064797076232,6.482233047485352,55000,704.7356821685974,0.9749467371771443
GA,"{'population_size': 100, 'crossover_rate': 0.9, 'mutation_rate': 0.15, 'survival_rate': 0.05, 'tournament_size': 2, 'mutation_iters': 3}",134,9,100,732.1630220306977,4.840660333633423,42300,727.1609345563712,0.6878927671462645
GA,"{'population_size': 100, 'crossover_rate': 0.9, 'mutation_rate': 0.15, 'survival_rate': 0.05, 'tournament_size': 5, 'mutation_iters': 1}",135,1,20,123.34164199704334,0.5157661437988281,20000,123.34164199704334,0.0
GA,"{'population_size': 100, 'crossover_rate': 0.9, 'mutation_rate': 0.15, 'survival_rate': 0.05, 'tournament_size': 5, 'mutation_iters': 1}",135,2,20,118.71945435316485,0.49736642837524414,20000,118.182620805516,0.4542406861430831
GA,"{'population_size': 100, 'crossover_rate': 0.9, 'mutation_rate': 0.15, 'survival_rate': 0.05, 'tournament_size': 5, 'mutation_iters': 1}",135,3,20,164.79852943292664,0.4679076671600342,20000,163.88828838251453,0.5554033539526708
GA,"{'population_size': 100, 'crossover_rate': 0.9, 'mutation_rate': 0.15, 'survival_rate': 0.05, 'tournament_size': 5, 'mutation_iters': 1}",135,4,50,315.13350509652906,2.6385369300842285,44400,315.1086406332271,0.007890758962373852
GA,"{'population_size': 100, 'crossover_rate': 0.9, 'mutation_rate': 0.15, 'survival_rate': 0.05, 'tournament_size': 5, 'mutation_iters': 1}",135,5,50,357.72263341386144,3.2885501384735107,54800,356.7151767230881,0.2824260801091162
GA,"{'population_size': 100, 'crossover_rate': 0.9, 'mutation_rate': 0.15, 'survival_rate': 0.05, 'tournament_size': 5, 'mutation_iters': 1}",135,6,50,382.2368600931579,2.111156463623047,33500,380.95278886744313,0.337068335825085
GA,"{'population_size': 100, 'crossover_rate': 0.9, 'mutation_rate': 0.15, 'survival_rate': 0.05, 'tournament_size': 5, 'mutation_iters': 1}",135,7,100,755.2922150926004,16.473175764083862,137100,755.2922150926004,0.0
GA,"{'population_size': 100, 'crossover_rate': 0.9, 'mutation_rate': 0.15, 'survival_rate': 0.05, 'tournament_size': 5, 'mutation_iters': 1}",135,8,100,704.7356821685974,15.872813701629639,134200,704.7356821685974,0.0
GA,"{'population_size': 100, 'crossover_rate': 0.9, 'mutation_rate': 0.15, 'survival_rate': 0.05, 'tournament_size': 5, 'mutation_iters': 1}",135,9,100,728.4468526197377,15.821660041809082,137000,727.1609345563712,0.1768409168117624
GA,"{'population_size': 100, 'crossover_rate': 0.9, 'mutation_rate': 0.15, 'survival_rate': 0.05, 'tournament_size': 5, 'mutation_iters': 3}",136,1,20,124.33620963593953,0.5221138000488281,20000,123.34164199704334,0.8063518717547369
GA,"{'population_size': 100, 'crossover_rate': 0.9, 'mutation_rate': 0.15, 'survival_rate': 0.05, 'tournament_size': 5, 'mutation_iters': 3}",136,2,20,119.40904219628386,0.8076097965240479,33200,118.182620805516,1.0377341291035465
GA,"{'population_size': 100, 'crossover_rate': 0.9, 'mutation_rate': 0.15, 'survival_rate': 0.05, 'tournament_size': 5, 'mutation_iters': 3}",136,3,20,165.03776508204405,0.5535638332366943,22500,163.88828838251453,0.7013781831967405
GA,"{'population_size': 100, 'crossover_rate': 0.9, 'mutation_rate': 0.15, 'survival_rate': 0.05, 'tournament_size': 5, 'mutation_iters': 3}",136,4,50,317.94585848796356,1.9972662925720215,33400,315.1086406332271,0.9003935433299906
GA,"{'population_size': 100, 'crossover_rate': 0.9, 'mutation_rate': 0.15, 'survival_rate': 0.05, 'tournament_size': 5, 'mutation_iters': 3}",136,5,50,361.6656778240506,1.2737469673156738,21300,356.7151767230881,1.3878022085966526
GA,"{'population_size': 100, 'crossover_rate': 0.9, 'mutation_rate': 0.15, 'survival_rate': 0.05, 'tournament_size': 5, 'mutation_iters': 3}",136,6,50,385.1576270431761,1.2613494396209717,20000,380.95278886744313,1.1037688392395733
GA,"{'population_size': 100, 'crossover_rate': 0.9, 'mutation_rate': 0.15, 'survival_rate': 0.05, 'tournament_size': 5, 'mutation_iters': 3}",136,7,100,763.7979798513173,4.281905174255371,35900,755.2922150926004,1.1261554917091445
GA,"{'population_size': 100, 'crossover_rate': 0.9, 'mutation_rate': 0.15, 'survival_rate': 0.05, 'tournament_size': 5, 'mutation_iters': 3}",136,8,100,711.7618195592817,3.7018580436706543,31100,704.7356821685974,0.9969890227586653
GA,"{'population_size': 100, 'crossover_rate': 0.9, 'mutation_rate': 0.15, 'survival_rate': 0.05, 'tournament_size': 5, 'mutation_iters': 3}",136,9,100,736.058925842499,2.633831262588501,22900,727.1609345563712,1.2236618970126991
GA,"{'population_size': 100, 'crossover_rate': 0.9, 'mutation_rate': 0.15, 'survival_rate': 0.1, 'tournament_size': 2, 'mutation_iters': 1}",137,1,20,124.08363387596063,0.4902160167694092,20000,123.34164199704334,0.6015745103629123
GA,"{'population_size': 100, 'crossover_rate': 0.9, 'mutation_rate': 0.15, 'survival_rate': 0.1, 'tournament_size': 2, 'mutation_iters': 1}",137,2,20,119.58852105778574,0.4784843921661377,20000,118.182620805516,1.189599826681223
GA,"{'population_size': 100, 'crossover_rate': 0.9, 'mutation_rate': 0.15, 'survival_rate': 0.1, 'tournament_size': 2, 'mutation_iters': 1}",137,3,20,165.54150041046913,0.46144580841064453,20000,163.88828838251453,1.00874323862362
GA,"{'population_size': 100, 'crossover_rate': 0.9, 'mutation_rate': 0.15, 'survival_rate': 0.1, 'tournament_size': 2, 'mutation_iters': 1}",137,4,50,315.39039799910995,6.012242317199707,103000,315.1086406332271,0.08941594407460926
GA,"{'population_size': 100, 'crossover_rate': 0.9, 'mutation_rate': 0.15, 'survival_rate': 0.1, 'tournament_size': 2, 'mutation_iters': 1}",137,5,50,356.9652620154276,3.415635824203491,56700,356.7151767230881,0.07010783635191394
GA,"{'population_size': 100, 'crossover_rate': 0.9, 'mutation_rate': 0.15, 'survival_rate': 0.1, 'tournament_size': 2, 'mutation_iters': 1}",137,6,50,382.9129973549044,3.827824354171753,62400,380.95278886744313,0.5145541769857865
GA,"{'population_size': 100, 'crossover_rate': 0.9, 'mutation_rate': 0.15, 'survival_rate': 0.1, 'tournament_size': 2, 'mutation_iters': 1}",137,7,100,756.0320357883268,12.079437494277954,100500,755.2922150926004,0.09795158495519384
GA,"{'population_size': 100, 'crossover_rate': 0.9, 'mutation_rate': 0.15, 'survival_rate': 0.1, 'tournament_size': 2, 'mutation_iters': 1}",137,8,100,707.7291805936594,7.374967575073242,62600,704.7356821685974,0.4247689595978068
GA,"{'population_size': 100, 'crossover_rate': 0.9, 'mutation_rate': 0.15, 'survival_rate': 0.1, 'tournament_size': 2, 'mutation_iters': 1}",137,9,100,727.2274367008945,13.785533428192139,120700,727.1609345563712,0.009145450664761232
GA,"{'population_size': 100, 'crossover_rate': 0.9, 'mutation_rate': 0.15, 'survival_rate': 0.1, 'tournament_size': 2, 'mutation_iters': 3}",138,1,20,123.58343212292534,0.5066549777984619,20000,123.34164199704334,0.1960328417614233
GA,"{'population_size': 100, 'crossover_rate': 0.9, 'mutation_rate': 0.15, 'survival_rate': 0.1, 'tournament_size': 2, 'mutation_iters': 3}",138,2,20,118.74774009411095,0.6311607360839844,25900,118.182620805516,0.47817461209032597
GA,"{'population_size': 100, 'crossover_rate': 0.9, 'mutation_rate': 0.15, 'survival_rate': 0.1, 'tournament_size': 2, 'mutation_iters': 3}",138,3,20,164.9829954088584,0.5222549438476562,21900,163.88828838251453,0.6679592771075951
GA,"{'population_size': 100, 'crossover_rate': 0.9, 'mutation_rate': 0.15, 'survival_rate': 0.1, 'tournament_size': 2, 'mutation_iters': 3}",138,4,50,316.87374990491304,2.336790084838867,39900,315.1086406332271,0.560158956015576
GA,"{'population_size': 100, 'crossover_rate': 0.9, 'mutation_rate': 0.15, 'survival_rate': 0.1, 'tournament_size': 2, 'mutation_iters': 3}",138,5,50,360.7935332298326,1.2473771572113037,20900,356.7151767230881,1.1433089402614383
GA,"{'population_size': 100, 'crossover_rate': 0.9, 'mutation_rate': 0.15, 'survival_rate': 0.1, 'tournament_size': 2, 'mutation_iters': 3}",138,6,50,384.06300056916876,2.6744349002838135,43300,380.95278886744313,0.816429697488805
GA,"{'population_size': 100, 'crossover_rate': 0.9, 'mutation_rate': 0.15, 'survival_rate': 0.1, 'tournament_size': 2, 'mutation_iters': 3}",138,7,100,760.4684700666485,6.3992156982421875,53200,755.2922150926004,0.6853314347233788
GA,"{'population_size': 100, 'crossover_rate': 0.9, 'mutation_rate': 0.15, 'survival_rate': 0.1, 'tournament_size': 2, 'mutation_iters': 3}",138,8,100,712.7374874296845,5.7010955810546875,48600,704.7356821685974,1.1354335339547694
GA,"{'population_size': 100, 'crossover_rate': 0.9, 'mutation_rate': 0.15, 'survival_rate': 0.1, 'tournament_size': 2, 'mutation_iters': 3}",138,9,100,733.1861963983872,5.386934280395508,47000,727.1609345563712,0.8286008716477467
GA,"{'population_size': 100, 'crossover_rate': 0.9, 'mutation_rate': 0.15, 'survival_rate': 0.1, 'tournament_size': 5, 'mutation_iters': 1}",139,1,20,124.06062840496197,0.4962742328643799,20000,123.34164199704334,0.5829226822972489
GA,"{'population_size': 100, 'crossover_rate': 0.9, 'mutation_rate': 0.15, 'survival_rate': 0.1, 'tournament_size': 5, 'mutation_iters': 1}",139,2,20,119.03538403948929,0.5608565807342529,23300,118.182620805516,0.7215639898328354
GA,"{'population_size': 100, 'crossover_rate': 0.9, 'mutation_rate': 0.15, 'survival_rate': 0.1, 'tournament_size': 5, 'mutation_iters': 1}",139,3,20,164.37862091612456,0.4738013744354248,20000,163.88828838251453,0.2991870489644724
GA,"{'population_size': 100, 'crossover_rate': 0.9, 'mutation_rate': 0.15, 'survival_rate': 0.1, 'tournament_size': 5, 'mutation_iters': 1}",139,4,50,316.31170195751395,2.675928831100464,45400,315.1086406332271,0.3817925531553975
GA,"{'population_size': 100, 'crossover_rate': 0.9, 'mutation_rate': 0.15, 'survival_rate': 0.1, 'tournament_size': 5, 'mutation_iters': 1}",139,5,50,356.7889662878289,5.289753675460815,87500,356.7151767230881,0.020685849539293814
GA,"{'population_size': 100, 'crossover_rate': 0.9, 'mutation_rate': 0.15, 'survival_rate': 0.1, 'tournament_size': 5, 'mutation_iters': 1}",139,6,50,381.32872665368507,4.162471055984497,66600,380.95278886744313,0.09868356322041419
GA,"{'population_size': 100, 'crossover_rate': 0.9, 'mutation_rate': 0.15, 'survival_rate': 0.1, 'tournament_size': 5, 'mutation_iters': 1}",139,7,100,756.4620189507406,17.126413583755493,142800,755.2922150926004,0.15488096325695327
GA,"{'population_size': 100, 'crossover_rate': 0.9, 'mutation_rate': 0.15, 'survival_rate': 0.1, 'tournament_size': 5, 'mutation_iters': 1}",139,8,100,707.0445288428351,9.2620267868042,78500,704.7356821685974,0.3276188126494514
GA,"{'population_size': 100, 'crossover_rate': 0.9, 'mutation_rate': 0.15, 'survival_rate': 0.1, 'tournament_size': 5, 'mutation_iters': 1}",139,9,100,729.3399896810505,8.45234727859497,72800,727.1609345563712,0.2996661428200465
GA,"{'population_size': 100, 'crossover_rate': 0.9, 'mutation_rate': 0.15, 'survival_rate': 0.1, 'tournament_size': 5, 'mutation_iters': 3}",140,1,20,123.58078745311899,0.5061120986938477,20000,123.34164199704334,0.19388865933970606
GA,"{'population_size': 100, 'crossover_rate': 0.9, 'mutation_rate': 0.15, 'survival_rate': 0.1, 'tournament_size': 5, 'mutation_iters': 3}",140,2,20,120.12695896102304,0.486924409866333,20000,118.182620805516,1.6451980352565436
GA,"{'population_size': 100, 'crossover_rate': 0.9, 'mutation_rate': 0.15, 'survival_rate': 0.1, 'tournament_size': 5, 'mutation_iters': 3}",140,3,20,164.69199900344202,0.8166751861572266,34300,163.88828838251453,0.4904014977883182
GA,"{'population_size': 100, 'crossover_rate': 0.9, 'mutation_rate': 0.15, 'survival_rate': 0.1, 'tournament_size': 5, 'mutation_iters': 3}",140,4,50,319.707193091664,1.196763277053833,20000,315.1086406332271,1.459354605191371
GA,"{'population_size': 100, 'crossover_rate': 0.9, 'mutation_rate': 0.15, 'survival_rate': 0.1, 'tournament_size': 5, 'mutation_iters': 3}",140,5,50,360.48374757057644,1.2181026935577393,20000,356.7151767230881,1.0564649595533742
GA,"{'population_size': 100, 'crossover_rate': 0.9, 'mutation_rate': 0.15, 'survival_rate': 0.1, 'tournament_size': 5, 'mutation_iters': 3}",140,6,50,385.2383682324499,1.3215374946594238,21000,380.95278886744313,1.124963378729318
GA,"{'population_size': 100, 'crossover_rate': 0.9, 'mutation_rate': 0.15, 'survival_rate': 0.1, 'tournament_size': 5, 'mutation_iters': 3}",140,7,100,765.4208880229198,2.797283172607422,23600,755.2922150926004,1.3410270525663577
GA,"{'population_size': 100, 'crossover_rate': 0.9, 'mutation_rate': 0.15, 'survival_rate': 0.1, 'tournament_size': 5, 'mutation_iters': 3}",140,8,100,714.7171793064049,2.4112229347229004,20400,704.7356821685974,1.4163462118297587
GA,"{'population_size': 100, 'crossover_rate': 0.9, 'mutation_rate': 0.15, 'survival_rate': 0.1, 'tournament_size': 5, 'mutation_iters': 3}",140,9,100,736.7657152969675,2.7916364669799805,24300,727.1609345563712,1.3208603878666871
GA,"{'population_size': 100, 'crossover_rate': 0.9, 'mutation_rate': 0.15, 'survival_rate': 0.15, 'tournament_size': 2, 'mutation_iters': 1}",141,1,20,123.57784511206913,0.4976201057434082,20000,123.34164199704334,0.19150313811409275
GA,"{'population_size': 100, 'crossover_rate': 0.9, 'mutation_rate': 0.15, 'survival_rate': 0.15, 'tournament_size': 2, 'mutation_iters': 1}",141,2,20,118.76207976593629,0.6789939403533936,28800,118.182620805516,0.4903080981541843
GA,"{'population_size': 100, 'crossover_rate': 0.9, 'mutation_rate': 0.15, 'survival_rate': 0.15, 'tournament_size': 2, 'mutation_iters': 1}",141,3,20,164.83131899484607,0.4661540985107422,20000,163.88828838251453,0.5754106175851389
GA,"{'population_size': 100, 'crossover_rate': 0.9, 'mutation_rate': 0.15, 'survival_rate': 0.15, 'tournament_size': 2, 'mutation_iters': 1}",141,4,50,315.1086406332271,2.306602954864502,39300,315.1086406332271,0.0
GA,"{'population_size': 100, 'crossover_rate': 0.9, 'mutation_rate': 0.15, 'survival_rate': 0.15, 'tournament_size': 2, 'mutation_iters': 1}",141,5,50,358.5432536190333,1.5769908428192139,26000,356.7151767230881,0.5124752225959475
GA,"{'population_size': 100, 'crossover_rate': 0.9, 'mutation_rate': 0.15, 'survival_rate': 0.15, 'tournament_size': 2, 'mutation_iters': 1}",141,6,50,381.8245914813505,4.089460611343384,66000,380.95278886744313,0.22884794110556964
GA,"{'population_size': 100, 'crossover_rate': 0.9, 'mutation_rate': 0.15, 'survival_rate': 0.15, 'tournament_size': 2, 'mutation_iters': 1}",141,7,100,756.354051841104,15.450024604797363,130000,755.2922150926004,0.14058621647165637
GA,"{'population_size': 100, 'crossover_rate': 0.9, 'mutation_rate': 0.15, 'survival_rate': 0.15, 'tournament_size': 2, 'mutation_iters': 1}",141,8,100,706.7833631037284,9.018580913543701,76600,704.7356821685974,0.2905601329607745
GA,"{'population_size': 100, 'crossover_rate': 0.9, 'mutation_rate': 0.15, 'survival_rate': 0.15, 'tournament_size': 2, 'mutation_iters': 1}",141,9,100,729.4913354319597,10.209275484085083,88600,727.1609345563712,0.3204793828769406
GA,"{'population_size': 100, 'crossover_rate': 0.9, 'mutation_rate': 0.15, 'survival_rate': 0.15, 'tournament_size': 2, 'mutation_iters': 3}",142,1,20,123.72668326366153,0.5053479671478271,20000,123.34164199704334,0.31217459114693646
GA,"{'population_size': 100, 'crossover_rate': 0.9, 'mutation_rate': 0.15, 'survival_rate': 0.15, 'tournament_size': 2, 'mutation_iters': 3}",142,2,20,118.37253671373571,0.871196985244751,34900,118.182620805516,0.1606969848233838
GA,"{'population_size': 100, 'crossover_rate': 0.9, 'mutation_rate': 0.15, 'survival_rate': 0.15, 'tournament_size': 2, 'mutation_iters': 3}",142,3,20,164.92678492980497,0.7139501571655273,29800,163.88828838251453,0.6336612320134732
GA,"{'population_size': 100, 'crossover_rate': 0.9, 'mutation_rate': 0.15, 'survival_rate': 0.15, 'tournament_size': 2, 'mutation_iters': 3}",142,4,50,318.9673179818304,1.4973111152648926,24600,315.1086406332271,1.2245545983280821
GA,"{'population_size': 100, 'crossover_rate': 0.9, 'mutation_rate': 0.15, 'survival_rate': 0.15, 'tournament_size': 2, 'mutation_iters': 3}",142,5,50,360.5541323591619,1.4665513038635254,23700,356.7151767230881,1.0761963287740568
GA,"{'population_size': 100, 'crossover_rate': 0.9, 'mutation_rate': 0.15, 'survival_rate': 0.15, 'tournament_size': 2, 'mutation_iters': 3}",142,6,50,383.64437868319845,2.140798568725586,33900,380.95278886744313,0.7065415700872821
GA,"{'population_size': 100, 'crossover_rate': 0.9, 'mutation_rate': 0.15, 'survival_rate': 0.15, 'tournament_size': 2, 'mutation_iters': 3}",142,7,100,762.2395557171583,4.070512533187866,34000,755.2922150926004,0.9198215585614307
GA,"{'population_size': 100, 'crossover_rate': 0.9, 'mutation_rate': 0.15, 'survival_rate': 0.15, 'tournament_size': 2, 'mutation_iters': 3}",142,8,100,711.1983991757486,4.210821628570557,35600,704.7356821685974,0.9170412639337785
GA,"{'population_size': 100, 'crossover_rate': 0.9, 'mutation_rate': 0.15, 'survival_rate': 0.15, 'tournament_size': 2, 'mutation_iters': 3}",142,9,100,735.0231279678159,3.302659511566162,28600,727.1609345563712,1.08121779345053
GA,"{'population_size': 100, 'crossover_rate': 0.9, 'mutation_rate': 0.15, 'survival_rate': 0.15, 'tournament_size': 5, 'mutation_iters': 1}",143,1,20,124.06515037185235,0.5095024108886719,20000,123.34164199704334,0.5865888949543563
GA,"{'population_size': 100, 'crossover_rate': 0.9, 'mutation_rate': 0.15, 'survival_rate': 0.15, 'tournament_size': 5, 'mutation_iters': 1}",143,2,20,118.35811972005541,0.5646140575408936,22900,118.182620805516,0.14849807301889395
GA,"{'population_size': 100, 'crossover_rate': 0.9, 'mutation_rate': 0.15, 'survival_rate': 0.15, 'tournament_size': 5, 'mutation_iters': 1}",143,3,20,164.85767333675113,0.4796452522277832,20000,163.88828838251453,0.5914912919061442
GA,"{'population_size': 100, 'crossover_rate': 0.9, 'mutation_rate': 0.15, 'survival_rate': 0.15, 'tournament_size': 5, 'mutation_iters': 1}",143,4,50,316.41741302271663,2.0145630836486816,33900,315.1086406332271,0.41534005124692924
GA,"{'population_size': 100, 'crossover_rate': 0.9, 'mutation_rate': 0.15, 'survival_rate': 0.15, 'tournament_size': 5, 'mutation_iters': 1}",143,5,50,359.8992450264966,2.729276657104492,45400,356.7151767230881,0.8926080276870916
GA,"{'population_size': 100, 'crossover_rate': 0.9, 'mutation_rate': 0.15, 'survival_rate': 0.15, 'tournament_size': 5, 'mutation_iters': 1}",143,6,50,382.0889338218548,2.242341995239258,35700,380.95278886744313,0.29823773118695435
GA,"{'population_size': 100, 'crossover_rate': 0.9, 'mutation_rate': 0.15, 'survival_rate': 0.15, 'tournament_size': 5, 'mutation_iters': 1}",143,7,100,755.5965800838107,13.744367122650146,113700,755.2922150926004,0.04029764707333328
GA,"{'population_size': 100, 'crossover_rate': 0.9, 'mutation_rate': 0.15, 'survival_rate': 0.15, 'tournament_size': 5, 'mutation_iters': 1}",143,8,100,707.2687747068809,12.508535623550415,105500,704.7356821685974,0.35943866649248735
GA,"{'population_size': 100, 'crossover_rate': 0.9, 'mutation_rate': 0.15, 'survival_rate': 0.15, 'tournament_size': 5, 'mutation_iters': 1}",143,9,100,728.8069538169758,11.137537479400635,95700,727.1609345563712,0.22636244363275623
GA,"{'population_size': 100, 'crossover_rate': 0.9, 'mutation_rate': 0.15, 'survival_rate': 0.15, 'tournament_size': 5, 'mutation_iters': 3}",144,1,20,124.75622204523054,0.624359130859375,23900,123.34164199704334,1.1468795333705009
GA,"{'population_size': 100, 'crossover_rate': 0.9, 'mutation_rate': 0.15, 'survival_rate': 0.15, 'tournament_size': 5, 'mutation_iters': 3}",144,2,20,119.5954348912634,0.4889552593231201,20000,118.182620805516,1.1954499537392713
GA,"{'population_size': 100, 'crossover_rate': 0.9, 'mutation_rate': 0.15, 'survival_rate': 0.15, 'tournament_size': 5, 'mutation_iters': 3}",144,3,20,164.97375479805368,0.48719024658203125,20000,163.88828838251453,0.6623209176519502
GA,"{'population_size': 100, 'crossover_rate': 0.9, 'mutation_rate': 0.15, 'survival_rate': 0.15, 'tournament_size': 5, 'mutation_iters': 3}",144,4,50,321.2234281751261,1.199063777923584,20200,315.1086406332271,1.9405331220404025
GA,"{'population_size': 100, 'crossover_rate': 0.9, 'mutation_rate': 0.15, 'survival_rate': 0.15, 'tournament_size': 5, 'mutation_iters': 3}",144,5,50,359.5524561878283,2.2016661167144775,35900,356.7151767230881,0.7953907346484151
GA,"{'population_size': 100, 'crossover_rate': 0.9, 'mutation_rate': 0.15, 'survival_rate': 0.15, 'tournament_size': 5, 'mutation_iters': 3}",144,6,50,386.18437858172763,1.4803457260131836,22700,380.95278886744313,1.3732908295113933
GA,"{'population_size': 100, 'crossover_rate': 0.9, 'mutation_rate': 0.15, 'survival_rate': 0.15, 'tournament_size': 5, 'mutation_iters': 3}",144,7,100,764.3618363880643,4.508699893951416,37300,755.2922150926004,1.2008095826000187
GA,"{'population_size': 100, 'crossover_rate': 0.9, 'mutation_rate': 0.15, 'survival_rate': 0.15, 'tournament_size': 5, 'mutation_iters': 3}",144,8,100,712.5838557166081,2.4226245880126953,20000,704.7356821685974,1.1136336284066883
GA,"{'population_size': 100, 'crossover_rate': 0.9, 'mutation_rate': 0.15, 'survival_rate': 0.15, 'tournament_size': 5, 'mutation_iters': 3}",144,9,100,737.0315631957262,3.6637425422668457,30400,727.1609345563712,1.357420093720644
