scheduler_name,config,config_id,instance_id,size,makespan,execution_time_s,solution_count,best_known_makespan,rpd
HPSO,"{'num_particles': 50, 'stubbornness_coefficient': 0.5, 'personal_impact_coefficient': 0.5, 'environmental_impact_coefficient': 0.5, 'cooling_rate': 0.9}",1,1,20,123.81128555789407,2.226034164428711,60149,123.15082171840821,0.5363048579538083
HPSO,"{'num_particles': 50, 'stubbornness_coefficient': 0.5, 'personal_impact_coefficient': 0.5, 'environmental_impact_coefficient': 0.5, 'cooling_rate': 0.9}",1,2,20,118.7896743989243,2.1126487255096436,60149,118.18939147303678,0.5078991594812234
HPSO,"{'num_particles': 50, 'stubbornness_coefficient': 0.5, 'personal_impact_coefficient': 0.5, 'environmental_impact_coefficient': 0.5, 'cooling_rate': 0.9}",1,3,20,164.55270520484632,2.190375328063965,60149,163.7358903037225,0.4988612451483093
HPSO,"{'num_particles': 50, 'stubbornness_coefficient': 0.5, 'personal_impact_coefficient': 0.5, 'environmental_impact_coefficient': 0.5, 'cooling_rate': 0.9}",1,4,50,315.58055133404673,5.359105110168457,70952,314.1166007420703,0.4660532389940457
HPSO,"{'num_particles': 50, 'stubbornness_coefficient': 0.5, 'personal_impact_coefficient': 0.5, 'environmental_impact_coefficient': 0.5, 'cooling_rate': 0.9}",1,5,50,358.2127937247528,5.237763404846191,70952,356.61676113590636,0.44754839446209393
HPSO,"{'num_particles': 50, 'stubbornness_coefficient': 0.5, 'personal_impact_coefficient': 0.5, 'environmental_impact_coefficient': 0.5, 'cooling_rate': 0.9}",1,6,50,382.6128110695813,5.3804380893707275,70952,381.4569939449432,0.303000637813697
HPSO,"{'num_particles': 50, 'stubbornness_coefficient': 0.5, 'personal_impact_coefficient': 0.5, 'environmental_impact_coefficient': 0.5, 'cooling_rate': 0.9}",1,7,100,756.2301939497535,16.447273015975952,121452,753.9036132837116,0.3086045251737414
HPSO,"{'num_particles': 50, 'stubbornness_coefficient': 0.5, 'personal_impact_coefficient': 0.5, 'environmental_impact_coefficient': 0.5, 'cooling_rate': 0.9}",1,8,100,707.3470558126945,16.221704721450806,121452,703.5548352808022,0.5390085238173054
HPSO,"{'num_particles': 50, 'stubbornness_coefficient': 0.5, 'personal_impact_coefficient': 0.5, 'environmental_impact_coefficient': 0.5, 'cooling_rate': 0.9}",1,9,100,728.6858622447163,15.603859186172485,121452,726.7072203761198,0.272274970320563
HPSO,"{'num_particles': 50, 'stubbornness_coefficient': 0.5, 'personal_impact_coefficient': 0.5, 'environmental_impact_coefficient': 0.5, 'cooling_rate': 0.96}",2,1,20,123.88561026131627,1.8476314544677734,60250,123.15082171840821,0.5966574421957181
HPSO,"{'num_particles': 50, 'stubbornness_coefficient': 0.5, 'personal_impact_coefficient': 0.5, 'environmental_impact_coefficient': 0.5, 'cooling_rate': 0.96}",2,2,20,118.70185859641917,1.8011417388916016,60250,118.18939147303678,0.43359824176716
HPSO,"{'num_particles': 50, 'stubbornness_coefficient': 0.5, 'personal_impact_coefficient': 0.5, 'environmental_impact_coefficient': 0.5, 'cooling_rate': 0.96}",2,3,20,164.78348596592494,1.7485196590423584,60250,163.7358903037225,0.639808205921865
HPSO,"{'num_particles': 50, 'stubbornness_coefficient': 0.5, 'personal_impact_coefficient': 0.5, 'environmental_impact_coefficient': 0.5, 'cooling_rate': 0.96}",2,4,50,316.3811237732029,5.993194818496704,86910,314.1166007420703,0.7209179730656867
HPSO,"{'num_particles': 50, 'stubbornness_coefficient': 0.5, 'personal_impact_coefficient': 0.5, 'environmental_impact_coefficient': 0.5, 'cooling_rate': 0.96}",2,5,50,357.6283817582852,6.147988319396973,86910,356.61676113590636,0.28367164211703616
HPSO,"{'num_particles': 50, 'stubbornness_coefficient': 0.5, 'personal_impact_coefficient': 0.5, 'environmental_impact_coefficient': 0.5, 'cooling_rate': 0.96}",2,6,50,383.2093466562724,7.705007314682007,103250,381.4569939449432,0.4593840823854752
HPSO,"{'num_particles': 50, 'stubbornness_coefficient': 0.5, 'personal_impact_coefficient': 0.5, 'environmental_impact_coefficient': 0.5, 'cooling_rate': 0.96}",2,7,100,754.5592350299258,19.12468695640564,137410,753.9036132837116,0.08696360312674685
HPSO,"{'num_particles': 50, 'stubbornness_coefficient': 0.5, 'personal_impact_coefficient': 0.5, 'environmental_impact_coefficient': 0.5, 'cooling_rate': 0.96}",2,8,100,705.7787692594959,21.269821166992188,137410,703.5548352808022,0.3160995941142375
HPSO,"{'num_particles': 50, 'stubbornness_coefficient': 0.5, 'personal_impact_coefficient': 0.5, 'environmental_impact_coefficient': 0.5, 'cooling_rate': 0.96}",2,9,100,729.5185190146956,23.48310375213623,178890,726.7072203761198,0.38685436992365557
HPSO,"{'num_particles': 50, 'stubbornness_coefficient': 0.5, 'personal_impact_coefficient': 0.5, 'environmental_impact_coefficient': 1, 'cooling_rate': 0.9}",3,1,20,124.17780054120038,2.072260618209839,60149,123.15082171840821,0.8339195861318918
HPSO,"{'num_particles': 50, 'stubbornness_coefficient': 0.5, 'personal_impact_coefficient': 0.5, 'environmental_impact_coefficient': 1, 'cooling_rate': 0.9}",3,2,20,119.62395844426847,2.0420339107513428,60149,118.18939147303678,1.2137865787717208
HPSO,"{'num_particles': 50, 'stubbornness_coefficient': 0.5, 'personal_impact_coefficient': 0.5, 'environmental_impact_coefficient': 1, 'cooling_rate': 0.9}",3,3,20,164.42890946571364,2.010645866394043,60149,163.7358903037225,0.4232542790133714
HPSO,"{'num_particles': 50, 'stubbornness_coefficient': 0.5, 'personal_impact_coefficient': 0.5, 'environmental_impact_coefficient': 1, 'cooling_rate': 0.9}",3,4,50,315.03498223637314,5.352156400680542,70952,314.1166007420703,0.2923696143830771
HPSO,"{'num_particles': 50, 'stubbornness_coefficient': 0.5, 'personal_impact_coefficient': 0.5, 'environmental_impact_coefficient': 1, 'cooling_rate': 0.9}",3,5,50,358.6365897440009,6.027644634246826,76568,356.61676113590636,0.5663863363182717
HPSO,"{'num_particles': 50, 'stubbornness_coefficient': 0.5, 'personal_impact_coefficient': 0.5, 'environmental_impact_coefficient': 1, 'cooling_rate': 0.9}",3,6,50,383.4052298398544,5.466385841369629,70952,381.4569939449432,0.5107353976559791
HPSO,"{'num_particles': 50, 'stubbornness_coefficient': 0.5, 'personal_impact_coefficient': 0.5, 'environmental_impact_coefficient': 1, 'cooling_rate': 0.9}",3,7,100,757.5637284740662,16.5621497631073,121452,753.9036132837116,0.48548847967614905
HPSO,"{'num_particles': 50, 'stubbornness_coefficient': 0.5, 'personal_impact_coefficient': 0.5, 'environmental_impact_coefficient': 1, 'cooling_rate': 0.9}",3,8,100,705.6767009373015,16.670828580856323,121452,703.5548352808022,0.30159207926591675
HPSO,"{'num_particles': 50, 'stubbornness_coefficient': 0.5, 'personal_impact_coefficient': 0.5, 'environmental_impact_coefficient': 1, 'cooling_rate': 0.9}",3,9,100,727.3398380132932,16.056677103042603,121452,726.7072203761198,0.0870526147856221
HPSO,"{'num_particles': 50, 'stubbornness_coefficient': 0.5, 'personal_impact_coefficient': 0.5, 'environmental_impact_coefficient': 1, 'cooling_rate': 0.96}",4,1,20,123.63795913944432,1.8635385036468506,60250,123.15082171840821,0.39556164891045453
HPSO,"{'num_particles': 50, 'stubbornness_coefficient': 0.5, 'personal_impact_coefficient': 0.5, 'environmental_impact_coefficient': 1, 'cooling_rate': 0.96}",4,2,20,118.6971310626215,1.840592384338379,60250,118.18939147303678,0.42959827718594323
HPSO,"{'num_particles': 50, 'stubbornness_coefficient': 0.5, 'personal_impact_coefficient': 0.5, 'environmental_impact_coefficient': 1, 'cooling_rate': 0.96}",4,3,20,164.4037385147277,1.8027143478393555,60250,163.7358903037225,0.40788138126978746
HPSO,"{'num_particles': 50, 'stubbornness_coefficient': 0.5, 'personal_impact_coefficient': 0.5, 'environmental_impact_coefficient': 1, 'cooling_rate': 0.96}",4,4,50,317.2094974743387,6.201664686203003,86910,314.1166007420703,0.9846333256382276
HPSO,"{'num_particles': 50, 'stubbornness_coefficient': 0.5, 'personal_impact_coefficient': 0.5, 'environmental_impact_coefficient': 1, 'cooling_rate': 0.96}",4,5,50,359.2649975531913,6.247096538543701,86910,356.61676113590636,0.7426000978893079
HPSO,"{'num_particles': 50, 'stubbornness_coefficient': 0.5, 'personal_impact_coefficient': 0.5, 'environmental_impact_coefficient': 1, 'cooling_rate': 0.96}",4,6,50,382.3763061932869,7.237986326217651,98090,381.4569939449432,0.24100023408573343
HPSO,"{'num_particles': 50, 'stubbornness_coefficient': 0.5, 'personal_impact_coefficient': 0.5, 'environmental_impact_coefficient': 1, 'cooling_rate': 0.96}",4,7,100,755.8080259694316,27.920846223831177,206090,753.9036132837116,0.25260691846602346
HPSO,"{'num_particles': 50, 'stubbornness_coefficient': 0.5, 'personal_impact_coefficient': 0.5, 'environmental_impact_coefficient': 1, 'cooling_rate': 0.96}",4,8,100,706.0305203165418,18.515262365341187,137410,703.5548352808022,0.35188231415558713
HPSO,"{'num_particles': 50, 'stubbornness_coefficient': 0.5, 'personal_impact_coefficient': 0.5, 'environmental_impact_coefficient': 1, 'cooling_rate': 0.96}",4,9,100,727.9150897760228,18.069722175598145,137410,726.7072203761198,0.1662112837241121
HPSO,"{'num_particles': 50, 'stubbornness_coefficient': 0.5, 'personal_impact_coefficient': 0.5, 'environmental_impact_coefficient': 2.0, 'cooling_rate': 0.9}",5,1,20,124.1925822253109,2.9800498485565186,87083,123.15082171840821,0.8459224976060158
HPSO,"{'num_particles': 50, 'stubbornness_coefficient': 0.5, 'personal_impact_coefficient': 0.5, 'environmental_impact_coefficient': 2.0, 'cooling_rate': 0.9}",5,2,20,119.37384560984326,2.0011849403381348,60149,118.18939147303678,1.0021662029427538
HPSO,"{'num_particles': 50, 'stubbornness_coefficient': 0.5, 'personal_impact_coefficient': 0.5, 'environmental_impact_coefficient': 2.0, 'cooling_rate': 0.9}",5,3,20,164.8015977736923,1.9758477210998535,60149,163.7358903037225,0.6508698050213404
HPSO,"{'num_particles': 50, 'stubbornness_coefficient': 0.5, 'personal_impact_coefficient': 0.5, 'environmental_impact_coefficient': 2.0, 'cooling_rate': 0.9}",5,4,50,316.4190184177579,5.253466367721558,70952,314.1166007420703,0.732981851404336
HPSO,"{'num_particles': 50, 'stubbornness_coefficient': 0.5, 'personal_impact_coefficient': 0.5, 'environmental_impact_coefficient': 2.0, 'cooling_rate': 0.9}",5,5,50,358.35012183493893,5.285575866699219,70952,356.61676113590636,0.48605699112723166
HPSO,"{'num_particles': 50, 'stubbornness_coefficient': 0.5, 'personal_impact_coefficient': 0.5, 'environmental_impact_coefficient': 2.0, 'cooling_rate': 0.9}",5,6,50,383.91870862641093,5.3267130851745605,70952,381.4569939449432,0.6453452736596201
HPSO,"{'num_particles': 50, 'stubbornness_coefficient': 0.5, 'personal_impact_coefficient': 0.5, 'environmental_impact_coefficient': 2.0, 'cooling_rate': 0.9}",5,7,100,757.6501815456,16.68430495262146,121452,753.9036132837116,0.49695587020333515
HPSO,"{'num_particles': 50, 'stubbornness_coefficient': 0.5, 'personal_impact_coefficient': 0.5, 'environmental_impact_coefficient': 2.0, 'cooling_rate': 0.9}",5,8,100,705.776077199782,16.716154098510742,121452,703.5548352808022,0.31571695731339056
HPSO,"{'num_particles': 50, 'stubbornness_coefficient': 0.5, 'personal_impact_coefficient': 0.5, 'environmental_impact_coefficient': 2.0, 'cooling_rate': 0.9}",5,9,100,727.6647403931808,16.244523525238037,121452,726.7072203761198,0.13176145636276107
HPSO,"{'num_particles': 50, 'stubbornness_coefficient': 0.5, 'personal_impact_coefficient': 0.5, 'environmental_impact_coefficient': 2.0, 'cooling_rate': 0.96}",6,1,20,123.15082171840821,1.9036555290222168,60250,123.15082171840821,0.0
HPSO,"{'num_particles': 50, 'stubbornness_coefficient': 0.5, 'personal_impact_coefficient': 0.5, 'environmental_impact_coefficient': 2.0, 'cooling_rate': 0.96}",6,2,20,120.75230654145189,1.810030460357666,60250,118.18939147303678,2.168481482536274
HPSO,"{'num_particles': 50, 'stubbornness_coefficient': 0.5, 'personal_impact_coefficient': 0.5, 'environmental_impact_coefficient': 2.0, 'cooling_rate': 0.96}",6,3,20,165.7095999078685,1.812682867050171,60250,163.7358903037225,1.2054227087811078
HPSO,"{'num_particles': 50, 'stubbornness_coefficient': 0.5, 'personal_impact_coefficient': 0.5, 'environmental_impact_coefficient': 2.0, 'cooling_rate': 0.96}",6,4,50,315.3767349019196,9.617417812347412,86910,314.1166007420703,0.4011676418477445
HPSO,"{'num_particles': 50, 'stubbornness_coefficient': 0.5, 'personal_impact_coefficient': 0.5, 'environmental_impact_coefficient': 2.0, 'cooling_rate': 0.96}",6,5,50,357.9205034437946,13.142271757125854,102390,356.61676113590636,0.36558638010605826
HPSO,"{'num_particles': 50, 'stubbornness_coefficient': 0.5, 'personal_impact_coefficient': 0.5, 'environmental_impact_coefficient': 2.0, 'cooling_rate': 0.96}",6,6,50,382.0550056347947,11.26333498954773,86910,381.4569939449432,0.15677040907470136
HPSO,"{'num_particles': 50, 'stubbornness_coefficient': 0.5, 'personal_impact_coefficient': 0.5, 'environmental_impact_coefficient': 2.0, 'cooling_rate': 0.96}",6,7,100,757.0242510653791,32.41290497779846,137410,753.9036132837116,0.41393060421546407
HPSO,"{'num_particles': 50, 'stubbornness_coefficient': 0.5, 'personal_impact_coefficient': 0.5, 'environmental_impact_coefficient': 2.0, 'cooling_rate': 0.96}",6,8,100,706.065132068927,31.83342480659485,137410,703.5548352808022,0.35680186706739436
HPSO,"{'num_particles': 50, 'stubbornness_coefficient': 0.5, 'personal_impact_coefficient': 0.5, 'environmental_impact_coefficient': 2.0, 'cooling_rate': 0.96}",6,9,100,728.0665711215998,31.51053237915039,137410,726.7072203761198,0.18705617714606707
HPSO,"{'num_particles': 50, 'stubbornness_coefficient': 0.5, 'personal_impact_coefficient': 1, 'environmental_impact_coefficient': 0.5, 'cooling_rate': 0.9}",7,1,20,124.23800009607007,4.000178813934326,60149,123.15082171840821,0.8828023739441675
HPSO,"{'num_particles': 50, 'stubbornness_coefficient': 0.5, 'personal_impact_coefficient': 1, 'environmental_impact_coefficient': 0.5, 'cooling_rate': 0.9}",7,2,20,118.7431063734645,3.9530882835388184,60149,118.18939147303678,0.4684979705255892
HPSO,"{'num_particles': 50, 'stubbornness_coefficient': 0.5, 'personal_impact_coefficient': 1, 'environmental_impact_coefficient': 0.5, 'cooling_rate': 0.9}",7,3,20,164.72341695944326,3.8814306259155273,60149,163.7358903037225,0.6031216820508567
HPSO,"{'num_particles': 50, 'stubbornness_coefficient': 0.5, 'personal_impact_coefficient': 1, 'environmental_impact_coefficient': 0.5, 'cooling_rate': 0.9}",7,4,50,315.82777300678384,9.341218709945679,70952,314.1166007420703,0.544757029928073
HPSO,"{'num_particles': 50, 'stubbornness_coefficient': 0.5, 'personal_impact_coefficient': 1, 'environmental_impact_coefficient': 0.5, 'cooling_rate': 0.9}",7,5,50,358.8128519263782,9.553741693496704,70952,356.61676113590636,0.6158125556064091
HPSO,"{'num_particles': 50, 'stubbornness_coefficient': 0.5, 'personal_impact_coefficient': 1, 'environmental_impact_coefficient': 0.5, 'cooling_rate': 0.9}",7,6,50,381.8140615134176,9.755682229995728,70952,381.4569939449432,0.09360624504002217
HPSO,"{'num_particles': 50, 'stubbornness_coefficient': 0.5, 'personal_impact_coefficient': 1, 'environmental_impact_coefficient': 0.5, 'cooling_rate': 0.9}",7,7,100,756.9916939782356,29.689279556274414,121452,753.9036132837116,0.40961213610232516
HPSO,"{'num_particles': 50, 'stubbornness_coefficient': 0.5, 'personal_impact_coefficient': 1, 'environmental_impact_coefficient': 0.5, 'cooling_rate': 0.9}",7,8,100,705.993144783239,25.629664421081543,121452,703.5548352808022,0.3465699303258497
HPSO,"{'num_particles': 50, 'stubbornness_coefficient': 0.5, 'personal_impact_coefficient': 1, 'environmental_impact_coefficient': 0.5, 'cooling_rate': 0.9}",7,9,100,729.4482689674937,16.032490730285645,121452,726.7072203761198,0.3771874717242
HPSO,"{'num_particles': 50, 'stubbornness_coefficient': 0.5, 'personal_impact_coefficient': 1, 'environmental_impact_coefficient': 0.5, 'cooling_rate': 0.96}",8,1,20,123.95091208708968,1.9212305545806885,60250,123.15082171840821,0.6496833374859013
HPSO,"{'num_particles': 50, 'stubbornness_coefficient': 0.5, 'personal_impact_coefficient': 1, 'environmental_impact_coefficient': 0.5, 'cooling_rate': 0.96}",8,2,20,119.3494544860931,1.8358113765716553,60250,118.18939147303678,0.9815288822440278
HPSO,"{'num_particles': 50, 'stubbornness_coefficient': 0.5, 'personal_impact_coefficient': 1, 'environmental_impact_coefficient': 0.5, 'cooling_rate': 0.96}",8,3,20,165.28149280173162,1.7808613777160645,60250,163.7358903037225,0.9439607254964664
HPSO,"{'num_particles': 50, 'stubbornness_coefficient': 0.5, 'personal_impact_coefficient': 1, 'environmental_impact_coefficient': 0.5, 'cooling_rate': 0.96}",8,4,50,317.9796694501812,5.982334852218628,86910,314.1166007420703,1.2298199773538647
HPSO,"{'num_particles': 50, 'stubbornness_coefficient': 0.5, 'personal_impact_coefficient': 1, 'environmental_impact_coefficient': 0.5, 'cooling_rate': 0.96}",8,5,50,357.55311267411906,6.727285146713257,95940,356.61676113590636,0.26256520731953537
HPSO,"{'num_particles': 50, 'stubbornness_coefficient': 0.5, 'personal_impact_coefficient': 1, 'environmental_impact_coefficient': 0.5, 'cooling_rate': 0.96}",8,6,50,382.55210438624886,6.166958570480347,86910,381.4569939449432,0.28708621382984495
HPSO,"{'num_particles': 50, 'stubbornness_coefficient': 0.5, 'personal_impact_coefficient': 1, 'environmental_impact_coefficient': 0.5, 'cooling_rate': 0.96}",8,7,100,757.3561408525205,26.260935306549072,197930,753.9036132837116,0.45795344497303336
HPSO,"{'num_particles': 50, 'stubbornness_coefficient': 0.5, 'personal_impact_coefficient': 1, 'environmental_impact_coefficient': 0.5, 'cooling_rate': 0.96}",8,8,100,706.5005382114247,18.475452661514282,137410,703.5548352808022,0.418688463628679
HPSO,"{'num_particles': 50, 'stubbornness_coefficient': 0.5, 'personal_impact_coefficient': 1, 'environmental_impact_coefficient': 0.5, 'cooling_rate': 0.96}",8,9,100,727.7955573382877,17.742188215255737,137410,726.7072203761198,0.14976278364271642
HPSO,"{'num_particles': 50, 'stubbornness_coefficient': 0.5, 'personal_impact_coefficient': 1, 'environmental_impact_coefficient': 1, 'cooling_rate': 0.9}",9,1,20,123.90369179803518,2.0640084743499756,60149,123.15082171840821,0.6113398750586139
HPSO,"{'num_particles': 50, 'stubbornness_coefficient': 0.5, 'personal_impact_coefficient': 1, 'environmental_impact_coefficient': 1, 'cooling_rate': 0.9}",9,2,20,118.75965713396556,2.0123374462127686,60149,118.18939147303678,0.4825015628064053
HPSO,"{'num_particles': 50, 'stubbornness_coefficient': 0.5, 'personal_impact_coefficient': 1, 'environmental_impact_coefficient': 1, 'cooling_rate': 0.9}",9,3,20,165.37333709406093,1.9424598217010498,60149,163.7358903037225,1.0000536762593968
HPSO,"{'num_particles': 50, 'stubbornness_coefficient': 0.5, 'personal_impact_coefficient': 1, 'environmental_impact_coefficient': 1, 'cooling_rate': 0.9}",9,4,50,316.6784517811903,5.088423252105713,70952,314.1166007420703,0.8155732721759515
HPSO,"{'num_particles': 50, 'stubbornness_coefficient': 0.5, 'personal_impact_coefficient': 1, 'environmental_impact_coefficient': 1, 'cooling_rate': 0.9}",9,5,50,356.61676113590636,5.213657379150391,70952,356.61676113590636,0.0
HPSO,"{'num_particles': 50, 'stubbornness_coefficient': 0.5, 'personal_impact_coefficient': 1, 'environmental_impact_coefficient': 1, 'cooling_rate': 0.9}",9,6,50,382.85610069845956,5.299200773239136,70952,381.4569939449432,0.3667796830901245
HPSO,"{'num_particles': 50, 'stubbornness_coefficient': 0.5, 'personal_impact_coefficient': 1, 'environmental_impact_coefficient': 1, 'cooling_rate': 0.9}",9,7,100,756.10636892297,16.522447109222412,121452,753.9036132837116,0.29218000821935786
HPSO,"{'num_particles': 50, 'stubbornness_coefficient': 0.5, 'personal_impact_coefficient': 1, 'environmental_impact_coefficient': 1, 'cooling_rate': 0.9}",9,8,100,705.6363833887507,16.3511483669281,121452,703.5548352808022,0.29586153112254665
HPSO,"{'num_particles': 50, 'stubbornness_coefficient': 0.5, 'personal_impact_coefficient': 1, 'environmental_impact_coefficient': 1, 'cooling_rate': 0.9}",9,9,100,728.4056815618162,15.659501791000366,121452,726.7072203761198,0.2337201472715939
HPSO,"{'num_particles': 50, 'stubbornness_coefficient': 0.5, 'personal_impact_coefficient': 1, 'environmental_impact_coefficient': 1, 'cooling_rate': 0.96}",10,1,20,124.3428621209315,1.8392558097839355,60250,123.15082171840821,0.967951643269553
HPSO,"{'num_particles': 50, 'stubbornness_coefficient': 0.5, 'personal_impact_coefficient': 1, 'environmental_impact_coefficient': 1, 'cooling_rate': 0.96}",10,2,20,119.03434631023478,1.7931396961212158,60250,118.18939147303678,0.7149159722941524
HPSO,"{'num_particles': 50, 'stubbornness_coefficient': 0.5, 'personal_impact_coefficient': 1, 'environmental_impact_coefficient': 1, 'cooling_rate': 0.96}",10,3,20,164.22029057753923,1.7643537521362305,60250,163.7358903037225,0.29584245269512494
HPSO,"{'num_particles': 50, 'stubbornness_coefficient': 0.5, 'personal_impact_coefficient': 1, 'environmental_impact_coefficient': 1, 'cooling_rate': 0.96}",10,4,50,316.3286666095404,6.006680727005005,86910,314.1166007420703,0.704218071329016
HPSO,"{'num_particles': 50, 'stubbornness_coefficient': 0.5, 'personal_impact_coefficient': 1, 'environmental_impact_coefficient': 1, 'cooling_rate': 0.96}",10,5,50,358.7579846656649,6.2520751953125,86910,356.61676113590636,0.600427058710934
HPSO,"{'num_particles': 50, 'stubbornness_coefficient': 0.5, 'personal_impact_coefficient': 1, 'environmental_impact_coefficient': 1, 'cooling_rate': 0.96}",10,6,50,381.93420450962486,6.442354440689087,86910,381.4569939449432,0.12510206189863732
HPSO,"{'num_particles': 50, 'stubbornness_coefficient': 0.5, 'personal_impact_coefficient': 1, 'environmental_impact_coefficient': 1, 'cooling_rate': 0.96}",10,7,100,755.6382863420484,26.269038677215576,190450,753.9036132837116,0.23009215339627964
HPSO,"{'num_particles': 50, 'stubbornness_coefficient': 0.5, 'personal_impact_coefficient': 1, 'environmental_impact_coefficient': 1, 'cooling_rate': 0.96}",10,8,100,704.41900366844,18.517062664031982,137410,703.5548352808022,0.12282886056677307
HPSO,"{'num_particles': 50, 'stubbornness_coefficient': 0.5, 'personal_impact_coefficient': 1, 'environmental_impact_coefficient': 1, 'cooling_rate': 0.96}",10,9,100,730.4810755702487,18.146515369415283,137410,726.7072203761198,0.5193088892354205
HPSO,"{'num_particles': 50, 'stubbornness_coefficient': 0.5, 'personal_impact_coefficient': 1, 'environmental_impact_coefficient': 2.0, 'cooling_rate': 0.9}",11,1,20,123.76157883357072,2.0740907192230225,60149,123.15082171840821,0.49594237914144557
HPSO,"{'num_particles': 50, 'stubbornness_coefficient': 0.5, 'personal_impact_coefficient': 1, 'environmental_impact_coefficient': 2.0, 'cooling_rate': 0.9}",11,2,20,119.64535538966093,2.0152032375335693,60149,118.18939147303678,1.23189052627986
HPSO,"{'num_particles': 50, 'stubbornness_coefficient': 0.5, 'personal_impact_coefficient': 1, 'environmental_impact_coefficient': 2.0, 'cooling_rate': 0.9}",11,3,20,164.95769516375157,1.9439387321472168,60149,163.7358903037225,0.74620467007122
HPSO,"{'num_particles': 50, 'stubbornness_coefficient': 0.5, 'personal_impact_coefficient': 1, 'environmental_impact_coefficient': 2.0, 'cooling_rate': 0.9}",11,4,50,315.1439771267353,5.188328981399536,70952,314.1166007420703,0.3270684778320891
HPSO,"{'num_particles': 50, 'stubbornness_coefficient': 0.5, 'personal_impact_coefficient': 1, 'environmental_impact_coefficient': 2.0, 'cooling_rate': 0.9}",11,5,50,357.61006970675606,5.166335821151733,70952,356.61676113590636,0.27853670357102395
HPSO,"{'num_particles': 50, 'stubbornness_coefficient': 0.5, 'personal_impact_coefficient': 1, 'environmental_impact_coefficient': 2.0, 'cooling_rate': 0.9}",11,6,50,382.4766222671513,5.30384087562561,70952,381.4569939449432,0.2672983687265376
HPSO,"{'num_particles': 50, 'stubbornness_coefficient': 0.5, 'personal_impact_coefficient': 1, 'environmental_impact_coefficient': 2.0, 'cooling_rate': 0.9}",11,7,100,756.3661366105458,27.971264123916626,121452,753.9036132837116,0.3266363608616271
HPSO,"{'num_particles': 50, 'stubbornness_coefficient': 0.5, 'personal_impact_coefficient': 1, 'environmental_impact_coefficient': 2.0, 'cooling_rate': 0.9}",11,8,100,706.0686429970126,28.31264638900757,121452,703.5548352808022,0.3573008939960024
HPSO,"{'num_particles': 50, 'stubbornness_coefficient': 0.5, 'personal_impact_coefficient': 1, 'environmental_impact_coefficient': 2.0, 'cooling_rate': 0.9}",11,9,100,728.7757665561126,27.43447518348694,121452,726.7072203761198,0.28464643284018987
HPSO,"{'num_particles': 50, 'stubbornness_coefficient': 0.5, 'personal_impact_coefficient': 1, 'environmental_impact_coefficient': 2.0, 'cooling_rate': 0.96}",12,1,20,123.42814098129412,3.5237932205200195,60250,123.15082171840821,0.22518669304539268
HPSO,"{'num_particles': 50, 'stubbornness_coefficient': 0.5, 'personal_impact_coefficient': 1, 'environmental_impact_coefficient': 2.0, 'cooling_rate': 0.96}",12,2,20,119.45198496590835,3.4451253414154053,60250,118.18939147303678,1.0682798829365463
HPSO,"{'num_particles': 50, 'stubbornness_coefficient': 0.5, 'personal_impact_coefficient': 1, 'environmental_impact_coefficient': 2.0, 'cooling_rate': 0.96}",12,3,20,165.36010033182197,3.4428720474243164,61650,163.7358903037225,0.9919694607496468
HPSO,"{'num_particles': 50, 'stubbornness_coefficient': 0.5, 'personal_impact_coefficient': 1, 'environmental_impact_coefficient': 2.0, 'cooling_rate': 0.96}",12,4,50,315.6838623949813,14.553730487823486,117010,314.1166007420703,0.49894263760924473
HPSO,"{'num_particles': 50, 'stubbornness_coefficient': 0.5, 'personal_impact_coefficient': 1, 'environmental_impact_coefficient': 2.0, 'cooling_rate': 0.96}",12,5,50,358.3992525215116,11.006772994995117,86910,356.61676113590636,0.49983387766956927
HPSO,"{'num_particles': 50, 'stubbornness_coefficient': 0.5, 'personal_impact_coefficient': 1, 'environmental_impact_coefficient': 2.0, 'cooling_rate': 0.96}",12,6,50,382.19910067556214,11.177497386932373,86910,381.4569939449432,0.19454532028479926
HPSO,"{'num_particles': 50, 'stubbornness_coefficient': 0.5, 'personal_impact_coefficient': 1, 'environmental_impact_coefficient': 2.0, 'cooling_rate': 0.96}",12,7,100,758.7228426974799,32.324578523635864,137410,753.9036132837116,0.6392368107612084
HPSO,"{'num_particles': 50, 'stubbornness_coefficient': 0.5, 'personal_impact_coefficient': 1, 'environmental_impact_coefficient': 2.0, 'cooling_rate': 0.96}",12,8,100,704.465632793169,31.948505878448486,137410,703.5548352808022,0.1294565066848388
HPSO,"{'num_particles': 50, 'stubbornness_coefficient': 0.5, 'personal_impact_coefficient': 1, 'environmental_impact_coefficient': 2.0, 'cooling_rate': 0.96}",12,9,100,729.0647579618385,31.154534339904785,137410,726.7072203761198,0.32441367301930424
HPSO,"{'num_particles': 50, 'stubbornness_coefficient': 0.5, 'personal_impact_coefficient': 2.0, 'environmental_impact_coefficient': 0.5, 'cooling_rate': 0.9}",13,1,20,123.73954942825218,3.9966511726379395,60149,123.15082171840821,0.4780542278395241
HPSO,"{'num_particles': 50, 'stubbornness_coefficient': 0.5, 'personal_impact_coefficient': 2.0, 'environmental_impact_coefficient': 0.5, 'cooling_rate': 0.9}",13,2,20,118.84056012587988,6.169471502304077,95525,118.18939147303678,0.5509535540604352
HPSO,"{'num_particles': 50, 'stubbornness_coefficient': 0.5, 'personal_impact_coefficient': 2.0, 'environmental_impact_coefficient': 0.5, 'cooling_rate': 0.9}",13,3,20,165.14408919088496,3.857052803039551,60149,163.7358903037225,0.8600428925816522
HPSO,"{'num_particles': 50, 'stubbornness_coefficient': 0.5, 'personal_impact_coefficient': 2.0, 'environmental_impact_coefficient': 0.5, 'cooling_rate': 0.9}",13,4,50,316.2963566744414,5.261767864227295,70952,314.1166007420703,0.6939321026719518
HPSO,"{'num_particles': 50, 'stubbornness_coefficient': 0.5, 'personal_impact_coefficient': 2.0, 'environmental_impact_coefficient': 0.5, 'cooling_rate': 0.9}",13,5,50,357.8182577388181,5.31229043006897,70952,356.61676113590636,0.3369153483096782
HPSO,"{'num_particles': 50, 'stubbornness_coefficient': 0.5, 'personal_impact_coefficient': 2.0, 'environmental_impact_coefficient': 0.5, 'cooling_rate': 0.9}",13,6,50,381.55775583605157,5.363484859466553,70952,381.4569939449432,0.026415006857348173
HPSO,"{'num_particles': 50, 'stubbornness_coefficient': 0.5, 'personal_impact_coefficient': 2.0, 'environmental_impact_coefficient': 0.5, 'cooling_rate': 0.9}",13,7,100,755.9177632608212,18.621554613113403,121452,753.9036132837116,0.2671627966255164
HPSO,"{'num_particles': 50, 'stubbornness_coefficient': 0.5, 'personal_impact_coefficient': 2.0, 'environmental_impact_coefficient': 0.5, 'cooling_rate': 0.9}",13,8,100,705.5683176877105,17.16603112220764,121452,703.5548352808022,0.2861869901163736
HPSO,"{'num_particles': 50, 'stubbornness_coefficient': 0.5, 'personal_impact_coefficient': 2.0, 'environmental_impact_coefficient': 0.5, 'cooling_rate': 0.9}",13,9,100,728.6422534998809,16.397691249847412,121452,726.7072203761198,0.26627410179845873
HPSO,"{'num_particles': 50, 'stubbornness_coefficient': 0.5, 'personal_impact_coefficient': 2.0, 'environmental_impact_coefficient': 0.5, 'cooling_rate': 0.96}",14,1,20,125.08386691499348,1.917799472808838,60250,123.15082171840821,1.569656758771203
HPSO,"{'num_particles': 50, 'stubbornness_coefficient': 0.5, 'personal_impact_coefficient': 2.0, 'environmental_impact_coefficient': 0.5, 'cooling_rate': 0.96}",14,2,20,118.18939147303678,2.4582247734069824,77890,118.18939147303678,0.0
HPSO,"{'num_particles': 50, 'stubbornness_coefficient': 0.5, 'personal_impact_coefficient': 2.0, 'environmental_impact_coefficient': 0.5, 'cooling_rate': 0.96}",14,3,20,164.83302110693296,2.1519365310668945,69210,163.7358903037225,0.6700612805019931
HPSO,"{'num_particles': 50, 'stubbornness_coefficient': 0.5, 'personal_impact_coefficient': 2.0, 'environmental_impact_coefficient': 0.5, 'cooling_rate': 0.96}",14,4,50,316.449761998581,6.2506208419799805,86910,314.1166007420703,0.7427691662900956
HPSO,"{'num_particles': 50, 'stubbornness_coefficient': 0.5, 'personal_impact_coefficient': 2.0, 'environmental_impact_coefficient': 0.5, 'cooling_rate': 0.96}",14,5,50,357.6956304608997,6.2535247802734375,86910,356.61676113590636,0.30252905711915323
HPSO,"{'num_particles': 50, 'stubbornness_coefficient': 0.5, 'personal_impact_coefficient': 2.0, 'environmental_impact_coefficient': 0.5, 'cooling_rate': 0.96}",14,6,50,382.06254488832485,6.421738862991333,86910,381.4569939449432,0.15874684512117593
HPSO,"{'num_particles': 50, 'stubbornness_coefficient': 0.5, 'personal_impact_coefficient': 2.0, 'environmental_impact_coefficient': 0.5, 'cooling_rate': 0.96}",14,7,100,756.2016661777728,18.57632064819336,137410,753.9036132837116,0.30482051731411874
HPSO,"{'num_particles': 50, 'stubbornness_coefficient': 0.5, 'personal_impact_coefficient': 2.0, 'environmental_impact_coefficient': 0.5, 'cooling_rate': 0.96}",14,8,100,705.9695972029127,18.50180196762085,137410,703.5548352808022,0.34322298718148264
HPSO,"{'num_particles': 50, 'stubbornness_coefficient': 0.5, 'personal_impact_coefficient': 2.0, 'environmental_impact_coefficient': 0.5, 'cooling_rate': 0.96}",14,9,100,729.053180542644,17.84339451789856,137410,726.7072203761198,0.3228205391037616
HPSO,"{'num_particles': 50, 'stubbornness_coefficient': 0.5, 'personal_impact_coefficient': 2.0, 'environmental_impact_coefficient': 1, 'cooling_rate': 0.9}",15,1,20,124.31249800524418,2.078186273574829,60149,123.15082171840821,0.9432956034123856
HPSO,"{'num_particles': 50, 'stubbornness_coefficient': 0.5, 'personal_impact_coefficient': 2.0, 'environmental_impact_coefficient': 1, 'cooling_rate': 0.9}",15,2,20,119.13506360058636,2.0470104217529297,60149,118.18939147303678,0.8001328340583992
HPSO,"{'num_particles': 50, 'stubbornness_coefficient': 0.5, 'personal_impact_coefficient': 2.0, 'environmental_impact_coefficient': 1, 'cooling_rate': 0.9}",15,3,20,164.91207933006476,1.9785826206207275,60149,163.7358903037225,0.7183452718646357
HPSO,"{'num_particles': 50, 'stubbornness_coefficient': 0.5, 'personal_impact_coefficient': 2.0, 'environmental_impact_coefficient': 1, 'cooling_rate': 0.9}",15,4,50,315.0334567107397,5.213812351226807,70952,314.1166007420703,0.2918839585374975
HPSO,"{'num_particles': 50, 'stubbornness_coefficient': 0.5, 'personal_impact_coefficient': 2.0, 'environmental_impact_coefficient': 1, 'cooling_rate': 0.9}",15,5,50,359.0775268416811,5.209704875946045,70952,356.61676113590636,0.69003086056209
HPSO,"{'num_particles': 50, 'stubbornness_coefficient': 0.5, 'personal_impact_coefficient': 2.0, 'environmental_impact_coefficient': 1, 'cooling_rate': 0.9}",15,6,50,382.96703929487177,6.305654525756836,82535,381.4569939449432,0.39586254122962505
HPSO,"{'num_particles': 50, 'stubbornness_coefficient': 0.5, 'personal_impact_coefficient': 2.0, 'environmental_impact_coefficient': 1, 'cooling_rate': 0.9}",15,7,100,755.2245200860364,16.982249975204468,121452,753.9036132837116,0.17520897619410702
HPSO,"{'num_particles': 50, 'stubbornness_coefficient': 0.5, 'personal_impact_coefficient': 2.0, 'environmental_impact_coefficient': 1, 'cooling_rate': 0.9}",15,8,100,704.7975019233181,20.138965129852295,148497,703.5548352808022,0.17662683563534268
HPSO,"{'num_particles': 50, 'stubbornness_coefficient': 0.5, 'personal_impact_coefficient': 2.0, 'environmental_impact_coefficient': 1, 'cooling_rate': 0.9}",15,9,100,727.5656481464331,16.26834201812744,121452,726.7072203761198,0.11812566962922999
HPSO,"{'num_particles': 50, 'stubbornness_coefficient': 0.5, 'personal_impact_coefficient': 2.0, 'environmental_impact_coefficient': 1, 'cooling_rate': 0.96}",16,1,20,124.51163231266571,2.048722505569458,64170,123.15082171840821,1.1049951395120015
HPSO,"{'num_particles': 50, 'stubbornness_coefficient': 0.5, 'personal_impact_coefficient': 2.0, 'environmental_impact_coefficient': 1, 'cooling_rate': 0.96}",16,2,20,118.85293012201087,1.8931047916412354,60250,118.18939147303678,0.5614198031686063
HPSO,"{'num_particles': 50, 'stubbornness_coefficient': 0.5, 'personal_impact_coefficient': 2.0, 'environmental_impact_coefficient': 1, 'cooling_rate': 0.96}",16,3,20,164.91494273858763,1.8190312385559082,60250,163.7358903037225,0.7200940689778152
HPSO,"{'num_particles': 50, 'stubbornness_coefficient': 0.5, 'personal_impact_coefficient': 2.0, 'environmental_impact_coefficient': 1, 'cooling_rate': 0.96}",16,4,50,315.8827133576749,6.227236986160278,86910,314.1166007420703,0.56224746206737
HPSO,"{'num_particles': 50, 'stubbornness_coefficient': 0.5, 'personal_impact_coefficient': 2.0, 'environmental_impact_coefficient': 1, 'cooling_rate': 0.96}",16,5,50,359.12954887394375,6.239755153656006,86910,356.61676113590636,0.7046185182192733
HPSO,"{'num_particles': 50, 'stubbornness_coefficient': 0.5, 'personal_impact_coefficient': 2.0, 'environmental_impact_coefficient': 1, 'cooling_rate': 0.96}",16,6,50,382.6632197762683,6.363077402114868,86910,381.4569939449432,0.31621541889967963
HPSO,"{'num_particles': 50, 'stubbornness_coefficient': 0.5, 'personal_impact_coefficient': 2.0, 'environmental_impact_coefficient': 1, 'cooling_rate': 0.96}",16,7,100,755.1466293525997,18.8086154460907,137410,753.9036132837116,0.1648773194591813
HPSO,"{'num_particles': 50, 'stubbornness_coefficient': 0.5, 'personal_impact_coefficient': 2.0, 'environmental_impact_coefficient': 1, 'cooling_rate': 0.96}",16,8,100,704.1924909572708,18.666800498962402,137410,703.5548352808022,0.0906334011924067
HPSO,"{'num_particles': 50, 'stubbornness_coefficient': 0.5, 'personal_impact_coefficient': 2.0, 'environmental_impact_coefficient': 1, 'cooling_rate': 0.96}",16,9,100,728.2461910591753,17.951857089996338,137410,726.7072203761198,0.2117731377787826
HPSO,"{'num_particles': 50, 'stubbornness_coefficient': 0.5, 'personal_impact_coefficient': 2.0, 'environmental_impact_coefficient': 2.0, 'cooling_rate': 0.9}",17,1,20,125.33665579434732,2.063490629196167,60149,123.15082171840821,1.7749244750775228
HPSO,"{'num_particles': 50, 'stubbornness_coefficient': 0.5, 'personal_impact_coefficient': 2.0, 'environmental_impact_coefficient': 2.0, 'cooling_rate': 0.9}",17,2,20,118.4688195290297,2.4587297439575195,71807,118.18939147303678,0.23642397385273867
HPSO,"{'num_particles': 50, 'stubbornness_coefficient': 0.5, 'personal_impact_coefficient': 2.0, 'environmental_impact_coefficient': 2.0, 'cooling_rate': 0.9}",17,3,20,164.83034934127386,1.9753494262695312,60149,163.7358903037225,0.6684295272839625
HPSO,"{'num_particles': 50, 'stubbornness_coefficient': 0.5, 'personal_impact_coefficient': 2.0, 'environmental_impact_coefficient': 2.0, 'cooling_rate': 0.9}",17,4,50,314.1166007420703,5.2184929847717285,70952,314.1166007420703,0.0
HPSO,"{'num_particles': 50, 'stubbornness_coefficient': 0.5, 'personal_impact_coefficient': 2.0, 'environmental_impact_coefficient': 2.0, 'cooling_rate': 0.9}",17,5,50,357.0806197053718,9.800391912460327,131324,356.61676113590636,0.13007200446438968
HPSO,"{'num_particles': 50, 'stubbornness_coefficient': 0.5, 'personal_impact_coefficient': 2.0, 'environmental_impact_coefficient': 2.0, 'cooling_rate': 0.9}",17,6,50,382.8734742004594,5.465152025222778,70952,381.4569939449432,0.37133419441790344
HPSO,"{'num_particles': 50, 'stubbornness_coefficient': 0.5, 'personal_impact_coefficient': 2.0, 'environmental_impact_coefficient': 2.0, 'cooling_rate': 0.9}",17,7,100,755.1773561656016,16.767378568649292,121452,753.9036132837116,0.16895301460913553
HPSO,"{'num_particles': 50, 'stubbornness_coefficient': 0.5, 'personal_impact_coefficient': 2.0, 'environmental_impact_coefficient': 2.0, 'cooling_rate': 0.9}",17,8,100,709.0735608168068,16.74590253829956,121452,703.5548352808022,0.7844058855486299
HPSO,"{'num_particles': 50, 'stubbornness_coefficient': 0.5, 'personal_impact_coefficient': 2.0, 'environmental_impact_coefficient': 2.0, 'cooling_rate': 0.9}",17,9,100,727.739708769016,16.246816158294678,121452,726.7072203761198,0.1420776296073976
HPSO,"{'num_particles': 50, 'stubbornness_coefficient': 0.5, 'personal_impact_coefficient': 2.0, 'environmental_impact_coefficient': 2.0, 'cooling_rate': 0.96}",18,1,20,123.6000657468609,2.756624221801758,84050,123.15082171840821,0.3647917425024739
HPSO,"{'num_particles': 50, 'stubbornness_coefficient': 0.5, 'personal_impact_coefficient': 2.0, 'environmental_impact_coefficient': 2.0, 'cooling_rate': 0.96}",18,2,20,120.81581666999496,1.8785598278045654,60250,118.18939147303678,2.2222173785854222
HPSO,"{'num_particles': 50, 'stubbornness_coefficient': 0.5, 'personal_impact_coefficient': 2.0, 'environmental_impact_coefficient': 2.0, 'cooling_rate': 0.96}",18,3,20,165.50147755776018,1.8462159633636475,60250,163.7358903037225,1.0783141379465435
HPSO,"{'num_particles': 50, 'stubbornness_coefficient': 0.5, 'personal_impact_coefficient': 2.0, 'environmental_impact_coefficient': 2.0, 'cooling_rate': 0.96}",18,4,50,314.80782447435945,6.1968653202056885,86910,314.1166007420703,0.22005323203427699
HPSO,"{'num_particles': 50, 'stubbornness_coefficient': 0.5, 'personal_impact_coefficient': 2.0, 'environmental_impact_coefficient': 2.0, 'cooling_rate': 0.96}",18,5,50,357.29560080183626,6.37363600730896,86910,356.61676113590636,0.19035551323152597
HPSO,"{'num_particles': 50, 'stubbornness_coefficient': 0.5, 'personal_impact_coefficient': 2.0, 'environmental_impact_coefficient': 2.0, 'cooling_rate': 0.96}",18,6,50,382.16063788110654,8.806153297424316,118300,381.4569939449432,0.18446219294249427
HPSO,"{'num_particles': 50, 'stubbornness_coefficient': 0.5, 'personal_impact_coefficient': 2.0, 'environmental_impact_coefficient': 2.0, 'cooling_rate': 0.96}",18,7,100,755.5827347888818,18.65271019935608,137410,753.9036132837116,0.22272363145423849
HPSO,"{'num_particles': 50, 'stubbornness_coefficient': 0.5, 'personal_impact_coefficient': 2.0, 'environmental_impact_coefficient': 2.0, 'cooling_rate': 0.96}",18,8,100,704.4470360267122,18.731798887252808,137410,703.5548352808022,0.12681324911283381
HPSO,"{'num_particles': 50, 'stubbornness_coefficient': 0.5, 'personal_impact_coefficient': 2.0, 'environmental_impact_coefficient': 2.0, 'cooling_rate': 0.96}",18,9,100,728.2313135080457,17.85959005355835,137410,726.7072203761198,0.20972588261019579
HPSO,"{'num_particles': 50, 'stubbornness_coefficient': 1, 'personal_impact_coefficient': 0.5, 'environmental_impact_coefficient': 0.5, 'cooling_rate': 0.9}",19,1,20,125.64573072579041,2.048708438873291,60149,123.15082171840821,2.025897166230011
HPSO,"{'num_particles': 50, 'stubbornness_coefficient': 1, 'personal_impact_coefficient': 0.5, 'environmental_impact_coefficient': 0.5, 'cooling_rate': 0.9}",19,2,20,119.38400698265974,2.056457757949829,60149,118.18939147303678,1.0107637366890898
HPSO,"{'num_particles': 50, 'stubbornness_coefficient': 1, 'personal_impact_coefficient': 0.5, 'environmental_impact_coefficient': 0.5, 'cooling_rate': 0.9}",19,3,20,164.44032087662686,2.010521650314331,60149,163.7358903037225,0.43022368009705814
HPSO,"{'num_particles': 50, 'stubbornness_coefficient': 1, 'personal_impact_coefficient': 0.5, 'environmental_impact_coefficient': 0.5, 'cooling_rate': 0.9}",19,4,50,317.6713499702173,5.181430339813232,70952,314.1166007420703,1.131665508842651
HPSO,"{'num_particles': 50, 'stubbornness_coefficient': 1, 'personal_impact_coefficient': 0.5, 'environmental_impact_coefficient': 0.5, 'cooling_rate': 0.9}",19,5,50,358.11308801488104,5.236778497695923,70952,356.61676113590636,0.41958961048508764
HPSO,"{'num_particles': 50, 'stubbornness_coefficient': 1, 'personal_impact_coefficient': 0.5, 'environmental_impact_coefficient': 0.5, 'cooling_rate': 0.9}",19,6,50,381.75481329920706,5.348740100860596,70952,381.4569939449432,0.0780741627473907
HPSO,"{'num_particles': 50, 'stubbornness_coefficient': 1, 'personal_impact_coefficient': 0.5, 'environmental_impact_coefficient': 0.5, 'cooling_rate': 0.9}",19,7,100,755.7662186824551,16.73664879798889,121452,753.9036132837116,0.24706147655013264
HPSO,"{'num_particles': 50, 'stubbornness_coefficient': 1, 'personal_impact_coefficient': 0.5, 'environmental_impact_coefficient': 0.5, 'cooling_rate': 0.9}",19,8,100,705.8405290570272,16.73314595222473,121452,703.5548352808022,0.32487784343245096
HPSO,"{'num_particles': 50, 'stubbornness_coefficient': 1, 'personal_impact_coefficient': 0.5, 'environmental_impact_coefficient': 0.5, 'cooling_rate': 0.9}",19,9,100,727.6569667498467,16.10196352005005,121452,726.7072203761198,0.13069174862956245
HPSO,"{'num_particles': 50, 'stubbornness_coefficient': 1, 'personal_impact_coefficient': 0.5, 'environmental_impact_coefficient': 0.5, 'cooling_rate': 0.96}",20,1,20,124.43609183656736,1.9041786193847656,60250,123.15082171840821,1.0436553327252618
HPSO,"{'num_particles': 50, 'stubbornness_coefficient': 1, 'personal_impact_coefficient': 0.5, 'environmental_impact_coefficient': 0.5, 'cooling_rate': 0.96}",20,2,20,118.82437379874254,1.845475196838379,60250,118.18939147303678,0.5372583087126104
HPSO,"{'num_particles': 50, 'stubbornness_coefficient': 1, 'personal_impact_coefficient': 0.5, 'environmental_impact_coefficient': 0.5, 'cooling_rate': 0.96}",20,3,20,165.47659063640137,1.7970612049102783,60250,163.7358903037225,1.0631147083574353
HPSO,"{'num_particles': 50, 'stubbornness_coefficient': 1, 'personal_impact_coefficient': 0.5, 'environmental_impact_coefficient': 0.5, 'cooling_rate': 0.96}",20,4,50,316.58716303890435,6.165577411651611,86910,314.1166007420703,0.7865112162163879
HPSO,"{'num_particles': 50, 'stubbornness_coefficient': 1, 'personal_impact_coefficient': 0.5, 'environmental_impact_coefficient': 0.5, 'cooling_rate': 0.96}",20,5,50,357.67435531674795,6.263148784637451,86910,356.61676113590636,0.2965632286808141
HPSO,"{'num_particles': 50, 'stubbornness_coefficient': 1, 'personal_impact_coefficient': 0.5, 'environmental_impact_coefficient': 0.5, 'cooling_rate': 0.96}",20,6,50,381.86644423261384,6.3627870082855225,86910,381.4569939449432,0.10733851893400144
HPSO,"{'num_particles': 50, 'stubbornness_coefficient': 1, 'personal_impact_coefficient': 0.5, 'environmental_impact_coefficient': 0.5, 'cooling_rate': 0.96}",20,7,100,756.288842077865,18.59357476234436,137410,753.9036132837116,0.3163837859543121
HPSO,"{'num_particles': 50, 'stubbornness_coefficient': 1, 'personal_impact_coefficient': 0.5, 'environmental_impact_coefficient': 0.5, 'cooling_rate': 0.96}",20,8,100,706.8686093266034,18.565651655197144,137410,703.5548352808022,0.47100437373564774
HPSO,"{'num_particles': 50, 'stubbornness_coefficient': 1, 'personal_impact_coefficient': 0.5, 'environmental_impact_coefficient': 0.5, 'cooling_rate': 0.96}",20,9,100,727.6242052342417,18.12604284286499,137410,726.7072203761198,0.12618353477308908
HPSO,"{'num_particles': 50, 'stubbornness_coefficient': 1, 'personal_impact_coefficient': 0.5, 'environmental_impact_coefficient': 1, 'cooling_rate': 0.9}",21,1,20,124.52569874202038,2.1883981227874756,60149,123.15082171840821,1.116417255222146
HPSO,"{'num_particles': 50, 'stubbornness_coefficient': 1, 'personal_impact_coefficient': 0.5, 'environmental_impact_coefficient': 1, 'cooling_rate': 0.9}",21,2,20,120.09768848175054,3.9090139865875244,60149,118.18939147303678,1.6146093866208884
HPSO,"{'num_particles': 50, 'stubbornness_coefficient': 1, 'personal_impact_coefficient': 0.5, 'environmental_impact_coefficient': 1, 'cooling_rate': 0.9}",21,3,20,165.5215693781292,3.873077392578125,60149,163.7358903037225,1.090585009245276
HPSO,"{'num_particles': 50, 'stubbornness_coefficient': 1, 'personal_impact_coefficient': 0.5, 'environmental_impact_coefficient': 1, 'cooling_rate': 0.9}",21,4,50,316.87621004369896,9.520100355148315,70952,314.1166007420703,0.8785302321205982
HPSO,"{'num_particles': 50, 'stubbornness_coefficient': 1, 'personal_impact_coefficient': 0.5, 'environmental_impact_coefficient': 1, 'cooling_rate': 0.9}",21,5,50,357.73490684645867,9.5343017578125,70952,356.61676113590636,0.31354266888375104
HPSO,"{'num_particles': 50, 'stubbornness_coefficient': 1, 'personal_impact_coefficient': 0.5, 'environmental_impact_coefficient': 1, 'cooling_rate': 0.9}",21,6,50,382.6452597779853,9.782410621643066,70952,381.4569939449432,0.31150715595835415
HPSO,"{'num_particles': 50, 'stubbornness_coefficient': 1, 'personal_impact_coefficient': 0.5, 'environmental_impact_coefficient': 1, 'cooling_rate': 0.9}",21,7,100,754.5460536396726,29.403491497039795,121452,753.9036132837116,0.08521518462588823
HPSO,"{'num_particles': 50, 'stubbornness_coefficient': 1, 'personal_impact_coefficient': 0.5, 'environmental_impact_coefficient': 1, 'cooling_rate': 0.9}",21,8,100,706.381877837138,28.74114441871643,121452,703.5548352808022,0.4018226319498506
HPSO,"{'num_particles': 50, 'stubbornness_coefficient': 1, 'personal_impact_coefficient': 0.5, 'environmental_impact_coefficient': 1, 'cooling_rate': 0.9}",21,9,100,728.979876293746,28.272241592407227,121452,726.7072203761198,0.31273336137349605
HPSO,"{'num_particles': 50, 'stubbornness_coefficient': 1, 'personal_impact_coefficient': 0.5, 'environmental_impact_coefficient': 1, 'cooling_rate': 0.96}",22,1,20,124.49900783589807,3.640876293182373,60250,123.15082171840821,1.094743907249412
HPSO,"{'num_particles': 50, 'stubbornness_coefficient': 1, 'personal_impact_coefficient': 0.5, 'environmental_impact_coefficient': 1, 'cooling_rate': 0.96}",22,2,20,120.90095127872603,3.498109817504883,60250,118.18939147303678,2.294249739248257
HPSO,"{'num_particles': 50, 'stubbornness_coefficient': 1, 'personal_impact_coefficient': 0.5, 'environmental_impact_coefficient': 1, 'cooling_rate': 0.96}",22,3,20,164.44621750546386,3.54093074798584,60250,163.7358903037225,0.4338249851170323
HPSO,"{'num_particles': 50, 'stubbornness_coefficient': 1, 'personal_impact_coefficient': 0.5, 'environmental_impact_coefficient': 1, 'cooling_rate': 0.96}",22,4,50,317.8438837228626,11.046633958816528,86910,314.1166007420703,1.1865921673629853
HPSO,"{'num_particles': 50, 'stubbornness_coefficient': 1, 'personal_impact_coefficient': 0.5, 'environmental_impact_coefficient': 1, 'cooling_rate': 0.96}",22,5,50,356.9507163430524,11.198230743408203,86910,356.61676113590636,0.09364540412580091
HPSO,"{'num_particles': 50, 'stubbornness_coefficient': 1, 'personal_impact_coefficient': 0.5, 'environmental_impact_coefficient': 1, 'cooling_rate': 0.96}",22,6,50,383.69045082155515,11.261927843093872,86910,381.4569939449432,0.5855068623894019
HPSO,"{'num_particles': 50, 'stubbornness_coefficient': 1, 'personal_impact_coefficient': 0.5, 'environmental_impact_coefficient': 1, 'cooling_rate': 0.96}",22,7,100,756.6851028721651,33.10458016395569,137410,753.9036132837116,0.368944987057219
HPSO,"{'num_particles': 50, 'stubbornness_coefficient': 1, 'personal_impact_coefficient': 0.5, 'environmental_impact_coefficient': 1, 'cooling_rate': 0.96}",22,8,100,705.7166611725174,32.35993528366089,137410,703.5548352808022,0.3072718405598638
HPSO,"{'num_particles': 50, 'stubbornness_coefficient': 1, 'personal_impact_coefficient': 0.5, 'environmental_impact_coefficient': 1, 'cooling_rate': 0.96}",22,9,100,729.9955618489208,30.93132734298706,137410,726.7072203761198,0.4524988029015394
HPSO,"{'num_particles': 50, 'stubbornness_coefficient': 1, 'personal_impact_coefficient': 0.5, 'environmental_impact_coefficient': 2.0, 'cooling_rate': 0.9}",23,1,20,124.95947722739584,4.034034013748169,60149,123.15082171840821,1.4686507842580434
HPSO,"{'num_particles': 50, 'stubbornness_coefficient': 1, 'personal_impact_coefficient': 0.5, 'environmental_impact_coefficient': 2.0, 'cooling_rate': 0.9}",23,2,20,120.5677164771056,3.9471383094787598,60149,118.18939147303678,2.0122998980085347
HPSO,"{'num_particles': 50, 'stubbornness_coefficient': 1, 'personal_impact_coefficient': 0.5, 'environmental_impact_coefficient': 2.0, 'cooling_rate': 0.9}",23,3,20,165.4551103020084,3.852811336517334,60149,163.7358903037225,1.0499958164925358
HPSO,"{'num_particles': 50, 'stubbornness_coefficient': 1, 'personal_impact_coefficient': 0.5, 'environmental_impact_coefficient': 2.0, 'cooling_rate': 0.9}",23,4,50,316.809339488671,9.467461109161377,70952,314.1166007420703,0.8572417822679093
HPSO,"{'num_particles': 50, 'stubbornness_coefficient': 1, 'personal_impact_coefficient': 0.5, 'environmental_impact_coefficient': 2.0, 'cooling_rate': 0.9}",23,5,50,359.82013301073465,9.705383777618408,70952,356.61676113590636,0.8982673345539948
HPSO,"{'num_particles': 50, 'stubbornness_coefficient': 1, 'personal_impact_coefficient': 0.5, 'environmental_impact_coefficient': 2.0, 'cooling_rate': 0.9}",23,6,50,383.33698997151515,9.817929983139038,70952,381.4569939449432,0.49284612850572573
HPSO,"{'num_particles': 50, 'stubbornness_coefficient': 1, 'personal_impact_coefficient': 0.5, 'environmental_impact_coefficient': 2.0, 'cooling_rate': 0.9}",23,7,100,758.5882079124252,29.333614110946655,121452,753.9036132837116,0.6213784555706464
HPSO,"{'num_particles': 50, 'stubbornness_coefficient': 1, 'personal_impact_coefficient': 0.5, 'environmental_impact_coefficient': 2.0, 'cooling_rate': 0.9}",23,8,100,705.1175358300352,28.874199628829956,121452,703.5548352808022,0.22211496117559854
HPSO,"{'num_particles': 50, 'stubbornness_coefficient': 1, 'personal_impact_coefficient': 0.5, 'environmental_impact_coefficient': 2.0, 'cooling_rate': 0.9}",23,9,100,728.221480994712,28.205582857131958,121452,726.7072203761198,0.2083728599543078
HPSO,"{'num_particles': 50, 'stubbornness_coefficient': 1, 'personal_impact_coefficient': 0.5, 'environmental_impact_coefficient': 2.0, 'cooling_rate': 0.96}",24,1,20,123.46417991189374,3.5854880809783936,60250,123.15082171840821,0.2544507532414519
HPSO,"{'num_particles': 50, 'stubbornness_coefficient': 1, 'personal_impact_coefficient': 0.5, 'environmental_impact_coefficient': 2.0, 'cooling_rate': 0.96}",24,2,20,118.9946344418588,3.489940881729126,60250,118.18939147303678,0.6813157752874405
HPSO,"{'num_particles': 50, 'stubbornness_coefficient': 1, 'personal_impact_coefficient': 0.5, 'environmental_impact_coefficient': 2.0, 'cooling_rate': 0.96}",24,3,20,164.96329711440586,3.4293270111083984,60250,163.7358903037225,0.7496260034416277
HPSO,"{'num_particles': 50, 'stubbornness_coefficient': 1, 'personal_impact_coefficient': 0.5, 'environmental_impact_coefficient': 2.0, 'cooling_rate': 0.96}",24,4,50,315.84001556721824,11.041714191436768,86910,314.1166007420703,0.5486544872434391
HPSO,"{'num_particles': 50, 'stubbornness_coefficient': 1, 'personal_impact_coefficient': 0.5, 'environmental_impact_coefficient': 2.0, 'cooling_rate': 0.96}",24,5,50,357.39996432049463,11.25100040435791,86910,356.61676113590636,0.21962040765935725
HPSO,"{'num_particles': 50, 'stubbornness_coefficient': 1, 'personal_impact_coefficient': 0.5, 'environmental_impact_coefficient': 2.0, 'cooling_rate': 0.96}",24,6,50,382.4495161049123,11.319292306900024,86910,381.4569939449432,0.26019241375145746
HPSO,"{'num_particles': 50, 'stubbornness_coefficient': 1, 'personal_impact_coefficient': 0.5, 'environmental_impact_coefficient': 2.0, 'cooling_rate': 0.96}",24,7,100,758.3355490212699,32.244627475738525,137410,753.9036132837116,0.5878650346633209
HPSO,"{'num_particles': 50, 'stubbornness_coefficient': 1, 'personal_impact_coefficient': 0.5, 'environmental_impact_coefficient': 2.0, 'cooling_rate': 0.96}",24,8,100,706.5748413136591,31.882994890213013,137410,703.5548352808022,0.4292495597235997
HPSO,"{'num_particles': 50, 'stubbornness_coefficient': 1, 'personal_impact_coefficient': 0.5, 'environmental_impact_coefficient': 2.0, 'cooling_rate': 0.96}",24,9,100,729.0907452714927,31.127723217010498,137410,726.7072203761198,0.3279897087219245
HPSO,"{'num_particles': 50, 'stubbornness_coefficient': 1, 'personal_impact_coefficient': 1, 'environmental_impact_coefficient': 0.5, 'cooling_rate': 0.9}",25,1,20,123.78762036810608,4.01316237449646,60149,123.15082171840821,0.5170884293033339
HPSO,"{'num_particles': 50, 'stubbornness_coefficient': 1, 'personal_impact_coefficient': 1, 'environmental_impact_coefficient': 0.5, 'cooling_rate': 0.9}",25,2,20,119.69170904188775,3.983802556991577,60149,118.18939147303678,1.2711103341230943
HPSO,"{'num_particles': 50, 'stubbornness_coefficient': 1, 'personal_impact_coefficient': 1, 'environmental_impact_coefficient': 0.5, 'cooling_rate': 0.9}",25,3,20,165.22523278029863,3.8595595359802246,60149,163.7358903037225,0.909600499813123
HPSO,"{'num_particles': 50, 'stubbornness_coefficient': 1, 'personal_impact_coefficient': 1, 'environmental_impact_coefficient': 0.5, 'cooling_rate': 0.9}",25,4,50,315.7966085173048,9.376939058303833,70952,314.1166007420703,0.5348357174582943
HPSO,"{'num_particles': 50, 'stubbornness_coefficient': 1, 'personal_impact_coefficient': 1, 'environmental_impact_coefficient': 0.5, 'cooling_rate': 0.9}",25,5,50,357.327904157403,9.599042892456055,70952,356.61676113590636,0.19941379626450673
HPSO,"{'num_particles': 50, 'stubbornness_coefficient': 1, 'personal_impact_coefficient': 1, 'environmental_impact_coefficient': 0.5, 'cooling_rate': 0.9}",25,6,50,384.4935813107206,9.788796186447144,70952,381.4569939449432,0.7960497287973891
HPSO,"{'num_particles': 50, 'stubbornness_coefficient': 1, 'personal_impact_coefficient': 1, 'environmental_impact_coefficient': 0.5, 'cooling_rate': 0.9}",25,7,100,756.6357239310136,29.58156418800354,121452,753.9036132837116,0.3623952185879507
HPSO,"{'num_particles': 50, 'stubbornness_coefficient': 1, 'personal_impact_coefficient': 1, 'environmental_impact_coefficient': 0.5, 'cooling_rate': 0.9}",25,8,100,706.1583399280609,28.988449335098267,121452,703.5548352808022,0.3700499970580902
HPSO,"{'num_particles': 50, 'stubbornness_coefficient': 1, 'personal_impact_coefficient': 1, 'environmental_impact_coefficient': 0.5, 'cooling_rate': 0.9}",25,9,100,728.7437177356126,28.581305265426636,121452,726.7072203761198,0.28023629081856427
HPSO,"{'num_particles': 50, 'stubbornness_coefficient': 1, 'personal_impact_coefficient': 1, 'environmental_impact_coefficient': 0.5, 'cooling_rate': 0.96}",26,1,20,124.2315203799806,3.6266398429870605,60250,123.15082171840821,0.8775407638314158
HPSO,"{'num_particles': 50, 'stubbornness_coefficient': 1, 'personal_impact_coefficient': 1, 'environmental_impact_coefficient': 0.5, 'cooling_rate': 0.96}",26,2,20,119.22536368742169,3.5064752101898193,60250,118.18939147303678,0.8765357038167464
HPSO,"{'num_particles': 50, 'stubbornness_coefficient': 1, 'personal_impact_coefficient': 1, 'environmental_impact_coefficient': 0.5, 'cooling_rate': 0.96}",26,3,20,164.8873297862939,3.4440762996673584,60250,163.7358903037225,0.703229744215226
HPSO,"{'num_particles': 50, 'stubbornness_coefficient': 1, 'personal_impact_coefficient': 1, 'environmental_impact_coefficient': 0.5, 'cooling_rate': 0.96}",26,4,50,316.1075590597043,11.085932970046997,86910,314.1166007420703,0.6338277929057254
HPSO,"{'num_particles': 50, 'stubbornness_coefficient': 1, 'personal_impact_coefficient': 1, 'environmental_impact_coefficient': 0.5, 'cooling_rate': 0.96}",26,5,50,358.0845157698227,11.27189302444458,86910,356.61676113590636,0.4115775795958684
HPSO,"{'num_particles': 50, 'stubbornness_coefficient': 1, 'personal_impact_coefficient': 1, 'environmental_impact_coefficient': 0.5, 'cooling_rate': 0.96}",26,6,50,382.2767078260294,11.406988382339478,86910,381.4569939449432,0.2148902482056804
HPSO,"{'num_particles': 50, 'stubbornness_coefficient': 1, 'personal_impact_coefficient': 1, 'environmental_impact_coefficient': 0.5, 'cooling_rate': 0.96}",26,7,100,754.7014176823545,32.466222524642944,137410,753.9036132837116,0.10582312971919738
HPSO,"{'num_particles': 50, 'stubbornness_coefficient': 1, 'personal_impact_coefficient': 1, 'environmental_impact_coefficient': 0.5, 'cooling_rate': 0.96}",26,8,100,705.7178353399665,32.32739019393921,137410,703.5548352808022,0.30743873123991133
HPSO,"{'num_particles': 50, 'stubbornness_coefficient': 1, 'personal_impact_coefficient': 1, 'environmental_impact_coefficient': 0.5, 'cooling_rate': 0.96}",26,9,100,729.7446026457794,31.33992290496826,137410,726.7072203761198,0.4179650599986523
HPSO,"{'num_particles': 50, 'stubbornness_coefficient': 1, 'personal_impact_coefficient': 1, 'environmental_impact_coefficient': 1, 'cooling_rate': 0.9}",27,1,20,124.66713518384545,4.0340893268585205,60149,123.15082171840821,1.2312654063359625
HPSO,"{'num_particles': 50, 'stubbornness_coefficient': 1, 'personal_impact_coefficient': 1, 'environmental_impact_coefficient': 1, 'cooling_rate': 0.9}",27,2,20,119.04006755372191,3.9947922229766846,60149,118.18939147303678,0.7197567142726197
HPSO,"{'num_particles': 50, 'stubbornness_coefficient': 1, 'personal_impact_coefficient': 1, 'environmental_impact_coefficient': 1, 'cooling_rate': 0.9}",27,3,20,164.95826768613014,3.8815701007843018,60149,163.7358903037225,0.746554332187152
HPSO,"{'num_particles': 50, 'stubbornness_coefficient': 1, 'personal_impact_coefficient': 1, 'environmental_impact_coefficient': 1, 'cooling_rate': 0.9}",27,4,50,315.7987993296825,9.40050745010376,70952,314.1166007420703,0.5355331694148384
HPSO,"{'num_particles': 50, 'stubbornness_coefficient': 1, 'personal_impact_coefficient': 1, 'environmental_impact_coefficient': 1, 'cooling_rate': 0.9}",27,5,50,357.713094877939,9.517175674438477,70952,356.61676113590636,0.3074263078775563
HPSO,"{'num_particles': 50, 'stubbornness_coefficient': 1, 'personal_impact_coefficient': 1, 'environmental_impact_coefficient': 1, 'cooling_rate': 0.9}",27,6,50,383.02963620597114,9.724101781845093,70952,381.4569939449432,0.41227249362085355
HPSO,"{'num_particles': 50, 'stubbornness_coefficient': 1, 'personal_impact_coefficient': 1, 'environmental_impact_coefficient': 1, 'cooling_rate': 0.9}",27,7,100,754.7744486401634,29.323073863983154,121452,753.9036132837116,0.11551017147388562
HPSO,"{'num_particles': 50, 'stubbornness_coefficient': 1, 'personal_impact_coefficient': 1, 'environmental_impact_coefficient': 1, 'cooling_rate': 0.9}",27,8,100,704.8578922646678,28.890233278274536,121452,703.5548352808022,0.18521043684470873
HPSO,"{'num_particles': 50, 'stubbornness_coefficient': 1, 'personal_impact_coefficient': 1, 'environmental_impact_coefficient': 1, 'cooling_rate': 0.9}",27,9,100,728.1914639482503,28.307538986206055,121452,726.7072203761198,0.20424230426144452
HPSO,"{'num_particles': 50, 'stubbornness_coefficient': 1, 'personal_impact_coefficient': 1, 'environmental_impact_coefficient': 1, 'cooling_rate': 0.96}",28,1,20,123.82827480360426,3.5967259407043457,60250,123.15082171840821,0.5501003369227098
HPSO,"{'num_particles': 50, 'stubbornness_coefficient': 1, 'personal_impact_coefficient': 1, 'environmental_impact_coefficient': 1, 'cooling_rate': 0.96}",28,2,20,118.80704062867711,3.489985466003418,60250,118.18939147303678,0.5225927199914927
HPSO,"{'num_particles': 50, 'stubbornness_coefficient': 1, 'personal_impact_coefficient': 1, 'environmental_impact_coefficient': 1, 'cooling_rate': 0.96}",28,3,20,165.38258147945274,3.4434773921966553,60250,163.7358903037225,1.0056995889390554
HPSO,"{'num_particles': 50, 'stubbornness_coefficient': 1, 'personal_impact_coefficient': 1, 'environmental_impact_coefficient': 1, 'cooling_rate': 0.96}",28,4,50,317.25181648037153,11.04052734375,86910,314.1166007420703,0.9981057132588874
HPSO,"{'num_particles': 50, 'stubbornness_coefficient': 1, 'personal_impact_coefficient': 1, 'environmental_impact_coefficient': 1, 'cooling_rate': 0.96}",28,5,50,357.0358176768536,11.068198442459106,86910,356.61676113590636,0.11750893020631807
HPSO,"{'num_particles': 50, 'stubbornness_coefficient': 1, 'personal_impact_coefficient': 1, 'environmental_impact_coefficient': 1, 'cooling_rate': 0.96}",28,6,50,382.2513866655773,11.354064702987671,86910,381.4569939449432,0.20825223635793774
HPSO,"{'num_particles': 50, 'stubbornness_coefficient': 1, 'personal_impact_coefficient': 1, 'environmental_impact_coefficient': 1, 'cooling_rate': 0.96}",28,7,100,755.0237859220318,32.7532525062561,137410,753.9036132837116,0.14858300432348426
HPSO,"{'num_particles': 50, 'stubbornness_coefficient': 1, 'personal_impact_coefficient': 1, 'environmental_impact_coefficient': 1, 'cooling_rate': 0.96}",28,8,100,705.45537272214,32.17846894264221,137410,703.5548352808022,0.2701335199521896
HPSO,"{'num_particles': 50, 'stubbornness_coefficient': 1, 'personal_impact_coefficient': 1, 'environmental_impact_coefficient': 1, 'cooling_rate': 0.96}",28,9,100,730.1288551159452,31.29854679107666,137410,726.7072203761198,0.47084088940996016
HPSO,"{'num_particles': 50, 'stubbornness_coefficient': 1, 'personal_impact_coefficient': 1, 'environmental_impact_coefficient': 2.0, 'cooling_rate': 0.9}",29,1,20,123.66724059317474,4.044526100158691,60149,123.15082171840821,0.4193385537835486
HPSO,"{'num_particles': 50, 'stubbornness_coefficient': 1, 'personal_impact_coefficient': 1, 'environmental_impact_coefficient': 2.0, 'cooling_rate': 0.9}",29,2,20,118.5901073601049,3.9138786792755127,60149,118.18939147303678,0.3390455624433385
HPSO,"{'num_particles': 50, 'stubbornness_coefficient': 1, 'personal_impact_coefficient': 1, 'environmental_impact_coefficient': 2.0, 'cooling_rate': 0.9}",29,3,20,165.57037299746935,3.8747832775115967,60149,163.7358903037225,1.120391314539512
HPSO,"{'num_particles': 50, 'stubbornness_coefficient': 1, 'personal_impact_coefficient': 1, 'environmental_impact_coefficient': 2.0, 'cooling_rate': 0.9}",29,4,50,315.42420833614113,9.35848879814148,70952,314.1166007420703,0.4162809577659121
HPSO,"{'num_particles': 50, 'stubbornness_coefficient': 1, 'personal_impact_coefficient': 1, 'environmental_impact_coefficient': 2.0, 'cooling_rate': 0.9}",29,5,50,360.60970837781025,9.445664882659912,70952,356.61676113590636,1.1196745854528645
HPSO,"{'num_particles': 50, 'stubbornness_coefficient': 1, 'personal_impact_coefficient': 1, 'environmental_impact_coefficient': 2.0, 'cooling_rate': 0.9}",29,6,50,382.71431789508057,9.707648754119873,70952,381.4569939449432,0.32961093127024005
HPSO,"{'num_particles': 50, 'stubbornness_coefficient': 1, 'personal_impact_coefficient': 1, 'environmental_impact_coefficient': 2.0, 'cooling_rate': 0.9}",29,7,100,756.3266251595545,29.154070377349854,121452,753.9036132837116,0.32139544540570875
HPSO,"{'num_particles': 50, 'stubbornness_coefficient': 1, 'personal_impact_coefficient': 1, 'environmental_impact_coefficient': 2.0, 'cooling_rate': 0.9}",29,8,100,704.7100042675327,28.69496464729309,121452,703.5548352808022,0.16419032729260158
HPSO,"{'num_particles': 50, 'stubbornness_coefficient': 1, 'personal_impact_coefficient': 1, 'environmental_impact_coefficient': 2.0, 'cooling_rate': 0.9}",29,9,100,727.7405881499076,18.092302322387695,121452,726.7072203761198,0.14219863857316675
HPSO,"{'num_particles': 50, 'stubbornness_coefficient': 1, 'personal_impact_coefficient': 1, 'environmental_impact_coefficient': 2.0, 'cooling_rate': 0.96}",30,1,20,124.30354375999946,1.8663733005523682,60250,123.15082171840821,0.9360246448269872
HPSO,"{'num_particles': 50, 'stubbornness_coefficient': 1, 'personal_impact_coefficient': 1, 'environmental_impact_coefficient': 2.0, 'cooling_rate': 0.96}",30,2,20,119.3685708557942,1.8031270503997803,60250,118.18939147303678,0.9977032355111484
HPSO,"{'num_particles': 50, 'stubbornness_coefficient': 1, 'personal_impact_coefficient': 1, 'environmental_impact_coefficient': 2.0, 'cooling_rate': 0.96}",30,3,20,164.49646369219892,1.7650015354156494,60250,163.7358903037225,0.4645123235141592
HPSO,"{'num_particles': 50, 'stubbornness_coefficient': 1, 'personal_impact_coefficient': 1, 'environmental_impact_coefficient': 2.0, 'cooling_rate': 0.96}",30,4,50,316.20569593438404,5.976062297821045,86910,314.1166007420703,0.6650699731814346
HPSO,"{'num_particles': 50, 'stubbornness_coefficient': 1, 'personal_impact_coefficient': 1, 'environmental_impact_coefficient': 2.0, 'cooling_rate': 0.96}",30,5,50,360.62855318714276,6.010233640670776,86910,356.61676113590636,1.1249589162488935
HPSO,"{'num_particles': 50, 'stubbornness_coefficient': 1, 'personal_impact_coefficient': 1, 'environmental_impact_coefficient': 2.0, 'cooling_rate': 0.96}",30,6,50,381.6066652697933,6.313844203948975,86910,381.4569939449432,0.039236749417615596
HPSO,"{'num_particles': 50, 'stubbornness_coefficient': 1, 'personal_impact_coefficient': 1, 'environmental_impact_coefficient': 2.0, 'cooling_rate': 0.96}",30,7,100,756.2566899470055,18.798415422439575,137410,753.9036132837116,0.31211903243769
HPSO,"{'num_particles': 50, 'stubbornness_coefficient': 1, 'personal_impact_coefficient': 1, 'environmental_impact_coefficient': 2.0, 'cooling_rate': 0.96}",30,8,100,706.9958557626105,18.474666357040405,137410,703.5548352808022,0.4890905881465438
HPSO,"{'num_particles': 50, 'stubbornness_coefficient': 1, 'personal_impact_coefficient': 1, 'environmental_impact_coefficient': 2.0, 'cooling_rate': 0.96}",30,9,100,729.3079682359163,17.655937671661377,137410,726.7072203761198,0.3578811090455926
HPSO,"{'num_particles': 50, 'stubbornness_coefficient': 1, 'personal_impact_coefficient': 2.0, 'environmental_impact_coefficient': 0.5, 'cooling_rate': 0.9}",31,1,20,124.02109544200576,2.1377594470977783,60149,123.15082171840821,0.7066730951966219
HPSO,"{'num_particles': 50, 'stubbornness_coefficient': 1, 'personal_impact_coefficient': 2.0, 'environmental_impact_coefficient': 0.5, 'cooling_rate': 0.9}",31,2,20,118.53994881405377,2.063392162322998,60149,118.18939147303678,0.2966064353558916
HPSO,"{'num_particles': 50, 'stubbornness_coefficient': 1, 'personal_impact_coefficient': 2.0, 'environmental_impact_coefficient': 0.5, 'cooling_rate': 0.9}",31,3,20,165.54185878222873,2.001389741897583,60149,163.7358903037225,1.1029765527620379
HPSO,"{'num_particles': 50, 'stubbornness_coefficient': 1, 'personal_impact_coefficient': 2.0, 'environmental_impact_coefficient': 0.5, 'cooling_rate': 0.9}",31,4,50,315.2059075318401,5.299098014831543,70952,314.1166007420703,0.3467842155417526
HPSO,"{'num_particles': 50, 'stubbornness_coefficient': 1, 'personal_impact_coefficient': 2.0, 'environmental_impact_coefficient': 0.5, 'cooling_rate': 0.9}",31,5,50,358.14520679610524,5.348109722137451,70952,356.61676113590636,0.4285961364604493
HPSO,"{'num_particles': 50, 'stubbornness_coefficient': 1, 'personal_impact_coefficient': 2.0, 'environmental_impact_coefficient': 0.5, 'cooling_rate': 0.9}",31,6,50,382.43858254106175,5.479208707809448,70952,381.4569939449432,0.2573261499198637
HPSO,"{'num_particles': 50, 'stubbornness_coefficient': 1, 'personal_impact_coefficient': 2.0, 'environmental_impact_coefficient': 0.5, 'cooling_rate': 0.9}",31,7,100,756.6266149324538,16.665489673614502,121452,753.9036132837116,0.3611869741387556
HPSO,"{'num_particles': 50, 'stubbornness_coefficient': 1, 'personal_impact_coefficient': 2.0, 'environmental_impact_coefficient': 0.5, 'cooling_rate': 0.9}",31,8,100,704.2040281238889,16.298682928085327,121452,703.5548352808022,0.0922732401984788
HPSO,"{'num_particles': 50, 'stubbornness_coefficient': 1, 'personal_impact_coefficient': 2.0, 'environmental_impact_coefficient': 0.5, 'cooling_rate': 0.9}",31,9,100,727.2546845151156,16.039741277694702,121452,726.7072203761198,0.07533489741748306
HPSO,"{'num_particles': 50, 'stubbornness_coefficient': 1, 'personal_impact_coefficient': 2.0, 'environmental_impact_coefficient': 0.5, 'cooling_rate': 0.96}",32,1,20,124.8889961803055,1.9105587005615234,60250,123.15082171840821,1.4114192967966777
HPSO,"{'num_particles': 50, 'stubbornness_coefficient': 1, 'personal_impact_coefficient': 2.0, 'environmental_impact_coefficient': 0.5, 'cooling_rate': 0.96}",32,2,20,119.16800227656056,1.8505053520202637,60250,118.18939147303678,0.8280022355026972
HPSO,"{'num_particles': 50, 'stubbornness_coefficient': 1, 'personal_impact_coefficient': 2.0, 'environmental_impact_coefficient': 0.5, 'cooling_rate': 0.96}",32,3,20,164.83079040920765,1.8090507984161377,60250,163.7358903037225,0.6686989049585667
HPSO,"{'num_particles': 50, 'stubbornness_coefficient': 1, 'personal_impact_coefficient': 2.0, 'environmental_impact_coefficient': 0.5, 'cooling_rate': 0.96}",32,4,50,315.67663124046106,6.165838718414307,86910,314.1166007420703,0.49664057700399233
HPSO,"{'num_particles': 50, 'stubbornness_coefficient': 1, 'personal_impact_coefficient': 2.0, 'environmental_impact_coefficient': 0.5, 'cooling_rate': 0.96}",32,5,50,358.0477505890069,6.233638048171997,86910,356.61676113590636,0.4012681424570513
HPSO,"{'num_particles': 50, 'stubbornness_coefficient': 1, 'personal_impact_coefficient': 2.0, 'environmental_impact_coefficient': 0.5, 'cooling_rate': 0.96}",32,6,50,382.7864792071821,6.296400785446167,86910,381.4569939449432,0.3485282176870489
HPSO,"{'num_particles': 50, 'stubbornness_coefficient': 1, 'personal_impact_coefficient': 2.0, 'environmental_impact_coefficient': 0.5, 'cooling_rate': 0.96}",32,7,100,755.1439260115128,18.641814470291138,137410,753.9036132837116,0.16451874031998465
HPSO,"{'num_particles': 50, 'stubbornness_coefficient': 1, 'personal_impact_coefficient': 2.0, 'environmental_impact_coefficient': 0.5, 'cooling_rate': 0.96}",32,8,100,705.1505344697725,18.616446256637573,137410,703.5548352808022,0.22680523378585965
HPSO,"{'num_particles': 50, 'stubbornness_coefficient': 1, 'personal_impact_coefficient': 2.0, 'environmental_impact_coefficient': 0.5, 'cooling_rate': 0.96}",32,9,100,728.185280890219,18.15808916091919,137410,726.7072203761198,0.20339147219896728
HPSO,"{'num_particles': 50, 'stubbornness_coefficient': 1, 'personal_impact_coefficient': 2.0, 'environmental_impact_coefficient': 1, 'cooling_rate': 0.9}",33,1,20,124.86313578927417,2.0955278873443604,60149,123.15082171840821,1.3904203374146111
HPSO,"{'num_particles': 50, 'stubbornness_coefficient': 1, 'personal_impact_coefficient': 2.0, 'environmental_impact_coefficient': 1, 'cooling_rate': 0.9}",33,2,20,120.85637099236337,2.0681233406066895,60149,118.18939147303678,2.2565303756006068
HPSO,"{'num_particles': 50, 'stubbornness_coefficient': 1, 'personal_impact_coefficient': 2.0, 'environmental_impact_coefficient': 1, 'cooling_rate': 0.9}",33,3,20,165.32290678524677,1.9977047443389893,60149,163.7358903037225,0.9692538872084985
HPSO,"{'num_particles': 50, 'stubbornness_coefficient': 1, 'personal_impact_coefficient': 2.0, 'environmental_impact_coefficient': 1, 'cooling_rate': 0.9}",33,4,50,315.8952474375664,5.228111982345581,70952,314.1166007420703,0.5662377255115492
HPSO,"{'num_particles': 50, 'stubbornness_coefficient': 1, 'personal_impact_coefficient': 2.0, 'environmental_impact_coefficient': 1, 'cooling_rate': 0.9}",33,5,50,358.4947785624625,5.2790162563323975,70952,356.61676113590636,0.5266206278623091
HPSO,"{'num_particles': 50, 'stubbornness_coefficient': 1, 'personal_impact_coefficient': 2.0, 'environmental_impact_coefficient': 1, 'cooling_rate': 0.9}",33,6,50,382.342278964041,5.43890905380249,70952,381.4569939449432,0.23207990236130874
HPSO,"{'num_particles': 50, 'stubbornness_coefficient': 1, 'personal_impact_coefficient': 2.0, 'environmental_impact_coefficient': 1, 'cooling_rate': 0.9}",33,7,100,756.2043197454503,16.981900215148926,121452,753.9036132837116,0.30517249436141536
HPSO,"{'num_particles': 50, 'stubbornness_coefficient': 1, 'personal_impact_coefficient': 2.0, 'environmental_impact_coefficient': 1, 'cooling_rate': 0.9}",33,8,100,706.5234941366117,16.906527757644653,121452,703.5548352808022,0.421951311673476
HPSO,"{'num_particles': 50, 'stubbornness_coefficient': 1, 'personal_impact_coefficient': 2.0, 'environmental_impact_coefficient': 1, 'cooling_rate': 0.9}",33,9,100,727.2772755781651,16.404298067092896,121452,726.7072203761198,0.0784435858157917
HPSO,"{'num_particles': 50, 'stubbornness_coefficient': 1, 'personal_impact_coefficient': 2.0, 'environmental_impact_coefficient': 1, 'cooling_rate': 0.96}",34,1,20,123.7128876414605,1.9248113632202148,60250,123.15082171840821,0.4564045251256912
HPSO,"{'num_particles': 50, 'stubbornness_coefficient': 1, 'personal_impact_coefficient': 2.0, 'environmental_impact_coefficient': 1, 'cooling_rate': 0.96}",34,2,20,119.1601235528999,1.86112642288208,60250,118.18939147303678,0.8213360503548953
HPSO,"{'num_particles': 50, 'stubbornness_coefficient': 1, 'personal_impact_coefficient': 2.0, 'environmental_impact_coefficient': 1, 'cooling_rate': 0.96}",34,3,20,165.68993993130226,1.8144855499267578,60250,163.7358903037225,1.1934155816144476
HPSO,"{'num_particles': 50, 'stubbornness_coefficient': 1, 'personal_impact_coefficient': 2.0, 'environmental_impact_coefficient': 1, 'cooling_rate': 0.96}",34,4,50,317.09946498828907,6.105995416641235,86910,314.1166007420703,0.9496041403644452
HPSO,"{'num_particles': 50, 'stubbornness_coefficient': 1, 'personal_impact_coefficient': 2.0, 'environmental_impact_coefficient': 1, 'cooling_rate': 0.96}",34,5,50,357.61544949189346,6.278697967529297,86910,356.61676113590636,0.2800452656252182
HPSO,"{'num_particles': 50, 'stubbornness_coefficient': 1, 'personal_impact_coefficient': 2.0, 'environmental_impact_coefficient': 1, 'cooling_rate': 0.96}",34,6,50,383.1852114520127,6.373944044113159,86910,381.4569939449432,0.4530569722150563
HPSO,"{'num_particles': 50, 'stubbornness_coefficient': 1, 'personal_impact_coefficient': 2.0, 'environmental_impact_coefficient': 1, 'cooling_rate': 0.96}",34,7,100,755.7436030633847,18.650574684143066,137410,753.9036132837116,0.2440616740990092
HPSO,"{'num_particles': 50, 'stubbornness_coefficient': 1, 'personal_impact_coefficient': 2.0, 'environmental_impact_coefficient': 1, 'cooling_rate': 0.96}",34,8,100,705.7681815184845,18.459054231643677,137410,703.5548352808022,0.3145947020318545
HPSO,"{'num_particles': 50, 'stubbornness_coefficient': 1, 'personal_impact_coefficient': 2.0, 'environmental_impact_coefficient': 1, 'cooling_rate': 0.96}",34,9,100,727.864588515286,17.791028022766113,137410,726.7072203761198,0.15926195677085855
HPSO,"{'num_particles': 50, 'stubbornness_coefficient': 1, 'personal_impact_coefficient': 2.0, 'environmental_impact_coefficient': 2.0, 'cooling_rate': 0.9}",35,1,20,123.59136527000871,2.1053249835968018,60149,123.15082171840821,0.3577268470102684
HPSO,"{'num_particles': 50, 'stubbornness_coefficient': 1, 'personal_impact_coefficient': 2.0, 'environmental_impact_coefficient': 2.0, 'cooling_rate': 0.9}",35,2,20,119.08397539443689,2.0441653728485107,60149,118.18939147303678,0.7569071219088213
HPSO,"{'num_particles': 50, 'stubbornness_coefficient': 1, 'personal_impact_coefficient': 2.0, 'environmental_impact_coefficient': 2.0, 'cooling_rate': 0.9}",35,3,20,165.6657164461808,2.0112476348876953,60149,163.7358903037225,1.17862133883937
HPSO,"{'num_particles': 50, 'stubbornness_coefficient': 1, 'personal_impact_coefficient': 2.0, 'environmental_impact_coefficient': 2.0, 'cooling_rate': 0.9}",35,4,50,316.803261497746,5.293503999710083,70952,314.1166007420703,0.8553068348914736
HPSO,"{'num_particles': 50, 'stubbornness_coefficient': 1, 'personal_impact_coefficient': 2.0, 'environmental_impact_coefficient': 2.0, 'cooling_rate': 0.9}",35,5,50,357.9615206702405,5.321854591369629,70952,356.61676113590636,0.3770881464042094
HPSO,"{'num_particles': 50, 'stubbornness_coefficient': 1, 'personal_impact_coefficient': 2.0, 'environmental_impact_coefficient': 2.0, 'cooling_rate': 0.9}",35,6,50,381.8525919695209,5.469132423400879,70952,381.4569939449432,0.10370711006935547
HPSO,"{'num_particles': 50, 'stubbornness_coefficient': 1, 'personal_impact_coefficient': 2.0, 'environmental_impact_coefficient': 2.0, 'cooling_rate': 0.9}",35,7,100,755.2712837969107,16.577250003814697,121452,753.9036132837116,0.18141185280198233
HPSO,"{'num_particles': 50, 'stubbornness_coefficient': 1, 'personal_impact_coefficient': 2.0, 'environmental_impact_coefficient': 2.0, 'cooling_rate': 0.9}",35,8,100,705.588462886777,16.476935148239136,121452,703.5548352808022,0.289050334671241
HPSO,"{'num_particles': 50, 'stubbornness_coefficient': 1, 'personal_impact_coefficient': 2.0, 'environmental_impact_coefficient': 2.0, 'cooling_rate': 0.9}",35,9,100,730.2049528289916,16.292903900146484,121452,726.7072203761198,0.4813124673594788
HPSO,"{'num_particles': 50, 'stubbornness_coefficient': 1, 'personal_impact_coefficient': 2.0, 'environmental_impact_coefficient': 2.0, 'cooling_rate': 0.96}",36,1,20,123.8931582920413,1.9274983406066895,60250,123.15082171840821,0.6027865370890451
HPSO,"{'num_particles': 50, 'stubbornness_coefficient': 1, 'personal_impact_coefficient': 2.0, 'environmental_impact_coefficient': 2.0, 'cooling_rate': 0.96}",36,2,20,119.09699528274564,1.8552789688110352,60250,118.18939147303678,0.7679232445459513
HPSO,"{'num_particles': 50, 'stubbornness_coefficient': 1, 'personal_impact_coefficient': 2.0, 'environmental_impact_coefficient': 2.0, 'cooling_rate': 0.96}",36,3,20,164.97273091073606,1.8280119895935059,60250,163.7358903037225,0.7553875968911152
HPSO,"{'num_particles': 50, 'stubbornness_coefficient': 1, 'personal_impact_coefficient': 2.0, 'environmental_impact_coefficient': 2.0, 'cooling_rate': 0.96}",36,4,50,316.0084233285443,6.165007829666138,86910,314.1166007420703,0.6022676235527691
HPSO,"{'num_particles': 50, 'stubbornness_coefficient': 1, 'personal_impact_coefficient': 2.0, 'environmental_impact_coefficient': 2.0, 'cooling_rate': 0.96}",36,5,50,359.9821458916314,6.179675340652466,86910,356.61676113590636,0.9436978635007208
HPSO,"{'num_particles': 50, 'stubbornness_coefficient': 1, 'personal_impact_coefficient': 2.0, 'environmental_impact_coefficient': 2.0, 'cooling_rate': 0.96}",36,6,50,382.8821810569638,6.17358136177063,86910,381.4569939449432,0.3736167207950941
HPSO,"{'num_particles': 50, 'stubbornness_coefficient': 1, 'personal_impact_coefficient': 2.0, 'environmental_impact_coefficient': 2.0, 'cooling_rate': 0.96}",36,7,100,755.8701485700875,18.175400972366333,137410,753.9036132837116,0.2608470435378935
HPSO,"{'num_particles': 50, 'stubbornness_coefficient': 1, 'personal_impact_coefficient': 2.0, 'environmental_impact_coefficient': 2.0, 'cooling_rate': 0.96}",36,8,100,706.2060531796238,18.293550968170166,137410,703.5548352808022,0.37683173590349783
HPSO,"{'num_particles': 50, 'stubbornness_coefficient': 1, 'personal_impact_coefficient': 2.0, 'environmental_impact_coefficient': 2.0, 'cooling_rate': 0.96}",36,9,100,728.9426528341488,17.928248643875122,137410,726.7072203761198,0.30761115279300444
HPSO,"{'num_particles': 50, 'stubbornness_coefficient': 2.0, 'personal_impact_coefficient': 0.5, 'environmental_impact_coefficient': 0.5, 'cooling_rate': 0.9}",37,1,20,123.9772024087746,2.026028633117676,60149,123.15082171840821,0.6710314059097074
HPSO,"{'num_particles': 50, 'stubbornness_coefficient': 2.0, 'personal_impact_coefficient': 0.5, 'environmental_impact_coefficient': 0.5, 'cooling_rate': 0.9}",37,2,20,119.21942742787118,1.9931845664978027,60149,118.18939147303678,0.8715130368273292
HPSO,"{'num_particles': 50, 'stubbornness_coefficient': 2.0, 'personal_impact_coefficient': 0.5, 'environmental_impact_coefficient': 0.5, 'cooling_rate': 0.9}",37,3,20,164.15018325541624,1.9296562671661377,60149,163.7358903037225,0.2530251314633855
HPSO,"{'num_particles': 50, 'stubbornness_coefficient': 2.0, 'personal_impact_coefficient': 0.5, 'environmental_impact_coefficient': 0.5, 'cooling_rate': 0.9}",37,4,50,317.0082750310469,5.114728689193726,70952,314.1166007420703,0.920573532931802
HPSO,"{'num_particles': 50, 'stubbornness_coefficient': 2.0, 'personal_impact_coefficient': 0.5, 'environmental_impact_coefficient': 0.5, 'cooling_rate': 0.9}",37,5,50,357.6968573523651,5.154649972915649,70952,356.61676113590636,0.30287309351876424
HPSO,"{'num_particles': 50, 'stubbornness_coefficient': 2.0, 'personal_impact_coefficient': 0.5, 'environmental_impact_coefficient': 0.5, 'cooling_rate': 0.9}",37,6,50,382.9453963498603,5.285263538360596,70952,381.4569939449432,0.39018878367503096
HPSO,"{'num_particles': 50, 'stubbornness_coefficient': 2.0, 'personal_impact_coefficient': 0.5, 'environmental_impact_coefficient': 0.5, 'cooling_rate': 0.9}",37,7,100,756.1824177387304,16.553850889205933,121452,753.9036132837116,0.30226734755828666
HPSO,"{'num_particles': 50, 'stubbornness_coefficient': 2.0, 'personal_impact_coefficient': 0.5, 'environmental_impact_coefficient': 0.5, 'cooling_rate': 0.9}",37,8,100,706.6596457849735,16.337167501449585,121452,703.5548352808022,0.4413032713977553
HPSO,"{'num_particles': 50, 'stubbornness_coefficient': 2.0, 'personal_impact_coefficient': 0.5, 'environmental_impact_coefficient': 0.5, 'cooling_rate': 0.9}",37,9,100,728.3235208223983,15.815955400466919,121452,726.7072203761198,0.22241425445614216
HPSO,"{'num_particles': 50, 'stubbornness_coefficient': 2.0, 'personal_impact_coefficient': 0.5, 'environmental_impact_coefficient': 0.5, 'cooling_rate': 0.96}",38,1,20,124.66166332489416,1.8420805931091309,60250,123.15082171840821,1.2268221887634534
HPSO,"{'num_particles': 50, 'stubbornness_coefficient': 2.0, 'personal_impact_coefficient': 0.5, 'environmental_impact_coefficient': 0.5, 'cooling_rate': 0.96}",38,2,20,119.25096431299563,1.7984118461608887,60250,118.18939147303678,0.8981963835570123
HPSO,"{'num_particles': 50, 'stubbornness_coefficient': 2.0, 'personal_impact_coefficient': 0.5, 'environmental_impact_coefficient': 0.5, 'cooling_rate': 0.96}",38,3,20,165.30446345467575,1.7435760498046875,60250,163.7358903037225,0.9579898139886285
HPSO,"{'num_particles': 50, 'stubbornness_coefficient': 2.0, 'personal_impact_coefficient': 0.5, 'environmental_impact_coefficient': 0.5, 'cooling_rate': 0.96}",38,4,50,317.59600729503273,5.974430561065674,86910,314.1166007420703,1.1076799331021194
HPSO,"{'num_particles': 50, 'stubbornness_coefficient': 2.0, 'personal_impact_coefficient': 0.5, 'environmental_impact_coefficient': 0.5, 'cooling_rate': 0.96}",38,5,50,358.6040510714076,6.1259989738464355,86910,356.61676113590636,0.5572620673159748
HPSO,"{'num_particles': 50, 'stubbornness_coefficient': 2.0, 'personal_impact_coefficient': 0.5, 'environmental_impact_coefficient': 0.5, 'cooling_rate': 0.96}",38,6,50,381.93204448908716,6.186378002166748,86910,381.4569939449432,0.12453580657444917
HPSO,"{'num_particles': 50, 'stubbornness_coefficient': 2.0, 'personal_impact_coefficient': 0.5, 'environmental_impact_coefficient': 0.5, 'cooling_rate': 0.96}",38,7,100,756.977245004282,18.079954624176025,137410,753.9036132837116,0.4076955815588831
HPSO,"{'num_particles': 50, 'stubbornness_coefficient': 2.0, 'personal_impact_coefficient': 0.5, 'environmental_impact_coefficient': 0.5, 'cooling_rate': 0.96}",38,8,100,705.5425117220033,18.05183506011963,137410,703.5548352808022,0.2825190506163964
HPSO,"{'num_particles': 50, 'stubbornness_coefficient': 2.0, 'personal_impact_coefficient': 0.5, 'environmental_impact_coefficient': 0.5, 'cooling_rate': 0.96}",38,9,100,728.7629615836705,17.76192545890808,137410,726.7072203761198,0.28288437900571534
HPSO,"{'num_particles': 50, 'stubbornness_coefficient': 2.0, 'personal_impact_coefficient': 0.5, 'environmental_impact_coefficient': 1, 'cooling_rate': 0.9}",39,1,20,123.90327133288595,2.074540376663208,60149,123.15082171840821,0.6109984521242267
HPSO,"{'num_particles': 50, 'stubbornness_coefficient': 2.0, 'personal_impact_coefficient': 0.5, 'environmental_impact_coefficient': 1, 'cooling_rate': 0.9}",39,2,20,120.25993594361195,2.017683982849121,60149,118.18939147303678,1.7518869035276627
HPSO,"{'num_particles': 50, 'stubbornness_coefficient': 2.0, 'personal_impact_coefficient': 0.5, 'environmental_impact_coefficient': 1, 'cooling_rate': 0.9}",39,3,20,164.7243068664303,1.9912309646606445,60149,163.7358903037225,0.6036651835308342
HPSO,"{'num_particles': 50, 'stubbornness_coefficient': 2.0, 'personal_impact_coefficient': 0.5, 'environmental_impact_coefficient': 1, 'cooling_rate': 0.9}",39,4,50,316.1699420028799,5.219625234603882,70952,314.1166007420703,0.6536875975223109
HPSO,"{'num_particles': 50, 'stubbornness_coefficient': 2.0, 'personal_impact_coefficient': 0.5, 'environmental_impact_coefficient': 1, 'cooling_rate': 0.9}",39,5,50,359.0685862215956,5.23409628868103,70952,356.61676113590636,0.6875237938563504
HPSO,"{'num_particles': 50, 'stubbornness_coefficient': 2.0, 'personal_impact_coefficient': 0.5, 'environmental_impact_coefficient': 1, 'cooling_rate': 0.9}",39,6,50,381.97864524237957,5.393697500228882,70952,381.4569939449432,0.13675232220586414
HPSO,"{'num_particles': 50, 'stubbornness_coefficient': 2.0, 'personal_impact_coefficient': 0.5, 'environmental_impact_coefficient': 1, 'cooling_rate': 0.9}",39,7,100,754.7975328621546,16.594496250152588,121452,753.9036132837116,0.11857213079925163
HPSO,"{'num_particles': 50, 'stubbornness_coefficient': 2.0, 'personal_impact_coefficient': 0.5, 'environmental_impact_coefficient': 1, 'cooling_rate': 0.9}",39,8,100,706.4833434768076,16.258406400680542,121452,703.5548352808022,0.4162444843174977
HPSO,"{'num_particles': 50, 'stubbornness_coefficient': 2.0, 'personal_impact_coefficient': 0.5, 'environmental_impact_coefficient': 1, 'cooling_rate': 0.9}",39,9,100,728.2814168573959,16.05282998085022,121452,726.7072203761198,0.2166204541715352
HPSO,"{'num_particles': 50, 'stubbornness_coefficient': 2.0, 'personal_impact_coefficient': 0.5, 'environmental_impact_coefficient': 1, 'cooling_rate': 0.96}",40,1,20,125.09387894337523,1.9189884662628174,60250,123.15082171840821,1.5777866504292908
HPSO,"{'num_particles': 50, 'stubbornness_coefficient': 2.0, 'personal_impact_coefficient': 0.5, 'environmental_impact_coefficient': 1, 'cooling_rate': 0.96}",40,2,20,119.01448338451247,1.856252670288086,60250,118.18939147303678,0.6981099582562181
HPSO,"{'num_particles': 50, 'stubbornness_coefficient': 2.0, 'personal_impact_coefficient': 0.5, 'environmental_impact_coefficient': 1, 'cooling_rate': 0.96}",40,3,20,166.06086059760912,1.8150160312652588,60250,163.7358903037225,1.419951538770095
HPSO,"{'num_particles': 50, 'stubbornness_coefficient': 2.0, 'personal_impact_coefficient': 0.5, 'environmental_impact_coefficient': 1, 'cooling_rate': 0.96}",40,4,50,315.50957212813734,6.23688268661499,86910,314.1166007420703,0.4434567873128184
HPSO,"{'num_particles': 50, 'stubbornness_coefficient': 2.0, 'personal_impact_coefficient': 0.5, 'environmental_impact_coefficient': 1, 'cooling_rate': 0.96}",40,5,50,360.362067643577,6.179310083389282,86910,356.61676113590636,1.0502328874674836
HPSO,"{'num_particles': 50, 'stubbornness_coefficient': 2.0, 'personal_impact_coefficient': 0.5, 'environmental_impact_coefficient': 1, 'cooling_rate': 0.96}",40,6,50,382.15156064967977,6.364924669265747,86910,381.4569939449432,0.1820825717608513
HPSO,"{'num_particles': 50, 'stubbornness_coefficient': 2.0, 'personal_impact_coefficient': 0.5, 'environmental_impact_coefficient': 1, 'cooling_rate': 0.96}",40,7,100,755.1001579956788,18.55646777153015,137410,753.9036132837116,0.15871322154241502
HPSO,"{'num_particles': 50, 'stubbornness_coefficient': 2.0, 'personal_impact_coefficient': 0.5, 'environmental_impact_coefficient': 1, 'cooling_rate': 0.96}",40,8,100,704.4354975826254,18.397868633270264,137410,703.5548352808022,0.12517322853331633
HPSO,"{'num_particles': 50, 'stubbornness_coefficient': 2.0, 'personal_impact_coefficient': 0.5, 'environmental_impact_coefficient': 1, 'cooling_rate': 0.96}",40,9,100,728.6503644248176,17.914467334747314,137410,726.7072203761198,0.2673902218409238
HPSO,"{'num_particles': 50, 'stubbornness_coefficient': 2.0, 'personal_impact_coefficient': 0.5, 'environmental_impact_coefficient': 2.0, 'cooling_rate': 0.9}",41,1,20,124.07109564947409,2.0416769981384277,60149,123.15082171840821,0.7472738859754752
HPSO,"{'num_particles': 50, 'stubbornness_coefficient': 2.0, 'personal_impact_coefficient': 0.5, 'environmental_impact_coefficient': 2.0, 'cooling_rate': 0.9}",41,2,20,120.37142623899565,1.9633147716522217,60149,118.18939147303678,1.846218800827547
HPSO,"{'num_particles': 50, 'stubbornness_coefficient': 2.0, 'personal_impact_coefficient': 0.5, 'environmental_impact_coefficient': 2.0, 'cooling_rate': 0.9}",41,3,20,165.23351325715714,1.9369025230407715,60149,163.7358903037225,0.9146577153345072
HPSO,"{'num_particles': 50, 'stubbornness_coefficient': 2.0, 'personal_impact_coefficient': 0.5, 'environmental_impact_coefficient': 2.0, 'cooling_rate': 0.9}",41,4,50,316.25508927751815,5.101308584213257,70952,314.1166007420703,0.680794498092702
HPSO,"{'num_particles': 50, 'stubbornness_coefficient': 2.0, 'personal_impact_coefficient': 0.5, 'environmental_impact_coefficient': 2.0, 'cooling_rate': 0.9}",41,5,50,358.0067986857754,5.138252019882202,70952,356.61676113590636,0.38978469364183327
HPSO,"{'num_particles': 50, 'stubbornness_coefficient': 2.0, 'personal_impact_coefficient': 0.5, 'environmental_impact_coefficient': 2.0, 'cooling_rate': 0.9}",41,6,50,382.22667002809044,5.275434494018555,70952,381.4569939449432,0.20177270186802496
HPSO,"{'num_particles': 50, 'stubbornness_coefficient': 2.0, 'personal_impact_coefficient': 0.5, 'environmental_impact_coefficient': 2.0, 'cooling_rate': 0.9}",41,7,100,756.0671854251532,16.38195252418518,121452,753.9036132837116,0.28698259344028215
HPSO,"{'num_particles': 50, 'stubbornness_coefficient': 2.0, 'personal_impact_coefficient': 0.5, 'environmental_impact_coefficient': 2.0, 'cooling_rate': 0.9}",41,8,100,705.839591463304,16.51980495452881,121452,703.5548352808022,0.32474457823745145
HPSO,"{'num_particles': 50, 'stubbornness_coefficient': 2.0, 'personal_impact_coefficient': 0.5, 'environmental_impact_coefficient': 2.0, 'cooling_rate': 0.9}",41,9,100,727.6306367773486,16.02936601638794,121452,726.7072203761198,0.12706856012120837
HPSO,"{'num_particles': 50, 'stubbornness_coefficient': 2.0, 'personal_impact_coefficient': 0.5, 'environmental_impact_coefficient': 2.0, 'cooling_rate': 0.96}",42,1,20,124.11788423150452,1.8729214668273926,60250,123.15082171840821,0.7852667969260941
HPSO,"{'num_particles': 50, 'stubbornness_coefficient': 2.0, 'personal_impact_coefficient': 0.5, 'environmental_impact_coefficient': 2.0, 'cooling_rate': 0.96}",42,2,20,120.05022500508821,1.8172264099121094,60250,118.18939147303678,1.57445055673711
HPSO,"{'num_particles': 50, 'stubbornness_coefficient': 2.0, 'personal_impact_coefficient': 0.5, 'environmental_impact_coefficient': 2.0, 'cooling_rate': 0.96}",42,3,20,164.7794503681492,1.7661781311035156,60250,163.7358903037225,0.637343506357072
HPSO,"{'num_particles': 50, 'stubbornness_coefficient': 2.0, 'personal_impact_coefficient': 0.5, 'environmental_impact_coefficient': 2.0, 'cooling_rate': 0.96}",42,4,50,315.7031868795716,6.012538433074951,86910,314.1166007420703,0.5050946475777237
HPSO,"{'num_particles': 50, 'stubbornness_coefficient': 2.0, 'personal_impact_coefficient': 0.5, 'environmental_impact_coefficient': 2.0, 'cooling_rate': 0.96}",42,5,50,356.7956805558484,6.205708265304565,86910,356.61676113590636,0.05017134342539592
HPSO,"{'num_particles': 50, 'stubbornness_coefficient': 2.0, 'personal_impact_coefficient': 0.5, 'environmental_impact_coefficient': 2.0, 'cooling_rate': 0.96}",42,6,50,382.0309033703682,6.334981679916382,86910,381.4569939449432,0.15045193417212924
HPSO,"{'num_particles': 50, 'stubbornness_coefficient': 2.0, 'personal_impact_coefficient': 0.5, 'environmental_impact_coefficient': 2.0, 'cooling_rate': 0.96}",42,7,100,753.9036132837116,18.76643943786621,137410,753.9036132837116,0.0
HPSO,"{'num_particles': 50, 'stubbornness_coefficient': 2.0, 'personal_impact_coefficient': 0.5, 'environmental_impact_coefficient': 2.0, 'cooling_rate': 0.96}",42,8,100,705.8440353558861,18.273842096328735,137410,703.5548352808022,0.3253762123843965
HPSO,"{'num_particles': 50, 'stubbornness_coefficient': 2.0, 'personal_impact_coefficient': 0.5, 'environmental_impact_coefficient': 2.0, 'cooling_rate': 0.96}",42,9,100,729.2013819097335,18.025357484817505,137410,726.7072203761198,0.34321408452812613
HPSO,"{'num_particles': 50, 'stubbornness_coefficient': 2.0, 'personal_impact_coefficient': 1, 'environmental_impact_coefficient': 0.5, 'cooling_rate': 0.9}",43,1,20,123.85037719637627,2.1111226081848145,60149,123.15082171840821,0.5680477549452634
HPSO,"{'num_particles': 50, 'stubbornness_coefficient': 2.0, 'personal_impact_coefficient': 1, 'environmental_impact_coefficient': 0.5, 'cooling_rate': 0.9}",43,2,20,120.57660162052062,2.0517489910125732,60149,118.18939147303678,2.019817614534761
HPSO,"{'num_particles': 50, 'stubbornness_coefficient': 2.0, 'personal_impact_coefficient': 1, 'environmental_impact_coefficient': 0.5, 'cooling_rate': 0.9}",43,3,20,165.89578504395234,2.023866891860962,60149,163.7358903037225,1.3191333532454859
HPSO,"{'num_particles': 50, 'stubbornness_coefficient': 2.0, 'personal_impact_coefficient': 1, 'environmental_impact_coefficient': 0.5, 'cooling_rate': 0.9}",43,4,50,316.15009604561084,5.266201972961426,70952,314.1166007420703,0.6473695750993681
HPSO,"{'num_particles': 50, 'stubbornness_coefficient': 2.0, 'personal_impact_coefficient': 1, 'environmental_impact_coefficient': 0.5, 'cooling_rate': 0.9}",43,5,50,359.1800847585657,5.316054582595825,70952,356.61676113590636,0.7187894406574141
HPSO,"{'num_particles': 50, 'stubbornness_coefficient': 2.0, 'personal_impact_coefficient': 1, 'environmental_impact_coefficient': 0.5, 'cooling_rate': 0.9}",43,6,50,385.18081519234295,5.336056232452393,70952,381.4569939449432,0.9762099808129981
HPSO,"{'num_particles': 50, 'stubbornness_coefficient': 2.0, 'personal_impact_coefficient': 1, 'environmental_impact_coefficient': 0.5, 'cooling_rate': 0.9}",43,7,100,757.1334950031483,16.907175064086914,121452,753.9036132837116,0.42842104249488216
HPSO,"{'num_particles': 50, 'stubbornness_coefficient': 2.0, 'personal_impact_coefficient': 1, 'environmental_impact_coefficient': 0.5, 'cooling_rate': 0.9}",43,8,100,706.9311509843602,16.60917854309082,121452,703.5548352808022,0.47989375301648923
HPSO,"{'num_particles': 50, 'stubbornness_coefficient': 2.0, 'personal_impact_coefficient': 1, 'environmental_impact_coefficient': 0.5, 'cooling_rate': 0.9}",43,9,100,729.2917243597932,16.047401189804077,121452,726.7072203761198,0.35564583799452315
HPSO,"{'num_particles': 50, 'stubbornness_coefficient': 2.0, 'personal_impact_coefficient': 1, 'environmental_impact_coefficient': 0.5, 'cooling_rate': 0.96}",44,1,20,124.03963103558705,1.9115757942199707,60250,123.15082171840821,0.7217242278830717
HPSO,"{'num_particles': 50, 'stubbornness_coefficient': 2.0, 'personal_impact_coefficient': 1, 'environmental_impact_coefficient': 0.5, 'cooling_rate': 0.96}",44,2,20,119.1777529725307,1.8295857906341553,60250,118.18939147303678,0.8362522957226664
HPSO,"{'num_particles': 50, 'stubbornness_coefficient': 2.0, 'personal_impact_coefficient': 1, 'environmental_impact_coefficient': 0.5, 'cooling_rate': 0.96}",44,3,20,164.48990429164348,1.7987561225891113,60250,163.7358903037225,0.46050623752820696
HPSO,"{'num_particles': 50, 'stubbornness_coefficient': 2.0, 'personal_impact_coefficient': 1, 'environmental_impact_coefficient': 0.5, 'cooling_rate': 0.96}",44,4,50,316.9226506210642,6.048688173294067,86910,314.1166007420703,0.8933147348356747
HPSO,"{'num_particles': 50, 'stubbornness_coefficient': 2.0, 'personal_impact_coefficient': 1, 'environmental_impact_coefficient': 0.5, 'cooling_rate': 0.96}",44,5,50,357.94147494971565,6.196617364883423,86910,356.61676113590636,0.37146706441665234
HPSO,"{'num_particles': 50, 'stubbornness_coefficient': 2.0, 'personal_impact_coefficient': 1, 'environmental_impact_coefficient': 0.5, 'cooling_rate': 0.96}",44,6,50,382.0142059744132,6.295939922332764,86910,381.4569939449432,0.1460746659033423
HPSO,"{'num_particles': 50, 'stubbornness_coefficient': 2.0, 'personal_impact_coefficient': 1, 'environmental_impact_coefficient': 0.5, 'cooling_rate': 0.96}",44,7,100,754.4583859436417,18.767899990081787,137410,753.9036132837116,0.07358668272111527
HPSO,"{'num_particles': 50, 'stubbornness_coefficient': 2.0, 'personal_impact_coefficient': 1, 'environmental_impact_coefficient': 0.5, 'cooling_rate': 0.96}",44,8,100,705.1800458899781,18.841206073760986,137410,703.5548352808022,0.23099984929068093
HPSO,"{'num_particles': 50, 'stubbornness_coefficient': 2.0, 'personal_impact_coefficient': 1, 'environmental_impact_coefficient': 0.5, 'cooling_rate': 0.96}",44,9,100,729.7525568801683,18.44219946861267,137410,726.7072203761198,0.419059618325011
HPSO,"{'num_particles': 50, 'stubbornness_coefficient': 2.0, 'personal_impact_coefficient': 1, 'environmental_impact_coefficient': 1, 'cooling_rate': 0.9}",45,1,20,123.84604896146806,2.114030599594116,60149,123.15082171840821,0.5645331743295436
HPSO,"{'num_particles': 50, 'stubbornness_coefficient': 2.0, 'personal_impact_coefficient': 1, 'environmental_impact_coefficient': 1, 'cooling_rate': 0.9}",45,2,20,119.00267341684932,2.1134064197540283,60149,118.18939147303678,0.6881175490256074
HPSO,"{'num_particles': 50, 'stubbornness_coefficient': 2.0, 'personal_impact_coefficient': 1, 'environmental_impact_coefficient': 1, 'cooling_rate': 0.9}",45,3,20,164.2899144053179,2.0689218044281006,60149,163.7358903037225,0.3383644847612207
HPSO,"{'num_particles': 50, 'stubbornness_coefficient': 2.0, 'personal_impact_coefficient': 1, 'environmental_impact_coefficient': 1, 'cooling_rate': 0.9}",45,4,50,316.9168073098889,5.329997301101685,70952,314.1166007420703,0.8914544984898468
HPSO,"{'num_particles': 50, 'stubbornness_coefficient': 2.0, 'personal_impact_coefficient': 1, 'environmental_impact_coefficient': 1, 'cooling_rate': 0.9}",45,5,50,358.26315623015427,5.474368572235107,70952,356.61676113590636,0.46167069910111924
HPSO,"{'num_particles': 50, 'stubbornness_coefficient': 2.0, 'personal_impact_coefficient': 1, 'environmental_impact_coefficient': 1, 'cooling_rate': 0.9}",45,6,50,382.06450801278476,5.483932971954346,70952,381.4569939449432,0.1592614835970899
HPSO,"{'num_particles': 50, 'stubbornness_coefficient': 2.0, 'personal_impact_coefficient': 1, 'environmental_impact_coefficient': 1, 'cooling_rate': 0.9}",45,7,100,757.5639605947525,16.829459190368652,121452,753.9036132837116,0.4855192688489559
HPSO,"{'num_particles': 50, 'stubbornness_coefficient': 2.0, 'personal_impact_coefficient': 1, 'environmental_impact_coefficient': 1, 'cooling_rate': 0.9}",45,8,100,705.4342070072519,16.65299415588379,121452,703.5548352808022,0.26712512404233324
HPSO,"{'num_particles': 50, 'stubbornness_coefficient': 2.0, 'personal_impact_coefficient': 1, 'environmental_impact_coefficient': 1, 'cooling_rate': 0.9}",45,9,100,729.1127049749554,16.081278324127197,121452,726.7072203761198,0.3310115176219838
HPSO,"{'num_particles': 50, 'stubbornness_coefficient': 2.0, 'personal_impact_coefficient': 1, 'environmental_impact_coefficient': 1, 'cooling_rate': 0.96}",46,1,20,124.25541068871102,1.8992893695831299,60250,123.15082171840821,0.8969399918650345
HPSO,"{'num_particles': 50, 'stubbornness_coefficient': 2.0, 'personal_impact_coefficient': 1, 'environmental_impact_coefficient': 1, 'cooling_rate': 0.96}",46,2,20,118.64892290921696,1.862396001815796,60250,118.18939147303678,0.3888093765886095
HPSO,"{'num_particles': 50, 'stubbornness_coefficient': 2.0, 'personal_impact_coefficient': 1, 'environmental_impact_coefficient': 1, 'cooling_rate': 0.96}",46,3,20,164.63902234421198,1.8201987743377686,60250,163.7358903037225,0.551578544456083
HPSO,"{'num_particles': 50, 'stubbornness_coefficient': 2.0, 'personal_impact_coefficient': 1, 'environmental_impact_coefficient': 1, 'cooling_rate': 0.96}",46,4,50,315.95354883650396,6.176073789596558,86910,314.1166007420703,0.5847981577840916
HPSO,"{'num_particles': 50, 'stubbornness_coefficient': 2.0, 'personal_impact_coefficient': 1, 'environmental_impact_coefficient': 1, 'cooling_rate': 0.96}",46,5,50,359.1857911577165,6.190078496932983,86910,356.61676113590636,0.720389589549068
HPSO,"{'num_particles': 50, 'stubbornness_coefficient': 2.0, 'personal_impact_coefficient': 1, 'environmental_impact_coefficient': 1, 'cooling_rate': 0.96}",46,6,50,381.72483648839767,6.3527631759643555,86910,381.4569939449432,0.07021565935507543
HPSO,"{'num_particles': 50, 'stubbornness_coefficient': 2.0, 'personal_impact_coefficient': 1, 'environmental_impact_coefficient': 1, 'cooling_rate': 0.96}",46,7,100,755.6636490899407,18.59344506263733,137410,753.9036132837116,0.23345634312098135
HPSO,"{'num_particles': 50, 'stubbornness_coefficient': 2.0, 'personal_impact_coefficient': 1, 'environmental_impact_coefficient': 1, 'cooling_rate': 0.96}",46,8,100,705.313039701271,20.048231840133667,137410,703.5548352808022,0.24990296879518728
HPSO,"{'num_particles': 50, 'stubbornness_coefficient': 2.0, 'personal_impact_coefficient': 1, 'environmental_impact_coefficient': 1, 'cooling_rate': 0.96}",46,9,100,729.7002885877713,17.93804359436035,137410,726.7072203761198,0.41186713544725034
HPSO,"{'num_particles': 50, 'stubbornness_coefficient': 2.0, 'personal_impact_coefficient': 1, 'environmental_impact_coefficient': 2.0, 'cooling_rate': 0.9}",47,1,20,124.04817542649525,2.070805311203003,60149,123.15082171840821,0.728662379646067
HPSO,"{'num_particles': 50, 'stubbornness_coefficient': 2.0, 'personal_impact_coefficient': 1, 'environmental_impact_coefficient': 2.0, 'cooling_rate': 0.9}",47,2,20,119.00347564195458,2.043294668197632,60149,118.18939147303678,0.6887963113876625
HPSO,"{'num_particles': 50, 'stubbornness_coefficient': 2.0, 'personal_impact_coefficient': 1, 'environmental_impact_coefficient': 2.0, 'cooling_rate': 0.9}",47,3,20,164.2611615871005,1.9949226379394531,60149,163.7358903037225,0.32080399868571874
HPSO,"{'num_particles': 50, 'stubbornness_coefficient': 2.0, 'personal_impact_coefficient': 1, 'environmental_impact_coefficient': 2.0, 'cooling_rate': 0.9}",47,4,50,317.2468721346843,5.259335994720459,70952,314.1166007420703,0.996531665381262
HPSO,"{'num_particles': 50, 'stubbornness_coefficient': 2.0, 'personal_impact_coefficient': 1, 'environmental_impact_coefficient': 2.0, 'cooling_rate': 0.9}",47,5,50,358.8899383426894,5.254248142242432,70952,356.61676113590636,0.6374285940858304
HPSO,"{'num_particles': 50, 'stubbornness_coefficient': 2.0, 'personal_impact_coefficient': 1, 'environmental_impact_coefficient': 2.0, 'cooling_rate': 0.9}",47,6,50,381.7645452112017,5.425112247467041,70952,381.4569939449432,0.08062541024033032
HPSO,"{'num_particles': 50, 'stubbornness_coefficient': 2.0, 'personal_impact_coefficient': 1, 'environmental_impact_coefficient': 2.0, 'cooling_rate': 0.9}",47,7,100,755.7141837111847,16.79497194290161,121452,753.9036132837116,0.24015940440806813
HPSO,"{'num_particles': 50, 'stubbornness_coefficient': 2.0, 'personal_impact_coefficient': 1, 'environmental_impact_coefficient': 2.0, 'cooling_rate': 0.9}",47,8,100,704.7119854456133,16.508574962615967,121452,703.5548352808022,0.16447192269658514
HPSO,"{'num_particles': 50, 'stubbornness_coefficient': 2.0, 'personal_impact_coefficient': 1, 'environmental_impact_coefficient': 2.0, 'cooling_rate': 0.9}",47,9,100,729.3456613439913,15.937278032302856,121452,726.7072203761198,0.36306794454387065
HPSO,"{'num_particles': 50, 'stubbornness_coefficient': 2.0, 'personal_impact_coefficient': 1, 'environmental_impact_coefficient': 2.0, 'cooling_rate': 0.96}",48,1,20,123.90652884357894,1.8860843181610107,60250,123.15082171840821,0.6136435913506935
HPSO,"{'num_particles': 50, 'stubbornness_coefficient': 2.0, 'personal_impact_coefficient': 1, 'environmental_impact_coefficient': 2.0, 'cooling_rate': 0.96}",48,2,20,118.74273284964143,1.8275079727172852,60250,118.18939147303678,0.4681819321583412
HPSO,"{'num_particles': 50, 'stubbornness_coefficient': 2.0, 'personal_impact_coefficient': 1, 'environmental_impact_coefficient': 2.0, 'cooling_rate': 0.96}",48,3,20,165.04498464828168,1.7815303802490234,60250,163.7358903037225,0.7995158191224143
HPSO,"{'num_particles': 50, 'stubbornness_coefficient': 2.0, 'personal_impact_coefficient': 1, 'environmental_impact_coefficient': 2.0, 'cooling_rate': 0.96}",48,4,50,318.10043019397796,6.06993293762207,86910,314.1166007420703,1.2682645369573669
HPSO,"{'num_particles': 50, 'stubbornness_coefficient': 2.0, 'personal_impact_coefficient': 1, 'environmental_impact_coefficient': 2.0, 'cooling_rate': 0.96}",48,5,50,356.7988297632032,6.2443695068359375,86910,356.61676113590636,0.05105442232072441
HPSO,"{'num_particles': 50, 'stubbornness_coefficient': 2.0, 'personal_impact_coefficient': 1, 'environmental_impact_coefficient': 2.0, 'cooling_rate': 0.96}",48,6,50,382.7776037203453,6.269953012466431,86910,381.4569939449432,0.34620148440449217
HPSO,"{'num_particles': 50, 'stubbornness_coefficient': 2.0, 'personal_impact_coefficient': 1, 'environmental_impact_coefficient': 2.0, 'cooling_rate': 0.96}",48,7,100,755.1259525390935,18.622424364089966,137410,753.9036132837116,0.16213468589942207
HPSO,"{'num_particles': 50, 'stubbornness_coefficient': 2.0, 'personal_impact_coefficient': 1, 'environmental_impact_coefficient': 2.0, 'cooling_rate': 0.96}",48,8,100,707.5182076057386,18.350802898406982,137410,703.5548352808022,0.5633352407214287
HPSO,"{'num_particles': 50, 'stubbornness_coefficient': 2.0, 'personal_impact_coefficient': 1, 'environmental_impact_coefficient': 2.0, 'cooling_rate': 0.96}",48,9,100,727.5125267281471,17.94375491142273,137410,726.7072203761198,0.11081579065782324
HPSO,"{'num_particles': 50, 'stubbornness_coefficient': 2.0, 'personal_impact_coefficient': 2.0, 'environmental_impact_coefficient': 0.5, 'cooling_rate': 0.9}",49,1,20,123.99011043864682,2.083627939224243,60149,123.15082171840821,0.6815128868223858
HPSO,"{'num_particles': 50, 'stubbornness_coefficient': 2.0, 'personal_impact_coefficient': 2.0, 'environmental_impact_coefficient': 0.5, 'cooling_rate': 0.9}",49,2,20,118.5071489712233,2.0141446590423584,60149,118.18939147303678,0.26885450058266464
HPSO,"{'num_particles': 50, 'stubbornness_coefficient': 2.0, 'personal_impact_coefficient': 2.0, 'environmental_impact_coefficient': 0.5, 'cooling_rate': 0.9}",49,3,20,165.09054694383232,1.9945015907287598,60149,163.7358903037225,0.8273425194665616
HPSO,"{'num_particles': 50, 'stubbornness_coefficient': 2.0, 'personal_impact_coefficient': 2.0, 'environmental_impact_coefficient': 0.5, 'cooling_rate': 0.9}",49,4,50,315.49256503301297,5.209526062011719,70952,314.1166007420703,0.4380425255118844
HPSO,"{'num_particles': 50, 'stubbornness_coefficient': 2.0, 'personal_impact_coefficient': 2.0, 'environmental_impact_coefficient': 0.5, 'cooling_rate': 0.9}",49,5,50,357.23257132284476,5.327990770339966,70952,356.61676113590636,0.1726812236690466
HPSO,"{'num_particles': 50, 'stubbornness_coefficient': 2.0, 'personal_impact_coefficient': 2.0, 'environmental_impact_coefficient': 0.5, 'cooling_rate': 0.9}",49,6,50,382.0153783852029,5.363643646240234,70952,381.4569939449432,0.14638201661608763
HPSO,"{'num_particles': 50, 'stubbornness_coefficient': 2.0, 'personal_impact_coefficient': 2.0, 'environmental_impact_coefficient': 0.5, 'cooling_rate': 0.9}",49,7,100,755.5751855979541,16.939603805541992,121452,753.9036132837116,0.22172228449228842
HPSO,"{'num_particles': 50, 'stubbornness_coefficient': 2.0, 'personal_impact_coefficient': 2.0, 'environmental_impact_coefficient': 0.5, 'cooling_rate': 0.9}",49,8,100,705.6827344161195,16.968684911727905,121452,703.5548352808022,0.30244964978003763
HPSO,"{'num_particles': 50, 'stubbornness_coefficient': 2.0, 'personal_impact_coefficient': 2.0, 'environmental_impact_coefficient': 0.5, 'cooling_rate': 0.9}",49,9,100,728.2441257032098,16.296708345413208,121452,726.7072203761198,0.21148893034177835
HPSO,"{'num_particles': 50, 'stubbornness_coefficient': 2.0, 'personal_impact_coefficient': 2.0, 'environmental_impact_coefficient': 0.5, 'cooling_rate': 0.96}",50,1,20,124.47559729778534,1.9023122787475586,60250,123.15082171840821,1.075734258928707
HPSO,"{'num_particles': 50, 'stubbornness_coefficient': 2.0, 'personal_impact_coefficient': 2.0, 'environmental_impact_coefficient': 0.5, 'cooling_rate': 0.96}",50,2,20,119.27312544695603,1.8884787559509277,60250,118.18939147303678,0.9169469107271696
HPSO,"{'num_particles': 50, 'stubbornness_coefficient': 2.0, 'personal_impact_coefficient': 2.0, 'environmental_impact_coefficient': 0.5, 'cooling_rate': 0.96}",50,3,20,164.53342762833043,1.871530294418335,60250,163.7358903037225,0.4870876648537686
HPSO,"{'num_particles': 50, 'stubbornness_coefficient': 2.0, 'personal_impact_coefficient': 2.0, 'environmental_impact_coefficient': 0.5, 'cooling_rate': 0.96}",50,4,50,315.1894630292082,6.252912998199463,86910,314.1166007420703,0.34154905681626885
HPSO,"{'num_particles': 50, 'stubbornness_coefficient': 2.0, 'personal_impact_coefficient': 2.0, 'environmental_impact_coefficient': 0.5, 'cooling_rate': 0.96}",50,5,50,358.26385184057915,6.182524681091309,86910,356.61676113590636,0.46186575735431756
HPSO,"{'num_particles': 50, 'stubbornness_coefficient': 2.0, 'personal_impact_coefficient': 2.0, 'environmental_impact_coefficient': 0.5, 'cooling_rate': 0.96}",50,6,50,381.90327143829984,6.306399822235107,86910,381.4569939449432,0.1169928721823549
HPSO,"{'num_particles': 50, 'stubbornness_coefficient': 2.0, 'personal_impact_coefficient': 2.0, 'environmental_impact_coefficient': 0.5, 'cooling_rate': 0.96}",50,7,100,755.2847544145603,18.555744409561157,137410,753.9036132837116,0.18319863527819125
HPSO,"{'num_particles': 50, 'stubbornness_coefficient': 2.0, 'personal_impact_coefficient': 2.0, 'environmental_impact_coefficient': 0.5, 'cooling_rate': 0.96}",50,8,100,705.2781559166763,18.484203338623047,137410,703.5548352808022,0.24494475049500075
HPSO,"{'num_particles': 50, 'stubbornness_coefficient': 2.0, 'personal_impact_coefficient': 2.0, 'environmental_impact_coefficient': 0.5, 'cooling_rate': 0.96}",50,9,100,729.9793716045265,22.71493101119995,137410,726.7072203761198,0.45027091195173263
HPSO,"{'num_particles': 50, 'stubbornness_coefficient': 2.0, 'personal_impact_coefficient': 2.0, 'environmental_impact_coefficient': 1, 'cooling_rate': 0.9}",51,1,20,124.52688555297125,4.020063400268555,60149,123.15082171840821,1.117380960485586
HPSO,"{'num_particles': 50, 'stubbornness_coefficient': 2.0, 'personal_impact_coefficient': 2.0, 'environmental_impact_coefficient': 1, 'cooling_rate': 0.9}",51,2,20,120.43227558991744,3.9229133129119873,60149,118.18939147303678,1.8977034139247106
HPSO,"{'num_particles': 50, 'stubbornness_coefficient': 2.0, 'personal_impact_coefficient': 2.0, 'environmental_impact_coefficient': 1, 'cooling_rate': 0.9}",51,3,20,165.21646751903586,3.782696485519409,60149,163.7358903037225,0.9042472072353581
HPSO,"{'num_particles': 50, 'stubbornness_coefficient': 2.0, 'personal_impact_coefficient': 2.0, 'environmental_impact_coefficient': 1, 'cooling_rate': 0.9}",51,4,50,318.9130465716138,9.298693180084229,70952,314.1166007420703,1.5269634964253178
HPSO,"{'num_particles': 50, 'stubbornness_coefficient': 2.0, 'personal_impact_coefficient': 2.0, 'environmental_impact_coefficient': 1, 'cooling_rate': 0.9}",51,5,50,361.11827626952584,9.477783918380737,70952,356.61676113590636,1.262283668126287
HPSO,"{'num_particles': 50, 'stubbornness_coefficient': 2.0, 'personal_impact_coefficient': 2.0, 'environmental_impact_coefficient': 1, 'cooling_rate': 0.9}",51,6,50,382.1286700609802,9.75308084487915,70952,381.4569939449432,0.17608174098230447
HPSO,"{'num_particles': 50, 'stubbornness_coefficient': 2.0, 'personal_impact_coefficient': 2.0, 'environmental_impact_coefficient': 1, 'cooling_rate': 0.9}",51,7,100,755.5320414490243,29.318241834640503,121452,753.9036132837116,0.21599951726188138
HPSO,"{'num_particles': 50, 'stubbornness_coefficient': 2.0, 'personal_impact_coefficient': 2.0, 'environmental_impact_coefficient': 1, 'cooling_rate': 0.9}",51,8,100,705.0410408892732,29.14918351173401,121452,703.5548352808022,0.21124232738416315
HPSO,"{'num_particles': 50, 'stubbornness_coefficient': 2.0, 'personal_impact_coefficient': 2.0, 'environmental_impact_coefficient': 1, 'cooling_rate': 0.9}",51,9,100,727.7408848528341,28.298548698425293,121452,726.7072203761198,0.14223946697258852
HPSO,"{'num_particles': 50, 'stubbornness_coefficient': 2.0, 'personal_impact_coefficient': 2.0, 'environmental_impact_coefficient': 1, 'cooling_rate': 0.96}",52,1,20,124.15434906035058,3.60475492477417,60250,123.15082171840821,0.8148766917991006
HPSO,"{'num_particles': 50, 'stubbornness_coefficient': 2.0, 'personal_impact_coefficient': 2.0, 'environmental_impact_coefficient': 1, 'cooling_rate': 0.96}",52,2,20,118.7896743989243,3.521942138671875,60250,118.18939147303678,0.5078991594812234
HPSO,"{'num_particles': 50, 'stubbornness_coefficient': 2.0, 'personal_impact_coefficient': 2.0, 'environmental_impact_coefficient': 1, 'cooling_rate': 0.96}",52,3,20,166.1471924950041,3.472384452819824,60250,163.7358903037225,1.4726778513915015
HPSO,"{'num_particles': 50, 'stubbornness_coefficient': 2.0, 'personal_impact_coefficient': 2.0, 'environmental_impact_coefficient': 1, 'cooling_rate': 0.96}",52,4,50,315.8673360010866,10.91858172416687,86910,314.1166007420703,0.5573520326147433
HPSO,"{'num_particles': 50, 'stubbornness_coefficient': 2.0, 'personal_impact_coefficient': 2.0, 'environmental_impact_coefficient': 1, 'cooling_rate': 0.96}",52,5,50,357.7079977968954,11.167908906936646,86910,356.61676113590636,0.30599701974557464
HPSO,"{'num_particles': 50, 'stubbornness_coefficient': 2.0, 'personal_impact_coefficient': 2.0, 'environmental_impact_coefficient': 1, 'cooling_rate': 0.96}",52,6,50,382.18257065464337,11.385506391525269,86910,381.4569939449432,0.1902119298420615
HPSO,"{'num_particles': 50, 'stubbornness_coefficient': 2.0, 'personal_impact_coefficient': 2.0, 'environmental_impact_coefficient': 1, 'cooling_rate': 0.96}",52,7,100,754.9400928175583,32.62191867828369,137410,753.9036132837116,0.1374817039716996
HPSO,"{'num_particles': 50, 'stubbornness_coefficient': 2.0, 'personal_impact_coefficient': 2.0, 'environmental_impact_coefficient': 1, 'cooling_rate': 0.96}",52,8,100,705.28791812968,31.903101682662964,137410,703.5548352808022,0.24633230588004565
HPSO,"{'num_particles': 50, 'stubbornness_coefficient': 2.0, 'personal_impact_coefficient': 2.0, 'environmental_impact_coefficient': 1, 'cooling_rate': 0.96}",52,9,100,726.7072203761198,31.453994750976562,137410,726.7072203761198,0.0
HPSO,"{'num_particles': 50, 'stubbornness_coefficient': 2.0, 'personal_impact_coefficient': 2.0, 'environmental_impact_coefficient': 2.0, 'cooling_rate': 0.9}",53,1,20,124.0931275786046,4.0161826610565186,60149,123.15082171840821,0.7651640866441182
HPSO,"{'num_particles': 50, 'stubbornness_coefficient': 2.0, 'personal_impact_coefficient': 2.0, 'environmental_impact_coefficient': 2.0, 'cooling_rate': 0.9}",53,2,20,119.27556187378161,3.950909376144409,60149,118.18939147303678,0.9190083705546687
HPSO,"{'num_particles': 50, 'stubbornness_coefficient': 2.0, 'personal_impact_coefficient': 2.0, 'environmental_impact_coefficient': 2.0, 'cooling_rate': 0.9}",53,3,20,165.40074181286056,3.863748550415039,60149,163.7358903037225,1.0167908245711053
HPSO,"{'num_particles': 50, 'stubbornness_coefficient': 2.0, 'personal_impact_coefficient': 2.0, 'environmental_impact_coefficient': 2.0, 'cooling_rate': 0.9}",53,4,50,315.5639037314646,9.473907232284546,70952,314.1166007420703,0.4607534227656825
HPSO,"{'num_particles': 50, 'stubbornness_coefficient': 2.0, 'personal_impact_coefficient': 2.0, 'environmental_impact_coefficient': 2.0, 'cooling_rate': 0.9}",53,5,50,358.03980609919506,9.558564901351929,70952,356.61676113590636,0.3990404036972288
HPSO,"{'num_particles': 50, 'stubbornness_coefficient': 2.0, 'personal_impact_coefficient': 2.0, 'environmental_impact_coefficient': 2.0, 'cooling_rate': 0.9}",53,6,50,383.8054134625805,9.8003089427948,70952,381.4569939449432,0.6156446348906768
HPSO,"{'num_particles': 50, 'stubbornness_coefficient': 2.0, 'personal_impact_coefficient': 2.0, 'environmental_impact_coefficient': 2.0, 'cooling_rate': 0.9}",53,7,100,755.6450238744444,29.41508650779724,121452,753.9036132837116,0.23098583957542043
HPSO,"{'num_particles': 50, 'stubbornness_coefficient': 2.0, 'personal_impact_coefficient': 2.0, 'environmental_impact_coefficient': 2.0, 'cooling_rate': 0.9}",53,8,100,704.3238062076575,29.12854766845703,121452,703.5548352808022,0.10929793788545573
HPSO,"{'num_particles': 50, 'stubbornness_coefficient': 2.0, 'personal_impact_coefficient': 2.0, 'environmental_impact_coefficient': 2.0, 'cooling_rate': 0.9}",53,9,100,728.4212341839983,28.339208126068115,121452,726.7072203761198,0.23586029694205538
HPSO,"{'num_particles': 50, 'stubbornness_coefficient': 2.0, 'personal_impact_coefficient': 2.0, 'environmental_impact_coefficient': 2.0, 'cooling_rate': 0.96}",54,1,20,124.10585847455181,3.6035006046295166,60250,123.15082171840821,0.7755017326050396
HPSO,"{'num_particles': 50, 'stubbornness_coefficient': 2.0, 'personal_impact_coefficient': 2.0, 'environmental_impact_coefficient': 2.0, 'cooling_rate': 0.96}",54,2,20,120.46528855548054,3.5067641735076904,60250,118.18939147303678,1.925635671762449
HPSO,"{'num_particles': 50, 'stubbornness_coefficient': 2.0, 'personal_impact_coefficient': 2.0, 'environmental_impact_coefficient': 2.0, 'cooling_rate': 0.96}",54,3,20,164.903607696638,3.472255229949951,60250,163.7358903037225,0.7131713094480656
HPSO,"{'num_particles': 50, 'stubbornness_coefficient': 2.0, 'personal_impact_coefficient': 2.0, 'environmental_impact_coefficient': 2.0, 'cooling_rate': 0.96}",54,4,50,316.46232095964916,11.015376806259155,86910,314.1166007420703,0.746767350734506
HPSO,"{'num_particles': 50, 'stubbornness_coefficient': 2.0, 'personal_impact_coefficient': 2.0, 'environmental_impact_coefficient': 2.0, 'cooling_rate': 0.96}",54,5,50,357.6465461376667,11.274773120880127,86910,356.61676113590636,0.28876517146312164
HPSO,"{'num_particles': 50, 'stubbornness_coefficient': 2.0, 'personal_impact_coefficient': 2.0, 'environmental_impact_coefficient': 2.0, 'cooling_rate': 0.96}",54,6,50,382.15098622715965,11.458392858505249,86910,381.4569939449432,0.18193198531749463
HPSO,"{'num_particles': 50, 'stubbornness_coefficient': 2.0, 'personal_impact_coefficient': 2.0, 'environmental_impact_coefficient': 2.0, 'cooling_rate': 0.96}",54,7,100,757.1897668462271,32.6373131275177,137410,753.9036132837116,0.43588510581642415
HPSO,"{'num_particles': 50, 'stubbornness_coefficient': 2.0, 'personal_impact_coefficient': 2.0, 'environmental_impact_coefficient': 2.0, 'cooling_rate': 0.96}",54,8,100,705.3180888252028,31.978590965270996,137410,703.5548352808022,0.2506206277008803
HPSO,"{'num_particles': 50, 'stubbornness_coefficient': 2.0, 'personal_impact_coefficient': 2.0, 'environmental_impact_coefficient': 2.0, 'cooling_rate': 0.96}",54,9,100,729.2996318574878,31.45291566848755,137410,726.7072203761198,0.35673396502462934
HPSO,"{'num_particles': 100, 'stubbornness_coefficient': 0.5, 'personal_impact_coefficient': 0.5, 'environmental_impact_coefficient': 0.5, 'cooling_rate': 0.9}",55,1,20,124.27330929034066,4.909547567367554,60089,123.15082171840821,0.9114738791585886
HPSO,"{'num_particles': 100, 'stubbornness_coefficient': 0.5, 'personal_impact_coefficient': 0.5, 'environmental_impact_coefficient': 0.5, 'cooling_rate': 0.9}",55,2,20,118.71952016884964,4.914517402648926,60089,118.18939147303678,0.44854169160673285
HPSO,"{'num_particles': 100, 'stubbornness_coefficient': 0.5, 'personal_impact_coefficient': 0.5, 'environmental_impact_coefficient': 0.5, 'cooling_rate': 0.9}",55,3,20,165.13096750048263,4.791470766067505,60089,163.7358903037225,0.852028956004895
HPSO,"{'num_particles': 100, 'stubbornness_coefficient': 0.5, 'personal_impact_coefficient': 0.5, 'environmental_impact_coefficient': 0.5, 'cooling_rate': 0.9}",55,4,50,316.09475838893127,17.865426063537598,111979,314.1166007420703,0.6297526594225655
HPSO,"{'num_particles': 100, 'stubbornness_coefficient': 0.5, 'personal_impact_coefficient': 0.5, 'environmental_impact_coefficient': 0.5, 'cooling_rate': 0.9}",55,5,50,357.8813739839682,13.22175121307373,81102,356.61676113590636,0.3546139682368759
HPSO,"{'num_particles': 100, 'stubbornness_coefficient': 0.5, 'personal_impact_coefficient': 0.5, 'environmental_impact_coefficient': 0.5, 'cooling_rate': 0.9}",55,6,50,382.75111464433525,13.389621257781982,81102,381.4569939449432,0.3392573002813658
HPSO,"{'num_particles': 100, 'stubbornness_coefficient': 0.5, 'personal_impact_coefficient': 0.5, 'environmental_impact_coefficient': 0.5, 'cooling_rate': 0.9}",55,7,100,754.8515491417835,36.8178288936615,131602,753.9036132837116,0.12573700952871947
HPSO,"{'num_particles': 100, 'stubbornness_coefficient': 0.5, 'personal_impact_coefficient': 0.5, 'environmental_impact_coefficient': 0.5, 'cooling_rate': 0.9}",55,8,100,705.9723737805411,36.4349582195282,131602,703.5548352808022,0.34361763696415604
HPSO,"{'num_particles': 100, 'stubbornness_coefficient': 0.5, 'personal_impact_coefficient': 0.5, 'environmental_impact_coefficient': 0.5, 'cooling_rate': 0.9}",55,9,100,728.9260772064283,35.952184200286865,131602,726.7072203761198,0.30533023040008805
HPSO,"{'num_particles': 100, 'stubbornness_coefficient': 0.5, 'personal_impact_coefficient': 0.5, 'environmental_impact_coefficient': 0.5, 'cooling_rate': 0.96}",56,1,20,124.17188894316692,4.791477680206299,66760,123.15082171840821,0.8291192949515528
HPSO,"{'num_particles': 100, 'stubbornness_coefficient': 0.5, 'personal_impact_coefficient': 0.5, 'environmental_impact_coefficient': 0.5, 'cooling_rate': 0.96}",56,2,20,120.065336255311,4.748013973236084,67090,118.18939147303678,1.5872361799089112
HPSO,"{'num_particles': 100, 'stubbornness_coefficient': 0.5, 'personal_impact_coefficient': 0.5, 'environmental_impact_coefficient': 0.5, 'cooling_rate': 0.96}",56,3,20,164.99314678766927,4.661699056625366,66760,163.7358903037225,0.7678563823817877
HPSO,"{'num_particles': 100, 'stubbornness_coefficient': 0.5, 'personal_impact_coefficient': 0.5, 'environmental_impact_coefficient': 0.5, 'cooling_rate': 0.96}",56,4,50,316.2378812967775,14.589738368988037,97060,314.1166007420703,0.6753162837289963
HPSO,"{'num_particles': 100, 'stubbornness_coefficient': 0.5, 'personal_impact_coefficient': 0.5, 'environmental_impact_coefficient': 0.5, 'cooling_rate': 0.96}",56,5,50,357.4716798960651,16.45784568786621,108580,356.61676113590636,0.2397303922102894
HPSO,"{'num_particles': 100, 'stubbornness_coefficient': 0.5, 'personal_impact_coefficient': 0.5, 'environmental_impact_coefficient': 0.5, 'cooling_rate': 0.96}",56,6,50,383.1599432405976,15.01341724395752,97060,381.4569939449432,0.4464328411029806
HPSO,"{'num_particles': 100, 'stubbornness_coefficient': 0.5, 'personal_impact_coefficient': 0.5, 'environmental_impact_coefficient': 0.5, 'cooling_rate': 0.96}",56,7,100,756.4054910581866,40.00042271614075,147560,753.9036132837116,0.3318564509298226
HPSO,"{'num_particles': 100, 'stubbornness_coefficient': 0.5, 'personal_impact_coefficient': 0.5, 'environmental_impact_coefficient': 0.5, 'cooling_rate': 0.96}",56,8,100,705.0203266780018,39.57122588157654,147560,703.5548352808022,0.2082981060907165
HPSO,"{'num_particles': 100, 'stubbornness_coefficient': 0.5, 'personal_impact_coefficient': 0.5, 'environmental_impact_coefficient': 0.5, 'cooling_rate': 0.96}",56,9,100,727.5995344191027,38.54754281044006,147560,726.7072203761198,0.12278865793036384
HPSO,"{'num_particles': 100, 'stubbornness_coefficient': 0.5, 'personal_impact_coefficient': 0.5, 'environmental_impact_coefficient': 1, 'cooling_rate': 0.9}",57,1,20,124.01946521329324,4.963803052902222,60089,123.15082171840821,0.705349329191843
HPSO,"{'num_particles': 100, 'stubbornness_coefficient': 0.5, 'personal_impact_coefficient': 0.5, 'environmental_impact_coefficient': 1, 'cooling_rate': 0.9}",57,2,20,119.32247778708312,4.875042676925659,60089,118.18939147303678,0.9587039072832821
HPSO,"{'num_particles': 100, 'stubbornness_coefficient': 0.5, 'personal_impact_coefficient': 0.5, 'environmental_impact_coefficient': 1, 'cooling_rate': 0.9}",57,3,20,165.26765587745726,4.860126495361328,60089,163.7358903037225,0.9355099672365083
HPSO,"{'num_particles': 100, 'stubbornness_coefficient': 0.5, 'personal_impact_coefficient': 0.5, 'environmental_impact_coefficient': 1, 'cooling_rate': 0.9}",57,4,50,315.21624836516895,13.182314157485962,81102,314.1166007420703,0.3500762520990044
HPSO,"{'num_particles': 100, 'stubbornness_coefficient': 0.5, 'personal_impact_coefficient': 0.5, 'environmental_impact_coefficient': 1, 'cooling_rate': 0.9}",57,5,50,358.4008064489818,14.866894960403442,91528,356.61676113590636,0.5002696192385552
HPSO,"{'num_particles': 100, 'stubbornness_coefficient': 0.5, 'personal_impact_coefficient': 0.5, 'environmental_impact_coefficient': 1, 'cooling_rate': 0.9}",57,6,50,384.8276838841835,13.562155723571777,81102,381.4569939449432,0.883635637239574
HPSO,"{'num_particles': 100, 'stubbornness_coefficient': 0.5, 'personal_impact_coefficient': 0.5, 'environmental_impact_coefficient': 1, 'cooling_rate': 0.9}",57,7,100,756.1669147658417,49.45089292526245,175870,753.9036132837116,0.30021098748579844
HPSO,"{'num_particles': 100, 'stubbornness_coefficient': 0.5, 'personal_impact_coefficient': 0.5, 'environmental_impact_coefficient': 1, 'cooling_rate': 0.9}",57,8,100,704.8605395201419,36.39157152175903,131602,703.5548352808022,0.18558670538004757
HPSO,"{'num_particles': 100, 'stubbornness_coefficient': 0.5, 'personal_impact_coefficient': 0.5, 'environmental_impact_coefficient': 1, 'cooling_rate': 0.9}",57,9,100,728.6138871870606,35.79705739021301,131602,726.7072203761198,0.2623706986087158
HPSO,"{'num_particles': 100, 'stubbornness_coefficient': 0.5, 'personal_impact_coefficient': 0.5, 'environmental_impact_coefficient': 1, 'cooling_rate': 0.96}",58,1,20,123.89164874521215,4.882632255554199,66760,123.15082171840821,0.6015607662755896
HPSO,"{'num_particles': 100, 'stubbornness_coefficient': 0.5, 'personal_impact_coefficient': 0.5, 'environmental_impact_coefficient': 1, 'cooling_rate': 0.96}",58,2,20,120.02652399168043,4.792568206787109,67090,118.18939147303678,1.5543971381414312
HPSO,"{'num_particles': 100, 'stubbornness_coefficient': 0.5, 'personal_impact_coefficient': 0.5, 'environmental_impact_coefficient': 1, 'cooling_rate': 0.96}",58,3,20,166.1845872034857,4.717529296875,66760,163.7358903037225,1.4955162824845467
HPSO,"{'num_particles': 100, 'stubbornness_coefficient': 0.5, 'personal_impact_coefficient': 0.5, 'environmental_impact_coefficient': 1, 'cooling_rate': 0.96}",58,4,50,315.30308169298866,16.665748357772827,110020,314.1166007420703,0.3777199129607891
HPSO,"{'num_particles': 100, 'stubbornness_coefficient': 0.5, 'personal_impact_coefficient': 0.5, 'environmental_impact_coefficient': 1, 'cooling_rate': 0.96}",58,5,50,358.39702259086874,14.961410999298096,97060,356.61676113590636,0.49920857597714796
HPSO,"{'num_particles': 100, 'stubbornness_coefficient': 0.5, 'personal_impact_coefficient': 0.5, 'environmental_impact_coefficient': 1, 'cooling_rate': 0.96}",58,6,50,382.37995933536297,15.095231771469116,97060,381.4569939449432,0.24195791532741034
HPSO,"{'num_particles': 100, 'stubbornness_coefficient': 0.5, 'personal_impact_coefficient': 0.5, 'environmental_impact_coefficient': 1, 'cooling_rate': 0.96}",58,7,100,755.8413681840831,39.907289266586304,147560,753.9036132837116,0.25702952820870284
HPSO,"{'num_particles': 100, 'stubbornness_coefficient': 0.5, 'personal_impact_coefficient': 0.5, 'environmental_impact_coefficient': 1, 'cooling_rate': 0.96}",58,8,100,706.6061698703691,45.62011122703552,171650,703.5548352808022,0.4337024545285113
HPSO,"{'num_particles': 100, 'stubbornness_coefficient': 0.5, 'personal_impact_coefficient': 0.5, 'environmental_impact_coefficient': 1, 'cooling_rate': 0.96}",58,9,100,728.8244041036105,38.62631964683533,147560,726.7072203761198,0.2913392998069958
HPSO,"{'num_particles': 100, 'stubbornness_coefficient': 0.5, 'personal_impact_coefficient': 0.5, 'environmental_impact_coefficient': 2.0, 'cooling_rate': 0.9}",59,1,20,124.02766684555516,4.929754257202148,60089,123.15082171840821,0.7120091566679998
HPSO,"{'num_particles': 100, 'stubbornness_coefficient': 0.5, 'personal_impact_coefficient': 0.5, 'environmental_impact_coefficient': 2.0, 'cooling_rate': 0.9}",59,2,20,118.80079460665957,4.884103059768677,60089,118.18939147303678,0.5173079630943609
HPSO,"{'num_particles': 100, 'stubbornness_coefficient': 0.5, 'personal_impact_coefficient': 0.5, 'environmental_impact_coefficient': 2.0, 'cooling_rate': 0.9}",59,3,20,164.9026879688302,4.8005592823028564,60089,163.7358903037225,0.7126095952105264
HPSO,"{'num_particles': 100, 'stubbornness_coefficient': 0.5, 'personal_impact_coefficient': 0.5, 'environmental_impact_coefficient': 2.0, 'cooling_rate': 0.9}",59,4,50,317.2865802852036,12.937334299087524,81102,314.1166007420703,1.0091728790024266
HPSO,"{'num_particles': 100, 'stubbornness_coefficient': 0.5, 'personal_impact_coefficient': 0.5, 'environmental_impact_coefficient': 2.0, 'cooling_rate': 0.9}",59,5,50,359.3814490742136,13.116302967071533,81102,356.61676113590636,0.7752546261429443
HPSO,"{'num_particles': 100, 'stubbornness_coefficient': 0.5, 'personal_impact_coefficient': 0.5, 'environmental_impact_coefficient': 2.0, 'cooling_rate': 0.9}",59,6,50,382.20242351095663,13.006093263626099,81102,381.4569939449432,0.19541641072153113
HPSO,"{'num_particles': 100, 'stubbornness_coefficient': 0.5, 'personal_impact_coefficient': 0.5, 'environmental_impact_coefficient': 2.0, 'cooling_rate': 0.9}",59,7,100,754.8772269346626,36.61418056488037,131602,753.9036132837116,0.1291429877501672
HPSO,"{'num_particles': 100, 'stubbornness_coefficient': 0.5, 'personal_impact_coefficient': 0.5, 'environmental_impact_coefficient': 2.0, 'cooling_rate': 0.9}",59,8,100,705.3081988932972,29.399595975875854,131602,703.5548352808022,0.24921491894732486
HPSO,"{'num_particles': 100, 'stubbornness_coefficient': 0.5, 'personal_impact_coefficient': 0.5, 'environmental_impact_coefficient': 2.0, 'cooling_rate': 0.9}",59,9,100,727.6999237581082,19.708373069763184,131602,726.7072203761198,0.13660293363736753
HPSO,"{'num_particles': 100, 'stubbornness_coefficient': 0.5, 'personal_impact_coefficient': 0.5, 'environmental_impact_coefficient': 2.0, 'cooling_rate': 0.96}",60,1,20,123.91554894359275,2.5640957355499268,69070,123.15082171840821,0.6209680248282375
HPSO,"{'num_particles': 100, 'stubbornness_coefficient': 0.5, 'personal_impact_coefficient': 0.5, 'environmental_impact_coefficient': 2.0, 'cooling_rate': 0.96}",60,2,20,120.42145272806448,2.4819040298461914,69070,118.18939147303678,1.888546194551577
HPSO,"{'num_particles': 100, 'stubbornness_coefficient': 0.5, 'personal_impact_coefficient': 0.5, 'environmental_impact_coefficient': 2.0, 'cooling_rate': 0.96}",60,3,20,165.34356893746494,2.3467273712158203,66760,163.7358903037225,0.9818730827799993
HPSO,"{'num_particles': 100, 'stubbornness_coefficient': 0.5, 'personal_impact_coefficient': 0.5, 'environmental_impact_coefficient': 2.0, 'cooling_rate': 0.96}",60,4,50,317.0611083333181,7.872731447219849,97060,314.1166007420703,0.9373931795682413
HPSO,"{'num_particles': 100, 'stubbornness_coefficient': 0.5, 'personal_impact_coefficient': 0.5, 'environmental_impact_coefficient': 2.0, 'cooling_rate': 0.96}",60,5,50,357.5610278918071,8.798555850982666,107620,356.61676113590636,0.2647847377933205
HPSO,"{'num_particles': 100, 'stubbornness_coefficient': 0.5, 'personal_impact_coefficient': 0.5, 'environmental_impact_coefficient': 2.0, 'cooling_rate': 0.96}",60,6,50,381.4569939449432,9.386782169342041,111460,381.4569939449432,0.0
HPSO,"{'num_particles': 100, 'stubbornness_coefficient': 0.5, 'personal_impact_coefficient': 0.5, 'environmental_impact_coefficient': 2.0, 'cooling_rate': 0.96}",60,7,100,755.6054715741267,22.617299556732178,147560,753.9036132837116,0.22573950574430257
HPSO,"{'num_particles': 100, 'stubbornness_coefficient': 0.5, 'personal_impact_coefficient': 0.5, 'environmental_impact_coefficient': 2.0, 'cooling_rate': 0.96}",60,8,100,704.7708622583856,27.960575819015503,185520,703.5548352808022,0.17284039801930395
HPSO,"{'num_particles': 100, 'stubbornness_coefficient': 0.5, 'personal_impact_coefficient': 0.5, 'environmental_impact_coefficient': 2.0, 'cooling_rate': 0.96}",60,9,100,729.2839030293684,21.69139051437378,147560,726.7072203761198,0.3545695681838619
HPSO,"{'num_particles': 100, 'stubbornness_coefficient': 0.5, 'personal_impact_coefficient': 1, 'environmental_impact_coefficient': 0.5, 'cooling_rate': 0.9}",61,1,20,124.02952846339012,2.502919912338257,60089,123.15082171840821,0.7135208135201305
HPSO,"{'num_particles': 100, 'stubbornness_coefficient': 0.5, 'personal_impact_coefficient': 1, 'environmental_impact_coefficient': 0.5, 'cooling_rate': 0.9}",61,2,20,119.07202853399534,2.4413156509399414,60089,118.18939147303678,0.7467988877495144
HPSO,"{'num_particles': 100, 'stubbornness_coefficient': 0.5, 'personal_impact_coefficient': 1, 'environmental_impact_coefficient': 0.5, 'cooling_rate': 0.9}",61,3,20,165.3679276257586,2.43115234375,60089,163.7358903037225,0.9967498994928625
HPSO,"{'num_particles': 100, 'stubbornness_coefficient': 0.5, 'personal_impact_coefficient': 1, 'environmental_impact_coefficient': 0.5, 'cooling_rate': 0.9}",61,4,50,317.09799472278337,6.942773103713989,81102,314.1166007420703,0.9491360767529617
HPSO,"{'num_particles': 100, 'stubbornness_coefficient': 0.5, 'personal_impact_coefficient': 1, 'environmental_impact_coefficient': 0.5, 'cooling_rate': 0.9}",61,5,50,359.75222996155736,6.964231729507446,81102,356.61676113590636,0.8792264322248382
HPSO,"{'num_particles': 100, 'stubbornness_coefficient': 0.5, 'personal_impact_coefficient': 1, 'environmental_impact_coefficient': 0.5, 'cooling_rate': 0.9}",61,6,50,383.43114182362064,7.15434718132019,81102,381.4569939449432,0.5175282954603242
HPSO,"{'num_particles': 100, 'stubbornness_coefficient': 0.5, 'personal_impact_coefficient': 1, 'environmental_impact_coefficient': 0.5, 'cooling_rate': 0.9}",61,7,100,756.0688751088876,20.425788402557373,131602,753.9036132837116,0.28720671807699166
HPSO,"{'num_particles': 100, 'stubbornness_coefficient': 0.5, 'personal_impact_coefficient': 1, 'environmental_impact_coefficient': 0.5, 'cooling_rate': 0.9}",61,8,100,706.9355658288374,20.200931787490845,131602,703.5548352808022,0.4805212584014013
HPSO,"{'num_particles': 100, 'stubbornness_coefficient': 0.5, 'personal_impact_coefficient': 1, 'environmental_impact_coefficient': 0.5, 'cooling_rate': 0.9}",61,9,100,730.5544713351628,19.685993432998657,131602,726.7072203761198,0.5294086602100596
HPSO,"{'num_particles': 100, 'stubbornness_coefficient': 0.5, 'personal_impact_coefficient': 1, 'environmental_impact_coefficient': 0.5, 'cooling_rate': 0.96}",62,1,20,123.49601601524803,2.489142417907715,66760,123.15082171840821,0.2803020654049138
HPSO,"{'num_particles': 100, 'stubbornness_coefficient': 0.5, 'personal_impact_coefficient': 1, 'environmental_impact_coefficient': 0.5, 'cooling_rate': 0.96}",62,2,20,118.89592301120194,2.4220316410064697,66760,118.18939147303678,0.5977960706620195
HPSO,"{'num_particles': 100, 'stubbornness_coefficient': 0.5, 'personal_impact_coefficient': 1, 'environmental_impact_coefficient': 0.5, 'cooling_rate': 0.96}",62,3,20,165.05751621322432,2.657217264175415,74680,163.7358903037225,0.8071693426836742
HPSO,"{'num_particles': 100, 'stubbornness_coefficient': 0.5, 'personal_impact_coefficient': 1, 'environmental_impact_coefficient': 0.5, 'cooling_rate': 0.96}",62,4,50,316.2163582922615,8.604732513427734,107140,314.1166007420703,0.6684643680820056
HPSO,"{'num_particles': 100, 'stubbornness_coefficient': 0.5, 'personal_impact_coefficient': 1, 'environmental_impact_coefficient': 0.5, 'cooling_rate': 0.96}",62,5,50,357.5063935436935,7.9794628620147705,97060,356.61676113590636,0.24946455263444406
HPSO,"{'num_particles': 100, 'stubbornness_coefficient': 0.5, 'personal_impact_coefficient': 1, 'environmental_impact_coefficient': 0.5, 'cooling_rate': 0.96}",62,6,50,381.52408012598926,8.198406457901001,97060,381.4569939449432,0.01758682685360908
HPSO,"{'num_particles': 100, 'stubbornness_coefficient': 0.5, 'personal_impact_coefficient': 1, 'environmental_impact_coefficient': 0.5, 'cooling_rate': 0.96}",62,7,100,755.5958878101519,22.372304677963257,147560,753.9036132837116,0.2244682870094525
HPSO,"{'num_particles': 100, 'stubbornness_coefficient': 0.5, 'personal_impact_coefficient': 1, 'environmental_impact_coefficient': 0.5, 'cooling_rate': 0.96}",62,8,100,705.012366828639,22.192466735839844,147560,703.5548352808022,0.20716673025991456
HPSO,"{'num_particles': 100, 'stubbornness_coefficient': 0.5, 'personal_impact_coefficient': 1, 'environmental_impact_coefficient': 0.5, 'cooling_rate': 0.96}",62,9,100,729.383341379478,21.724503993988037,147560,726.7072203761198,0.3682529811624948
HPSO,"{'num_particles': 100, 'stubbornness_coefficient': 0.5, 'personal_impact_coefficient': 1, 'environmental_impact_coefficient': 1, 'cooling_rate': 0.9}",63,1,20,123.64495391317833,2.5271177291870117,60089,123.15082171840821,0.4012414922410993
HPSO,"{'num_particles': 100, 'stubbornness_coefficient': 0.5, 'personal_impact_coefficient': 1, 'environmental_impact_coefficient': 1, 'cooling_rate': 0.9}",63,2,20,119.05179437618345,2.531128406524658,60089,118.18939147303678,0.7296787743791863
HPSO,"{'num_particles': 100, 'stubbornness_coefficient': 0.5, 'personal_impact_coefficient': 1, 'environmental_impact_coefficient': 1, 'cooling_rate': 0.9}",63,3,20,165.29363901188154,2.4928336143493652,60089,163.7358903037225,0.9513788976072914
HPSO,"{'num_particles': 100, 'stubbornness_coefficient': 0.5, 'personal_impact_coefficient': 1, 'environmental_impact_coefficient': 1, 'cooling_rate': 0.9}",63,4,50,316.333127195071,7.127196311950684,81102,314.1166007420703,0.7056381126512647
HPSO,"{'num_particles': 100, 'stubbornness_coefficient': 0.5, 'personal_impact_coefficient': 1, 'environmental_impact_coefficient': 1, 'cooling_rate': 0.9}",63,5,50,358.72910403619983,9.029871463775635,102756,356.61676113590636,0.5923285528041846
HPSO,"{'num_particles': 100, 'stubbornness_coefficient': 0.5, 'personal_impact_coefficient': 1, 'environmental_impact_coefficient': 1, 'cooling_rate': 0.9}",63,6,50,381.63122470763074,7.291450500488281,81102,381.4569939449432,0.045675073587117
HPSO,"{'num_particles': 100, 'stubbornness_coefficient': 0.5, 'personal_impact_coefficient': 1, 'environmental_impact_coefficient': 1, 'cooling_rate': 0.9}",63,7,100,758.7016447327286,21.028931617736816,131602,753.9036132837116,0.6364250501623994
HPSO,"{'num_particles': 100, 'stubbornness_coefficient': 0.5, 'personal_impact_coefficient': 1, 'environmental_impact_coefficient': 1, 'cooling_rate': 0.9}",63,8,100,705.0347764175533,20.308542251586914,131602,703.5548352808022,0.210351924617281
HPSO,"{'num_particles': 100, 'stubbornness_coefficient': 0.5, 'personal_impact_coefficient': 1, 'environmental_impact_coefficient': 1, 'cooling_rate': 0.9}",63,9,100,728.3407114393815,19.77023458480835,131602,726.7072203761198,0.22477980367612377
HPSO,"{'num_particles': 100, 'stubbornness_coefficient': 0.5, 'personal_impact_coefficient': 1, 'environmental_impact_coefficient': 1, 'cooling_rate': 0.96}",64,1,20,123.91053566989503,3.2633163928985596,87550,123.15082171840821,0.6168971841892763
HPSO,"{'num_particles': 100, 'stubbornness_coefficient': 0.5, 'personal_impact_coefficient': 1, 'environmental_impact_coefficient': 1, 'cooling_rate': 0.96}",64,2,20,118.95310470622056,2.501382350921631,68740,118.18939147303678,0.6461774814688079
HPSO,"{'num_particles': 100, 'stubbornness_coefficient': 0.5, 'personal_impact_coefficient': 1, 'environmental_impact_coefficient': 1, 'cooling_rate': 0.96}",64,3,20,164.39558543567,2.5406692028045654,71050,163.7358903037225,0.402901972636419
HPSO,"{'num_particles': 100, 'stubbornness_coefficient': 0.5, 'personal_impact_coefficient': 1, 'environmental_impact_coefficient': 1, 'cooling_rate': 0.96}",64,4,50,315.41105919825117,7.861148357391357,97060,314.1166007420703,0.41209488868872723
HPSO,"{'num_particles': 100, 'stubbornness_coefficient': 0.5, 'personal_impact_coefficient': 1, 'environmental_impact_coefficient': 1, 'cooling_rate': 0.96}",64,5,50,358.9916996079251,7.98357367515564,97060,356.61676113590636,0.6659637826483618
HPSO,"{'num_particles': 100, 'stubbornness_coefficient': 0.5, 'personal_impact_coefficient': 1, 'environmental_impact_coefficient': 1, 'cooling_rate': 0.96}",64,6,50,382.055749230827,8.204001188278198,97060,381.4569939449432,0.15696534481951588
HPSO,"{'num_particles': 100, 'stubbornness_coefficient': 0.5, 'personal_impact_coefficient': 1, 'environmental_impact_coefficient': 1, 'cooling_rate': 0.96}",64,7,100,755.8938933635329,22.469045877456665,147560,753.9036132837116,0.26399662301026044
HPSO,"{'num_particles': 100, 'stubbornness_coefficient': 0.5, 'personal_impact_coefficient': 1, 'environmental_impact_coefficient': 1, 'cooling_rate': 0.96}",64,8,100,707.9948895314154,30.902528047561646,207420,703.5548352808022,0.6310885844230065
HPSO,"{'num_particles': 100, 'stubbornness_coefficient': 0.5, 'personal_impact_coefficient': 1, 'environmental_impact_coefficient': 1, 'cooling_rate': 0.96}",64,9,100,727.2829150714133,21.425629377365112,147560,726.7072203761198,0.07921961955951165
HPSO,"{'num_particles': 100, 'stubbornness_coefficient': 0.5, 'personal_impact_coefficient': 1, 'environmental_impact_coefficient': 2.0, 'cooling_rate': 0.9}",65,1,20,124.49557181707553,2.496121406555176,60089,123.15082171840821,1.0919538171999952
HPSO,"{'num_particles': 100, 'stubbornness_coefficient': 0.5, 'personal_impact_coefficient': 1, 'environmental_impact_coefficient': 2.0, 'cooling_rate': 0.9}",65,2,20,118.71426822262292,2.424690008163452,60089,118.18939147303678,0.4440980218650882
HPSO,"{'num_particles': 100, 'stubbornness_coefficient': 0.5, 'personal_impact_coefficient': 1, 'environmental_impact_coefficient': 2.0, 'cooling_rate': 0.9}",65,3,20,165.24659619560953,2.3680524826049805,60089,163.7358903037225,0.9226479845589983
HPSO,"{'num_particles': 100, 'stubbornness_coefficient': 0.5, 'personal_impact_coefficient': 1, 'environmental_impact_coefficient': 2.0, 'cooling_rate': 0.9}",65,4,50,317.2774036288983,6.772846221923828,81102,314.1166007420703,1.006251461833245
HPSO,"{'num_particles': 100, 'stubbornness_coefficient': 0.5, 'personal_impact_coefficient': 1, 'environmental_impact_coefficient': 2.0, 'cooling_rate': 0.9}",65,5,50,358.0986092667266,6.90860390663147,81102,356.61676113590636,0.41552958029797216
HPSO,"{'num_particles': 100, 'stubbornness_coefficient': 0.5, 'personal_impact_coefficient': 1, 'environmental_impact_coefficient': 2.0, 'cooling_rate': 0.9}",65,6,50,383.7302888298606,7.602301597595215,88320,381.4569939449432,0.5959505058244021
HPSO,"{'num_particles': 100, 'stubbornness_coefficient': 0.5, 'personal_impact_coefficient': 1, 'environmental_impact_coefficient': 2.0, 'cooling_rate': 0.9}",65,7,100,757.0371422887986,24.975677967071533,162199,753.9036132837116,0.41564053413121976
HPSO,"{'num_particles': 100, 'stubbornness_coefficient': 0.5, 'personal_impact_coefficient': 1, 'environmental_impact_coefficient': 2.0, 'cooling_rate': 0.9}",65,8,100,705.2213464143573,27.59441328048706,179776,703.5548352808022,0.23687011302963587
HPSO,"{'num_particles': 100, 'stubbornness_coefficient': 0.5, 'personal_impact_coefficient': 1, 'environmental_impact_coefficient': 2.0, 'cooling_rate': 0.9}",65,9,100,726.9846842835371,28.64840793609619,192796,726.7072203761198,0.03818097572688318
HPSO,"{'num_particles': 100, 'stubbornness_coefficient': 0.5, 'personal_impact_coefficient': 1, 'environmental_impact_coefficient': 2.0, 'cooling_rate': 0.96}",66,1,20,124.03707506716958,2.4468417167663574,66760,123.15082171840821,0.7196487497158919
HPSO,"{'num_particles': 100, 'stubbornness_coefficient': 0.5, 'personal_impact_coefficient': 1, 'environmental_impact_coefficient': 2.0, 'cooling_rate': 0.96}",66,2,20,119.08606439722399,2.388490915298462,66760,118.18939147303678,0.758674626387071
HPSO,"{'num_particles': 100, 'stubbornness_coefficient': 0.5, 'personal_impact_coefficient': 1, 'environmental_impact_coefficient': 2.0, 'cooling_rate': 0.96}",66,3,20,165.17009968556405,2.367436170578003,66760,163.7358903037225,0.8759285329448314
HPSO,"{'num_particles': 100, 'stubbornness_coefficient': 0.5, 'personal_impact_coefficient': 1, 'environmental_impact_coefficient': 2.0, 'cooling_rate': 0.96}",66,4,50,315.609209059015,7.648193120956421,97060,314.1166007420703,0.47517651515981973
HPSO,"{'num_particles': 100, 'stubbornness_coefficient': 0.5, 'personal_impact_coefficient': 1, 'environmental_impact_coefficient': 2.0, 'cooling_rate': 0.96}",66,5,50,357.3437966536077,9.244126796722412,116260,356.61676113590636,0.20387025987941482
HPSO,"{'num_particles': 100, 'stubbornness_coefficient': 0.5, 'personal_impact_coefficient': 1, 'environmental_impact_coefficient': 2.0, 'cooling_rate': 0.96}",66,6,50,382.6698999440072,7.832739353179932,97060,381.4569939449432,0.3179666432434349
HPSO,"{'num_particles': 100, 'stubbornness_coefficient': 0.5, 'personal_impact_coefficient': 1, 'environmental_impact_coefficient': 2.0, 'cooling_rate': 0.96}",66,7,100,755.317961786524,27.114184617996216,181140,753.9036132837116,0.18760335908885029
HPSO,"{'num_particles': 100, 'stubbornness_coefficient': 0.5, 'personal_impact_coefficient': 1, 'environmental_impact_coefficient': 2.0, 'cooling_rate': 0.96}",66,8,100,707.0681281801642,22.148220539093018,147560,703.5548352808022,0.4993630522004412
HPSO,"{'num_particles': 100, 'stubbornness_coefficient': 0.5, 'personal_impact_coefficient': 1, 'environmental_impact_coefficient': 2.0, 'cooling_rate': 0.96}",66,9,100,728.9761493239233,21.4368679523468,147560,726.7072203761198,0.31222050423954295
HPSO,"{'num_particles': 100, 'stubbornness_coefficient': 0.5, 'personal_impact_coefficient': 2.0, 'environmental_impact_coefficient': 0.5, 'cooling_rate': 0.9}",67,1,20,123.66134589119152,2.486687660217285,60089,123.15082171840821,0.41455198240629726
HPSO,"{'num_particles': 100, 'stubbornness_coefficient': 0.5, 'personal_impact_coefficient': 2.0, 'environmental_impact_coefficient': 0.5, 'cooling_rate': 0.9}",67,2,20,118.5326511964224,2.4738869667053223,60089,118.18939147303678,0.29043192380251687
HPSO,"{'num_particles': 100, 'stubbornness_coefficient': 0.5, 'personal_impact_coefficient': 2.0, 'environmental_impact_coefficient': 0.5, 'cooling_rate': 0.9}",67,3,20,164.71753828498447,2.424835681915283,60089,163.7358903037225,0.5995313424815172
HPSO,"{'num_particles': 100, 'stubbornness_coefficient': 0.5, 'personal_impact_coefficient': 2.0, 'environmental_impact_coefficient': 0.5, 'cooling_rate': 0.9}",67,4,50,316.0272603555147,6.936476469039917,81102,314.1166007420703,0.6082644498669154
HPSO,"{'num_particles': 100, 'stubbornness_coefficient': 0.5, 'personal_impact_coefficient': 2.0, 'environmental_impact_coefficient': 0.5, 'cooling_rate': 0.9}",67,5,50,356.75897835531924,7.077064275741577,81102,356.61676113590636,0.03987956678196792
HPSO,"{'num_particles': 100, 'stubbornness_coefficient': 0.5, 'personal_impact_coefficient': 2.0, 'environmental_impact_coefficient': 0.5, 'cooling_rate': 0.9}",67,6,50,382.6184823793246,7.279212236404419,81102,381.4569939449432,0.3044873872594503
HPSO,"{'num_particles': 100, 'stubbornness_coefficient': 0.5, 'personal_impact_coefficient': 2.0, 'environmental_impact_coefficient': 0.5, 'cooling_rate': 0.9}",67,7,100,755.8581525420875,20.338847875595093,131602,753.9036132837116,0.2592558549842602
HPSO,"{'num_particles': 100, 'stubbornness_coefficient': 0.5, 'personal_impact_coefficient': 2.0, 'environmental_impact_coefficient': 0.5, 'cooling_rate': 0.9}",67,8,100,704.7129121962192,20.565028429031372,131602,703.5548352808022,0.16460364670151553
HPSO,"{'num_particles': 100, 'stubbornness_coefficient': 0.5, 'personal_impact_coefficient': 2.0, 'environmental_impact_coefficient': 0.5, 'cooling_rate': 0.9}",67,9,100,729.3487412182382,19.817439556121826,131602,726.7072203761198,0.36349175679734685
HPSO,"{'num_particles': 100, 'stubbornness_coefficient': 0.5, 'personal_impact_coefficient': 2.0, 'environmental_impact_coefficient': 0.5, 'cooling_rate': 0.96}",68,1,20,123.5726444046357,2.5081889629364014,66760,123.15082171840821,0.34252527132300353
HPSO,"{'num_particles': 100, 'stubbornness_coefficient': 0.5, 'personal_impact_coefficient': 2.0, 'environmental_impact_coefficient': 0.5, 'cooling_rate': 0.96}",68,2,20,118.97391937876051,3.9601194858551025,108670,118.18939147303678,0.663788768133825
HPSO,"{'num_particles': 100, 'stubbornness_coefficient': 0.5, 'personal_impact_coefficient': 2.0, 'environmental_impact_coefficient': 0.5, 'cooling_rate': 0.96}",68,3,20,165.72975806855467,2.362386465072632,66760,163.7358903037225,1.2177340967417967
HPSO,"{'num_particles': 100, 'stubbornness_coefficient': 0.5, 'personal_impact_coefficient': 2.0, 'environmental_impact_coefficient': 0.5, 'cooling_rate': 0.96}",68,4,50,316.19379501660273,7.922998428344727,97060,314.1166007420703,0.6612812788707265
HPSO,"{'num_particles': 100, 'stubbornness_coefficient': 0.5, 'personal_impact_coefficient': 2.0, 'environmental_impact_coefficient': 0.5, 'cooling_rate': 0.96}",68,5,50,357.5495863345849,7.973310470581055,97060,356.61676113590636,0.2615763756328408
HPSO,"{'num_particles': 100, 'stubbornness_coefficient': 0.5, 'personal_impact_coefficient': 2.0, 'environmental_impact_coefficient': 0.5, 'cooling_rate': 0.96}",68,6,50,381.57512888811334,8.063040494918823,97060,381.4569939449432,0.03096940023262824
HPSO,"{'num_particles': 100, 'stubbornness_coefficient': 0.5, 'personal_impact_coefficient': 2.0, 'environmental_impact_coefficient': 0.5, 'cooling_rate': 0.96}",68,7,100,757.9484399521019,21.951038360595703,147560,753.9036132837116,0.536517745388251
HPSO,"{'num_particles': 100, 'stubbornness_coefficient': 0.5, 'personal_impact_coefficient': 2.0, 'environmental_impact_coefficient': 0.5, 'cooling_rate': 0.96}",68,8,100,704.6687972847542,22.15032935142517,147560,703.5548352808022,0.15833335912010232
HPSO,"{'num_particles': 100, 'stubbornness_coefficient': 0.5, 'personal_impact_coefficient': 2.0, 'environmental_impact_coefficient': 0.5, 'cooling_rate': 0.96}",68,9,100,728.094348857675,21.674972772598267,147560,726.7072203761198,0.19087858805602498
HPSO,"{'num_particles': 100, 'stubbornness_coefficient': 0.5, 'personal_impact_coefficient': 2.0, 'environmental_impact_coefficient': 1, 'cooling_rate': 0.9}",69,1,20,123.70769885535934,2.475562572479248,60089,123.15082171840821,0.4521911662306751
HPSO,"{'num_particles': 100, 'stubbornness_coefficient': 0.5, 'personal_impact_coefficient': 2.0, 'environmental_impact_coefficient': 1, 'cooling_rate': 0.9}",69,2,20,118.9563766439774,2.456563949584961,60089,118.18939147303678,0.6489458667833191
HPSO,"{'num_particles': 100, 'stubbornness_coefficient': 0.5, 'personal_impact_coefficient': 2.0, 'environmental_impact_coefficient': 1, 'cooling_rate': 0.9}",69,3,20,164.6501039450395,2.4093353748321533,60089,163.7358903037225,0.5583465174441393
HPSO,"{'num_particles': 100, 'stubbornness_coefficient': 0.5, 'personal_impact_coefficient': 2.0, 'environmental_impact_coefficient': 1, 'cooling_rate': 0.9}",69,4,50,315.5714956162287,6.944871425628662,81102,314.1166007420703,0.46317032296965727
HPSO,"{'num_particles': 100, 'stubbornness_coefficient': 0.5, 'personal_impact_coefficient': 2.0, 'environmental_impact_coefficient': 1, 'cooling_rate': 0.9}",69,5,50,357.5463344961491,7.02672553062439,81102,356.61676113590636,0.2606645176412412
HPSO,"{'num_particles': 100, 'stubbornness_coefficient': 0.5, 'personal_impact_coefficient': 2.0, 'environmental_impact_coefficient': 1, 'cooling_rate': 0.9}",69,6,50,382.0415105490262,8.954472303390503,101954,381.4569939449432,0.15323263522791772
HPSO,"{'num_particles': 100, 'stubbornness_coefficient': 0.5, 'personal_impact_coefficient': 2.0, 'environmental_impact_coefficient': 1, 'cooling_rate': 0.9}",69,7,100,756.6976812298892,20.196775674819946,131602,753.9036132837116,0.3706134175438879
HPSO,"{'num_particles': 100, 'stubbornness_coefficient': 0.5, 'personal_impact_coefficient': 2.0, 'environmental_impact_coefficient': 1, 'cooling_rate': 0.9}",69,8,100,704.4840815612837,20.332303285598755,131602,703.5548352808022,0.13207872846337743
HPSO,"{'num_particles': 100, 'stubbornness_coefficient': 0.5, 'personal_impact_coefficient': 2.0, 'environmental_impact_coefficient': 1, 'cooling_rate': 0.9}",69,9,100,728.5782599116212,25.766340017318726,170011,726.7072203761198,0.2574681361405757
HPSO,"{'num_particles': 100, 'stubbornness_coefficient': 0.5, 'personal_impact_coefficient': 2.0, 'environmental_impact_coefficient': 1, 'cooling_rate': 0.96}",70,1,20,124.06625178119927,2.472569704055786,66760,123.15082171840821,0.7433406046483767
HPSO,"{'num_particles': 100, 'stubbornness_coefficient': 0.5, 'personal_impact_coefficient': 2.0, 'environmental_impact_coefficient': 1, 'cooling_rate': 0.96}",70,2,20,119.183285867659,2.7551469802856445,76660,118.18939147303678,0.840933676225044
HPSO,"{'num_particles': 100, 'stubbornness_coefficient': 0.5, 'personal_impact_coefficient': 2.0, 'environmental_impact_coefficient': 1, 'cooling_rate': 0.96}",70,3,20,164.49955486828665,2.5087547302246094,70390,163.7358903037225,0.466400227309718
HPSO,"{'num_particles': 100, 'stubbornness_coefficient': 0.5, 'personal_impact_coefficient': 2.0, 'environmental_impact_coefficient': 1, 'cooling_rate': 0.96}",70,4,50,315.1518722828356,7.8425281047821045,97060,314.1166007420703,0.3295819254122672
HPSO,"{'num_particles': 100, 'stubbornness_coefficient': 0.5, 'personal_impact_coefficient': 2.0, 'environmental_impact_coefficient': 1, 'cooling_rate': 0.96}",70,5,50,359.4583415364526,8.201740264892578,97060,356.61676113590636,0.7968162773659814
HPSO,"{'num_particles': 100, 'stubbornness_coefficient': 0.5, 'personal_impact_coefficient': 2.0, 'environmental_impact_coefficient': 1, 'cooling_rate': 0.96}",70,6,50,382.1605389829546,8.375412702560425,97060,381.4569939449432,0.18443626651999098
HPSO,"{'num_particles': 100, 'stubbornness_coefficient': 0.5, 'personal_impact_coefficient': 2.0, 'environmental_impact_coefficient': 1, 'cooling_rate': 0.96}",70,7,100,757.20680975188,22.973737001419067,147560,753.9036132837116,0.43814572711502714
HPSO,"{'num_particles': 100, 'stubbornness_coefficient': 0.5, 'personal_impact_coefficient': 2.0, 'environmental_impact_coefficient': 1, 'cooling_rate': 0.96}",70,8,100,707.0538201308523,22.604613304138184,147560,703.5548352808022,0.49732937286310686
HPSO,"{'num_particles': 100, 'stubbornness_coefficient': 0.5, 'personal_impact_coefficient': 2.0, 'environmental_impact_coefficient': 1, 'cooling_rate': 0.96}",70,9,100,728.0413160622574,35.187485456466675,241000,726.7072203761198,0.18358090421160697
HPSO,"{'num_particles': 100, 'stubbornness_coefficient': 0.5, 'personal_impact_coefficient': 2.0, 'environmental_impact_coefficient': 2.0, 'cooling_rate': 0.9}",71,1,20,123.8553868043271,2.6086277961730957,61595,123.15082171840821,0.5721156189521149
HPSO,"{'num_particles': 100, 'stubbornness_coefficient': 0.5, 'personal_impact_coefficient': 2.0, 'environmental_impact_coefficient': 2.0, 'cooling_rate': 0.9}",71,2,20,119.06232430916334,4.485541820526123,109034,118.18939147303678,0.7385881467421829
HPSO,"{'num_particles': 100, 'stubbornness_coefficient': 0.5, 'personal_impact_coefficient': 2.0, 'environmental_impact_coefficient': 2.0, 'cooling_rate': 0.9}",71,3,20,165.38129149595886,2.423875093460083,60089,163.7358903037225,1.004911744874151
HPSO,"{'num_particles': 100, 'stubbornness_coefficient': 0.5, 'personal_impact_coefficient': 2.0, 'environmental_impact_coefficient': 2.0, 'cooling_rate': 0.9}",71,4,50,316.05540239390933,14.745809555053711,170525,314.1166007420703,0.6172235556028499
HPSO,"{'num_particles': 100, 'stubbornness_coefficient': 0.5, 'personal_impact_coefficient': 2.0, 'environmental_impact_coefficient': 2.0, 'cooling_rate': 0.9}",71,5,50,357.35798560897763,9.248735666275024,106365,356.61676113590636,0.20784902838282185
HPSO,"{'num_particles': 100, 'stubbornness_coefficient': 0.5, 'personal_impact_coefficient': 2.0, 'environmental_impact_coefficient': 2.0, 'cooling_rate': 0.9}",71,6,50,382.4510882426033,7.146155118942261,81102,381.4569939449432,0.2606045539706652
HPSO,"{'num_particles': 100, 'stubbornness_coefficient': 0.5, 'personal_impact_coefficient': 2.0, 'environmental_impact_coefficient': 2.0, 'cooling_rate': 0.9}",71,7,100,754.3592937789717,20.399803400039673,131602,753.9036132837116,0.06044280558298059
HPSO,"{'num_particles': 100, 'stubbornness_coefficient': 0.5, 'personal_impact_coefficient': 2.0, 'environmental_impact_coefficient': 2.0, 'cooling_rate': 0.9}",71,8,100,705.0060397540326,20.488629579544067,131602,703.5548352808022,0.20626742941098564
HPSO,"{'num_particles': 100, 'stubbornness_coefficient': 0.5, 'personal_impact_coefficient': 2.0, 'environmental_impact_coefficient': 2.0, 'cooling_rate': 0.9}",71,9,100,728.6084096889313,19.696982383728027,131602,726.7072203761198,0.2616169565272011
HPSO,"{'num_particles': 100, 'stubbornness_coefficient': 0.5, 'personal_impact_coefficient': 2.0, 'environmental_impact_coefficient': 2.0, 'cooling_rate': 0.96}",72,1,20,123.91676576716065,2.7819371223449707,74020,123.15082171840821,0.6219561007102512
HPSO,"{'num_particles': 100, 'stubbornness_coefficient': 0.5, 'personal_impact_coefficient': 2.0, 'environmental_impact_coefficient': 2.0, 'cooling_rate': 0.96}",72,2,20,118.55639879852384,3.9698662757873535,109990,118.18939147303678,0.31052476107451094
HPSO,"{'num_particles': 100, 'stubbornness_coefficient': 0.5, 'personal_impact_coefficient': 2.0, 'environmental_impact_coefficient': 2.0, 'cooling_rate': 0.96}",72,3,20,164.60993041068434,2.3706657886505127,66760,163.7358903037225,0.5338109472153838
HPSO,"{'num_particles': 100, 'stubbornness_coefficient': 0.5, 'personal_impact_coefficient': 2.0, 'environmental_impact_coefficient': 2.0, 'cooling_rate': 0.96}",72,4,50,316.37603077228397,16.91186499595642,208900,314.1166007420703,0.719296600331203
HPSO,"{'num_particles': 100, 'stubbornness_coefficient': 0.5, 'personal_impact_coefficient': 2.0, 'environmental_impact_coefficient': 2.0, 'cooling_rate': 0.96}",72,5,50,358.07514475234376,7.946887016296387,97060,356.61676113590636,0.40894982383669093
HPSO,"{'num_particles': 100, 'stubbornness_coefficient': 0.5, 'personal_impact_coefficient': 2.0, 'environmental_impact_coefficient': 2.0, 'cooling_rate': 0.96}",72,6,50,382.272981103743,16.417042016983032,197380,381.4569939449432,0.2139132777095187
HPSO,"{'num_particles': 100, 'stubbornness_coefficient': 0.5, 'personal_impact_coefficient': 2.0, 'environmental_impact_coefficient': 2.0, 'cooling_rate': 0.96}",72,7,100,756.7552537243748,22.21886396408081,147560,753.9036132837116,0.3782500031061786
HPSO,"{'num_particles': 100, 'stubbornness_coefficient': 0.5, 'personal_impact_coefficient': 2.0, 'environmental_impact_coefficient': 2.0, 'cooling_rate': 0.96}",72,8,100,705.6893866096307,22.394371509552002,147560,703.5548352808022,0.30339516151239854
HPSO,"{'num_particles': 100, 'stubbornness_coefficient': 0.5, 'personal_impact_coefficient': 2.0, 'environmental_impact_coefficient': 2.0, 'cooling_rate': 0.96}",72,9,100,730.8017524557039,21.450679779052734,147560,726.7072203761198,0.5634362732029614
HPSO,"{'num_particles': 100, 'stubbornness_coefficient': 1, 'personal_impact_coefficient': 0.5, 'environmental_impact_coefficient': 0.5, 'cooling_rate': 0.9}",73,1,20,123.61637583174553,2.5252931118011475,60089,123.15082171840821,0.37803573442801436
HPSO,"{'num_particles': 100, 'stubbornness_coefficient': 1, 'personal_impact_coefficient': 0.5, 'environmental_impact_coefficient': 0.5, 'cooling_rate': 0.9}",73,2,20,118.48493729081167,2.491990804672241,60089,118.18939147303678,0.25006120607898913
HPSO,"{'num_particles': 100, 'stubbornness_coefficient': 1, 'personal_impact_coefficient': 0.5, 'environmental_impact_coefficient': 0.5, 'cooling_rate': 0.9}",73,3,20,164.90395156425703,2.414093017578125,60089,163.7358903037225,0.7133813230366471
HPSO,"{'num_particles': 100, 'stubbornness_coefficient': 1, 'personal_impact_coefficient': 0.5, 'environmental_impact_coefficient': 0.5, 'cooling_rate': 0.9}",73,4,50,315.96611748629,7.02100944519043,81102,314.1166007420703,0.5887994266620626
HPSO,"{'num_particles': 100, 'stubbornness_coefficient': 1, 'personal_impact_coefficient': 0.5, 'environmental_impact_coefficient': 0.5, 'cooling_rate': 0.9}",73,5,50,357.56033552190183,7.02068829536438,81102,356.61676113590636,0.26459058822416937
HPSO,"{'num_particles': 100, 'stubbornness_coefficient': 1, 'personal_impact_coefficient': 0.5, 'environmental_impact_coefficient': 0.5, 'cooling_rate': 0.9}",73,6,50,382.39679685258557,7.154602527618408,81102,381.4569939449432,0.2463719167718374
HPSO,"{'num_particles': 100, 'stubbornness_coefficient': 1, 'personal_impact_coefficient': 0.5, 'environmental_impact_coefficient': 0.5, 'cooling_rate': 0.9}",73,7,100,756.0250361224175,20.526456832885742,131602,753.9036132837116,0.2813917855448185
HPSO,"{'num_particles': 100, 'stubbornness_coefficient': 1, 'personal_impact_coefficient': 0.5, 'environmental_impact_coefficient': 0.5, 'cooling_rate': 0.9}",73,8,100,704.5059276330304,21.03047776222229,131602,703.5548352808022,0.1351838271211108
HPSO,"{'num_particles': 100, 'stubbornness_coefficient': 1, 'personal_impact_coefficient': 0.5, 'environmental_impact_coefficient': 0.5, 'cooling_rate': 0.9}",73,9,100,728.1499501680386,20.243436574935913,131602,726.7072203761198,0.19852971753494164
HPSO,"{'num_particles': 100, 'stubbornness_coefficient': 1, 'personal_impact_coefficient': 0.5, 'environmental_impact_coefficient': 0.5, 'cooling_rate': 0.96}",74,1,20,123.71681000108067,2.5269370079040527,66760,123.15082171840821,0.4595895299559027
HPSO,"{'num_particles': 100, 'stubbornness_coefficient': 1, 'personal_impact_coefficient': 0.5, 'environmental_impact_coefficient': 0.5, 'cooling_rate': 0.96}",74,2,20,120.8090370221853,2.4455883502960205,66760,118.18939147303678,2.2164811211048074
HPSO,"{'num_particles': 100, 'stubbornness_coefficient': 1, 'personal_impact_coefficient': 0.5, 'environmental_impact_coefficient': 0.5, 'cooling_rate': 0.96}",74,3,20,164.63260961638377,2.437967538833618,66760,163.7358903037225,0.5476620373199198
HPSO,"{'num_particles': 100, 'stubbornness_coefficient': 1, 'personal_impact_coefficient': 0.5, 'environmental_impact_coefficient': 0.5, 'cooling_rate': 0.96}",74,4,50,315.4069498688694,8.164126873016357,97060,314.1166007420703,0.4107866708574924
HPSO,"{'num_particles': 100, 'stubbornness_coefficient': 1, 'personal_impact_coefficient': 0.5, 'environmental_impact_coefficient': 0.5, 'cooling_rate': 0.96}",74,5,50,358.72406243759065,8.024584770202637,97060,356.61676113590636,0.5909148226718365
HPSO,"{'num_particles': 100, 'stubbornness_coefficient': 1, 'personal_impact_coefficient': 0.5, 'environmental_impact_coefficient': 0.5, 'cooling_rate': 0.96}",74,6,50,382.03582061590976,8.169804811477661,97060,381.4569939449432,0.15174100361366594
HPSO,"{'num_particles': 100, 'stubbornness_coefficient': 1, 'personal_impact_coefficient': 0.5, 'environmental_impact_coefficient': 0.5, 'cooling_rate': 0.96}",74,7,100,756.388253194209,22.394622087478638,147560,753.9036132837116,0.32956996978371117
HPSO,"{'num_particles': 100, 'stubbornness_coefficient': 1, 'personal_impact_coefficient': 0.5, 'environmental_impact_coefficient': 0.5, 'cooling_rate': 0.96}",74,8,100,704.4038218108894,22.264772415161133,147560,703.5548352808022,0.12067098220544509
HPSO,"{'num_particles': 100, 'stubbornness_coefficient': 1, 'personal_impact_coefficient': 0.5, 'environmental_impact_coefficient': 0.5, 'cooling_rate': 0.96}",74,9,100,729.9151353172388,21.548482179641724,147560,726.7072203761198,0.44143154920885713
HPSO,"{'num_particles': 100, 'stubbornness_coefficient': 1, 'personal_impact_coefficient': 0.5, 'environmental_impact_coefficient': 1, 'cooling_rate': 0.9}",75,1,20,124.2720924568428,2.528663396835327,60089,123.15082171840821,0.9104857952133217
HPSO,"{'num_particles': 100, 'stubbornness_coefficient': 1, 'personal_impact_coefficient': 0.5, 'environmental_impact_coefficient': 1, 'cooling_rate': 0.9}",75,2,20,118.77054863878698,2.479844093322754,60089,118.18939147303678,0.49171686096952394
HPSO,"{'num_particles': 100, 'stubbornness_coefficient': 1, 'personal_impact_coefficient': 0.5, 'environmental_impact_coefficient': 1, 'cooling_rate': 0.9}",75,3,20,165.17637229220418,2.446378707885742,60089,163.7358903037225,0.879759462515916
HPSO,"{'num_particles': 100, 'stubbornness_coefficient': 1, 'personal_impact_coefficient': 0.5, 'environmental_impact_coefficient': 1, 'cooling_rate': 0.9}",75,4,50,316.9547774032975,7.006816625595093,81102,314.1166007420703,0.9035423962064597
HPSO,"{'num_particles': 100, 'stubbornness_coefficient': 1, 'personal_impact_coefficient': 0.5, 'environmental_impact_coefficient': 1, 'cooling_rate': 0.9}",75,5,50,360.6979477103046,7.059475421905518,81102,356.61676113590636,1.1444180473735284
HPSO,"{'num_particles': 100, 'stubbornness_coefficient': 1, 'personal_impact_coefficient': 0.5, 'environmental_impact_coefficient': 1, 'cooling_rate': 0.9}",75,6,50,381.5231662603764,7.227493524551392,81102,381.4569939449432,0.01734725446999449
HPSO,"{'num_particles': 100, 'stubbornness_coefficient': 1, 'personal_impact_coefficient': 0.5, 'environmental_impact_coefficient': 1, 'cooling_rate': 0.9}",75,7,100,755.897642023954,20.44493842124939,131602,753.9036132837116,0.26449385639062545
HPSO,"{'num_particles': 100, 'stubbornness_coefficient': 1, 'personal_impact_coefficient': 0.5, 'environmental_impact_coefficient': 1, 'cooling_rate': 0.9}",75,8,100,705.0204892892175,20.256002187728882,131602,703.5548352808022,0.20832121888982952
HPSO,"{'num_particles': 100, 'stubbornness_coefficient': 1, 'personal_impact_coefficient': 0.5, 'environmental_impact_coefficient': 1, 'cooling_rate': 0.9}",75,9,100,727.8107814824989,19.639742612838745,131602,726.7072203761198,0.15185773244524722
HPSO,"{'num_particles': 100, 'stubbornness_coefficient': 1, 'personal_impact_coefficient': 0.5, 'environmental_impact_coefficient': 1, 'cooling_rate': 0.96}",76,1,20,124.43967770969782,2.468933343887329,66760,123.15082171840821,1.0465671063378332
HPSO,"{'num_particles': 100, 'stubbornness_coefficient': 1, 'personal_impact_coefficient': 0.5, 'environmental_impact_coefficient': 1, 'cooling_rate': 0.96}",76,2,20,118.95221635846114,2.4151077270507812,66760,118.18939147303678,0.6454258507612274
HPSO,"{'num_particles': 100, 'stubbornness_coefficient': 1, 'personal_impact_coefficient': 0.5, 'environmental_impact_coefficient': 1, 'cooling_rate': 0.96}",76,3,20,165.08493030529274,2.3662989139556885,66760,163.7358903037225,0.8239122156222671
HPSO,"{'num_particles': 100, 'stubbornness_coefficient': 1, 'personal_impact_coefficient': 0.5, 'environmental_impact_coefficient': 1, 'cooling_rate': 0.96}",76,4,50,315.6200224416263,7.809046745300293,97060,314.1166007420703,0.47861898925567653
HPSO,"{'num_particles': 100, 'stubbornness_coefficient': 1, 'personal_impact_coefficient': 0.5, 'environmental_impact_coefficient': 1, 'cooling_rate': 0.96}",76,5,50,358.93417732451525,7.921521425247192,97060,356.61676113590636,0.6498337826936078
HPSO,"{'num_particles': 100, 'stubbornness_coefficient': 1, 'personal_impact_coefficient': 0.5, 'environmental_impact_coefficient': 1, 'cooling_rate': 0.96}",76,6,50,382.9626094931543,8.118073463439941,97060,381.4569939449432,0.39470125652707433
HPSO,"{'num_particles': 100, 'stubbornness_coefficient': 1, 'personal_impact_coefficient': 0.5, 'environmental_impact_coefficient': 1, 'cooling_rate': 0.96}",76,7,100,757.5862909177498,22.327454328536987,147560,753.9036132837116,0.4884812287870461
HPSO,"{'num_particles': 100, 'stubbornness_coefficient': 1, 'personal_impact_coefficient': 0.5, 'environmental_impact_coefficient': 1, 'cooling_rate': 0.96}",76,8,100,705.2976803577726,22.164705991744995,147560,703.5548352808022,0.24771986340976657
HPSO,"{'num_particles': 100, 'stubbornness_coefficient': 1, 'personal_impact_coefficient': 0.5, 'environmental_impact_coefficient': 1, 'cooling_rate': 0.96}",76,9,100,727.6724648817338,21.668365478515625,147560,726.7072203761198,0.13282440005404522
HPSO,"{'num_particles': 100, 'stubbornness_coefficient': 1, 'personal_impact_coefficient': 0.5, 'environmental_impact_coefficient': 2.0, 'cooling_rate': 0.9}",77,1,20,123.89631216729249,2.5070998668670654,60089,123.15082171840821,0.6053475230468959
HPSO,"{'num_particles': 100, 'stubbornness_coefficient': 1, 'personal_impact_coefficient': 0.5, 'environmental_impact_coefficient': 2.0, 'cooling_rate': 0.9}",77,2,20,119.09815330173993,2.4461724758148193,60089,118.18939147303678,0.7689030439846793
HPSO,"{'num_particles': 100, 'stubbornness_coefficient': 1, 'personal_impact_coefficient': 0.5, 'environmental_impact_coefficient': 2.0, 'cooling_rate': 0.9}",77,3,20,165.6555587266239,2.4078285694122314,60089,163.7358903037225,1.1724176167732678
HPSO,"{'num_particles': 100, 'stubbornness_coefficient': 1, 'personal_impact_coefficient': 0.5, 'environmental_impact_coefficient': 2.0, 'cooling_rate': 0.9}",77,4,50,317.2842410485476,6.938311815261841,81102,314.1166007420703,1.0084281757137386
HPSO,"{'num_particles': 100, 'stubbornness_coefficient': 1, 'personal_impact_coefficient': 0.5, 'environmental_impact_coefficient': 2.0, 'cooling_rate': 0.9}",77,5,50,357.4944060616973,7.0571064949035645,81102,356.61676113590636,0.24610310603333543
HPSO,"{'num_particles': 100, 'stubbornness_coefficient': 1, 'personal_impact_coefficient': 0.5, 'environmental_impact_coefficient': 2.0, 'cooling_rate': 0.9}",77,6,50,383.06058612519485,7.1651291847229,81102,381.4569939449432,0.42038610006010746
HPSO,"{'num_particles': 100, 'stubbornness_coefficient': 1, 'personal_impact_coefficient': 0.5, 'environmental_impact_coefficient': 2.0, 'cooling_rate': 0.9}",77,7,100,757.8960487367146,20.823580980300903,131602,753.9036132837116,0.5295684199752744
HPSO,"{'num_particles': 100, 'stubbornness_coefficient': 1, 'personal_impact_coefficient': 0.5, 'environmental_impact_coefficient': 2.0, 'cooling_rate': 0.9}",77,8,100,705.0454102880511,20.448572635650635,131602,703.5548352808022,0.21186337332953137
HPSO,"{'num_particles': 100, 'stubbornness_coefficient': 1, 'personal_impact_coefficient': 0.5, 'environmental_impact_coefficient': 2.0, 'cooling_rate': 0.9}",77,9,100,729.9992839596146,20.533390998840332,131602,726.7072203761198,0.45301099138534207
HPSO,"{'num_particles': 100, 'stubbornness_coefficient': 1, 'personal_impact_coefficient': 0.5, 'environmental_impact_coefficient': 2.0, 'cooling_rate': 0.96}",78,1,20,124.71459060246742,2.4840595722198486,66760,123.15082171840821,1.269799796898527
HPSO,"{'num_particles': 100, 'stubbornness_coefficient': 1, 'personal_impact_coefficient': 0.5, 'environmental_impact_coefficient': 2.0, 'cooling_rate': 0.96}",78,2,20,119.75696458081754,2.447559118270874,66760,118.18939147303678,1.3263230212488057
HPSO,"{'num_particles': 100, 'stubbornness_coefficient': 1, 'personal_impact_coefficient': 0.5, 'environmental_impact_coefficient': 2.0, 'cooling_rate': 0.96}",78,3,20,164.35993520358574,2.3769314289093018,66760,163.7358903037225,0.3811289624441297
HPSO,"{'num_particles': 100, 'stubbornness_coefficient': 1, 'personal_impact_coefficient': 0.5, 'environmental_impact_coefficient': 2.0, 'cooling_rate': 0.96}",78,4,50,317.3036390138906,7.78991174697876,97060,314.1166007420703,1.0146035785091219
HPSO,"{'num_particles': 100, 'stubbornness_coefficient': 1, 'personal_impact_coefficient': 0.5, 'environmental_impact_coefficient': 2.0, 'cooling_rate': 0.96}",78,5,50,357.78146864531516,7.962382793426514,97060,356.61676113590636,0.3265992057409019
HPSO,"{'num_particles': 100, 'stubbornness_coefficient': 1, 'personal_impact_coefficient': 0.5, 'environmental_impact_coefficient': 2.0, 'cooling_rate': 0.96}",78,6,50,383.0285544742624,8.10351824760437,97060,381.4569939449432,0.41198891467856286
HPSO,"{'num_particles': 100, 'stubbornness_coefficient': 1, 'personal_impact_coefficient': 0.5, 'environmental_impact_coefficient': 2.0, 'cooling_rate': 0.96}",78,7,100,757.228507689282,22.411093950271606,147560,753.9036132837116,0.441023805561619
HPSO,"{'num_particles': 100, 'stubbornness_coefficient': 1, 'personal_impact_coefficient': 0.5, 'environmental_impact_coefficient': 2.0, 'cooling_rate': 0.96}",78,8,100,704.7986135089606,22.00281071662903,147560,703.5548352808022,0.17678483122952976
HPSO,"{'num_particles': 100, 'stubbornness_coefficient': 1, 'personal_impact_coefficient': 0.5, 'environmental_impact_coefficient': 2.0, 'cooling_rate': 0.96}",78,9,100,728.6172404199053,21.604787826538086,147560,726.7072203761198,0.26283212691858626
HPSO,"{'num_particles': 100, 'stubbornness_coefficient': 1, 'personal_impact_coefficient': 1, 'environmental_impact_coefficient': 0.5, 'cooling_rate': 0.9}",79,1,20,123.6068231001112,2.5046918392181396,60089,123.15082171840821,0.37027879744535075
HPSO,"{'num_particles': 100, 'stubbornness_coefficient': 1, 'personal_impact_coefficient': 1, 'environmental_impact_coefficient': 0.5, 'cooling_rate': 0.9}",79,2,20,119.17725508261282,2.479437828063965,60089,118.18939147303678,0.8358310312490317
HPSO,"{'num_particles': 100, 'stubbornness_coefficient': 1, 'personal_impact_coefficient': 1, 'environmental_impact_coefficient': 0.5, 'cooling_rate': 0.9}",79,3,20,165.33310867669215,2.4115304946899414,60089,163.7358903037225,0.9754845867982173
HPSO,"{'num_particles': 100, 'stubbornness_coefficient': 1, 'personal_impact_coefficient': 1, 'environmental_impact_coefficient': 0.5, 'cooling_rate': 0.9}",79,4,50,315.66700048789284,6.98766565322876,81102,314.1166007420703,0.49357459687257743
HPSO,"{'num_particles': 100, 'stubbornness_coefficient': 1, 'personal_impact_coefficient': 1, 'environmental_impact_coefficient': 0.5, 'cooling_rate': 0.9}",79,5,50,357.32937220148204,7.029729604721069,81102,356.61676113590636,0.19982545500829965
HPSO,"{'num_particles': 100, 'stubbornness_coefficient': 1, 'personal_impact_coefficient': 1, 'environmental_impact_coefficient': 0.5, 'cooling_rate': 0.9}",79,6,50,381.9398295981639,7.093948125839233,81102,381.4569939449432,0.1265766943285898
HPSO,"{'num_particles': 100, 'stubbornness_coefficient': 1, 'personal_impact_coefficient': 1, 'environmental_impact_coefficient': 0.5, 'cooling_rate': 0.9}",79,7,100,757.6149235080039,20.26911497116089,131602,753.9036132837116,0.4922791400517774
HPSO,"{'num_particles': 100, 'stubbornness_coefficient': 1, 'personal_impact_coefficient': 1, 'environmental_impact_coefficient': 0.5, 'cooling_rate': 0.9}",79,8,100,705.67784735461,20.20072031021118,131602,703.5548352808022,0.3017550256705223
HPSO,"{'num_particles': 100, 'stubbornness_coefficient': 1, 'personal_impact_coefficient': 1, 'environmental_impact_coefficient': 0.5, 'cooling_rate': 0.9}",79,9,100,730.2335672294438,19.638166666030884,131602,726.7072203761198,0.48525000914382493
HPSO,"{'num_particles': 100, 'stubbornness_coefficient': 1, 'personal_impact_coefficient': 1, 'environmental_impact_coefficient': 0.5, 'cooling_rate': 0.96}",80,1,20,123.73595659399022,2.47593355178833,67090,123.15082171840821,0.47513680170154304
HPSO,"{'num_particles': 100, 'stubbornness_coefficient': 1, 'personal_impact_coefficient': 1, 'environmental_impact_coefficient': 0.5, 'cooling_rate': 0.96}",80,2,20,118.3412502482198,2.418644905090332,66760,118.18939147303678,0.12848765298674017
HPSO,"{'num_particles': 100, 'stubbornness_coefficient': 1, 'personal_impact_coefficient': 1, 'environmental_impact_coefficient': 0.5, 'cooling_rate': 0.96}",80,3,20,165.15455055208034,2.615694522857666,73690,163.7358903037225,0.8664320606351419
HPSO,"{'num_particles': 100, 'stubbornness_coefficient': 1, 'personal_impact_coefficient': 1, 'environmental_impact_coefficient': 0.5, 'cooling_rate': 0.96}",80,4,50,316.1410645229044,7.827784061431885,97060,314.1166007420703,0.6444943616642613
HPSO,"{'num_particles': 100, 'stubbornness_coefficient': 1, 'personal_impact_coefficient': 1, 'environmental_impact_coefficient': 0.5, 'cooling_rate': 0.96}",80,5,50,358.5618619152534,7.9469850063323975,97060,356.61676113590636,0.5454316766131421
HPSO,"{'num_particles': 100, 'stubbornness_coefficient': 1, 'personal_impact_coefficient': 1, 'environmental_impact_coefficient': 0.5, 'cooling_rate': 0.96}",80,6,50,382.75373754902745,8.08728575706482,97060,381.4569939449432,0.33994490195962507
HPSO,"{'num_particles': 100, 'stubbornness_coefficient': 1, 'personal_impact_coefficient': 1, 'environmental_impact_coefficient': 0.5, 'cooling_rate': 0.96}",80,7,100,754.2384850744218,22.183872938156128,147560,753.9036132837116,0.04441838251067609
HPSO,"{'num_particles': 100, 'stubbornness_coefficient': 1, 'personal_impact_coefficient': 1, 'environmental_impact_coefficient': 0.5, 'cooling_rate': 0.96}",80,8,100,705.6945492029554,22.063244581222534,147560,703.5548352808022,0.3041289484279062
HPSO,"{'num_particles': 100, 'stubbornness_coefficient': 1, 'personal_impact_coefficient': 1, 'environmental_impact_coefficient': 0.5, 'cooling_rate': 0.96}",80,9,100,729.7949603381626,21.477011680603027,147560,726.7072203761198,0.42489463094155494
HPSO,"{'num_particles': 100, 'stubbornness_coefficient': 1, 'personal_impact_coefficient': 1, 'environmental_impact_coefficient': 1, 'cooling_rate': 0.9}",81,1,20,124.27265224411289,2.5087406635284424,60089,123.15082171840821,0.9109403494438827
HPSO,"{'num_particles': 100, 'stubbornness_coefficient': 1, 'personal_impact_coefficient': 1, 'environmental_impact_coefficient': 1, 'cooling_rate': 0.9}",81,2,20,118.85291192748592,2.633702039718628,64105,118.18939147303678,0.5614044087878346
HPSO,"{'num_particles': 100, 'stubbornness_coefficient': 1, 'personal_impact_coefficient': 1, 'environmental_impact_coefficient': 1, 'cooling_rate': 0.9}",81,3,20,165.54094083315584,2.406438112258911,60089,163.7358903037225,1.1024159248684327
HPSO,"{'num_particles': 100, 'stubbornness_coefficient': 1, 'personal_impact_coefficient': 1, 'environmental_impact_coefficient': 1, 'cooling_rate': 0.9}",81,4,50,316.43509127617443,12.093031406402588,81102,314.1166007420703,0.7380986960341807
HPSO,"{'num_particles': 100, 'stubbornness_coefficient': 1, 'personal_impact_coefficient': 1, 'environmental_impact_coefficient': 1, 'cooling_rate': 0.9}",81,5,50,359.10851099573415,13.368237018585205,81102,356.61676113590636,0.6987192222516394
HPSO,"{'num_particles': 100, 'stubbornness_coefficient': 1, 'personal_impact_coefficient': 1, 'environmental_impact_coefficient': 1, 'cooling_rate': 0.9}",81,6,50,381.91819570174437,13.640490531921387,81102,381.4569939449432,0.12090530888725941
HPSO,"{'num_particles': 100, 'stubbornness_coefficient': 1, 'personal_impact_coefficient': 1, 'environmental_impact_coefficient': 1, 'cooling_rate': 0.9}",81,7,100,756.0843857862947,37.13677668571472,131602,753.9036132837116,0.28926410009954306
HPSO,"{'num_particles': 100, 'stubbornness_coefficient': 1, 'personal_impact_coefficient': 1, 'environmental_impact_coefficient': 1, 'cooling_rate': 0.9}",81,8,100,706.0024733899318,36.68524956703186,131602,703.5548352808022,0.34789585493398983
HPSO,"{'num_particles': 100, 'stubbornness_coefficient': 1, 'personal_impact_coefficient': 1, 'environmental_impact_coefficient': 1, 'cooling_rate': 0.9}",81,9,100,729.49583192568,35.71320080757141,131602,726.7072203761198,0.3837324676802981
HPSO,"{'num_particles': 100, 'stubbornness_coefficient': 1, 'personal_impact_coefficient': 1, 'environmental_impact_coefficient': 1, 'cooling_rate': 0.96}",82,1,20,124.50030005224632,5.649371385574341,76990,123.15082171840821,1.0957932030074233
HPSO,"{'num_particles': 100, 'stubbornness_coefficient': 1, 'personal_impact_coefficient': 1, 'environmental_impact_coefficient': 1, 'cooling_rate': 0.96}",82,2,20,119.6105873443771,4.784402847290039,66760,118.18939147303678,1.2024732961456543
HPSO,"{'num_particles': 100, 'stubbornness_coefficient': 1, 'personal_impact_coefficient': 1, 'environmental_impact_coefficient': 1, 'cooling_rate': 0.96}",82,3,20,164.51388291131343,4.740114450454712,66760,163.7358903037225,0.4751509312636291
HPSO,"{'num_particles': 100, 'stubbornness_coefficient': 1, 'personal_impact_coefficient': 1, 'environmental_impact_coefficient': 1, 'cooling_rate': 0.96}",82,4,50,315.8666991764586,14.792168140411377,97060,314.1166007420703,0.5571492975073118
HPSO,"{'num_particles': 100, 'stubbornness_coefficient': 1, 'personal_impact_coefficient': 1, 'environmental_impact_coefficient': 1, 'cooling_rate': 0.96}",82,5,50,358.38003760569296,14.969344139099121,97060,356.61676113590636,0.4944457641783754
HPSO,"{'num_particles': 100, 'stubbornness_coefficient': 1, 'personal_impact_coefficient': 1, 'environmental_impact_coefficient': 1, 'cooling_rate': 0.96}",82,6,50,382.21274918590825,15.115224838256836,97060,381.4569939449432,0.19812331480653175
HPSO,"{'num_particles': 100, 'stubbornness_coefficient': 1, 'personal_impact_coefficient': 1, 'environmental_impact_coefficient': 1, 'cooling_rate': 0.96}",82,7,100,755.1980361144697,40.55306887626648,147560,753.9036132837116,0.17169606405255053
HPSO,"{'num_particles': 100, 'stubbornness_coefficient': 1, 'personal_impact_coefficient': 1, 'environmental_impact_coefficient': 1, 'cooling_rate': 0.96}",82,8,100,706.504974671465,39.78309488296509,147560,703.5548352808022,0.41931904134882975
HPSO,"{'num_particles': 100, 'stubbornness_coefficient': 1, 'personal_impact_coefficient': 1, 'environmental_impact_coefficient': 1, 'cooling_rate': 0.96}",82,9,100,728.6535951840165,38.820000886917114,147560,726.7072203761198,0.26783479691990014
HPSO,"{'num_particles': 100, 'stubbornness_coefficient': 1, 'personal_impact_coefficient': 1, 'environmental_impact_coefficient': 2.0, 'cooling_rate': 0.9}",83,1,20,123.73612246169104,5.023872375488281,60089,123.15082171840821,0.47527148833903415
HPSO,"{'num_particles': 100, 'stubbornness_coefficient': 1, 'personal_impact_coefficient': 1, 'environmental_impact_coefficient': 2.0, 'cooling_rate': 0.9}",83,2,20,118.91617774092539,4.923522233963013,60089,118.18939147303678,0.6149335899190403
HPSO,"{'num_particles': 100, 'stubbornness_coefficient': 1, 'personal_impact_coefficient': 1, 'environmental_impact_coefficient': 2.0, 'cooling_rate': 0.9}",83,3,20,165.79915049080594,4.832218647003174,60089,163.7358903037225,1.2601148002775637
HPSO,"{'num_particles': 100, 'stubbornness_coefficient': 1, 'personal_impact_coefficient': 1, 'environmental_impact_coefficient': 2.0, 'cooling_rate': 0.9}",83,4,50,317.3397007878825,13.058631181716919,81102,314.1166007420703,1.0260839567848175
HPSO,"{'num_particles': 100, 'stubbornness_coefficient': 1, 'personal_impact_coefficient': 1, 'environmental_impact_coefficient': 2.0, 'cooling_rate': 0.9}",83,5,50,358.95297266187157,13.212093114852905,81102,356.61676113590636,0.6551042409010279
HPSO,"{'num_particles': 100, 'stubbornness_coefficient': 1, 'personal_impact_coefficient': 1, 'environmental_impact_coefficient': 2.0, 'cooling_rate': 0.9}",83,6,50,383.431164602465,13.476810216903687,81102,381.4569939449432,0.5175342669970189
HPSO,"{'num_particles': 100, 'stubbornness_coefficient': 1, 'personal_impact_coefficient': 1, 'environmental_impact_coefficient': 2.0, 'cooling_rate': 0.9}",83,7,100,754.9685190327932,37.280734062194824,131602,753.9036132837116,0.14125224104488654
HPSO,"{'num_particles': 100, 'stubbornness_coefficient': 1, 'personal_impact_coefficient': 1, 'environmental_impact_coefficient': 2.0, 'cooling_rate': 0.9}",83,8,100,706.6547815253612,36.614015340805054,131602,703.5548352808022,0.44061188824346814
HPSO,"{'num_particles': 100, 'stubbornness_coefficient': 1, 'personal_impact_coefficient': 1, 'environmental_impact_coefficient': 2.0, 'cooling_rate': 0.9}",83,9,100,729.1135759868102,35.79983067512512,131602,726.7072203761198,0.3311313749497302
HPSO,"{'num_particles': 100, 'stubbornness_coefficient': 1, 'personal_impact_coefficient': 1, 'environmental_impact_coefficient': 2.0, 'cooling_rate': 0.96}",84,1,20,123.83240066710118,4.897647380828857,66760,123.15082171840821,0.5534505894336983
HPSO,"{'num_particles': 100, 'stubbornness_coefficient': 1, 'personal_impact_coefficient': 1, 'environmental_impact_coefficient': 2.0, 'cooling_rate': 0.96}",84,2,20,119.09853315985843,4.780693531036377,66760,118.18939147303678,0.76922444179693
HPSO,"{'num_particles': 100, 'stubbornness_coefficient': 1, 'personal_impact_coefficient': 1, 'environmental_impact_coefficient': 2.0, 'cooling_rate': 0.96}",84,3,20,166.14893394521204,4.724942207336426,66760,163.7358903037225,1.4737414240784064
HPSO,"{'num_particles': 100, 'stubbornness_coefficient': 1, 'personal_impact_coefficient': 1, 'environmental_impact_coefficient': 2.0, 'cooling_rate': 0.96}",84,4,50,315.808095737322,14.69241213798523,97060,314.1166007420703,0.538492709794923
HPSO,"{'num_particles': 100, 'stubbornness_coefficient': 1, 'personal_impact_coefficient': 1, 'environmental_impact_coefficient': 2.0, 'cooling_rate': 0.96}",84,5,50,358.4599819396315,14.929056167602539,97060,356.61676113590636,0.5168632001070499
HPSO,"{'num_particles': 100, 'stubbornness_coefficient': 1, 'personal_impact_coefficient': 1, 'environmental_impact_coefficient': 2.0, 'cooling_rate': 0.96}",84,6,50,382.4126913460328,14.96152377128601,97060,381.4569939449432,0.2505387019401545
HPSO,"{'num_particles': 100, 'stubbornness_coefficient': 1, 'personal_impact_coefficient': 1, 'environmental_impact_coefficient': 2.0, 'cooling_rate': 0.96}",84,7,100,757.4753288287128,39.85369944572449,147560,753.9036132837116,0.47376288985328036
HPSO,"{'num_particles': 100, 'stubbornness_coefficient': 1, 'personal_impact_coefficient': 1, 'environmental_impact_coefficient': 2.0, 'cooling_rate': 0.96}",84,8,100,705.515097785681,39.3487286567688,147560,703.5548352808022,0.27862256167941446
HPSO,"{'num_particles': 100, 'stubbornness_coefficient': 1, 'personal_impact_coefficient': 1, 'environmental_impact_coefficient': 2.0, 'cooling_rate': 0.96}",84,9,100,728.2241007988571,38.81249690055847,147560,726.7072203761198,0.20873336334158854
HPSO,"{'num_particles': 100, 'stubbornness_coefficient': 1, 'personal_impact_coefficient': 2.0, 'environmental_impact_coefficient': 0.5, 'cooling_rate': 0.9}",85,1,20,124.09614888126667,5.001997232437134,60089,123.15082171840821,0.767617422009582
HPSO,"{'num_particles': 100, 'stubbornness_coefficient': 1, 'personal_impact_coefficient': 2.0, 'environmental_impact_coefficient': 0.5, 'cooling_rate': 0.9}",85,2,20,119.12896921611237,4.89354681968689,60089,118.18939147303678,0.7949763776302543
HPSO,"{'num_particles': 100, 'stubbornness_coefficient': 1, 'personal_impact_coefficient': 2.0, 'environmental_impact_coefficient': 0.5, 'cooling_rate': 0.9}",85,3,20,164.78877752525645,4.809937238693237,60089,163.7358903037225,0.64303997100507
HPSO,"{'num_particles': 100, 'stubbornness_coefficient': 1, 'personal_impact_coefficient': 2.0, 'environmental_impact_coefficient': 0.5, 'cooling_rate': 0.9}",85,4,50,315.8675658634712,13.172983169555664,81102,314.1166007420703,0.557425210022141
HPSO,"{'num_particles': 100, 'stubbornness_coefficient': 1, 'personal_impact_coefficient': 2.0, 'environmental_impact_coefficient': 0.5, 'cooling_rate': 0.9}",85,5,50,358.3352168320704,13.210238218307495,81102,356.61676113590636,0.48187743354809004
HPSO,"{'num_particles': 100, 'stubbornness_coefficient': 1, 'personal_impact_coefficient': 2.0, 'environmental_impact_coefficient': 0.5, 'cooling_rate': 0.9}",85,6,50,382.5423710706046,13.47811245918274,81102,381.4569939449432,0.2845345983663011
HPSO,"{'num_particles': 100, 'stubbornness_coefficient': 1, 'personal_impact_coefficient': 2.0, 'environmental_impact_coefficient': 0.5, 'cooling_rate': 0.9}",85,7,100,757.4558675358955,36.57099437713623,131602,753.9036132837116,0.4711814865446414
HPSO,"{'num_particles': 100, 'stubbornness_coefficient': 1, 'personal_impact_coefficient': 2.0, 'environmental_impact_coefficient': 0.5, 'cooling_rate': 0.9}",85,8,100,704.7340192302617,36.44353127479553,131602,703.5548352808022,0.16760370198988428
HPSO,"{'num_particles': 100, 'stubbornness_coefficient': 1, 'personal_impact_coefficient': 2.0, 'environmental_impact_coefficient': 0.5, 'cooling_rate': 0.9}",85,9,100,727.5958454760887,35.97209692001343,131602,726.7072203761198,0.12228103355144035
HPSO,"{'num_particles': 100, 'stubbornness_coefficient': 1, 'personal_impact_coefficient': 2.0, 'environmental_impact_coefficient': 0.5, 'cooling_rate': 0.96}",86,1,20,123.60122522910176,4.89423680305481,66760,123.15082171840821,0.365733256513239
HPSO,"{'num_particles': 100, 'stubbornness_coefficient': 1, 'personal_impact_coefficient': 2.0, 'environmental_impact_coefficient': 0.5, 'cooling_rate': 0.96}",86,2,20,119.13302881083071,4.819410562515259,66760,118.18939147303678,0.7984111992058168
HPSO,"{'num_particles': 100, 'stubbornness_coefficient': 1, 'personal_impact_coefficient': 2.0, 'environmental_impact_coefficient': 0.5, 'cooling_rate': 0.96}",86,3,20,165.218040929097,4.71550726890564,66760,163.7358903037225,0.9052081511421635
HPSO,"{'num_particles': 100, 'stubbornness_coefficient': 1, 'personal_impact_coefficient': 2.0, 'environmental_impact_coefficient': 0.5, 'cooling_rate': 0.96}",86,4,50,315.8109786376959,14.756566047668457,97060,314.1166007420703,0.5394104901246094
HPSO,"{'num_particles': 100, 'stubbornness_coefficient': 1, 'personal_impact_coefficient': 2.0, 'environmental_impact_coefficient': 0.5, 'cooling_rate': 0.96}",86,5,50,357.43885878747176,14.95906138420105,97060,356.61676113590636,0.2305269244627847
HPSO,"{'num_particles': 100, 'stubbornness_coefficient': 1, 'personal_impact_coefficient': 2.0, 'environmental_impact_coefficient': 0.5, 'cooling_rate': 0.96}",86,6,50,383.88016063278786,14.92306637763977,97060,381.4569939449432,0.6352398111212577
HPSO,"{'num_particles': 100, 'stubbornness_coefficient': 1, 'personal_impact_coefficient': 2.0, 'environmental_impact_coefficient': 0.5, 'cooling_rate': 0.96}",86,7,100,756.6264339822362,39.945221185684204,147560,753.9036132837116,0.36116297236792355
HPSO,"{'num_particles': 100, 'stubbornness_coefficient': 1, 'personal_impact_coefficient': 2.0, 'environmental_impact_coefficient': 0.5, 'cooling_rate': 0.96}",86,8,100,705.7744011589881,38.96091318130493,147560,703.5548352808022,0.3154787326989278
HPSO,"{'num_particles': 100, 'stubbornness_coefficient': 1, 'personal_impact_coefficient': 2.0, 'environmental_impact_coefficient': 0.5, 'cooling_rate': 0.96}",86,9,100,728.1174270633395,38.77900218963623,147560,726.7072203761198,0.1940543106878439
HPSO,"{'num_particles': 100, 'stubbornness_coefficient': 1, 'personal_impact_coefficient': 2.0, 'environmental_impact_coefficient': 1, 'cooling_rate': 0.9}",87,1,20,124.31763037077071,5.041204214096069,60089,123.15082171840821,0.9474631480985839
HPSO,"{'num_particles': 100, 'stubbornness_coefficient': 1, 'personal_impact_coefficient': 2.0, 'environmental_impact_coefficient': 1, 'cooling_rate': 0.9}",87,2,20,120.05910173912913,4.894102334976196,60089,118.18939147303678,1.5819611580950583
HPSO,"{'num_particles': 100, 'stubbornness_coefficient': 1, 'personal_impact_coefficient': 2.0, 'environmental_impact_coefficient': 1, 'cooling_rate': 0.9}",87,3,20,164.36919063395723,4.870894432067871,60089,163.7358903037225,0.3867816207307936
HPSO,"{'num_particles': 100, 'stubbornness_coefficient': 1, 'personal_impact_coefficient': 2.0, 'environmental_impact_coefficient': 1, 'cooling_rate': 0.9}",87,4,50,316.0831380580443,13.221547842025757,81102,314.1166007420703,0.6260532908252027
HPSO,"{'num_particles': 100, 'stubbornness_coefficient': 1, 'personal_impact_coefficient': 2.0, 'environmental_impact_coefficient': 1, 'cooling_rate': 0.9}",87,5,50,357.3428272846406,13.37343716621399,81102,356.61676113590636,0.20359843615357043
HPSO,"{'num_particles': 100, 'stubbornness_coefficient': 1, 'personal_impact_coefficient': 2.0, 'environmental_impact_coefficient': 1, 'cooling_rate': 0.9}",87,6,50,382.01088103737914,13.600998640060425,81102,381.4569939449432,0.14520302451602218
HPSO,"{'num_particles': 100, 'stubbornness_coefficient': 1, 'personal_impact_coefficient': 2.0, 'environmental_impact_coefficient': 1, 'cooling_rate': 0.9}",87,7,100,754.0729608768107,36.92895317077637,131602,753.9036132837116,0.02246276448543869
HPSO,"{'num_particles': 100, 'stubbornness_coefficient': 1, 'personal_impact_coefficient': 2.0, 'environmental_impact_coefficient': 1, 'cooling_rate': 0.9}",87,8,100,705.2133365932327,36.24046349525452,131602,703.5548352808022,0.23573163444589093
HPSO,"{'num_particles': 100, 'stubbornness_coefficient': 1, 'personal_impact_coefficient': 2.0, 'environmental_impact_coefficient': 1, 'cooling_rate': 0.9}",87,9,100,726.9469771797354,35.881648778915405,131602,726.7072203761198,0.03299221431864974
HPSO,"{'num_particles': 100, 'stubbornness_coefficient': 1, 'personal_impact_coefficient': 2.0, 'environmental_impact_coefficient': 1, 'cooling_rate': 0.96}",88,1,20,124.39484699352185,4.867886066436768,66760,123.15082171840821,1.0101640068291071
HPSO,"{'num_particles': 100, 'stubbornness_coefficient': 1, 'personal_impact_coefficient': 2.0, 'environmental_impact_coefficient': 1, 'cooling_rate': 0.96}",88,2,20,118.85017277445884,4.75984525680542,66760,118.18939147303678,0.5590868124342703
HPSO,"{'num_particles': 100, 'stubbornness_coefficient': 1, 'personal_impact_coefficient': 2.0, 'environmental_impact_coefficient': 1, 'cooling_rate': 0.96}",88,3,20,164.79550075635376,4.655688762664795,66760,163.7358903037225,0.6471461147984924
HPSO,"{'num_particles': 100, 'stubbornness_coefficient': 1, 'personal_impact_coefficient': 2.0, 'environmental_impact_coefficient': 1, 'cooling_rate': 0.96}",88,4,50,316.4008395888343,14.707633972167969,97060,314.1166007420703,0.72719456449219
HPSO,"{'num_particles': 100, 'stubbornness_coefficient': 1, 'personal_impact_coefficient': 2.0, 'environmental_impact_coefficient': 1, 'cooling_rate': 0.96}",88,5,50,356.71553409506686,14.8074791431427,97060,356.61676113590636,0.027697228488611784
HPSO,"{'num_particles': 100, 'stubbornness_coefficient': 1, 'personal_impact_coefficient': 2.0, 'environmental_impact_coefficient': 1, 'cooling_rate': 0.96}",88,6,50,382.092654131198,15.113489151000977,97060,381.4569939449432,0.166640065943206
HPSO,"{'num_particles': 100, 'stubbornness_coefficient': 1, 'personal_impact_coefficient': 2.0, 'environmental_impact_coefficient': 1, 'cooling_rate': 0.96}",88,7,100,755.3661229785622,31.94180965423584,147560,753.9036132837116,0.1939916017221996
HPSO,"{'num_particles': 100, 'stubbornness_coefficient': 1, 'personal_impact_coefficient': 2.0, 'environmental_impact_coefficient': 1, 'cooling_rate': 0.96}",88,8,100,704.8571664121539,22.0580575466156,147560,703.5548352808022,0.18510726755675294
HPSO,"{'num_particles': 100, 'stubbornness_coefficient': 1, 'personal_impact_coefficient': 2.0, 'environmental_impact_coefficient': 1, 'cooling_rate': 0.96}",88,9,100,727.5631571857315,21.431445121765137,147560,726.7072203761198,0.11778289600158973
HPSO,"{'num_particles': 100, 'stubbornness_coefficient': 1, 'personal_impact_coefficient': 2.0, 'environmental_impact_coefficient': 2.0, 'cooling_rate': 0.9}",89,1,20,124.47952585660349,2.85422945022583,69376,123.15082171840821,1.0789242975848263
HPSO,"{'num_particles': 100, 'stubbornness_coefficient': 1, 'personal_impact_coefficient': 2.0, 'environmental_impact_coefficient': 2.0, 'cooling_rate': 0.9}",89,2,20,118.42856737262737,4.390795946121216,109285,118.18939147303678,0.20236663934863922
HPSO,"{'num_particles': 100, 'stubbornness_coefficient': 1, 'personal_impact_coefficient': 2.0, 'environmental_impact_coefficient': 2.0, 'cooling_rate': 0.9}",89,3,20,166.20883499090075,2.3740341663360596,60089,163.7358903037225,1.5103253676338508
HPSO,"{'num_particles': 100, 'stubbornness_coefficient': 1, 'personal_impact_coefficient': 2.0, 'environmental_impact_coefficient': 2.0, 'cooling_rate': 0.9}",89,4,50,316.105200564448,6.9907355308532715,81102,314.1166007420703,0.6330769585815642
HPSO,"{'num_particles': 100, 'stubbornness_coefficient': 1, 'personal_impact_coefficient': 2.0, 'environmental_impact_coefficient': 2.0, 'cooling_rate': 0.9}",89,5,50,358.5751222736074,7.0015058517456055,81102,356.61676113590636,0.5491500543786043
HPSO,"{'num_particles': 100, 'stubbornness_coefficient': 1, 'personal_impact_coefficient': 2.0, 'environmental_impact_coefficient': 2.0, 'cooling_rate': 0.9}",89,6,50,382.2442489518864,7.122725963592529,81102,381.4569939449432,0.2063810650845844
HPSO,"{'num_particles': 100, 'stubbornness_coefficient': 1, 'personal_impact_coefficient': 2.0, 'environmental_impact_coefficient': 2.0, 'cooling_rate': 0.9}",89,7,100,754.2921083921851,20.474732637405396,131602,753.9036132837116,0.051531137618693844
HPSO,"{'num_particles': 100, 'stubbornness_coefficient': 1, 'personal_impact_coefficient': 2.0, 'environmental_impact_coefficient': 2.0, 'cooling_rate': 0.9}",89,8,100,706.2935341444196,20.257195472717285,131602,703.5548352808022,0.3892658718668793
HPSO,"{'num_particles': 100, 'stubbornness_coefficient': 1, 'personal_impact_coefficient': 2.0, 'environmental_impact_coefficient': 2.0, 'cooling_rate': 0.9}",89,9,100,728.4603424505794,19.829578399658203,131602,726.7072203761198,0.24124186815596146
HPSO,"{'num_particles': 100, 'stubbornness_coefficient': 1, 'personal_impact_coefficient': 2.0, 'environmental_impact_coefficient': 2.0, 'cooling_rate': 0.96}",90,1,20,124.0465300682012,2.49841570854187,66760,123.15082171840821,0.7273263282327814
HPSO,"{'num_particles': 100, 'stubbornness_coefficient': 1, 'personal_impact_coefficient': 2.0, 'environmental_impact_coefficient': 2.0, 'cooling_rate': 0.96}",90,2,20,119.39729538514328,2.4488844871520996,67420,118.18939147303678,1.022007049069263
HPSO,"{'num_particles': 100, 'stubbornness_coefficient': 1, 'personal_impact_coefficient': 2.0, 'environmental_impact_coefficient': 2.0, 'cooling_rate': 0.96}",90,3,20,164.91869480875056,2.404860258102417,66760,163.7358903037225,0.722385606988188
HPSO,"{'num_particles': 100, 'stubbornness_coefficient': 1, 'personal_impact_coefficient': 2.0, 'environmental_impact_coefficient': 2.0, 'cooling_rate': 0.96}",90,4,50,317.81142337780494,7.852909803390503,97060,314.1166007420703,1.1762583152262442
HPSO,"{'num_particles': 100, 'stubbornness_coefficient': 1, 'personal_impact_coefficient': 2.0, 'environmental_impact_coefficient': 2.0, 'cooling_rate': 0.96}",90,5,50,359.12794826587094,7.973591327667236,97060,356.61676113590636,0.7041696867993177
HPSO,"{'num_particles': 100, 'stubbornness_coefficient': 1, 'personal_impact_coefficient': 2.0, 'environmental_impact_coefficient': 2.0, 'cooling_rate': 0.96}",90,6,50,382.56919089887873,8.127036094665527,97060,381.4569939449432,0.29156549010504673
HPSO,"{'num_particles': 100, 'stubbornness_coefficient': 1, 'personal_impact_coefficient': 2.0, 'environmental_impact_coefficient': 2.0, 'cooling_rate': 0.96}",90,7,100,755.3398424696204,22.431732177734375,147560,753.9036132837116,0.19050567746361602
HPSO,"{'num_particles': 100, 'stubbornness_coefficient': 1, 'personal_impact_coefficient': 2.0, 'environmental_impact_coefficient': 2.0, 'cooling_rate': 0.96}",90,8,100,706.2576586483896,23.017359018325806,147560,703.5548352808022,0.38416669633272044
HPSO,"{'num_particles': 100, 'stubbornness_coefficient': 1, 'personal_impact_coefficient': 2.0, 'environmental_impact_coefficient': 2.0, 'cooling_rate': 0.96}",90,9,100,730.6929383684427,22.02264142036438,147560,726.7072203761198,0.5484626931682314
HPSO,"{'num_particles': 100, 'stubbornness_coefficient': 2.0, 'personal_impact_coefficient': 0.5, 'environmental_impact_coefficient': 0.5, 'cooling_rate': 0.9}",91,1,20,124.44018848169762,2.5522191524505615,60089,123.15082171840821,1.046981859558861
HPSO,"{'num_particles': 100, 'stubbornness_coefficient': 2.0, 'personal_impact_coefficient': 0.5, 'environmental_impact_coefficient': 0.5, 'cooling_rate': 0.9}",91,2,20,118.52484284647731,2.4992713928222656,60089,118.18939147303678,0.28382528182917577
HPSO,"{'num_particles': 100, 'stubbornness_coefficient': 2.0, 'personal_impact_coefficient': 0.5, 'environmental_impact_coefficient': 0.5, 'cooling_rate': 0.9}",91,3,20,165.45951114433106,2.399334192276001,60089,163.7358903037225,1.0526835853833414
HPSO,"{'num_particles': 100, 'stubbornness_coefficient': 2.0, 'personal_impact_coefficient': 0.5, 'environmental_impact_coefficient': 0.5, 'cooling_rate': 0.9}",91,4,50,315.21057063100153,7.149622440338135,81102,314.1166007420703,0.3482687277102878
HPSO,"{'num_particles': 100, 'stubbornness_coefficient': 2.0, 'personal_impact_coefficient': 0.5, 'environmental_impact_coefficient': 0.5, 'cooling_rate': 0.9}",91,5,50,359.05787612969283,7.1403727531433105,81102,356.61676113590636,0.6845205441300511
HPSO,"{'num_particles': 100, 'stubbornness_coefficient': 2.0, 'personal_impact_coefficient': 0.5, 'environmental_impact_coefficient': 0.5, 'cooling_rate': 0.9}",91,6,50,382.4994076090702,7.31126070022583,81102,381.4569939449432,0.27327160877209655
HPSO,"{'num_particles': 100, 'stubbornness_coefficient': 2.0, 'personal_impact_coefficient': 0.5, 'environmental_impact_coefficient': 0.5, 'cooling_rate': 0.9}",91,7,100,755.262115084351,20.93357825279236,131602,753.9036132837116,0.18019568771162497
HPSO,"{'num_particles': 100, 'stubbornness_coefficient': 2.0, 'personal_impact_coefficient': 0.5, 'environmental_impact_coefficient': 0.5, 'cooling_rate': 0.9}",91,8,100,705.3599633375746,20.386651277542114,131602,703.5548352808022,0.25657247541365913
HPSO,"{'num_particles': 100, 'stubbornness_coefficient': 2.0, 'personal_impact_coefficient': 0.5, 'environmental_impact_coefficient': 0.5, 'cooling_rate': 0.9}",91,9,100,728.358387882359,19.866483211517334,131602,726.7072203761198,0.22721220595339425
HPSO,"{'num_particles': 100, 'stubbornness_coefficient': 2.0, 'personal_impact_coefficient': 0.5, 'environmental_impact_coefficient': 0.5, 'cooling_rate': 0.96}",92,1,20,124.13852667840247,2.520380735397339,66760,123.15082171840821,0.8020287207280744
HPSO,"{'num_particles': 100, 'stubbornness_coefficient': 2.0, 'personal_impact_coefficient': 0.5, 'environmental_impact_coefficient': 0.5, 'cooling_rate': 0.96}",92,2,20,118.9558833873043,2.4664053916931152,66760,118.18939147303678,0.6485285224963553
HPSO,"{'num_particles': 100, 'stubbornness_coefficient': 2.0, 'personal_impact_coefficient': 0.5, 'environmental_impact_coefficient': 0.5, 'cooling_rate': 0.96}",92,3,20,165.09558892673311,2.4729013442993164,66760,163.7358903037225,0.8304218583283344
HPSO,"{'num_particles': 100, 'stubbornness_coefficient': 2.0, 'personal_impact_coefficient': 0.5, 'environmental_impact_coefficient': 0.5, 'cooling_rate': 0.96}",92,4,50,317.96084006463695,7.951558351516724,97060,314.1166007420703,1.2238255837115868
HPSO,"{'num_particles': 100, 'stubbornness_coefficient': 2.0, 'personal_impact_coefficient': 0.5, 'environmental_impact_coefficient': 0.5, 'cooling_rate': 0.96}",92,5,50,357.525855239176,7.998198509216309,97060,356.61676113590636,0.2549218663682447
HPSO,"{'num_particles': 100, 'stubbornness_coefficient': 2.0, 'personal_impact_coefficient': 0.5, 'environmental_impact_coefficient': 0.5, 'cooling_rate': 0.96}",92,6,50,384.0661491458476,8.130111455917358,97060,381.4569939449432,0.6839972113031955
HPSO,"{'num_particles': 100, 'stubbornness_coefficient': 2.0, 'personal_impact_coefficient': 0.5, 'environmental_impact_coefficient': 0.5, 'cooling_rate': 0.96}",92,7,100,755.5067689055937,22.36764669418335,147560,753.9036132837116,0.21264729252316672
HPSO,"{'num_particles': 100, 'stubbornness_coefficient': 2.0, 'personal_impact_coefficient': 0.5, 'environmental_impact_coefficient': 0.5, 'cooling_rate': 0.96}",92,8,100,706.1645790727918,22.07354974746704,147560,703.5548352808022,0.3709367999649892
HPSO,"{'num_particles': 100, 'stubbornness_coefficient': 2.0, 'personal_impact_coefficient': 0.5, 'environmental_impact_coefficient': 0.5, 'cooling_rate': 0.96}",92,9,100,727.2152852118742,21.793623685836792,147560,726.7072203761198,0.06991327752205102
HPSO,"{'num_particles': 100, 'stubbornness_coefficient': 2.0, 'personal_impact_coefficient': 0.5, 'environmental_impact_coefficient': 1, 'cooling_rate': 0.9}",93,1,20,125.17332386492662,2.477246046066284,60089,123.15082171840821,1.6422969155195561
HPSO,"{'num_particles': 100, 'stubbornness_coefficient': 2.0, 'personal_impact_coefficient': 0.5, 'environmental_impact_coefficient': 1, 'cooling_rate': 0.9}",93,2,20,119.24548973775364,2.430443286895752,60089,118.18939147303678,0.8935643474886656
HPSO,"{'num_particles': 100, 'stubbornness_coefficient': 2.0, 'personal_impact_coefficient': 0.5, 'environmental_impact_coefficient': 1, 'cooling_rate': 0.9}",93,3,20,165.53909416097895,2.462611436843872,60089,163.7358903037225,1.1012880889532461
HPSO,"{'num_particles': 100, 'stubbornness_coefficient': 2.0, 'personal_impact_coefficient': 0.5, 'environmental_impact_coefficient': 1, 'cooling_rate': 0.9}",93,4,50,317.8042589270736,7.025488376617432,81102,314.1166007420703,1.1739774899803237
HPSO,"{'num_particles': 100, 'stubbornness_coefficient': 2.0, 'personal_impact_coefficient': 0.5, 'environmental_impact_coefficient': 1, 'cooling_rate': 0.9}",93,5,50,360.01804170823954,7.035648345947266,81102,356.61676113590636,0.953763519555087
HPSO,"{'num_particles': 100, 'stubbornness_coefficient': 2.0, 'personal_impact_coefficient': 0.5, 'environmental_impact_coefficient': 1, 'cooling_rate': 0.9}",93,6,50,382.8268646135299,7.127204179763794,81102,381.4569939449432,0.3591153630242342
HPSO,"{'num_particles': 100, 'stubbornness_coefficient': 2.0, 'personal_impact_coefficient': 0.5, 'environmental_impact_coefficient': 1, 'cooling_rate': 0.9}",93,7,100,755.2888228502155,20.30874252319336,131602,753.9036132837116,0.18373828458925884
HPSO,"{'num_particles': 100, 'stubbornness_coefficient': 2.0, 'personal_impact_coefficient': 0.5, 'environmental_impact_coefficient': 1, 'cooling_rate': 0.9}",93,8,100,703.5548352808022,20.035799264907837,131602,703.5548352808022,0.0
HPSO,"{'num_particles': 100, 'stubbornness_coefficient': 2.0, 'personal_impact_coefficient': 0.5, 'environmental_impact_coefficient': 1, 'cooling_rate': 0.9}",93,9,100,727.1709643432919,19.782115936279297,131602,726.7072203761198,0.06381441578797266
HPSO,"{'num_particles': 100, 'stubbornness_coefficient': 2.0, 'personal_impact_coefficient': 0.5, 'environmental_impact_coefficient': 1, 'cooling_rate': 0.96}",94,1,20,124.77195398698498,2.471203327178955,66760,123.15082171840821,1.3163795790852206
HPSO,"{'num_particles': 100, 'stubbornness_coefficient': 2.0, 'personal_impact_coefficient': 0.5, 'environmental_impact_coefficient': 1, 'cooling_rate': 0.96}",94,2,20,118.42856737262737,2.4480504989624023,66760,118.18939147303678,0.20236663934863922
HPSO,"{'num_particles': 100, 'stubbornness_coefficient': 2.0, 'personal_impact_coefficient': 0.5, 'environmental_impact_coefficient': 1, 'cooling_rate': 0.96}",94,3,20,164.67810188406122,2.3631696701049805,66760,163.7358903037225,0.575445968865447
HPSO,"{'num_particles': 100, 'stubbornness_coefficient': 2.0, 'personal_impact_coefficient': 0.5, 'environmental_impact_coefficient': 1, 'cooling_rate': 0.96}",94,4,50,316.2692495239623,7.748642444610596,97060,314.1166007420703,0.6853024567331185
HPSO,"{'num_particles': 100, 'stubbornness_coefficient': 2.0, 'personal_impact_coefficient': 0.5, 'environmental_impact_coefficient': 1, 'cooling_rate': 0.96}",94,5,50,360.51430527804,7.876518249511719,97060,356.61676113590636,1.0929223095737508
HPSO,"{'num_particles': 100, 'stubbornness_coefficient': 2.0, 'personal_impact_coefficient': 0.5, 'environmental_impact_coefficient': 1, 'cooling_rate': 0.96}",94,6,50,381.8234611035818,8.098567962646484,97060,381.4569939449432,0.09607037345119612
HPSO,"{'num_particles': 100, 'stubbornness_coefficient': 2.0, 'personal_impact_coefficient': 0.5, 'environmental_impact_coefficient': 1, 'cooling_rate': 0.96}",94,7,100,757.9803979016642,22.880341053009033,147560,753.9036132837116,0.5407567421245979
HPSO,"{'num_particles': 100, 'stubbornness_coefficient': 2.0, 'personal_impact_coefficient': 0.5, 'environmental_impact_coefficient': 1, 'cooling_rate': 0.96}",94,8,100,705.0585472336451,22.87790846824646,147560,703.5548352808022,0.2137305974512587
HPSO,"{'num_particles': 100, 'stubbornness_coefficient': 2.0, 'personal_impact_coefficient': 0.5, 'environmental_impact_coefficient': 1, 'cooling_rate': 0.96}",94,9,100,727.1910585651802,36.872443199157715,147560,726.7072203761198,0.06657952136625092
HPSO,"{'num_particles': 100, 'stubbornness_coefficient': 2.0, 'personal_impact_coefficient': 0.5, 'environmental_impact_coefficient': 2.0, 'cooling_rate': 0.9}",95,1,20,124.65003890533725,4.812830209732056,60089,123.15082171840821,1.2173830154029301
HPSO,"{'num_particles': 100, 'stubbornness_coefficient': 2.0, 'personal_impact_coefficient': 0.5, 'environmental_impact_coefficient': 2.0, 'cooling_rate': 0.9}",95,2,20,121.33451403054144,4.73269248008728,60089,118.18939147303678,2.6610870216910953
HPSO,"{'num_particles': 100, 'stubbornness_coefficient': 2.0, 'personal_impact_coefficient': 0.5, 'environmental_impact_coefficient': 2.0, 'cooling_rate': 0.9}",95,3,20,165.09217334362697,4.6484997272491455,60089,163.7358903037225,0.8283358263045606
HPSO,"{'num_particles': 100, 'stubbornness_coefficient': 2.0, 'personal_impact_coefficient': 0.5, 'environmental_impact_coefficient': 2.0, 'cooling_rate': 0.9}",95,4,50,316.65916101803316,12.772587299346924,81102,314.1166007420703,0.8094319975309447
HPSO,"{'num_particles': 100, 'stubbornness_coefficient': 2.0, 'personal_impact_coefficient': 0.5, 'environmental_impact_coefficient': 2.0, 'cooling_rate': 0.9}",95,5,50,356.9087958543006,12.901522159576416,81102,356.61676113590636,0.08189035127346127
HPSO,"{'num_particles': 100, 'stubbornness_coefficient': 2.0, 'personal_impact_coefficient': 0.5, 'environmental_impact_coefficient': 2.0, 'cooling_rate': 0.9}",95,6,50,382.90313976442036,13.0674467086792,81102,381.4569939449432,0.37911110359295375
HPSO,"{'num_particles': 100, 'stubbornness_coefficient': 2.0, 'personal_impact_coefficient': 0.5, 'environmental_impact_coefficient': 2.0, 'cooling_rate': 0.9}",95,7,100,755.8087877999728,35.582364320755005,131602,753.9036132837116,0.25270796991714095
HPSO,"{'num_particles': 100, 'stubbornness_coefficient': 2.0, 'personal_impact_coefficient': 0.5, 'environmental_impact_coefficient': 2.0, 'cooling_rate': 0.9}",95,8,100,707.321629592504,35.11767935752869,131602,703.5548352808022,0.5353945595723753
HPSO,"{'num_particles': 100, 'stubbornness_coefficient': 2.0, 'personal_impact_coefficient': 0.5, 'environmental_impact_coefficient': 2.0, 'cooling_rate': 0.9}",95,9,100,729.5821513364315,34.47122263908386,131602,726.7072203761198,0.3956106227792362
HPSO,"{'num_particles': 100, 'stubbornness_coefficient': 2.0, 'personal_impact_coefficient': 0.5, 'environmental_impact_coefficient': 2.0, 'cooling_rate': 0.96}",96,1,20,124.21636418908288,4.740928888320923,67090,123.15082171840821,0.8652337481848871
HPSO,"{'num_particles': 100, 'stubbornness_coefficient': 2.0, 'personal_impact_coefficient': 0.5, 'environmental_impact_coefficient': 2.0, 'cooling_rate': 0.96}",96,2,20,120.77980864707719,4.623175382614136,66760,118.18939147303678,2.191751003838088
HPSO,"{'num_particles': 100, 'stubbornness_coefficient': 2.0, 'personal_impact_coefficient': 0.5, 'environmental_impact_coefficient': 2.0, 'cooling_rate': 0.96}",96,3,20,165.4310643455496,4.532416820526123,66760,163.7358903037225,1.0353099975104005
HPSO,"{'num_particles': 100, 'stubbornness_coefficient': 2.0, 'personal_impact_coefficient': 0.5, 'environmental_impact_coefficient': 2.0, 'cooling_rate': 0.96}",96,4,50,315.5293041428081,14.229496002197266,97060,314.1166007420703,0.4497385357540457
HPSO,"{'num_particles': 100, 'stubbornness_coefficient': 2.0, 'personal_impact_coefficient': 0.5, 'environmental_impact_coefficient': 2.0, 'cooling_rate': 0.96}",96,5,50,359.10370990010733,14.350946187973022,97060,356.61676113590636,0.6973729322983785
HPSO,"{'num_particles': 100, 'stubbornness_coefficient': 2.0, 'personal_impact_coefficient': 0.5, 'environmental_impact_coefficient': 2.0, 'cooling_rate': 0.96}",96,6,50,382.41700526857835,14.747153759002686,97060,381.4569939449432,0.2516696085991107
HPSO,"{'num_particles': 100, 'stubbornness_coefficient': 2.0, 'personal_impact_coefficient': 0.5, 'environmental_impact_coefficient': 2.0, 'cooling_rate': 0.96}",96,7,100,754.4592084107418,39.10436773300171,147560,753.9036132837116,0.0736957771843314
HPSO,"{'num_particles': 100, 'stubbornness_coefficient': 2.0, 'personal_impact_coefficient': 0.5, 'environmental_impact_coefficient': 2.0, 'cooling_rate': 0.96}",96,8,100,705.0716183460231,38.38797116279602,147560,703.5548352808022,0.21558846434699624
HPSO,"{'num_particles': 100, 'stubbornness_coefficient': 2.0, 'personal_impact_coefficient': 0.5, 'environmental_impact_coefficient': 2.0, 'cooling_rate': 0.96}",96,9,100,728.473407107453,37.64755940437317,147560,726.7072203761198,0.24303965638583358
HPSO,"{'num_particles': 100, 'stubbornness_coefficient': 2.0, 'personal_impact_coefficient': 1, 'environmental_impact_coefficient': 0.5, 'cooling_rate': 0.9}",97,1,20,123.80106593700914,4.839670896530151,60089,123.15082171840821,0.5280063985993976
HPSO,"{'num_particles': 100, 'stubbornness_coefficient': 2.0, 'personal_impact_coefficient': 1, 'environmental_impact_coefficient': 0.5, 'cooling_rate': 0.9}",97,2,20,120.48989189824901,4.756069183349609,60089,118.18939147303678,1.9464525508933355
HPSO,"{'num_particles': 100, 'stubbornness_coefficient': 2.0, 'personal_impact_coefficient': 1, 'environmental_impact_coefficient': 0.5, 'cooling_rate': 0.9}",97,3,20,164.9855238705651,4.670779705047607,60089,163.7358903037225,0.7632007646732659
HPSO,"{'num_particles': 100, 'stubbornness_coefficient': 2.0, 'personal_impact_coefficient': 1, 'environmental_impact_coefficient': 0.5, 'cooling_rate': 0.9}",97,4,50,316.3292995906394,12.820746898651123,81102,314.1166007420703,0.7044195828370017
HPSO,"{'num_particles': 100, 'stubbornness_coefficient': 2.0, 'personal_impact_coefficient': 1, 'environmental_impact_coefficient': 0.5, 'cooling_rate': 0.9}",97,5,50,358.00881160297473,12.81222414970398,81102,356.61676113590636,0.39034914192882353
HPSO,"{'num_particles': 100, 'stubbornness_coefficient': 2.0, 'personal_impact_coefficient': 1, 'environmental_impact_coefficient': 0.5, 'cooling_rate': 0.9}",97,6,50,382.00506148886046,13.108952760696411,81102,381.4569939449432,0.1436774138676268
HPSO,"{'num_particles': 100, 'stubbornness_coefficient': 2.0, 'personal_impact_coefficient': 1, 'environmental_impact_coefficient': 0.5, 'cooling_rate': 0.9}",97,7,100,758.0576601713121,35.662471294403076,131602,753.9036132837116,0.5510050375680158
HPSO,"{'num_particles': 100, 'stubbornness_coefficient': 2.0, 'personal_impact_coefficient': 1, 'environmental_impact_coefficient': 0.5, 'cooling_rate': 0.9}",97,8,100,705.6706994793025,35.24472212791443,131602,703.5548352808022,0.30073906004153805
HPSO,"{'num_particles': 100, 'stubbornness_coefficient': 2.0, 'personal_impact_coefficient': 1, 'environmental_impact_coefficient': 0.5, 'cooling_rate': 0.9}",97,9,100,728.4178336147635,34.93655705451965,131602,726.7072203761198,0.23539235481357793
HPSO,"{'num_particles': 100, 'stubbornness_coefficient': 2.0, 'personal_impact_coefficient': 1, 'environmental_impact_coefficient': 0.5, 'cooling_rate': 0.96}",98,1,20,123.69155370233447,4.819829702377319,66760,123.15082171840821,0.439081101028039
HPSO,"{'num_particles': 100, 'stubbornness_coefficient': 2.0, 'personal_impact_coefficient': 1, 'environmental_impact_coefficient': 0.5, 'cooling_rate': 0.96}",98,2,20,119.9260917614151,4.754756927490234,66760,118.18939147303678,1.469421465609728
HPSO,"{'num_particles': 100, 'stubbornness_coefficient': 2.0, 'personal_impact_coefficient': 1, 'environmental_impact_coefficient': 0.5, 'cooling_rate': 0.96}",98,3,20,164.8074365782104,4.660794019699097,66760,163.7358903037225,0.6544357944371462
HPSO,"{'num_particles': 100, 'stubbornness_coefficient': 2.0, 'personal_impact_coefficient': 1, 'environmental_impact_coefficient': 0.5, 'cooling_rate': 0.96}",98,4,50,317.6283660041703,14.51378607749939,97060,314.1166007420703,1.1179814291265606
HPSO,"{'num_particles': 100, 'stubbornness_coefficient': 2.0, 'personal_impact_coefficient': 1, 'environmental_impact_coefficient': 0.5, 'cooling_rate': 0.96}",98,5,50,357.4039888566505,14.693914651870728,97060,356.61676113590636,0.22074894018908942
HPSO,"{'num_particles': 100, 'stubbornness_coefficient': 2.0, 'personal_impact_coefficient': 1, 'environmental_impact_coefficient': 0.5, 'cooling_rate': 0.96}",98,6,50,381.9678346788894,14.830351114273071,97060,381.4569939449432,0.13391830325699985
HPSO,"{'num_particles': 100, 'stubbornness_coefficient': 2.0, 'personal_impact_coefficient': 1, 'environmental_impact_coefficient': 0.5, 'cooling_rate': 0.96}",98,7,100,756.3851229865157,39.59711980819702,147560,753.9036132837116,0.3291547697981779
HPSO,"{'num_particles': 100, 'stubbornness_coefficient': 2.0, 'personal_impact_coefficient': 1, 'environmental_impact_coefficient': 0.5, 'cooling_rate': 0.96}",98,8,100,705.6339083624449,38.941051959991455,147560,703.5548352808022,0.29550974243719336
HPSO,"{'num_particles': 100, 'stubbornness_coefficient': 2.0, 'personal_impact_coefficient': 1, 'environmental_impact_coefficient': 0.5, 'cooling_rate': 0.96}",98,9,100,729.2420252078076,38.673100233078,147560,726.7072203761198,0.3488068868196806
HPSO,"{'num_particles': 100, 'stubbornness_coefficient': 2.0, 'personal_impact_coefficient': 1, 'environmental_impact_coefficient': 1, 'cooling_rate': 0.9}",99,1,20,123.8113243060571,4.925850868225098,60089,123.15082171840821,0.5363363219444621
HPSO,"{'num_particles': 100, 'stubbornness_coefficient': 2.0, 'personal_impact_coefficient': 1, 'environmental_impact_coefficient': 1, 'cooling_rate': 0.9}",99,2,20,120.7336719988559,4.846092700958252,60089,118.18939147303678,2.1527148030029073
HPSO,"{'num_particles': 100, 'stubbornness_coefficient': 2.0, 'personal_impact_coefficient': 1, 'environmental_impact_coefficient': 1, 'cooling_rate': 0.9}",99,3,20,163.7358903037225,4.779171466827393,60089,163.7358903037225,0.0
HPSO,"{'num_particles': 100, 'stubbornness_coefficient': 2.0, 'personal_impact_coefficient': 1, 'environmental_impact_coefficient': 1, 'cooling_rate': 0.9}",99,4,50,315.19142697003053,13.054226160049438,81102,314.1166007420703,0.3421742835052468
HPSO,"{'num_particles': 100, 'stubbornness_coefficient': 2.0, 'personal_impact_coefficient': 1, 'environmental_impact_coefficient': 1, 'cooling_rate': 0.9}",99,5,50,357.3027230848081,13.222992658615112,81102,356.61676113590636,0.1923526944490261
HPSO,"{'num_particles': 100, 'stubbornness_coefficient': 2.0, 'personal_impact_coefficient': 1, 'environmental_impact_coefficient': 1, 'cooling_rate': 0.9}",99,6,50,384.180312570633,13.263384819030762,81102,381.4569939449432,0.7139254670692725
HPSO,"{'num_particles': 100, 'stubbornness_coefficient': 2.0, 'personal_impact_coefficient': 1, 'environmental_impact_coefficient': 1, 'cooling_rate': 0.9}",99,7,100,758.6593219895573,36.24211239814758,131602,753.9036132837116,0.6308112366157334
HPSO,"{'num_particles': 100, 'stubbornness_coefficient': 2.0, 'personal_impact_coefficient': 1, 'environmental_impact_coefficient': 1, 'cooling_rate': 0.9}",99,8,100,708.8346354858924,36.11410689353943,131602,703.5548352808022,0.750446154347429
HPSO,"{'num_particles': 100, 'stubbornness_coefficient': 2.0, 'personal_impact_coefficient': 1, 'environmental_impact_coefficient': 1, 'cooling_rate': 0.9}",99,9,100,729.74889827243,34.94874143600464,131602,726.7072203761198,0.4185561682923523
HPSO,"{'num_particles': 100, 'stubbornness_coefficient': 2.0, 'personal_impact_coefficient': 1, 'environmental_impact_coefficient': 1, 'cooling_rate': 0.96}",100,1,20,124.190544751286,4.738719940185547,66760,123.15082171840821,0.8442680433389048
HPSO,"{'num_particles': 100, 'stubbornness_coefficient': 2.0, 'personal_impact_coefficient': 1, 'environmental_impact_coefficient': 1, 'cooling_rate': 0.96}",100,2,20,119.56043101398879,4.620450973510742,66760,118.18939147303678,1.1600360437296902
HPSO,"{'num_particles': 100, 'stubbornness_coefficient': 2.0, 'personal_impact_coefficient': 1, 'environmental_impact_coefficient': 1, 'cooling_rate': 0.96}",100,3,20,165.74871992087617,4.559664726257324,66760,163.7358903037225,1.2293148517530057
HPSO,"{'num_particles': 100, 'stubbornness_coefficient': 2.0, 'personal_impact_coefficient': 1, 'environmental_impact_coefficient': 1, 'cooling_rate': 0.96}",100,4,50,315.63783853074597,14.183179378509521,97060,314.1166007420703,0.48429079681935633
HPSO,"{'num_particles': 100, 'stubbornness_coefficient': 2.0, 'personal_impact_coefficient': 1, 'environmental_impact_coefficient': 1, 'cooling_rate': 0.96}",100,5,50,356.721158823476,14.78580904006958,97060,356.61676113590636,0.02927447583706211
HPSO,"{'num_particles': 100, 'stubbornness_coefficient': 2.0, 'personal_impact_coefficient': 1, 'environmental_impact_coefficient': 1, 'cooling_rate': 0.96}",100,6,50,381.639238055975,14.941262483596802,97060,381.4569939449432,0.04777579489291649
HPSO,"{'num_particles': 100, 'stubbornness_coefficient': 2.0, 'personal_impact_coefficient': 1, 'environmental_impact_coefficient': 1, 'cooling_rate': 0.96}",100,7,100,755.8075489054253,39.82894539833069,147560,753.9036132837116,0.2525436392884338
HPSO,"{'num_particles': 100, 'stubbornness_coefficient': 2.0, 'personal_impact_coefficient': 1, 'environmental_impact_coefficient': 1, 'cooling_rate': 0.96}",100,8,100,704.798434374717,39.422528982162476,147560,703.5548352808022,0.17675936992436947
HPSO,"{'num_particles': 100, 'stubbornness_coefficient': 2.0, 'personal_impact_coefficient': 1, 'environmental_impact_coefficient': 1, 'cooling_rate': 0.96}",100,9,100,729.7698077849483,38.5249559879303,147560,726.7072203761198,0.42143346356781125
HPSO,"{'num_particles': 100, 'stubbornness_coefficient': 2.0, 'personal_impact_coefficient': 1, 'environmental_impact_coefficient': 2.0, 'cooling_rate': 0.9}",101,1,20,124.55873480323874,4.9205992221832275,60089,123.15082171840821,1.1432429481061879
HPSO,"{'num_particles': 100, 'stubbornness_coefficient': 2.0, 'personal_impact_coefficient': 1, 'environmental_impact_coefficient': 2.0, 'cooling_rate': 0.9}",101,2,20,120.22492510184176,4.850257158279419,60089,118.18939147303678,1.7222642433770057
HPSO,"{'num_particles': 100, 'stubbornness_coefficient': 2.0, 'personal_impact_coefficient': 1, 'environmental_impact_coefficient': 2.0, 'cooling_rate': 0.9}",101,3,20,164.87645617414555,4.76266884803772,60089,163.7358903037225,0.6965887981598593
HPSO,"{'num_particles': 100, 'stubbornness_coefficient': 2.0, 'personal_impact_coefficient': 1, 'environmental_impact_coefficient': 2.0, 'cooling_rate': 0.9}",101,4,50,316.6333107166215,13.007105827331543,81102,314.1166007420703,0.8012024734145553
HPSO,"{'num_particles': 100, 'stubbornness_coefficient': 2.0, 'personal_impact_coefficient': 1, 'environmental_impact_coefficient': 2.0, 'cooling_rate': 0.9}",101,5,50,358.4184940379224,13.207262516021729,81102,356.61676113590636,0.5052294503144279
HPSO,"{'num_particles': 100, 'stubbornness_coefficient': 2.0, 'personal_impact_coefficient': 1, 'environmental_impact_coefficient': 2.0, 'cooling_rate': 0.9}",101,6,50,381.4934337860897,13.391754865646362,81102,381.4569939449432,0.009552804569053289
HPSO,"{'num_particles': 100, 'stubbornness_coefficient': 2.0, 'personal_impact_coefficient': 1, 'environmental_impact_coefficient': 2.0, 'cooling_rate': 0.9}",101,7,100,756.6428065649573,36.97221660614014,131602,753.9036132837116,0.3633346800547617
HPSO,"{'num_particles': 100, 'stubbornness_coefficient': 2.0, 'personal_impact_coefficient': 1, 'environmental_impact_coefficient': 2.0, 'cooling_rate': 0.9}",101,8,100,705.286951875104,36.514960050582886,131602,703.5548352808022,0.24619496696522705
HPSO,"{'num_particles': 100, 'stubbornness_coefficient': 2.0, 'personal_impact_coefficient': 1, 'environmental_impact_coefficient': 2.0, 'cooling_rate': 0.9}",101,9,100,727.0639955880521,35.47923445701599,131602,726.7072203761198,0.049094766355505554
HPSO,"{'num_particles': 100, 'stubbornness_coefficient': 2.0, 'personal_impact_coefficient': 1, 'environmental_impact_coefficient': 2.0, 'cooling_rate': 0.96}",102,1,20,123.77218213148562,4.837980508804321,66760,123.15082171840821,0.5045523890195306
HPSO,"{'num_particles': 100, 'stubbornness_coefficient': 2.0, 'personal_impact_coefficient': 1, 'environmental_impact_coefficient': 2.0, 'cooling_rate': 0.96}",102,2,20,119.29033380845031,4.753242492675781,66760,118.18939147303678,0.9315068989628391
HPSO,"{'num_particles': 100, 'stubbornness_coefficient': 2.0, 'personal_impact_coefficient': 1, 'environmental_impact_coefficient': 2.0, 'cooling_rate': 0.96}",102,3,20,165.0859053822538,4.685025691986084,66760,163.7358903037225,0.8245077337821807
HPSO,"{'num_particles': 100, 'stubbornness_coefficient': 2.0, 'personal_impact_coefficient': 1, 'environmental_impact_coefficient': 2.0, 'cooling_rate': 0.96}",102,4,50,315.03924975833223,14.721062660217285,97060,314.1166007420703,0.293728193314917
HPSO,"{'num_particles': 100, 'stubbornness_coefficient': 2.0, 'personal_impact_coefficient': 1, 'environmental_impact_coefficient': 2.0, 'cooling_rate': 0.96}",102,5,50,358.6675255720494,14.76115894317627,97060,356.61676113590636,0.5750611467646306
HPSO,"{'num_particles': 100, 'stubbornness_coefficient': 2.0, 'personal_impact_coefficient': 1, 'environmental_impact_coefficient': 2.0, 'cooling_rate': 0.96}",102,6,50,383.74523723602965,14.934081554412842,97060,381.4569939449432,0.5998692716109283
HPSO,"{'num_particles': 100, 'stubbornness_coefficient': 2.0, 'personal_impact_coefficient': 1, 'environmental_impact_coefficient': 2.0, 'cooling_rate': 0.96}",102,7,100,755.772362282982,40.06696820259094,147560,753.9036132837116,0.24787638185349795
HPSO,"{'num_particles': 100, 'stubbornness_coefficient': 2.0, 'personal_impact_coefficient': 1, 'environmental_impact_coefficient': 2.0, 'cooling_rate': 0.96}",102,8,100,706.3783779536949,39.2029550075531,147560,703.5548352808022,0.4013251748551724
HPSO,"{'num_particles': 100, 'stubbornness_coefficient': 2.0, 'personal_impact_coefficient': 1, 'environmental_impact_coefficient': 2.0, 'cooling_rate': 0.96}",102,9,100,728.9386878251518,38.64427900314331,147560,726.7072203761198,0.3070655398025343
HPSO,"{'num_particles': 100, 'stubbornness_coefficient': 2.0, 'personal_impact_coefficient': 2.0, 'environmental_impact_coefficient': 0.5, 'cooling_rate': 0.9}",103,1,20,124.31933257311233,4.94063663482666,60089,123.15082171840821,0.9488453575859969
HPSO,"{'num_particles': 100, 'stubbornness_coefficient': 2.0, 'personal_impact_coefficient': 2.0, 'environmental_impact_coefficient': 0.5, 'cooling_rate': 0.9}",103,2,20,118.73421843481482,4.869884490966797,60089,118.18939147303678,0.4609778889523575
HPSO,"{'num_particles': 100, 'stubbornness_coefficient': 2.0, 'personal_impact_coefficient': 2.0, 'environmental_impact_coefficient': 0.5, 'cooling_rate': 0.9}",103,3,20,164.40589467030208,4.799546003341675,60089,163.7358903037225,0.40919823096619135
HPSO,"{'num_particles': 100, 'stubbornness_coefficient': 2.0, 'personal_impact_coefficient': 2.0, 'environmental_impact_coefficient': 0.5, 'cooling_rate': 0.9}",103,4,50,316.1229156759253,13.077649593353271,81102,314.1166007420703,0.6387166195977081
HPSO,"{'num_particles': 100, 'stubbornness_coefficient': 2.0, 'personal_impact_coefficient': 2.0, 'environmental_impact_coefficient': 0.5, 'cooling_rate': 0.9}",103,5,50,359.90239153817,13.197683334350586,81102,356.61676113590636,0.9213337005804586
HPSO,"{'num_particles': 100, 'stubbornness_coefficient': 2.0, 'personal_impact_coefficient': 2.0, 'environmental_impact_coefficient': 0.5, 'cooling_rate': 0.9}",103,6,50,381.93405276725815,13.50585651397705,81102,381.4569939449432,0.12506228221990034
HPSO,"{'num_particles': 100, 'stubbornness_coefficient': 2.0, 'personal_impact_coefficient': 2.0, 'environmental_impact_coefficient': 0.5, 'cooling_rate': 0.9}",103,7,100,756.1977790548218,36.76311182975769,131602,753.9036132837116,0.3043049178551777
HPSO,"{'num_particles': 100, 'stubbornness_coefficient': 2.0, 'personal_impact_coefficient': 2.0, 'environmental_impact_coefficient': 0.5, 'cooling_rate': 0.9}",103,8,100,706.1670809221444,36.61779165267944,131602,703.5548352808022,0.3712924011530045
HPSO,"{'num_particles': 100, 'stubbornness_coefficient': 2.0, 'personal_impact_coefficient': 2.0, 'environmental_impact_coefficient': 0.5, 'cooling_rate': 0.9}",103,9,100,729.5752895319994,35.95731067657471,131602,726.7072203761198,0.394666390461226
HPSO,"{'num_particles': 100, 'stubbornness_coefficient': 2.0, 'personal_impact_coefficient': 2.0, 'environmental_impact_coefficient': 0.5, 'cooling_rate': 0.96}",104,1,20,124.05782958379352,4.818127155303955,66760,123.15082171840821,0.7365016755302197
HPSO,"{'num_particles': 100, 'stubbornness_coefficient': 2.0, 'personal_impact_coefficient': 2.0, 'environmental_impact_coefficient': 0.5, 'cooling_rate': 0.96}",104,2,20,118.99214448989686,4.696727752685547,66760,118.18939147303678,0.6792090278620455
HPSO,"{'num_particles': 100, 'stubbornness_coefficient': 2.0, 'personal_impact_coefficient': 2.0, 'environmental_impact_coefficient': 0.5, 'cooling_rate': 0.96}",104,3,20,165.26478945872367,4.637324571609497,66760,163.7358903037225,0.9337593316682941
HPSO,"{'num_particles': 100, 'stubbornness_coefficient': 2.0, 'personal_impact_coefficient': 2.0, 'environmental_impact_coefficient': 0.5, 'cooling_rate': 0.96}",104,4,50,316.17074313465145,14.445176124572754,97060,314.1166007420703,0.6539426403215918
HPSO,"{'num_particles': 100, 'stubbornness_coefficient': 2.0, 'personal_impact_coefficient': 2.0, 'environmental_impact_coefficient': 0.5, 'cooling_rate': 0.96}",104,5,50,356.952915218817,14.751992225646973,97060,356.61676113590636,0.09426199762453981
HPSO,"{'num_particles': 100, 'stubbornness_coefficient': 2.0, 'personal_impact_coefficient': 2.0, 'environmental_impact_coefficient': 0.5, 'cooling_rate': 0.96}",104,6,50,382.4151248449211,14.81561017036438,97060,381.4569939449432,0.25117665036604164
HPSO,"{'num_particles': 100, 'stubbornness_coefficient': 2.0, 'personal_impact_coefficient': 2.0, 'environmental_impact_coefficient': 0.5, 'cooling_rate': 0.96}",104,7,100,757.5242028764196,39.457396030426025,147560,753.9036132837116,0.4802456877661251
HPSO,"{'num_particles': 100, 'stubbornness_coefficient': 2.0, 'personal_impact_coefficient': 2.0, 'environmental_impact_coefficient': 0.5, 'cooling_rate': 0.96}",104,8,100,706.7397625491072,39.42869806289673,147560,703.5548352808022,0.4526906942561031
HPSO,"{'num_particles': 100, 'stubbornness_coefficient': 2.0, 'personal_impact_coefficient': 2.0, 'environmental_impact_coefficient': 0.5, 'cooling_rate': 0.96}",104,9,100,730.5481511177167,38.14699721336365,147560,726.7072203761198,0.5285389540520709
HPSO,"{'num_particles': 100, 'stubbornness_coefficient': 2.0, 'personal_impact_coefficient': 2.0, 'environmental_impact_coefficient': 1, 'cooling_rate': 0.9}",105,1,20,124.07424941730953,4.886767148971558,60089,123.15082171840821,0.7498347847104052
HPSO,"{'num_particles': 100, 'stubbornness_coefficient': 2.0, 'personal_impact_coefficient': 2.0, 'environmental_impact_coefficient': 1, 'cooling_rate': 0.9}",105,2,20,118.42856737262737,4.796692848205566,60089,118.18939147303678,0.20236663934863922
HPSO,"{'num_particles': 100, 'stubbornness_coefficient': 2.0, 'personal_impact_coefficient': 2.0, 'environmental_impact_coefficient': 1, 'cooling_rate': 0.9}",105,3,20,165.23868694035968,4.720843553543091,60089,163.7358903037225,0.9178174887922053
HPSO,"{'num_particles': 100, 'stubbornness_coefficient': 2.0, 'personal_impact_coefficient': 2.0, 'environmental_impact_coefficient': 1, 'cooling_rate': 0.9}",105,4,50,316.51654400586324,12.963403224945068,81102,314.1166007420703,0.764029426691644
HPSO,"{'num_particles': 100, 'stubbornness_coefficient': 2.0, 'personal_impact_coefficient': 2.0, 'environmental_impact_coefficient': 1, 'cooling_rate': 0.9}",105,5,50,360.0398721011472,12.92436146736145,81102,356.61676113590636,0.9598850470004349
HPSO,"{'num_particles': 100, 'stubbornness_coefficient': 2.0, 'personal_impact_coefficient': 2.0, 'environmental_impact_coefficient': 1, 'cooling_rate': 0.9}",105,6,50,382.60257739674455,13.177530765533447,81102,381.4569939449432,0.3003178523361187
HPSO,"{'num_particles': 100, 'stubbornness_coefficient': 2.0, 'personal_impact_coefficient': 2.0, 'environmental_impact_coefficient': 1, 'cooling_rate': 0.9}",105,7,100,758.0427980731984,35.85057306289673,131602,753.9036132837116,0.5490336850168525
HPSO,"{'num_particles': 100, 'stubbornness_coefficient': 2.0, 'personal_impact_coefficient': 2.0, 'environmental_impact_coefficient': 1, 'cooling_rate': 0.9}",105,8,100,706.1846628794148,35.87728929519653,131602,703.5548352808022,0.3737914184845237
HPSO,"{'num_particles': 100, 'stubbornness_coefficient': 2.0, 'personal_impact_coefficient': 2.0, 'environmental_impact_coefficient': 1, 'cooling_rate': 0.9}",105,9,100,728.2078775923248,42.44695425033569,131602,726.7072203761198,0.2065009365708961
HPSO,"{'num_particles': 100, 'stubbornness_coefficient': 2.0, 'personal_impact_coefficient': 2.0, 'environmental_impact_coefficient': 1, 'cooling_rate': 0.96}",106,1,20,124.38091917377169,4.80873966217041,66760,123.15082171840821,0.9988544438429892
HPSO,"{'num_particles': 100, 'stubbornness_coefficient': 2.0, 'personal_impact_coefficient': 2.0, 'environmental_impact_coefficient': 1, 'cooling_rate': 0.96}",106,2,20,118.68153495711607,4.650150299072266,66760,118.18939147303678,0.4164024181405217
HPSO,"{'num_particles': 100, 'stubbornness_coefficient': 2.0, 'personal_impact_coefficient': 2.0, 'environmental_impact_coefficient': 1, 'cooling_rate': 0.96}",106,3,20,165.174878037473,4.659017562866211,66760,163.7358903037225,0.8788468619074613
HPSO,"{'num_particles': 100, 'stubbornness_coefficient': 2.0, 'personal_impact_coefficient': 2.0, 'environmental_impact_coefficient': 1, 'cooling_rate': 0.96}",106,4,50,316.21323218993257,14.514539241790771,97060,314.1166007420703,0.6674691636510647
HPSO,"{'num_particles': 100, 'stubbornness_coefficient': 2.0, 'personal_impact_coefficient': 2.0, 'environmental_impact_coefficient': 1, 'cooling_rate': 0.96}",106,5,50,358.50157265586176,14.557557821273804,97060,356.61676113590636,0.5285257804349544
HPSO,"{'num_particles': 100, 'stubbornness_coefficient': 2.0, 'personal_impact_coefficient': 2.0, 'environmental_impact_coefficient': 1, 'cooling_rate': 0.96}",106,6,50,382.78027582893174,14.91569471359253,97060,381.4569939449432,0.34690198501893243
HPSO,"{'num_particles': 100, 'stubbornness_coefficient': 2.0, 'personal_impact_coefficient': 2.0, 'environmental_impact_coefficient': 1, 'cooling_rate': 0.96}",106,7,100,757.56883809904,39.79125428199768,147560,753.9036132837116,0.4861662354109343
HPSO,"{'num_particles': 100, 'stubbornness_coefficient': 2.0, 'personal_impact_coefficient': 2.0, 'environmental_impact_coefficient': 1, 'cooling_rate': 0.96}",106,8,100,706.5630295568662,39.105201721191406,147560,703.5548352808022,0.42757069175189705
HPSO,"{'num_particles': 100, 'stubbornness_coefficient': 2.0, 'personal_impact_coefficient': 2.0, 'environmental_impact_coefficient': 1, 'cooling_rate': 0.96}",106,9,100,728.4689390745534,38.30505084991455,147560,726.7072203761198,0.24242482378553706
HPSO,"{'num_particles': 100, 'stubbornness_coefficient': 2.0, 'personal_impact_coefficient': 2.0, 'environmental_impact_coefficient': 2.0, 'cooling_rate': 0.9}",107,1,20,124.77877685387307,4.879495620727539,60089,123.15082171840821,1.321919831917384
HPSO,"{'num_particles': 100, 'stubbornness_coefficient': 2.0, 'personal_impact_coefficient': 2.0, 'environmental_impact_coefficient': 2.0, 'cooling_rate': 0.9}",107,2,20,119.09572149050442,4.824903964996338,60089,118.18939147303678,0.766845489406217
HPSO,"{'num_particles': 100, 'stubbornness_coefficient': 2.0, 'personal_impact_coefficient': 2.0, 'environmental_impact_coefficient': 2.0, 'cooling_rate': 0.9}",107,3,20,165.68746502502802,4.77336573600769,60089,163.7358903037225,1.1919040582278195
HPSO,"{'num_particles': 100, 'stubbornness_coefficient': 2.0, 'personal_impact_coefficient': 2.0, 'environmental_impact_coefficient': 2.0, 'cooling_rate': 0.9}",107,4,50,316.82720361163325,12.894863843917847,81102,314.1166007420703,0.8629288815552549
HPSO,"{'num_particles': 100, 'stubbornness_coefficient': 2.0, 'personal_impact_coefficient': 2.0, 'environmental_impact_coefficient': 2.0, 'cooling_rate': 0.9}",107,5,50,357.39929537554667,12.887888431549072,81102,356.61676113590636,0.21943282675434594
HPSO,"{'num_particles': 100, 'stubbornness_coefficient': 2.0, 'personal_impact_coefficient': 2.0, 'environmental_impact_coefficient': 2.0, 'cooling_rate': 0.9}",107,6,50,382.59792255196203,13.220778226852417,81102,381.4569939449432,0.2990975719751841
HPSO,"{'num_particles': 100, 'stubbornness_coefficient': 2.0, 'personal_impact_coefficient': 2.0, 'environmental_impact_coefficient': 2.0, 'cooling_rate': 0.9}",107,7,100,756.7911179244127,36.0597198009491,131602,753.9036132837116,0.38300713643276385
HPSO,"{'num_particles': 100, 'stubbornness_coefficient': 2.0, 'personal_impact_coefficient': 2.0, 'environmental_impact_coefficient': 2.0, 'cooling_rate': 0.9}",107,8,100,705.2104942493107,35.7652530670166,131602,703.5548352808022,0.23532763694925465
HPSO,"{'num_particles': 100, 'stubbornness_coefficient': 2.0, 'personal_impact_coefficient': 2.0, 'environmental_impact_coefficient': 2.0, 'cooling_rate': 0.9}",107,9,100,729.9365157300971,35.22824168205261,131602,726.7072203761198,0.4443736436670978
HPSO,"{'num_particles': 100, 'stubbornness_coefficient': 2.0, 'personal_impact_coefficient': 2.0, 'environmental_impact_coefficient': 2.0, 'cooling_rate': 0.96}",108,1,20,123.78213092879203,4.840121030807495,66760,123.15082171840821,0.5126309362574497
HPSO,"{'num_particles': 100, 'stubbornness_coefficient': 2.0, 'personal_impact_coefficient': 2.0, 'environmental_impact_coefficient': 2.0, 'cooling_rate': 0.96}",108,2,20,121.15907174189785,4.731128215789795,66760,118.18939147303678,2.5126453667701294
HPSO,"{'num_particles': 100, 'stubbornness_coefficient': 2.0, 'personal_impact_coefficient': 2.0, 'environmental_impact_coefficient': 2.0, 'cooling_rate': 0.96}",108,3,20,164.7000904840813,4.666436433792114,66760,163.7358903037225,0.5888752787005066
HPSO,"{'num_particles': 100, 'stubbornness_coefficient': 2.0, 'personal_impact_coefficient': 2.0, 'environmental_impact_coefficient': 2.0, 'cooling_rate': 0.96}",108,4,50,316.2952950587044,14.518982887268066,97060,314.1166007420703,0.6935941339894648
HPSO,"{'num_particles': 100, 'stubbornness_coefficient': 2.0, 'personal_impact_coefficient': 2.0, 'environmental_impact_coefficient': 2.0, 'cooling_rate': 0.96}",108,5,50,357.653544818125,14.91548490524292,97060,356.61676113590636,0.29072769292061484
HPSO,"{'num_particles': 100, 'stubbornness_coefficient': 2.0, 'personal_impact_coefficient': 2.0, 'environmental_impact_coefficient': 2.0, 'cooling_rate': 0.96}",108,6,50,382.00712913083197,15.04534101486206,97060,381.4569939449432,0.14421945189663873
HPSO,"{'num_particles': 100, 'stubbornness_coefficient': 2.0, 'personal_impact_coefficient': 2.0, 'environmental_impact_coefficient': 2.0, 'cooling_rate': 0.96}",108,7,100,756.0430832203571,40.12315368652344,147560,753.9036132837116,0.2837856058716535
HPSO,"{'num_particles': 100, 'stubbornness_coefficient': 2.0, 'personal_impact_coefficient': 2.0, 'environmental_impact_coefficient': 2.0, 'cooling_rate': 0.96}",108,8,100,705.8211643614935,39.38519835472107,147560,703.5548352808022,0.32212543600624755
HPSO,"{'num_particles': 100, 'stubbornness_coefficient': 2.0, 'personal_impact_coefficient': 2.0, 'environmental_impact_coefficient': 2.0, 'cooling_rate': 0.96}",108,9,100,729.08515376404,38.60063862800598,147560,726.7072203761198,0.3272202781595352
