algorithm,is_baseline,instance_id,size,power_pressure_class,repetition,makespan,best_known_makespan,best_naive_makespan,rpd,hit_bks,within_0_1pct,reached_0_1pct,time_to_0_1pct_s,evaluations_to_0_1pct,within_1pct,reached_1pct,time_to_1pct_s,evaluations_to_1pct,execution_time_s,time_overrun_s,solution_count,solutions_per_second,auc_rpd_time,termination_reason,hit_time_limit,profile_id,status
2PGA,False,n0020_i01,20,medium,1,75.37144783698194,74.94165988143776,77.49712421315317,0.5734967122747692,False,False,False,,,True,True,0.954891499990481,30632.0,150.00564429999213,0.005644299992127344,4390594,29269.525293457446,0.5807782971980443,time_limit,True,run_b9ece1fb,ok
2PGA,False,n0020_i01,20,medium,2,75.57810343339267,74.94165988143776,77.49712421315317,0.8492520087783004,False,False,False,,,True,True,0.536018899991177,9376.0,150.0032893000025,0.003289300002506934,2910430,19402.441197000815,0.8577149488677793,time_limit,True,run_b9ece1fb,ok
2PGA,False,n0020_i01,20,medium,3,75.58451251517853,74.94165988143776,77.49712421315317,0.857804103562431,False,False,False,,,True,True,0.37460290000308305,7086.0,150.0026213000092,0.002621300009195693,2647096,17646.998279488318,0.8599069201593267,time_limit,True,run_b9ece1fb,ok
2PGA,False,n0020_i01,20,medium,4,75.45419964267383,74.94165988143776,77.49712421315317,0.6839183466805232,False,False,False,,,True,True,0.39360880000458565,7508.0,150.00176870000723,0.0017687000072328374,4094258,27294.73149205475,0.702629494933791,time_limit,True,run_b9ece1fb,ok
2PGA,False,n0020_i01,20,medium,5,75.51718448628733,74.94165988143776,77.49712421315317,0.7679635142323924,False,False,False,,,True,True,6.572330700000748,205568.0,150.00179380000918,0.001793800009181723,4693855,31291.992456157634,0.7982148090030329,time_limit,True,run_b9ece1fb,ok
ACO,False,n0020_i01,20,medium,1,75.41380973042703,74.94165988143776,77.49712421315317,0.6300232070336378,False,False,False,,,True,True,30.725588100000095,352178.0,150.00085119999858,0.0008511999985785224,1126579,7510.484047173265,0.7357999899937945,time_limit,True,run_b9ece1fb,ok
ACO,False,n0020_i01,20,medium,2,75.31553607855628,74.94165988143776,77.49712421315317,0.4988896665886699,False,False,False,,,True,True,0.4690152000002854,3058.0,150.00078349999967,0.0007834999996703118,967728,6451.486301736565,0.77957198220507,time_limit,True,run_b9ece1fb,ok
ACO,False,n0020_i01,20,medium,3,75.53483071590227,74.94165988143776,77.49712421315317,0.7915101365554861,False,False,False,,,True,True,89.63971610000044,570260.0,150.0010493000009,0.0010493000008864328,950043,6333.575694526788,1.0230896163618048,time_limit,True,run_b9ece1fb,ok
ACO,False,n0020_i01,20,medium,4,75.19845759857121,74.94165988143776,77.49712421315317,0.3426635032366796,False,False,False,,,True,True,2.7359776999983296,17357.0,150.00076779999836,0.0007677999983570771,957341,6382.240664770854,0.5200576749994716,time_limit,True,run_b9ece1fb,ok
ACO,False,n0020_i01,20,medium,5,75.59337923678467,74.94165988143776,77.49712421315317,0.8696356023845377,False,False,False,,,True,True,118.12481590000061,755495.0,150.00074190000123,0.0007419000012305332,959753,6398.3216872342155,1.003939815280364,time_limit,True,run_b9ece1fb,ok
BRKGA-R-LS,False,n0020_i01,20,medium,1,75.01134584091797,74.94165988143776,77.49712421315317,0.09298694423163034,False,True,True,59.10693080001511,1764890.0,True,True,0.9428165000281297,30315.0,150.0018648999976,0.001864899997599423,4598453,30655.972197850144,0.2608972423468876,time_limit,True,run_b9ece1fb,ok
BRKGA-R-LS,False,n0020_i01,20,medium,2,74.99476368473829,74.94165988143776,77.49712421315317,0.0708601909599329,False,True,True,47.358971200010274,1345583.0,True,True,0.17038129997672513,4835.0,150.0019293000223,0.0019293000223115087,4550357,30335.32316040233,0.13890451967041093,time_limit,True,run_b9ece1fb,ok
BRKGA-R-LS,False,n0020_i01,20,medium,3,74.96195093268737,74.94165988143776,77.49712421315317,0.027075796401782776,False,True,True,46.12013960001059,1391236.0,True,True,0.09301419998519123,3344.0,150.0019045000081,0.0019045000080950558,4782448,31882.581864150543,0.17264681656823203,time_limit,True,run_b9ece1fb,ok
BRKGA-R-LS,False,n0020_i01,20,medium,4,75.12996448141965,74.94165988143776,77.49712421315317,0.2512682535719114,False,False,False,,,True,True,5.758125599997584,30372.0,150.00284999998985,0.002849999989848584,2779443,18529.26794391032,0.2857914437684213,time_limit,True,run_b9ece1fb,ok
BRKGA-R-LS,False,n0020_i01,20,medium,5,75.12996448141965,74.94165988143776,77.49712421315317,0.2512682535719114,False,False,False,,,True,True,0.42314149998128414,8398.0,150.00286169996252,0.0028616999625228345,3499243,23327.841618110106,0.29035252227244146,time_limit,True,run_b9ece1fb,ok
GA,False,n0020_i01,20,medium,1,75.5000482554529,74.94165988143776,77.49712421315317,0.7450974196442167,False,False,False,,,True,True,0.10609809996094555,2808.0,150.00178140000207,0.0017814000020734966,4456035,29706.547205044983,0.7462602790034797,time_limit,True,run_b9ece1fb,ok
GA,False,n0020_i01,20,medium,2,75.8837917247088,74.94165988143776,77.49712421315317,1.2571536909664822,False,False,False,,,False,False,,,150.00227360002464,0.002273600024636835,4408020,29386.354581223335,1.2578110193917156,time_limit,True,run_b9ece1fb,ok
GA,False,n0020_i01,20,medium,3,75.85502660912644,74.94165988143776,77.49712421315317,1.218770346338317,False,False,False,,,False,False,,,150.0027826000005,0.002782600000500679,2746759,18311.386978230566,1.2197282700183165,time_limit,True,run_b9ece1fb,ok
GA,False,n0020_i01,20,medium,4,75.13717798209719,74.94165988143776,77.49712421315317,0.260893741836982,False,False,False,,,True,True,0.04899849998764694,917.0,150.00265569996554,0.002655699965544045,2696948,17979.33501520413,0.2616102177866593,time_limit,True,run_b9ece1fb,ok
GA,False,n0020_i01,20,medium,5,75.87946996246778,74.94165988143776,77.49712421315317,1.2513868554735708,False,False,False,,,False,False,,,150.00281989999348,0.002819899993482977,2683242,17887.943718584163,1.25195538061272,time_limit,True,run_b9ece1fb,ok
HPSO,False,n0020_i01,20,medium,1,75.13088620074211,74.94165988143776,77.49712421315317,0.2524981693809835,False,False,False,,,True,True,0.030157200002577156,539.0,150.0005203000037,0.0005203000036999583,2963191,19754.5381447582,0.25317857234413943,time_limit,True,run_b9ece1fb,ok
HPSO,False,n0020_i01,20,medium,2,75.47468249655752,74.94165988143776,77.49712421315317,0.7112500790121759,False,False,False,,,True,True,0.1599667000118643,3037.0,150.00045520003187,0.00045520003186538815,2909536,19396.847803695076,0.7201062242867706,time_limit,True,run_b9ece1fb,ok
HPSO,False,n0020_i01,20,medium,3,75.12863436076827,74.94165988143776,77.49712421315317,0.2494933787513125,False,False,False,,,True,True,11.897168700001203,181674.0,150.00042319996282,0.00042319996282458305,2855359,19035.672960692737,0.3176093740692114,time_limit,True,run_b9ece1fb,ok
HPSO,False,n0020_i01,20,medium,4,75.1686626565996,74.94165988143776,77.49712421315317,0.30290598783235906,False,False,False,,,True,True,0.04865100001916289,1033.0,150.00071440002648,0.0007144000264815986,3021322,20142.050736789468,0.30411582763334283,time_limit,True,run_b9ece1fb,ok
HPSO,False,n0020_i01,20,medium,5,75.44228601378116,74.94165988143776,77.49712421315317,0.6680211422263929,False,False,False,,,True,True,0.1236161999986507,1269.0,150.00069040001836,0.0006904000183567405,1531431,10209.493009105594,0.6743425154876923,time_limit,True,run_b9ece1fb,ok
LPT,True,n0020_i01,20,medium,0,77.49712421315317,74.94165988143776,77.49712421315317,3.4099382583176197,False,False,False,,,False,False,,,5.91999851167202e-05,0.0,1,16891.896138628657,,completed,False,run_b9ece1fb,ok
SIP,True,n0020_i01,20,medium,0,83.68947271874825,74.94165988143776,77.49712421315317,11.672830373853555,False,False,False,,,False,False,,,4.39999857917428e-05,0.0,1,22727.28006625092,,completed,False,run_b9ece1fb,ok
TS,False,n0020_i01,20,medium,1,74.94165988143776,74.94165988143776,77.49712421315317,0.0,True,True,True,1.1149792000069283,38367.0,True,True,0.04519040003651753,1640.0,150.00358600000618,0.0035860000061802566,4940670,32937.012585817756,0.0042372519498810315,time_limit,True,run_b9ece1fb,ok
TS,False,n0020_i01,20,medium,2,74.94165988143776,74.94165988143776,77.49712421315317,0.0,True,True,True,5.704704700037837,188128.0,True,True,0.04820680001284927,1683.0,150.00280870002462,0.0028087000246159732,4846140,32306.995062281156,0.023243728869385853,time_limit,True,run_b9ece1fb,ok
TS,False,n0020_i01,20,medium,3,74.94165988143776,74.94165988143776,77.49712421315317,0.0,True,True,True,12.079099699971266,297007.0,True,True,0.04565439996076748,1518.0,150.00260499998694,0.0026049999869428575,4256366,28375.28054929693,0.03791718256323396,time_limit,True,run_b9ece1fb,ok
TS,False,n0020_i01,20,medium,4,74.94165988143776,74.94165988143776,77.49712421315317,0.0,True,True,True,15.580023700022139,423051.0,True,True,0.06923620001180097,2365.0,150.00202720001107,0.0020272000110708177,3668591,24456.94280590182,0.03623027829412324,time_limit,True,run_b9ece1fb,ok
TS,False,n0020_i01,20,medium,5,74.94165988143776,74.94165988143776,77.49712421315317,0.0,True,True,True,36.83592590002809,626986.0,True,True,0.08385230001294985,1677.0,150.0020033000037,0.002003300003707409,2839636,18930.653841473926,0.07086010918658671,time_limit,True,run_b9ece1fb,ok
2PGA,False,n0020_i02,20,low,1,83.49083195052657,83.49083195052657,83.49083195052657,0.0,True,True,True,0.0002558999985922128,1.0,True,True,0.0002558999985922128,1.0,150.00165779999224,0.0016577999922446907,4559344,30395.290737915002,0.0,time_limit,True,run_b9ece1fb,ok
2PGA,False,n0020_i02,20,low,2,83.49083195052657,83.49083195052657,83.49083195052657,0.0,True,True,True,0.00024649999977555126,1.0,True,True,0.00024649999977555126,1.0,150.00189309999405,0.0018930999940494075,4470020,29799.757240531635,0.0,time_limit,True,run_b9ece1fb,ok
2PGA,False,n0020_i02,20,low,3,83.49083195052657,83.49083195052657,83.49083195052657,0.0,True,True,True,0.00024480000138282776,1.0,True,True,0.00024480000138282776,1.0,150.0015557000006,0.00155570000060834,4316642,28777.31487420822,0.0,time_limit,True,run_b9ece1fb,ok
2PGA,False,n0020_i02,20,low,4,83.49083195052657,83.49083195052657,83.49083195052657,0.0,True,True,True,0.00032210000790655613,1.0,True,True,0.00032210000790655613,1.0,150.0015604000073,0.0015604000072926283,4265058,28433.4242165643,0.0,time_limit,True,run_b9ece1fb,ok
2PGA,False,n0020_i02,20,low,5,83.49083195052657,83.49083195052657,83.49083195052657,0.0,True,True,True,0.0002523000002838671,1.0,True,True,0.0002523000002838671,1.0,150.00158339999325,0.0015833999932510778,4348626,28990.533975924656,0.0,time_limit,True,run_b9ece1fb,ok
ACO,False,n0020_i02,20,low,1,83.49083195052657,83.49083195052657,83.49083195052657,0.0,True,True,True,0.00020369999947433826,1.0,True,True,0.00020369999947433826,1.0,150.00073089999933,0.0007308999993256293,918523,6123.456829102718,0.0,time_limit,True,run_b9ece1fb,ok
ACO,False,n0020_i02,20,low,2,83.49083195052657,83.49083195052657,83.49083195052657,0.0,True,True,True,0.00020330000006651971,1.0,True,True,0.00020330000006651971,1.0,150.00080320000052,0.0008032000005187001,917226,6114.807257245386,0.0,time_limit,True,run_b9ece1fb,ok
ACO,False,n0020_i02,20,low,3,83.49083195052657,83.49083195052657,83.49083195052657,0.0,True,True,True,0.000221800000872463,1.0,True,True,0.000221800000872463,1.0,150.00077520000013,0.000775200000134646,916933,6112.855075431631,0.0,time_limit,True,run_b9ece1fb,ok
ACO,False,n0020_i02,20,low,4,83.49083195052657,83.49083195052657,83.49083195052657,0.0,True,True,True,0.00020880000010947697,1.0,True,True,0.00020880000010947697,1.0,150.00037500000144,0.0003750000014406396,1098437,7322.895026095698,0.0,time_limit,True,run_b9ece1fb,ok
ACO,False,n0020_i02,20,low,5,83.49083195052657,83.49083195052657,83.49083195052657,0.0,True,True,True,0.00012210000022605527,1.0,True,True,0.00012210000022605527,1.0,150.0009966000016,0.0009966000015992904,1214296,8095.252881806434,0.0,time_limit,True,run_b9ece1fb,ok
BRKGA-R-LS,False,n0020_i02,20,low,1,83.49083195052657,83.49083195052657,83.49083195052657,0.0,True,True,True,0.00018860003910958767,1.0,True,True,0.00018860003910958767,1.0,150.00208629999543,0.0020862999954260886,2561523,17076.582487506897,0.0,time_limit,True,run_b9ece1fb,ok
BRKGA-R-LS,False,n0020_i02,20,low,2,83.49083195052657,83.49083195052657,83.49083195052657,0.0,True,True,True,0.0001894999877549708,1.0,True,True,0.0001894999877549708,1.0,150.0023948000162,0.0023948000161908567,2508254,16721.42637018572,0.0,time_limit,True,run_b9ece1fb,ok
BRKGA-R-LS,False,n0020_i02,20,low,3,83.49083195052657,83.49083195052657,83.49083195052657,0.0,True,True,True,0.00025749998167157173,1.0,True,True,0.00025749998167157173,1.0,150.00241999997525,0.002419999975245446,2505053,16700.08390531575,0.0,time_limit,True,run_b9ece1fb,ok
BRKGA-R-LS,False,n0020_i02,20,low,4,83.49083195052657,83.49083195052657,83.49083195052657,0.0,True,True,True,0.00019219995010644197,1.0,True,True,0.00019219995010644197,1.0,150.00236879999284,0.002368799992837012,2530279,16868.26028310108,0.0,time_limit,True,run_b9ece1fb,ok
BRKGA-R-LS,False,n0020_i02,20,low,5,83.49083195052657,83.49083195052657,83.49083195052657,0.0,True,True,True,0.00018880004063248634,1.0,True,True,0.00018880004063248634,1.0,150.0024928000057,0.002492800005711615,2482187,16547.638333647115,0.0,time_limit,True,run_b9ece1fb,ok
GA,False,n0020_i02,20,low,1,83.49083195052657,83.49083195052657,83.49083195052657,0.0,True,True,True,0.0003955999854952097,1.0,True,True,0.0003955999854952097,1.0,150.00231589999748,0.002315899997483939,2354841,15698.69762257477,0.0,time_limit,True,run_b9ece1fb,ok
GA,False,n0020_i02,20,low,2,83.49083195052657,83.49083195052657,83.49083195052657,0.0,True,True,True,0.0004059000057168305,1.0,True,True,0.0004059000057168305,1.0,150.0025988999987,0.002598899998702109,2407294,16048.348612978738,0.0,time_limit,True,run_b9ece1fb,ok
GA,False,n0020_i02,20,low,3,83.49083195052657,83.49083195052657,83.49083195052657,0.0,True,True,True,0.00040989997796714306,1.0,True,True,0.00040989997796714306,1.0,150.00258530001156,0.002585300011560321,2414659,16097.449221762272,0.0,time_limit,True,run_b9ece1fb,ok
GA,False,n0020_i02,20,low,4,83.49083195052657,83.49083195052657,83.49083195052657,0.0,True,True,True,0.00040259998058900237,1.0,True,True,0.00040259998058900237,1.0,150.0023950000177,0.0023950000177137554,2402738,16017.997579303426,0.0,time_limit,True,run_b9ece1fb,ok
GA,False,n0020_i02,20,low,5,83.49083195052657,83.49083195052657,83.49083195052657,0.0,True,True,True,0.00040259992238134146,1.0,True,True,0.00040259992238134146,1.0,150.0026130999904,0.002613099990412593,2462698,16417.700659377097,0.0,time_limit,True,run_b9ece1fb,ok
HPSO,False,n0020_i02,20,low,1,83.49083195052657,83.49083195052657,83.49083195052657,0.0,True,True,True,0.000340400030836463,1.0,True,True,0.000340400030836463,1.0,150.00058089999948,0.0005808999994769692,1654991,11033.230605308981,0.0,time_limit,True,run_b9ece1fb,ok
HPSO,False,n0020_i02,20,low,2,83.49083195052657,83.49083195052657,83.49083195052657,0.0,True,True,True,0.0006345000001601875,1.0,True,True,0.0006345000001601875,1.0,150.0007942999946,0.0007942999945953488,1423257,9488.329756131507,0.0,time_limit,True,run_b9ece1fb,ok
HPSO,False,n0020_i02,20,low,3,83.49083195052657,83.49083195052657,83.49083195052657,0.0,True,True,True,0.0008364999666810036,1.0,True,True,0.0008364999666810036,1.0,150.00078509998275,0.0007850999827496707,1426067,9507.063573363685,0.0,time_limit,True,run_b9ece1fb,ok
HPSO,False,n0020_i02,20,low,4,83.49083195052657,83.49083195052657,83.49083195052657,0.0,True,True,True,0.0005828000139445066,1.0,True,True,0.0005828000139445066,1.0,150.00056449999101,0.0005644999910145998,1436410,9576.030628871973,0.0,time_limit,True,run_b9ece1fb,ok
HPSO,False,n0020_i02,20,low,5,83.49083195052657,83.49083195052657,83.49083195052657,0.0,True,True,True,0.0006069999653846025,1.0,True,True,0.0006069999653846025,1.0,150.00081040000077,0.0008104000007733703,1409757,9398.32922395993,0.0,time_limit,True,run_b9ece1fb,ok
LPT,True,n0020_i02,20,low,0,83.49083195052657,83.49083195052657,83.49083195052657,0.0,True,True,True,7.03000114299357e-05,1.0,True,True,7.03000114299357e-05,1.0,7.790001109242439e-05,0.0,1,12836.968647071833,,completed,False,run_b9ece1fb,ok
SIP,True,n0020_i02,20,low,0,87.49968849423712,83.49083195052657,83.49083195052657,4.801552996963838,False,False,False,,,False,False,,,7.399998139590025e-05,0.0,1,13513.516910902927,,completed,False,run_b9ece1fb,ok
TS,False,n0020_i02,20,low,1,83.49083195052657,83.49083195052657,83.49083195052657,0.0,True,True,True,6.46000262349844e-05,1.0,True,True,6.46000262349844e-05,1.0,150.00145730003715,0.0014573000371456146,2651889,17679.088241760324,0.0,time_limit,True,run_b9ece1fb,ok
TS,False,n0020_i02,20,low,2,83.49083195052657,83.49083195052657,83.49083195052657,0.0,True,True,True,7.51999905332923e-05,1.0,True,True,7.51999905332923e-05,1.0,150.00160139997024,0.001601399970240891,2599293,17328.435001631362,0.0,time_limit,True,run_b9ece1fb,ok
TS,False,n0020_i02,20,low,3,83.49083195052657,83.49083195052657,83.49083195052657,0.0,True,True,True,7.479998748749495e-05,1.0,True,True,7.479998748749495e-05,1.0,150.00162669998826,0.0016266999882645905,2602501,17349.818513669517,0.0,time_limit,True,run_b9ece1fb,ok
TS,False,n0020_i02,20,low,4,83.49083195052657,83.49083195052657,83.49083195052657,0.0,True,True,True,6.839999696239829e-05,1.0,True,True,6.839999696239829e-05,1.0,150.0014565999736,0.0014565999736078084,2594942,17299.44534418912,0.0,time_limit,True,run_b9ece1fb,ok
TS,False,n0020_i02,20,low,5,83.49083195052657,83.49083195052657,83.49083195052657,0.0,True,True,True,6.879994180053473e-05,1.0,True,True,6.879994180053473e-05,1.0,150.0014599999413,0.001459999941289425,2584821,17231.972275476597,0.0,time_limit,True,run_b9ece1fb,ok
2PGA,False,n0020_i03,20,high,1,110.41348839058927,109.84412406794925,118.01335808779083,0.5183384431995703,False,False,False,,,True,True,1.2186399000056554,39760.0,150.00174950000655,0.001749500006553717,4759245,31727.92994657567,0.5540052991732445,time_limit,True,run_b9ece1fb,ok
2PGA,False,n0020_i03,20,high,2,110.83387808929247,109.84412406794925,118.01335808779083,0.9010532240495246,False,False,False,,,True,True,12.989127900000312,427157.0,150.00191760000598,0.0019176000059815124,5015275,33434.73923695893,0.9496735364196074,time_limit,True,run_b9ece1fb,ok
2PGA,False,n0020_i03,20,high,3,110.01358939167505,109.84412406794925,118.01335808779083,0.15427800545887335,False,False,False,,,True,True,13.70024549998925,430334.0,150.0017511999904,0.0017511999903945252,4861780,32411.48827334698,0.3234878842017792,time_limit,True,run_b9ece1fb,ok
2PGA,False,n0020_i03,20,high,4,110.41405558557915,109.84412406794925,118.01335808779083,0.5188548067235155,False,False,False,,,True,True,2.2772426000010455,76350.0,150.00182379999023,0.0018237999902339652,4919740,32797.86788832577,0.7709450516023459,time_limit,True,run_b9ece1fb,ok
2PGA,False,n0020_i03,20,high,5,109.96124550735365,109.84412406794925,118.01335808779083,0.1066251293805657,False,False,False,,,True,True,5.309439599994221,172591.0,150.0022048999963,0.002204899996286258,4982244,33214.471769408796,0.43260041845807573,time_limit,True,run_b9ece1fb,ok
ACO,False,n0020_i03,20,high,1,111.61601133872023,109.84412406794925,118.01335808779083,1.6130924487821403,False,False,False,,,False,False,,,150.00077099999908,0.0007709999990765937,991782,6611.846015111523,1.7641431986805098,time_limit,True,run_b9ece1fb,ok
ACO,False,n0020_i03,20,high,2,112.0766032209128,109.84412406794925,118.01335808779083,2.0324065323535594,False,False,False,,,False,False,,,150.0007895000017,0.0007895000017015263,990629,6604.1585734453,2.1921474300504995,time_limit,True,run_b9ece1fb,ok
ACO,False,n0020_i03,20,high,3,111.15535502178474,109.84412406794925,118.01335808779083,1.1937197050470967,False,False,False,,,False,False,,,150.00080229999912,0.0008022999991226243,987395,6582.598125210199,1.7168594927907437,time_limit,True,run_b9ece1fb,ok
ACO,False,n0020_i03,20,high,4,111.53296796007282,109.84412406794925,118.01335808779083,1.5374913373416843,False,False,False,,,False,False,,,150.00089070000104,0.0008907000010367483,991515,6610.060749459224,1.5448429008242557,time_limit,True,run_b9ece1fb,ok
ACO,False,n0020_i03,20,high,5,111.37040629271996,109.84412406794925,118.01335808779083,1.3894982892544683,False,False,False,,,False,False,,,150.0007671000003,0.0007671000003028894,989158,6594.352943145702,1.606227189015827,time_limit,True,run_b9ece1fb,ok
BRKGA-R-LS,False,n0020_i03,20,high,1,109.90921428579581,109.84412406794925,118.01335808779083,0.05925689553161294,False,True,True,18.362944299937226,298888.0,True,True,0.14192369999364018,3005.0,150.0023441000376,0.0023441000375896692,2898571,19323.504691812836,0.103588962317889,time_limit,True,run_b9ece1fb,ok
BRKGA-R-LS,False,n0020_i03,20,high,2,109.88524533676198,109.84412406794925,118.01335808779083,0.037436020507836364,False,True,True,23.471713999984786,402297.0,True,True,0.14902309991884977,3298.0,150.0023278000299,0.002327800029888749,2980790,19871.624952205617,0.06023495646678057,time_limit,True,run_b9ece1fb,ok
BRKGA-R-LS,False,n0020_i03,20,high,3,110.01358939167505,109.84412406794925,118.01335808779083,0.15427800545887335,False,False,False,,,True,True,0.10828729998320341,2433.0,150.00231110001914,0.0023111000191420317,2881721,19211.177340317874,0.16917516627541743,time_limit,True,run_b9ece1fb,ok
BRKGA-R-LS,False,n0020_i03,20,high,4,109.98330906542918,109.84412406794925,118.01335808779083,0.1267113727392742,False,False,False,,,True,True,0.9866857000160962,19824.0,150.002312000026,0.0023120000259950757,2802846,18685.35199643799,0.4747787050160104,time_limit,True,run_b9ece1fb,ok
BRKGA-R-LS,False,n0020_i03,20,high,5,109.88524533676198,109.84412406794925,118.01335808779083,0.037436020507836364,False,True,True,25.075412700069137,414314.0,True,True,5.9911065000342205,43947.0,150.00238980003633,0.0023898000363260508,2867766,19118.13540986202,0.11194495241375599,time_limit,True,run_b9ece1fb,ok
GA,False,n0020_i03,20,high,1,110.28795968110195,109.84412406794925,118.01335808779083,0.4040594951425392,False,False,False,,,True,True,0.10911130008753389,2231.0,150.00294160004705,0.0029416000470519066,2827021,18846.437075465412,0.6924913551197205,time_limit,True,run_b9ece1fb,ok
GA,False,n0020_i03,20,high,2,112.58462262971662,109.84412406794925,118.01335808779083,2.494897733511993,False,False,False,,,False,False,,,150.0027022000868,0.002702200086787343,3049922,20332.44705106543,2.495572729650908,time_limit,True,run_b9ece1fb,ok
GA,False,n0020_i03,20,high,3,110.27254819717697,109.84412406794925,118.01335808779083,0.390029173488333,False,False,False,,,True,True,4.486870200023986,91796.0,150.00297050003428,0.0029705000342801213,2844316,18961.73116117957,0.4548033619241221,time_limit,True,run_b9ece1fb,ok
GA,False,n0020_i03,20,high,4,110.36070787085967,109.84412406794925,118.01335808779083,0.47028806255568184,False,False,False,,,True,True,0.19088420004118234,3719.0,150.00363690010272,0.0036369001027196646,2721749,18144.55340047916,0.47281035894647205,time_limit,True,run_b9ece1fb,ok
GA,False,n0020_i03,20,high,5,110.17997797646733,109.84412406794925,118.01335808779083,0.30575500634910335,False,False,False,,,True,True,0.11915250006131828,2310.0,150.002709900029,0.00270990002900362,2727750,18184.671475721603,0.31273824749419055,time_limit,True,run_b9ece1fb,ok
HPSO,False,n0020_i03,20,high,1,111.9172909433388,109.84412406794925,118.01335808779083,1.8873716668786864,False,False,False,,,False,False,,,150.0007851999253,0.0007851999253034592,1589986,10599.851179984302,1.896476114372891,time_limit,True,run_b9ece1fb,ok
HPSO,False,n0020_i03,20,high,2,109.90921428579581,109.84412406794925,118.01335808779083,0.05925689553161294,False,True,True,22.956098899943754,206800.0,True,True,0.18132560001686215,2028.0,150.00059069995768,0.0005906999576836824,1583181,10554.498436388136,0.15471037330433213,time_limit,True,run_b9ece1fb,ok
HPSO,False,n0020_i03,20,high,3,110.01358939167505,109.84412406794925,118.01335808779083,0.15427800545887335,False,False,False,,,True,True,0.07065169990528375,801.0,150.00066459993832,0.0006645999383181334,1597756,10651.659472718477,0.1599217654944267,time_limit,True,run_b9ece1fb,ok
HPSO,False,n0020_i03,20,high,4,110.03268001924327,109.84412406794925,118.01335808779083,0.1716577494644869,False,False,False,,,True,True,0.5156172999413684,5740.0,150.00060889997985,0.00060889997985214,1573773,10491.777410379642,0.4180039322044495,time_limit,True,run_b9ece1fb,ok
HPSO,False,n0020_i03,20,high,5,110.03268001924327,109.84412406794925,118.01335808779083,0.1716577494644869,False,False,False,,,True,True,5.424888200010173,14817.0,150.00101979996543,0.0010197999654337764,1533969,10226.390474182319,0.2673929743323232,time_limit,True,run_b9ece1fb,ok
LPT,True,n0020_i03,20,high,0,118.01335808779083,109.84412406794925,118.01335808779083,7.4371151749438305,False,False,False,,,False,False,,,6.890005897730589e-05,0.0,1,14513.775675132256,,completed,False,run_b9ece1fb,ok
SIP,True,n0020_i03,20,high,0,123.16617501258395,109.84412406794925,118.01335808779083,12.128141634953288,False,False,False,,,False,False,,,5.91999851167202e-05,0.0,1,16891.896138628657,,completed,False,run_b9ece1fb,ok
TS,False,n0020_i03,20,high,1,109.84412406794925,109.84412406794925,118.01335808779083,0.0,True,True,True,6.945031199953519,140432.0,True,True,0.21927349991165102,4697.0,150.0015199999325,0.0015199999324977398,2972077,19813.64588839725,0.012782540688930867,time_limit,True,run_b9ece1fb,ok
TS,False,n0020_i03,20,high,2,109.84412406794925,109.84412406794925,118.01335808779083,0.0,True,True,True,12.663260200060904,176145.0,True,True,0.6167610000120476,13574.0,150.00171760004014,0.0017176000401377678,2985640,19904.03875214827,0.03359300709837776,time_limit,True,run_b9ece1fb,ok
TS,False,n0020_i03,20,high,3,109.84412406794925,109.84412406794925,118.01335808779083,0.0,True,True,True,19.35525859997142,318760.0,True,True,0.9489832000108436,20560.0,150.00161609996576,0.0016160999657586217,2981298,19875.10586561394,0.030262836217593354,time_limit,True,run_b9ece1fb,ok
TS,False,n0020_i03,20,high,4,109.84412406794925,109.84412406794925,118.01335808779083,0.0,True,True,True,18.17806519998703,289891.0,True,True,0.28055280004628,5863.0,150.0015372999478,0.0015372999478131533,2959327,19728.644474372526,0.029656731617753264,time_limit,True,run_b9ece1fb,ok
TS,False,n0020_i03,20,high,5,109.84412406794925,109.84412406794925,118.01335808779083,0.0,True,True,True,44.01838629995473,786218.0,True,True,5.503369299927726,23128.0,150.00197589991149,0.0019758999114856124,2869978,19132.934634907655,0.08050862582816705,time_limit,True,run_b9ece1fb,ok
2PGA,False,n0020_i04,20,high,1,137.2258477039834,137.0471709565371,142.95189644403786,0.1303760932817567,False,False,False,,,True,True,0.18153370000072755,6471.0,150.00219500000821,0.002195000008214265,5258298,35054.807031321856,0.1738906679836113,time_limit,True,run_b9ece1fb,ok
2PGA,False,n0020_i04,20,high,2,137.17004186312238,137.0471709565371,142.95189644403786,0.08965592337857027,False,True,True,35.36503329999687,1207594.0,True,True,0.18986719999520574,6621.0,150.00193529999524,0.0019352999952388927,5271286,35141.45327163767,0.1080378156115884,time_limit,True,run_b9ece1fb,ok
2PGA,False,n0020_i04,20,high,3,137.19576663738695,137.0471709565371,142.95189644403786,0.10842666784926995,False,False,False,,,True,True,0.19366119999904186,7015.0,150.00239690000308,0.0023969000030774623,5292328,35281.62288985324,0.15491285841535685,time_limit,True,run_b9ece1fb,ok
2PGA,False,n0020_i04,20,high,4,137.19060699955116,137.0471709565371,142.95189644403786,0.10466180513829516,False,False,False,,,True,True,0.1312113999883877,4452.0,150.00175450000097,0.0017545000009704381,5176644,34510.55634152577,0.13756440101625503,time_limit,True,run_b9ece1fb,ok
2PGA,False,n0020_i04,20,high,5,137.17004186312238,137.0471709565371,142.95189644403786,0.08965592337857027,False,True,True,22.107319099988672,768354.0,True,True,0.9643379999906756,34332.0,150.00182759999007,0.0018275999900652096,5279206,35194.27785958756,0.1256015615970388,time_limit,True,run_b9ece1fb,ok
ACO,False,n0020_i04,20,high,1,137.84044415801816,137.0471709565371,142.95189644403786,0.5788322341456056,False,False,False,,,True,True,23.141873999999007,154556.0,150.00091539999994,0.0009153999999398366,999650,6664.292663376642,0.76644912321981,time_limit,True,run_b9ece1fb,ok
ACO,False,n0020_i04,20,high,2,137.99969318761188,137.0471709565371,142.95189644403786,0.6950323924430927,False,False,False,,,True,True,1.4523045999994793,9588.0,150.00091210000028,0.0009121000002778601,1229307,8195.330166929016,0.7231814213427237,time_limit,True,run_b9ece1fb,ok
ACO,False,n0020_i04,20,high,3,138.03138955184895,137.0471709565371,142.95189644403786,0.7181604614253527,False,False,False,,,True,True,19.611971799999083,130021.0,150.0007931,0.000793100000009872,989740,6598.231779615837,0.8393747167395043,time_limit,True,run_b9ece1fb,ok
ACO,False,n0020_i04,20,high,4,138.11413473007548,137.0471709565371,142.95189644403786,0.7785376130651871,False,False,False,,,True,True,17.643915700000434,116721.0,150.00032359999932,0.00032359999931941275,1025712,6838.065248013936,0.8851487795722861,time_limit,True,run_b9ece1fb,ok
ACO,False,n0020_i04,20,high,5,137.71356795126715,137.0471709565371,142.95189644403786,0.4862537402843612,False,False,False,,,True,True,36.98003439999957,446577.0,150.00064349999957,0.0006434999995690305,1823993,12159.90116735736,0.7448570060332664,time_limit,True,run_b9ece1fb,ok
BRKGA-R-LS,False,n0020_i04,20,high,1,137.19631072043853,137.0471709565371,142.95189644403786,0.10882367206889886,False,False,False,,,True,True,0.13304490002337843,3045.0,150.00255850004032,0.002558500040322542,3125993,20839.597879253237,0.15419631547782772,time_limit,True,run_b9ece1fb,ok
BRKGA-R-LS,False,n0020_i04,20,high,2,137.31706053224684,137.0471709565371,142.95189644403786,0.19693188398273972,False,False,False,,,True,True,0.06685449997894466,1564.0,150.00271799997427,0.0027179999742656946,3132339,20881.88162030862,0.2475383570662685,time_limit,True,run_b9ece1fb,ok
BRKGA-R-LS,False,n0020_i04,20,high,3,137.19631072043853,137.0471709565371,142.95189644403786,0.10882367206889886,False,False,False,,,True,True,0.08667170000262558,1979.0,150.00285229994915,0.0028522999491542578,3135320,20901.735879865417,0.16430589218626263,time_limit,True,run_b9ece1fb,ok
BRKGA-R-LS,False,n0020_i04,20,high,4,137.19060699955116,137.0471709565371,142.95189644403786,0.10466180513829516,False,False,False,,,True,True,0.06432829995173961,1508.0,150.00290099997073,0.0029009999707341194,3110196,20734.238999821788,0.12432765351426354,time_limit,True,run_b9ece1fb,ok
BRKGA-R-LS,False,n0020_i04,20,high,5,137.19631072043853,137.0471709565371,142.95189644403786,0.10882367206889886,False,False,False,,,True,True,0.28587540006265044,6533.0,150.00244840001687,0.002448400016874075,3138129,20920.51852134733,0.2266974958066598,time_limit,True,run_b9ece1fb,ok
GA,False,n0020_i04,20,high,1,137.3190508475761,137.0471709565371,142.95189644403786,0.19838416885325133,False,False,False,,,True,True,0.026471500052139163,567.0,150.00441250007134,0.004412500071339309,3017600,20116.741565842705,0.19959777076591864,time_limit,True,run_b9ece1fb,ok
GA,False,n0020_i04,20,high,2,137.38523460402186,137.0471709565371,142.95189644403786,0.24667685230218017,False,False,False,,,True,True,0.060288900043815374,1322.0,150.00359080010094,0.0035908001009374857,3105725,20704.33769908067,0.24758163381444978,time_limit,True,run_b9ece1fb,ok
GA,False,n0020_i04,20,high,3,137.54893284748047,137.0471709565371,142.95189644403786,0.36612349415261763,False,False,False,,,True,True,0.06749209994450212,1408.0,150.0030301999068,0.0030301999067887664,3099632,20663.795897117325,0.36688960291793665,time_limit,True,run_b9ece1fb,ok
GA,False,n0020_i04,20,high,4,137.5859510662521,137.0471709565371,142.95189644403786,0.3931347914404509,False,False,False,,,True,True,0.04920130001846701,1089.0,150.003095400054,0.0030954000540077686,3061752,20411.258793256195,0.3939538221279044,time_limit,True,run_b9ece1fb,ok
GA,False,n0020_i04,20,high,5,137.62451231087783,137.0471709565371,142.95189644403786,0.4212719973065645,False,False,False,,,True,True,0.04354879993479699,911.0,150.00298839993775,0.002988399937748909,3040082,20266.809564450396,0.4219027142247474,time_limit,True,run_b9ece1fb,ok
HPSO,False,n0020_i04,20,high,1,137.19631072043853,137.0471709565371,142.95189644403786,0.10882367206889886,False,False,False,,,True,True,0.047320200013928115,464.0,150.00066370004788,0.0006637000478804111,1597078,10647.139556619777,0.13652767030573135,time_limit,True,run_b9ece1fb,ok
HPSO,False,n0020_i04,20,high,2,137.19631072043853,137.0471709565371,142.95189644403786,0.10882367206889886,False,False,False,,,True,True,0.02441260009072721,268.0,150.00076850003097,0.0007685000309720635,1667449,11116.269714309201,0.20053331180554104,time_limit,True,run_b9ece1fb,ok
HPSO,False,n0020_i04,20,high,3,137.0471709565371,137.0471709565371,142.95189644403786,0.0,True,True,True,6.355387899908237,25904.0,True,True,0.049456499982625246,515.0,150.00086689996533,0.0008668999653309584,1646474,10976.429896888687,0.0071449486906097785,time_limit,True,run_b9ece1fb,ok
HPSO,False,n0020_i04,20,high,4,137.90140501133482,137.0471709565371,142.95189644403786,0.6233138917319493,False,False,False,,,True,True,139.7598377999384,1557269.0,150.00056640000548,0.0005664000054821372,1673802,11158.637864983015,1.0658285876906899,time_limit,True,run_b9ece1fb,ok
HPSO,False,n0020_i04,20,high,5,137.58472506304588,137.0471709565371,142.95189644403786,0.39224020660687114,False,False,False,,,True,True,0.08511620003264397,968.0,150.0005873000482,0.0005873000482097268,1640187,10934.53718763855,0.3934039270753091,time_limit,True,run_b9ece1fb,ok
LPT,True,n0020_i04,20,high,0,142.95189644403786,137.0471709565371,142.95189644403786,4.308535116987847,False,False,False,,,False,False,,,6.430002395063639e-05,0.0,1,15552.093740551443,,completed,False,run_b9ece1fb,ok
SIP,True,n0020_i04,20,high,0,150.11926554147294,137.0471709565371,142.95189644403786,9.53839068234507,False,False,False,,,False,False,,,5.619996227324009e-05,0.0,1,17793.606250802688,,completed,False,run_b9ece1fb,ok
TS,False,n0020_i04,20,high,1,137.0471709565371,137.0471709565371,142.95189644403786,0.0,True,True,True,11.353049500030465,155966.0,True,True,0.03475210000760853,761.0,150.0015661000507,0.0015661000506952405,3174783,21164.999023293043,0.008929500135380734,time_limit,True,run_b9ece1fb,ok
TS,False,n0020_i04,20,high,2,137.0471709565371,137.0471709565371,142.95189644403786,0.0,True,True,True,8.852057300042361,104793.0,True,True,0.06904510001186281,1520.0,150.0017446000129,0.0017446000128984451,3262588,21750.33369578369,0.00710834252036419,time_limit,True,run_b9ece1fb,ok
TS,False,n0020_i04,20,high,3,137.0471709565371,137.0471709565371,142.95189644403786,0.0,True,True,True,24.251189700094983,440790.0,True,True,0.022997200023382902,524.0,150.0017966000596,0.0017966000596061349,3226912,21512.48900440648,0.018094968525639167,time_limit,True,run_b9ece1fb,ok
TS,False,n0020_i04,20,high,4,137.0471709565371,137.0471709565371,142.95189644403786,0.0,True,True,True,22.625504600000568,412686.0,True,True,0.026869399938732386,612.0,150.00192680000328,0.0019268000032752752,3233728,21557.90974812951,0.016639848452428982,time_limit,True,run_b9ece1fb,ok
TS,False,n0020_i04,20,high,5,137.0471709565371,137.0471709565371,142.95189644403786,0.0,True,True,True,11.10644839995075,152432.0,True,True,0.02376040001399815,497.0,150.0016894999426,0.001689499942585826,3213393,21422.378712615966,0.009721858982831356,time_limit,True,run_b9ece1fb,ok
2PGA,False,n0020_i05,20,medium,1,119.77815224484841,119.61295099335815,125.27187810570882,0.13811318098776168,False,False,False,,,True,True,2.9116686999914236,93728.0,150.00154289999045,0.0015428999904543161,4516540,30109.956955651338,0.20121363251040772,time_limit,True,run_b9ece1fb,ok
2PGA,False,n0020_i05,20,medium,2,119.61295099335815,119.61295099335815,125.27187810570882,0.0,True,True,True,7.442760799996904,232176.0,True,True,0.13283380000211764,4384.0,150.00149179999426,0.001491799994255416,4675584,31170.250001474848,0.01895845128638631,time_limit,True,run_b9ece1fb,ok
2PGA,False,n0020_i05,20,medium,3,120.2516559157867,119.61295099335815,125.27187810570882,0.5339763939642378,False,False,False,,,True,True,0.6008355999947526,18828.0,150.00177849999454,0.001778499994543381,4742352,31615.305147866446,0.5447063684615668,time_limit,True,run_b9ece1fb,ok
2PGA,False,n0020_i05,20,medium,4,120.21507585905425,119.61295099335815,125.27187810570882,0.5033943738496448,False,False,False,,,True,True,0.4768788999936078,15191.0,150.00173350000114,0.0017335000011371449,4540842,30271.930157393585,0.5112614750361882,time_limit,True,run_b9ece1fb,ok
2PGA,False,n0020_i05,20,medium,5,119.78350597207576,119.61295099335815,125.27187810570882,0.14258905687150422,False,False,False,,,True,True,4.891820000004373,157416.0,150.00141989999975,0.0014198999997461215,4655766,31038.14619290819,0.18693711855642342,time_limit,True,run_b9ece1fb,ok
ACO,False,n0020_i05,20,medium,1,120.48507149895258,119.61295099335815,125.27187810570882,0.7291187938694454,False,False,False,,,True,True,13.76619650000066,160996.0,150.00055780000002,0.0005578000000241445,1753581,11690.496526940247,0.807195428735181,time_limit,True,run_b9ece1fb,ok
ACO,False,n0020_i05,20,medium,2,120.9159822857866,119.61295099335815,125.27187810570882,1.0893730834387636,False,False,False,,,False,False,,,150.00059359999977,0.0005935999997745967,1826286,12175.191818707595,1.361457151700511,time_limit,True,run_b9ece1fb,ok
ACO,False,n0020_i05,20,medium,3,120.76014782908338,119.61295099335815,125.27187810570882,0.9590908226893645,False,False,False,,,True,True,94.84020419999979,1170463.0,150.00059479999982,0.0005947999998170417,1854982,12366.497629381416,1.2651857967000752,time_limit,True,run_b9ece1fb,ok
ACO,False,n0020_i05,20,medium,4,120.79378424869273,119.61295099335815,125.27187810570882,0.9872118742393919,False,False,False,,,True,True,142.9373556999999,1765879.0,150.00053499999922,0.000534999999217689,1852723,12351.442613188077,1.2177816529078533,time_limit,True,run_b9ece1fb,ok
ACO,False,n0020_i05,20,medium,5,120.50307120861858,119.61295099335815,125.27187810570882,0.7441670888212185,False,False,False,,,True,True,90.1057810000002,1123501.0,150.00087789999998,0.0008778999999776715,1870725,12471.427008894862,1.007351218927664,time_limit,True,run_b9ece1fb,ok
BRKGA-R-LS,False,n0020_i05,20,medium,1,120.00245188023762,119.61295099335815,125.27187810570882,0.32563437624834507,False,False,False,,,True,True,0.14083530008792877,2935.0,150.00245670008007,0.00245670008007437,2778340,18521.963313941622,0.3340917424854543,time_limit,True,run_b9ece1fb,ok
BRKGA-R-LS,False,n0020_i05,20,medium,2,119.71603401511378,119.61295099335815,125.27187810570882,0.086180485390204,False,True,True,133.46708790003322,2458578.0,True,True,0.15408130001742393,3149.0,150.00214790005703,0.0021479000570252538,2773592,18490.348563861768,0.2960942603814314,time_limit,True,run_b9ece1fb,ok
BRKGA-R-LS,False,n0020_i05,20,medium,3,119.61295099335815,119.61295099335815,125.27187810570882,0.0,True,True,True,10.66678420000244,130357.0,True,True,0.5664618998998776,11324.0,150.0021631999407,0.0021631999406963587,2762678,18417.587727168804,0.06408346801668832,time_limit,True,run_b9ece1fb,ok
BRKGA-R-LS,False,n0020_i05,20,medium,4,119.71375862433302,119.61295099335815,125.27187810570882,0.08427819072908573,False,True,True,36.97412099991925,613171.0,True,True,0.09266399999614805,1904.0,150.0017683999613,0.0017683999612927437,4213013,28086.42221314697,0.19098035300178595,time_limit,True,run_b9ece1fb,ok
BRKGA-R-LS,False,n0020_i05,20,medium,5,119.61295099335815,119.61295099335815,125.27187810570882,0.0,True,True,True,42.46885810000822,737782.0,True,True,0.1837028000736609,3830.0,150.0021886000177,0.0021886000176891685,2834253,18894.74431308175,0.10293456231096464,time_limit,True,run_b9ece1fb,ok
GA,False,n0020_i05,20,medium,1,120.00075154472357,119.61295099335815,125.27187810570882,0.32421284496772396,False,False,False,,,True,True,0.14170589996501803,2726.0,150.00282289995812,0.0028228999581187963,2675050,17833.33105527007,0.32605988864776553,time_limit,True,run_b9ece1fb,ok
GA,False,n0020_i05,20,medium,2,120.44278330155828,119.61295099335815,125.27187810570882,0.6937645976531449,False,False,False,,,True,True,0.07341810001526028,1414.0,150.00255640002433,0.002556400024332106,2677988,17852.949071470397,0.694295967153812,time_limit,True,run_b9ece1fb,ok
GA,False,n0020_i05,20,medium,3,119.88716865837421,119.61295099335815,125.27187810570882,0.22925415913472427,False,False,False,,,True,True,0.328131299931556,6184.0,150.00251010002103,0.0025101000210270286,2682835,17885.267374599913,0.23253945605869314,time_limit,True,run_b9ece1fb,ok
GA,False,n0020_i05,20,medium,4,120.30063331097378,119.61295099335815,125.27187810570882,0.5749229593489509,False,False,False,,,True,True,0.47782050003297627,8713.0,150.00266090000514,0.0026609000051394105,2685947,17905.995692906457,0.5778638056534443,time_limit,True,run_b9ece1fb,ok
GA,False,n0020_i05,20,medium,5,120.30063331097378,119.61295099335815,125.27187810570882,0.5749229593489509,False,False,False,,,True,True,0.32186220004223287,6168.0,150.00330570002552,0.0033057000255212188,2733480,18222.79840596563,0.5769247186902844,time_limit,True,run_b9ece1fb,ok
HPSO,False,n0020_i05,20,medium,1,120.00075154472357,119.61295099335815,125.27187810570882,0.32421284496772396,False,False,False,,,True,True,0.2069908999837935,2170.0,150.00052529992536,0.0005252999253571033,1540907,10272.677358422336,0.48706902287444886,time_limit,True,run_b9ece1fb,ok
HPSO,False,n0020_i05,20,medium,2,120.54125497291072,119.61295099335815,125.27187810570882,0.7760898563602142,False,False,False,,,True,True,0.5026654999237508,5259.0,150.00069339992478,0.0006933999247848988,1550860,10339.018872833942,0.9740204140139739,time_limit,True,run_b9ece1fb,ok
HPSO,False,n0020_i05,20,medium,3,120.46738030357056,119.61295099335815,125.27187810570882,0.7143284260747439,False,False,False,,,True,True,0.7003270999994129,7438.0,150.00092459993903,0.0009245999390259385,1548021,10320.076387053345,0.79325857030693,time_limit,True,run_b9ece1fb,ok
HPSO,False,n0020_i05,20,medium,4,120.00075154472357,119.61295099335815,125.27187810570882,0.32421284496772396,False,False,False,,,True,True,0.16110879997722805,1709.0,150.00064279988874,0.0006427998887374997,1549300,10328.622405084448,0.35479565463438706,time_limit,True,run_b9ece1fb,ok
HPSO,False,n0020_i05,20,medium,5,120.00075154472357,119.61295099335815,125.27187810570882,0.32421284496772396,False,False,False,,,True,True,0.04731550009455532,1002.0,150.00047299999278,0.0004729999927803874,3096947,20646.24822883158,0.3253503925666657,time_limit,True,run_b9ece1fb,ok
LPT,True,n0020_i05,20,medium,0,125.27187810570882,119.61295099335815,125.27187810570882,4.731032104261767,False,False,False,,,False,False,,,8.230004459619522e-05,0.0,1,12150.661702633277,,completed,False,run_b9ece1fb,ok
SIP,True,n0020_i05,20,medium,0,131.26021341290613,119.61295099335815,125.27187810570882,9.73745929919806,False,False,False,,,False,False,,,6.710004527121782e-05,0.0,1,14903.119602349125,,completed,False,run_b9ece1fb,ok
TS,False,n0020_i05,20,medium,1,119.61295099335815,119.61295099335815,125.27187810570882,0.0,True,True,True,9.101125600049272,98289.0,True,True,0.1275755000533536,2529.0,150.0015335000353,0.0015335000352934003,2815996,18773.11474285253,0.022990422667309402,time_limit,True,run_b9ece1fb,ok
TS,False,n0020_i05,20,medium,2,119.61295099335815,119.61295099335815,125.27187810570882,0.0,True,True,True,27.343743100063875,450552.0,True,True,0.07058200007304549,1414.0,150.0014784000814,0.001478400081396103,2817870,18785.614848969853,0.05926474340083408,time_limit,True,run_b9ece1fb,ok
TS,False,n0020_i05,20,medium,3,119.61295099335815,119.61295099335815,125.27187810570882,0.0,True,True,True,15.087591500021517,215772.0,True,True,0.2299261000007391,4660.0,150.00146759999916,0.0014675999991595745,2823400,18822.48250749792,0.04019669360102161,time_limit,True,run_b9ece1fb,ok
TS,False,n0020_i05,20,medium,4,119.61295099335815,119.61295099335815,125.27187810570882,0.0,True,True,True,1.9648774999659508,37932.0,True,True,0.15203639992978424,2945.0,150.00148009997793,0.0014800999779254198,2803094,18687.108941403123,0.007059706958421237,time_limit,True,run_b9ece1fb,ok
TS,False,n0020_i05,20,medium,5,119.61295099335815,119.61295099335815,125.27187810570882,0.0,True,True,True,22.181184499990195,688046.0,True,True,0.05429500003810972,1909.0,150.0024917999981,0.0024917999980971217,4801436,32009.041599134696,0.026701018650877557,time_limit,True,run_b9ece1fb,ok
2PGA,False,n0020_i06,20,low,1,115.37310314363332,114.98800951252356,119.36260602935175,0.33489894532682807,False,False,False,,,True,True,0.7110561000008602,21991.0,150.00145009999687,0.0014500999968731776,4631470,30876.168176457493,0.3494131610434945,time_limit,True,run_b9ece1fb,ok
2PGA,False,n0020_i06,20,low,2,115.30720830812572,114.98800951252356,119.36260602935175,0.2775931133649178,False,False,False,,,True,True,0.5079992999962997,15786.0,150.001814999996,0.0018149999959859997,4527517,30183.081451381913,0.2984685683877395,time_limit,True,run_b9ece1fb,ok
2PGA,False,n0020_i06,20,low,3,115.18064518427519,114.98800951252356,119.36260602935175,0.16752674697847605,False,False,False,,,True,True,1.9813851999933831,61109.0,150.00164170000062,0.0016417000006185845,4549500,30329.668051892935,0.2158348577251283,time_limit,True,run_b9ece1fb,ok
2PGA,False,n0020_i06,20,low,4,116.02888210617763,114.98800951252356,119.36260602935175,0.9052009840562624,False,False,False,,,True,True,3.8865060999960406,117305.0,150.0015803999995,0.0015803999995114282,4663833,31091.892415821607,0.9206130822355613,time_limit,True,run_b9ece1fb,ok
2PGA,False,n0020_i06,20,low,5,115.462787120004,114.98800951252356,119.36260602935175,0.41289314380968095,False,False,False,,,True,True,2.2415085999964504,72565.0,150.00264219999372,0.0026421999937156215,4683391,31222.056700546545,0.43823411213740304,time_limit,True,run_b9ece1fb,ok
ACO,False,n0020_i06,20,low,1,115.51816250961431,114.98800951252356,119.36260602935175,0.46105067766479807,False,False,False,,,True,True,6.65334829999847,82212.0,150.0005386999983,0.000538699998287484,1838358,12255.675985782449,0.6169191012110402,time_limit,True,run_b9ece1fb,ok
ACO,False,n0020_i06,20,low,2,115.38445932186694,114.98800951252356,119.36260602935175,0.344774912640089,False,False,False,,,True,True,1.33339899999919,16487.0,150.00063079999927,0.0006307999992714031,1835816,12238.721865428375,0.3588423641687221,time_limit,True,run_b9ece1fb,ok
ACO,False,n0020_i06,20,low,3,115.51602044836923,114.98800951252356,119.36260602935175,0.4591878214816516,False,False,False,,,True,True,2.3018308999999135,28349.0,150.00053880000087,0.0005388000008679228,1831088,12207.209485036792,0.5928569348749105,time_limit,True,run_b9ece1fb,ok
ACO,False,n0020_i06,20,low,4,115.52957918588667,114.98800951252356,119.36260602935175,0.47097925745390895,False,False,False,,,True,True,24.947221099999297,303310.0,150.00056819999918,0.0005681999991793418,1831681,12211.160410791097,0.744264000450684,time_limit,True,run_b9ece1fb,ok
ACO,False,n0020_i06,20,low,5,115.42766612985517,114.98800951252356,119.36260602935175,0.3823499677883576,False,False,False,,,True,True,2.4698484999989887,30157.0,150.00058089999948,0.0005808999994769692,1827309,12182.01282312505,0.4120375202426193,time_limit,True,run_b9ece1fb,ok
BRKGA-R-LS,False,n0020_i06,20,low,1,115.17453360233648,114.98800951252356,119.36260602935175,0.16221177373507403,False,False,False,,,True,True,0.1707019000314176,3463.0,150.00212820002344,0.002128200023435056,2775191,18501.01084098863,0.18727250830306616,time_limit,True,run_b9ece1fb,ok
BRKGA-R-LS,False,n0020_i06,20,low,2,115.18514745111744,114.98800951252356,119.36260602935175,0.1714421698659046,False,False,False,,,True,True,0.1649386000353843,3354.0,150.00231320003513,0.0023132000351324677,2733593,18223.67230000397,0.18128559207354922,time_limit,True,run_b9ece1fb,ok
BRKGA-R-LS,False,n0020_i06,20,low,3,115.17453360233648,114.98800951252356,119.36260602935175,0.16221177373507403,False,False,False,,,True,True,0.4817555999616161,9494.0,150.00230920000467,0.0023092000046744943,2737970,18252.852336755324,0.22621823176273337,time_limit,True,run_b9ece1fb,ok
BRKGA-R-LS,False,n0020_i06,20,low,4,115.2015275951797,114.98800951252356,119.36260602935175,0.18568725866402797,False,False,False,,,True,True,0.21164800005499274,4310.0,150.0022098000627,0.002209800062701106,2743647,18290.71054124466,0.21981733313223056,time_limit,True,run_b9ece1fb,ok
BRKGA-R-LS,False,n0020_i06,20,low,5,115.25894488887705,114.98800951252356,119.36260602935175,0.23562054643965638,False,False,False,,,True,True,0.42189480003435165,8341.0,150.0021696999902,0.0021696999901905656,2757737,18384.64740553803,0.25166007209430524,time_limit,True,run_b9ece1fb,ok
GA,False,n0020_i06,20,low,1,115.31268006435567,114.98800951252356,119.36260602935175,0.28235165841074333,False,False,False,,,True,True,0.0620718999998644,1180.0,150.00258380000014,0.002583800000138581,2663732,17757.90744745823,0.28374953881167625,time_limit,True,run_b9ece1fb,ok
GA,False,n0020_i06,20,low,2,115.32009264619404,114.98800951252356,119.36260602935175,0.28879805388257646,False,False,False,,,True,True,0.10104989993851632,1896.0,150.002659699996,0.0026596999960020185,2628259,17521.41598859977,0.29180705582223954,time_limit,True,run_b9ece1fb,ok
GA,False,n0020_i06,20,low,3,115.20881909676223,114.98800951252356,119.36260602935175,0.192028355977948,False,False,False,,,True,True,0.12582949991337955,2139.0,150.0026249999646,0.002624999964609742,2668019,17786.482069901307,0.19382002452529867,time_limit,True,run_b9ece1fb,ok
GA,False,n0020_i06,20,low,4,115.5307740034601,114.98800951252356,119.36260602935175,0.4720183375966871,False,False,False,,,True,True,0.14296279998961836,2683.0,150.00251229992136,0.002512299921363592,2639853,17598.725244826343,0.47337177411985265,time_limit,True,run_b9ece1fb,ok
GA,False,n0020_i06,20,low,5,115.35167875840477,114.98800951252356,119.36260602935175,0.3162671024769797,False,False,False,,,True,True,0.1954808000009507,3637.0,150.00297860009596,0.0029786000959575176,2689100,17926.97735135694,0.3180799914108662,time_limit,True,run_b9ece1fb,ok
HPSO,False,n0020_i06,20,low,1,115.25516553543487,114.98800951252356,119.36260602935175,0.23233380945011653,False,False,False,,,True,True,0.046041499939747155,468.0,150.0004651999334,0.0004651999333873391,1440680,9604.503546570599,0.24204765617010512,time_limit,True,run_b9ece1fb,ok
HPSO,False,n0020_i06,20,low,2,115.30492305227246,114.98800951252356,119.36260602935175,0.275605727147038,False,False,False,,,True,True,0.04906170000322163,515.0,150.0004643999273,0.0004643999272957444,1555996,10373.274551013685,0.3046180103235278,time_limit,True,run_b9ece1fb,ok
HPSO,False,n0020_i06,20,low,3,115.41838669128798,114.98800951252356,119.36260602935175,0.3742800493624889,False,False,False,,,True,True,0.0712044999236241,751.0,150.00049069989473,0.0004906998947262764,1551846,10345.606156080989,0.3767104610805992,time_limit,True,run_b9ece1fb,ok
HPSO,False,n0020_i06,20,low,4,115.23655242797497,114.98800951252356,119.36260602935175,0.21614681087625934,False,False,False,,,True,True,0.0270926000084728,295.0,150.0005084000295,0.000508400029502809,1568198,10454.617899146344,0.2897259963683186,time_limit,True,run_b9ece1fb,ok
HPSO,False,n0020_i06,20,low,5,115.05423398756685,114.98800951252356,119.36260602935175,0.05759250492641334,False,True,True,104.26330180000514,1075028.0,True,True,0.5589754999382421,6029.0,150.00056259997655,0.0005625999765470624,1563129,10420.820914975984,0.29614807827720957,time_limit,True,run_b9ece1fb,ok
LPT,True,n0020_i06,20,low,0,119.36260602935175,114.98800951252356,119.36260602935175,3.804393636670218,False,False,False,,,False,False,,,6.280001252889633e-05,0.0,1,15923.563702154795,,completed,False,run_b9ece1fb,ok
SIP,True,n0020_i06,20,low,0,126.02964699949861,114.98800951252356,119.36260602935175,9.60242509961222,False,False,False,,,False,False,,,6.360001862049103e-05,0.0,1,15723.265836872162,,completed,False,run_b9ece1fb,ok
TS,False,n0020_i06,20,low,1,115.02357260656747,114.98800951252356,119.36260602935175,0.030927654278627377,False,True,True,5.424431400024332,104504.0,True,True,0.06343300000298768,1251.0,150.00152419996448,0.001524199964478612,2795334,18635.370639791552,0.04150775191726299,time_limit,True,run_b9ece1fb,ok
TS,False,n0020_i06,20,low,2,114.98800951252356,114.98800951252356,119.36260602935175,0.0,True,True,True,13.04723470006138,207024.0,True,True,0.040722800069488585,808.0,150.001648100093,0.0016481000930070877,2803946,18692.76794964936,0.03307452174465081,time_limit,True,run_b9ece1fb,ok
TS,False,n0020_i06,20,low,3,114.98800951252356,114.98800951252356,119.36260602935175,0.0,True,True,True,17.633150200010277,265804.0,True,True,0.07347980001941323,1441.0,150.00170130003244,0.0017013000324368477,2813222,18754.60061864906,0.04975159347588709,time_limit,True,run_b9ece1fb,ok
TS,False,n0020_i06,20,low,4,114.98800951252356,114.98800951252356,119.36260602935175,0.0,True,True,True,38.15763699996751,665993.0,True,True,0.09300699993036687,1810.0,150.00153360003605,0.0015336000360548496,2818259,18788.20124275931,0.06583762218825037,time_limit,True,run_b9ece1fb,ok
TS,False,n0020_i06,20,low,5,114.98800951252356,114.98800951252356,119.36260602935175,0.0,True,True,True,0.1717260000295937,3313.0,True,True,0.05134640005417168,1020.0,150.0014698000159,0.00146980001591146,2812580,18750.34960490568,0.0024990858978521354,time_limit,True,run_b9ece1fb,ok
2PGA,False,n0050_i01,50,medium,1,157.52690906889305,156.88871584813734,159.74957658949995,0.4067808301608244,False,False,False,,,True,True,0.5300208000116982,6796.0,150.00092530000256,0.0009253000025637448,1920121,12800.727703244156,0.41682837351743224,time_limit,True,run_b9ece1fb,ok
2PGA,False,n0050_i01,50,medium,2,157.47148127540214,156.88871584813734,159.74957658949995,0.37145146106549776,False,False,False,,,True,True,0.5567454000120051,7205.0,150.0006706000131,0.000670600013108924,1916344,12775.56955135261,0.396006346426882,time_limit,True,run_b9ece1fb,ok
2PGA,False,n0050_i01,50,medium,3,157.13759435734525,156.88871584813734,159.74957658949995,0.1586337856502173,False,False,False,,,True,True,0.1152074999990873,1489.0,150.00061620000633,0.0006162000063341111,1911026,12740.12099691574,0.22823657532047348,time_limit,True,run_b9ece1fb,ok
2PGA,False,n0050_i01,50,medium,4,157.0931938362077,156.88871584813734,159.74957658949995,0.13033313898003915,False,False,False,,,True,True,0.3180528999946546,4207.0,150.00084599999536,0.0008459999953629449,1949212,12994.673376709225,0.175490482000464,time_limit,True,run_b9ece1fb,ok
2PGA,False,n0050_i01,50,medium,5,157.23841870700846,156.88871584813734,159.74957658949995,0.2228986686395125,False,False,False,,,True,True,0.5000621000071988,6502.0,150.00062989999424,0.0006298999942373484,1938601,12923.952394683074,0.23756030112718007,time_limit,True,run_b9ece1fb,ok
ACO,False,n0050_i01,50,medium,1,157.86373956727775,156.88871584813734,159.74957658949995,0.6214747274011713,False,False,False,,,True,True,1.443137399999614,5001.0,150.0002812999992,0.0002812999991874676,520666,3471.1001571968573,0.6481723194291579,time_limit,True,run_b9ece1fb,ok
ACO,False,n0050_i01,50,medium,2,157.9597896809137,156.88871584813734,159.74957658949995,0.682696538744778,False,False,False,,,True,True,0.7029605000006995,2463.0,150.00056190000032,0.0005619000003207475,364627,2430.837560749159,0.7376145014545815,time_limit,True,run_b9ece1fb,ok
ACO,False,n0050_i01,50,medium,3,157.9420997229863,156.88871584813734,159.74957658949995,0.6714210573745875,False,False,False,,,True,True,4.132003099999565,7605.0,150.00050790000023,0.0005079000002297107,273439,1822.9204942578704,0.7033049560967722,time_limit,True,run_b9ece1fb,ok
ACO,False,n0050_i01,50,medium,4,157.7769988934005,156.88871584813734,159.74957658949995,0.566186701485269,False,False,False,,,True,True,2.062024400000155,3851.0,150.00026799999978,0.0002679999997781124,272058,1813.7167594927257,0.579370632325585,time_limit,True,run_b9ece1fb,ok
ACO,False,n0050_i01,50,medium,5,158.05734155532258,156.88871584813734,159.74957658949995,0.7448755641013917,False,False,False,,,True,True,1.228481299998748,2280.0,150.00058799999897,0.0005879999989701901,268903,1792.6796393624927,0.7530985408396876,time_limit,True,run_b9ece1fb,ok
BRKGA-R-LS,False,n0050_i01,50,medium,1,157.25908722385088,156.88871584813734,159.74957658949995,0.236072666992859,False,False,False,,,True,True,0.8004334999714047,6844.0,150.00103349995334,0.0010334999533370137,1135178,7567.80119118548,0.28294701797199595,time_limit,True,run_b9ece1fb,ok
BRKGA-R-LS,False,n0050_i01,50,medium,2,157.45157544917808,156.88871584813734,159.74957658949995,0.3587635974951634,False,False,False,,,True,True,0.8283097000094131,7054.0,150.00098390004132,0.0009839000413194299,1139048,7593.603524354524,0.3978710196324546,time_limit,True,run_b9ece1fb,ok
BRKGA-R-LS,False,n0050_i01,50,medium,3,157.27341976837192,156.88871584813734,159.74957658949995,0.24520815162192103,False,False,False,,,True,True,0.9009360000491142,7638.0,150.00096179998945,0.0009617999894544482,1131728,7544.804956044485,0.3659021997273386,time_limit,True,run_b9ece1fb,ok
BRKGA-R-LS,False,n0050_i01,50,medium,4,157.27051713439064,156.88871584813734,159.74957658949995,0.2433580287717293,False,False,False,,,True,True,4.6453837000299245,7299.0,150.0010127000278,0.0010127000277861953,1130002,7533.29580687418,0.2886583738016403,time_limit,True,run_b9ece1fb,ok
BRKGA-R-LS,False,n0050_i01,50,medium,5,157.43370261778503,156.88871584813734,159.74957658949995,0.3473715535891189,False,False,False,,,True,True,0.8247202999191359,7013.0,150.00104949995875,0.0010494999587535858,1138231,7588.153574887574,0.3671597308603471,time_limit,True,run_b9ece1fb,ok
GA,False,n0050_i01,50,medium,1,157.20658612822547,156.88871584813734,159.74957658949995,0.20260875893446456,False,False,False,,,True,True,0.1263598999939859,1016.0,150.0010785999475,0.0010785999475046992,1151469,7676.404801534561,0.210661716430031,time_limit,True,run_b9ece1fb,ok
GA,False,n0050_i01,50,medium,2,157.21222572331308,156.88871584813734,159.74957658949995,0.20620340566041143,False,False,False,,,True,True,0.11522420006804168,919.0,150.00126220006496,0.0012622000649571419,1134806,7565.309673770922,0.20962455495413534,time_limit,True,run_b9ece1fb,ok
GA,False,n0050_i01,50,medium,3,157.25497824476932,156.88871584813734,159.74957658949995,0.23345362644596457,False,False,False,,,True,True,0.21797849994618446,1742.0,150.00109219993465,0.0010921999346464872,1144585,7630.511106375122,0.23659456173597826,time_limit,True,run_b9ece1fb,ok
GA,False,n0050_i01,50,medium,4,157.3327809306229,156.88871584813734,159.74957658949995,0.28304462821622195,False,False,False,,,True,True,0.12965309992432594,1045.0,150.00112809997518,0.0011280999751761556,1136443,7576.229688369845,0.2893045874707991,time_limit,True,run_b9ece1fb,ok
GA,False,n0050_i01,50,medium,5,157.15297399810515,156.88871584813734,159.74957658949995,0.16843668363224304,False,False,False,,,True,True,0.1483655000338331,1188.0,150.001120800036,0.0011208000360056758,1147846,7652.249489056648,0.183292295912023,time_limit,True,run_b9ece1fb,ok
HPSO,False,n0050_i01,50,medium,1,157.15228939892717,156.88871584813734,159.74957658949995,0.16800032390153455,False,False,False,,,True,True,0.06251840002369136,267.0,150.000310500036,0.00031050003599375486,781763,5211.742545025015,0.16960631987026487,time_limit,True,run_b9ece1fb,ok
HPSO,False,n0050_i01,50,medium,2,157.3276240650717,156.88871584813734,159.74957658949995,0.2797576706276304,False,False,False,,,True,True,0.07329099997878075,351.0,150.0003466999624,0.0003466999623924494,774741,5164.928062130901,0.28115648284536227,time_limit,True,run_b9ece1fb,ok
HPSO,False,n0050_i01,50,medium,3,157.23819518007312,156.88871584813734,159.74957658949995,0.22275619380686754,False,False,False,,,True,True,0.060605299891903996,282.0,150.00029449991416,0.00029449991416186094,786022,5240.136378535242,0.22480343400319125,time_limit,True,run_b9ece1fb,ok
HPSO,False,n0050_i01,50,medium,4,157.30782002793603,156.88871584813734,159.74957658949995,0.26713468685942454,False,False,False,,,True,True,0.06576090003363788,319.0,150.00054159993306,0.0005415999330580235,777716,5184.754612914991,0.2683296690714316,time_limit,True,run_b9ece1fb,ok
HPSO,False,n0050_i01,50,medium,5,157.18081616453188,156.88871584813734,159.74957658949995,0.18618312656550853,False,False,False,,,True,True,0.13809649995528162,669.0,150.00033339997754,0.0003333999775350094,795212,5301.401550085615,0.18877151253797642,time_limit,True,run_b9ece1fb,ok
LPT,True,n0050_i01,50,medium,0,159.74957658949995,156.88871584813734,159.74957658949995,1.8234968180451074,False,False,False,,,False,False,,,0.00013229995965957642,0.0,1,7558.581291884891,,completed,False,run_b9ece1fb,ok
SIP,True,n0050_i01,50,medium,0,163.1635969789129,156.88871584813734,159.74957658949995,3.9995745371830407,False,False,False,,,False,False,,,0.00013399997260421515,0.0,1,7462.68809288207,,completed,False,run_b9ece1fb,ok
TS,False,n0050_i01,50,medium,1,156.99612849569183,156.88871584813734,159.74957658949995,0.06846422763665731,False,True,True,98.40482289995998,772974.0,True,True,0.05168279993813485,435.0,150.00075969996396,0.0007596999639645219,1193713,7958.046361816438,0.1351857615039425,time_limit,True,run_b9ece1fb,ok
TS,False,n0050_i01,50,medium,2,156.88871584813734,156.88871584813734,159.74957658949995,0.0,True,True,True,4.374856800073758,36176.0,True,True,0.10882500000298023,915.0,150.00083220005035,0.0008322000503540039,1192173,7947.775905736607,0.04005338805099486,time_limit,True,run_b9ece1fb,ok
TS,False,n0050_i01,50,medium,3,157.032985918138,156.88871584813734,159.74957658949995,0.09195694490884006,False,True,True,26.55091730004642,188136.0,True,True,0.05622849997598678,471.0,150.00067440001294,0.0006744000129401684,1197244,7981.590781433825,0.1034461375844218,time_limit,True,run_b9ece1fb,ok
TS,False,n0050_i01,50,medium,4,157.02415660901377,156.88871584813734,159.74957658949995,0.08632919209278031,False,True,True,116.76507750002202,920924.0,True,True,0.11016609997022897,925.0,150.0007142999675,0.0007142999675124884,1190775,7938.462197044737,0.12711353063489883,time_limit,True,run_b9ece1fb,ok
TS,False,n0050_i01,50,medium,5,156.92896433931494,156.88871584813734,159.74957658949995,0.025654165731438704,False,True,True,38.50979779998306,283997.0,True,True,0.05165279994253069,425.0,150.00064250000287,0.0006425000028684735,1191300,7941.965981912225,0.06039302740928949,time_limit,True,run_b9ece1fb,ok
2PGA,False,n0050_i02,50,high,1,356.17552210965937,355.06397188992133,363.34226100255825,0.3130563244199396,False,False,False,,,True,True,0.8251889999955893,12145.0,150.00124079998932,0.0012407999893184751,2177100,14513.87994118616,0.35618581040706043,time_limit,True,run_b9ece1fb,ok
2PGA,False,n0050_i02,50,high,2,355.9635657902639,355.06397188992133,363.34226100255825,0.25336107618979953,False,False,False,,,True,True,0.44555730000138283,6545.0,150.00135579999187,0.001355799991870299,1349551,8996.925346457923,0.30064860914302444,time_limit,True,run_b9ece1fb,ok
2PGA,False,n0050_i02,50,high,3,355.7114085787834,355.06397188992133,363.34226100255825,0.18234367328678996,False,False,False,,,True,True,0.8549438000045484,7419.0,150.0007542000094,0.0007542000093962997,1320271,8801.76241140471,0.2460466066617423,time_limit,True,run_b9ece1fb,ok
2PGA,False,n0050_i02,50,high,4,355.9436503615777,355.06397188992133,363.34226100255825,0.24775210702849632,False,False,False,,,True,True,0.6669109999929788,9674.0,150.00069390000135,0.0006939000013517216,2175019,14500.059589390876,0.3079413930007962,time_limit,True,run_b9ece1fb,ok
2PGA,False,n0050_i02,50,high,5,355.4970227997382,355.06397188992133,363.34226100255825,0.12196419352598438,False,False,False,,,True,True,0.7166806000022916,10685.0,150.00111090000428,0.0011109000042779371,2167535,14450.126315697427,0.168739916923256,time_limit,True,run_b9ece1fb,ok
ACO,False,n0050_i02,50,high,1,358.0587443913083,355.06397188992133,363.34226100255825,0.8434458966497012,False,False,False,,,True,True,4.1198592000000644,7585.0,150.00044239999988,0.00044239999988349155,275965,1839.7612405975158,0.8774731689439776,time_limit,True,run_b9ece1fb,ok
ACO,False,n0050_i02,50,high,2,357.7416056590887,355.06397188992133,363.34226100255825,0.7541271379675465,False,False,False,,,True,True,6.729691200000161,12583.0,150.00029900000118,0.0002990000011777738,278888,1859.2496272290618,0.7745440738765454,time_limit,True,run_b9ece1fb,ok
ACO,False,n0050_i02,50,high,3,357.8539513004762,355.06397188992133,363.34226100255825,0.7857680957334112,False,False,False,,,True,True,14.224172600001111,25878.0,150.0005622000008,0.0005622000007861061,277457,1849.7064006337341,0.845298787137163,time_limit,True,run_b9ece1fb,ok
ACO,False,n0050_i02,50,high,4,358.48880728733485,355.06397188992133,363.34226100255825,0.9645685477982827,False,False,False,,,True,True,111.18616950000069,209896.0,150.00024790000134,0.00024790000134089496,282870,1885.7968834063338,1.0757763624137404,time_limit,True,run_b9ece1fb,ok
ACO,False,n0050_i02,50,high,5,357.7157802729027,355.06397188992133,363.34226100255825,0.7468536919886325,False,False,False,,,True,True,38.12514220000048,72150.0,150.00056569999833,0.0005656999983330024,284342,1895.6061843705645,0.9147868239664567,time_limit,True,run_b9ece1fb,ok
BRKGA-R-LS,False,n0050_i02,50,high,1,356.3172158650278,355.06397188992133,363.34226100255825,0.3529628670675097,False,False,False,,,True,True,0.6872558000031859,6801.0,150.00112759997137,0.0011275999713689089,1293947,8626.248486949688,0.38745603450905824,time_limit,True,run_b9ece1fb,ok
BRKGA-R-LS,False,n0050_i02,50,high,2,355.93534572298546,355.06397188992133,363.34226100255825,0.24541319369183248,False,False,False,,,True,True,0.6887468999484554,6801.0,150.00114009995013,0.0011400999501347542,1292462,8616.347843348356,0.49650666954274403,time_limit,True,run_b9ece1fb,ok
BRKGA-R-LS,False,n0050_i02,50,high,3,355.7738711612536,355.06397188992133,363.34226100255825,0.1999355968316539,False,False,False,,,True,True,0.6877800000365824,6801.0,150.00115870009176,0.0011587000917643309,1286742,8578.213736153046,0.23072142593033854,time_limit,True,run_b9ece1fb,ok
BRKGA-R-LS,False,n0050_i02,50,high,4,356.0949182819888,355.06397188992133,363.34226100255825,0.2903551116662064,False,False,False,,,True,True,0.6809550999896601,6801.0,150.0011817999184,0.0011817999184131622,1294338,8628.852016155943,0.39614814101807116,time_limit,True,run_b9ece1fb,ok
BRKGA-R-LS,False,n0050_i02,50,high,5,356.51381118525745,355.06397188992133,363.34226100255825,0.4083318528824449,False,False,False,,,True,True,0.6852331000845879,6801.0,150.00110690004658,0.0011069000465795398,1287963,8586.35663840958,0.4647533217312853,time_limit,True,run_b9ece1fb,ok
GA,False,n0050_i02,50,high,1,356.1154785368402,355.06397188992133,363.34226100255825,0.2961456892745159,False,False,False,,,True,True,0.18133539997506887,1641.0,150.00110719993245,0.001107199932448566,1311681,8744.475454115785,0.3000268703608771,time_limit,True,run_b9ece1fb,ok
GA,False,n0050_i02,50,high,2,357.3128116439085,355.06397188992133,363.34226100255825,0.633361853644888,False,False,False,,,True,True,0.3471828999463469,3167.0,150.0013719999697,0.0013719999697059393,1320094,8800.546171006134,0.6363993782833668,time_limit,True,run_b9ece1fb,ok
GA,False,n0050_i02,50,high,3,357.6018858841565,355.06397188992133,363.34226100255825,0.7147765459633807,False,False,False,,,True,True,0.13519109995104373,1229.0,150.0014275999274,0.0014275999274104834,1316946,8779.556442039071,0.7177935347952559,time_limit,True,run_b9ece1fb,ok
GA,False,n0050_i02,50,high,4,356.0922440451104,355.06397188992133,363.34226100255825,0.2896019412264886,False,False,False,,,True,True,0.41379549994599074,3773.0,150.00129509996623,0.0012950999662280083,1310593,8737.211229586877,0.43268623124797356,time_limit,True,run_b9ece1fb,ok
GA,False,n0050_i02,50,high,5,356.31204232079955,355.06397188992133,363.34226100255825,0.35150579323354947,False,False,False,,,True,True,0.39317739999387413,3582.0,150.00207430007868,0.002074300078675151,1320300,8801.878281754585,0.36343388257537335,time_limit,True,run_b9ece1fb,ok
HPSO,False,n0050_i02,50,high,1,356.63384914304794,355.06397188992133,363.34226100255825,0.4421392699378992,False,False,False,,,True,True,0.12673389993142337,686.0,150.00029719993472,0.00029719993472099304,859765,5731.755310151307,0.4451355271172167,time_limit,True,run_b9ece1fb,ok
HPSO,False,n0050_i02,50,high,2,355.7827970868622,355.06397188992133,363.34226100255825,0.2024494890638292,False,False,False,,,True,True,0.28297509998083115,1646.0,150.0003692000173,0.0003692000173032284,854687,5697.899308903177,0.25910953919298263,time_limit,True,run_b9ece1fb,ok
HPSO,False,n0050_i02,50,high,3,357.17178367687364,355.06397188992133,363.34226100255825,0.5936428232165963,False,False,False,,,True,True,0.34520880004856735,2400.0,150.00023560004774,0.00023560004774481058,859848,5732.31099644837,0.6628795049612971,time_limit,True,run_b9ece1fb,ok
HPSO,False,n0050_i02,50,high,4,356.3035606345814,355.06397188992133,363.34226100255825,0.3491170163117455,False,False,False,,,True,True,0.18407930003013462,1006.0,150.0003071000101,0.0003071000101044774,855831,5705.528318881305,0.3520629740664837,time_limit,True,run_b9ece1fb,ok
HPSO,False,n0050_i02,50,high,5,357.8217761341955,355.06397188992133,363.34226100255825,0.7767063015701133,False,False,False,,,True,True,0.3446541999001056,2022.0,150.00036979990546,0.0003697999054566026,861436,5742.892508525955,0.7956537925948666,time_limit,True,run_b9ece1fb,ok
LPT,True,n0050_i02,50,high,0,363.34226100255825,355.06397188992133,363.34226100255825,2.3314922853404534,False,False,False,,,False,False,,,0.00011899997480213642,0.0,1,8403.363123922669,,completed,False,run_b9ece1fb,ok
SIP,True,n0050_i02,50,high,0,373.37898746775244,355.06397188992133,363.34226100255825,5.158229791759671,False,False,False,,,False,False,,,0.00012320000678300858,0.0,1,8116.882669992819,,completed,False,run_b9ece1fb,ok
TS,False,n0050_i02,50,high,1,355.0890460037896,355.06397188992133,363.34226100255825,0.0070618581025777725,False,True,True,32.182566100033,264957.0,True,True,0.2661513000493869,2507.0,150.0007316999836,0.0007316999835893512,1359332,9062.169128073318,0.12605918831198581,time_limit,True,run_b9ece1fb,ok
TS,False,n0050_i02,50,high,2,355.14991790448175,355.06397188992133,363.34226100255825,0.024205783003820418,False,True,True,19.856157000060193,151614.0,True,True,0.15885530004743487,1521.0,150.00075670005754,0.0007567000575363636,1360870,9072.42089932389,0.0649598169056192,time_limit,True,run_b9ece1fb,ok
TS,False,n0050_i02,50,high,3,355.06397188992133,355.06397188992133,363.34226100255825,0.0,True,True,True,27.477587300003506,221451.0,True,True,0.39367520005907863,3768.0,150.00075530004688,0.0007553000468760729,1363124,9087.447575002803,0.08082290544497324,time_limit,True,run_b9ece1fb,ok
TS,False,n0050_i02,50,high,4,355.12319185304057,355.06397188992133,363.34226100255825,0.01667867421299298,False,True,True,57.412160599953495,501249.0,True,True,0.35104550002142787,3337.0,150.00098300003447,0.0009830000344663858,1356861,9045.680720636932,0.0660734479986968,time_limit,True,run_b9ece1fb,ok
TS,False,n0050_i02,50,high,5,355.3711553387151,355.06397188992133,363.34226100255825,0.08651495874354308,False,True,True,102.28443640004843,923885.0,True,True,0.1203514999942854,1136.0,150.00072930008173,0.0007293000817298889,1367003,9113.30902441989,0.10712637512036902,time_limit,True,run_b9ece1fb,ok
2PGA,False,n0050_i03,50,medium,1,313.44267628193705,312.3516168405037,318.48690957372486,0.34930488033633994,False,False,False,,,True,True,0.11384809999435674,1450.0,150.00059189999592,0.0005918999959249049,1849119,12327.411356035123,0.35892401148658387,time_limit,True,run_b9ece1fb,ok
2PGA,False,n0050_i03,50,medium,2,313.5014384751923,312.3516168405037,318.48690957372486,0.36811771500312496,False,False,False,,,True,True,0.5097699999896577,6465.0,150.0008630999946,0.0008630999946035445,1876438,12509.514686919609,0.3826678267236382,time_limit,True,run_b9ece1fb,ok
2PGA,False,n0050_i03,50,medium,3,313.19523715215934,312.3516168405037,318.48690957372486,0.27008674396790633,False,False,False,,,True,True,0.5728914000064833,7121.0,150.00062200000684,0.000622000006842427,1853799,12358.608752968474,0.3021009520111122,time_limit,True,run_b9ece1fb,ok
2PGA,False,n0050_i03,50,medium,4,313.2323231019102,312.3516168405037,318.48690957372486,0.28195988556582474,False,False,False,,,True,True,0.5196834999951534,6734.0,150.00062869999965,0.0006286999996518716,1893482,12623.160425460299,0.32971620271335134,time_limit,True,run_b9ece1fb,ok
2PGA,False,n0050_i03,50,medium,5,313.5009157017729,312.3516168405037,318.48690957372486,0.3679503480387152,False,False,False,,,True,True,0.7278848999994807,9389.0,150.00063689998933,0.0006368999893311411,1872678,12484.466990954044,0.42557051075921826,time_limit,True,run_b9ece1fb,ok
ACO,False,n0050_i03,50,medium,1,314.69362680048863,312.3516168405037,318.48690957372486,0.7497992114383141,False,False,False,,,True,True,2.85302640000009,5311.0,150.0003209000024,0.0003209000024071429,268890,1792.5961650392421,0.8415860809590057,time_limit,True,run_b9ece1fb,ok
ACO,False,n0050_i03,50,medium,2,314.8174698262431,312.3516168405037,318.48690957372486,0.789447805867619,False,False,False,,,True,True,3.7110609999981534,6701.0,150.00027000000046,0.0002700000004551839,270215,1801.4300907591646,0.8447278935196653,time_limit,True,run_b9ece1fb,ok
ACO,False,n0050_i03,50,medium,3,314.8491556543058,312.3516168405037,318.48690957372486,0.7995920876175218,False,False,False,,,True,True,3.173817999999301,5898.0,150.00059369999872,0.0005936999987170566,271335,1808.892840402153,0.863853940722436,time_limit,True,run_b9ece1fb,ok
ACO,False,n0050_i03,50,medium,4,314.7051464425348,312.3516168405037,318.48690957372486,0.7534872480691713,False,False,False,,,True,True,1.908762499999284,3511.0,150.0003660000002,0.0003660000002128072,270698,1804.6489299899415,0.7626726808870581,time_limit,True,run_b9ece1fb,ok
ACO,False,n0050_i03,50,medium,5,314.69509638896733,312.3516168405037,318.48690957372486,0.7502697031532486,False,False,False,,,True,True,9.0400922000008,16316.0,150.00031669999953,0.0003166999995301012,268058,1787.049560276034,0.7725489081270479,time_limit,True,run_b9ece1fb,ok
BRKGA-R-LS,False,n0050_i03,50,medium,1,313.5932573783801,312.3516168405037,318.48690957372486,0.3975137220148913,False,False,False,,,True,True,0.8745896000182256,7238.0,150.00104749994352,0.001047499943524599,1117795,7451.914627465657,0.4250078724707208,time_limit,True,run_b9ece1fb,ok
BRKGA-R-LS,False,n0050_i03,50,medium,2,313.7993440230847,312.3516168405037,318.48690957372486,0.4634927768983647,False,False,False,,,True,True,1.0070854000514373,8370.0,150.00094619998708,0.0009461999870836735,1113621,7424.09316882093,0.4814365491551227,time_limit,True,run_b9ece1fb,ok
BRKGA-R-LS,False,n0050_i03,50,medium,3,313.77133423803923,312.3516168405037,318.48690957372486,0.45452538773329687,False,False,False,,,True,True,0.8432914998847991,7007.0,150.00101569993421,0.0010156999342143536,1110601,7403.95653201225,0.4702320063068738,time_limit,True,run_b9ece1fb,ok
BRKGA-R-LS,False,n0050_i03,50,medium,4,313.91528369339613,312.3516168405037,318.48690957372486,0.5006110961451756,False,False,False,,,True,True,0.837926400010474,6971.0,150.000957799959,0.0009577999589964747,1111291,7408.559360547655,0.5070804810350235,time_limit,True,run_b9ece1fb,ok
BRKGA-R-LS,False,n0050_i03,50,medium,5,313.39968354024813,312.3516168405037,318.48690957372486,0.33554066738818883,False,False,False,,,True,True,0.73986720002722,6176.0,150.00101769994944,0.0010176999494433403,1112173,7414.436362189927,0.3435693630159335,time_limit,True,run_b9ece1fb,ok
GA,False,n0050_i03,50,medium,1,313.3431166144277,312.3516168405037,318.48690957372486,0.31743065201748794,False,False,False,,,True,True,0.12766009999904782,1014.0,150.0011693999404,0.0011693999404087663,1130593,7537.227906440902,0.3241063261656889,time_limit,True,run_b9ece1fb,ok
GA,False,n0050_i03,50,medium,2,313.22375926774123,312.3516168405037,318.48690957372486,0.2792181567873436,False,False,False,,,True,True,0.18630159995518625,1454.0,150.001058200025,0.0010582000249996781,1134540,7563.5466416983645,0.2848153217682223,time_limit,True,run_b9ece1fb,ok
GA,False,n0050_i03,50,medium,3,313.2289894335157,312.3516168405037,318.48690957372486,0.2808926049068686,False,False,False,,,True,True,0.10415129992179573,814.0,150.00104799994733,0.0010479999473318458,1126097,7507.2608826066025,0.28699574395847127,time_limit,True,run_b9ece1fb,ok
GA,False,n0050_i03,50,medium,4,313.26973757606106,312.3516168405037,318.48690957372486,0.29393820491288586,False,False,False,,,True,True,0.1345051999669522,1046.0,150.0012256000191,0.0012256000190973282,1138761,7591.677970928892,0.2971248578078026,time_limit,True,run_b9ece1fb,ok
GA,False,n0050_i03,50,medium,5,313.5115097670925,312.3516168405037,318.48690957372486,0.3713420594141053,False,False,False,,,True,True,0.3651895000366494,2853.0,150.0013772000093,0.0013772000093013048,1117600,7450.5982602400445,0.37790977018084626,time_limit,True,run_b9ece1fb,ok
HPSO,False,n0050_i03,50,medium,1,313.20458862252207,312.3516168405037,318.48690957372486,0.2730806360621182,False,False,False,,,True,True,0.06850609998218715,309.0,150.0002405999694,0.0002405999694019556,766897,5112.63846599561,0.2754519210858992,time_limit,True,run_b9ece1fb,ok
HPSO,False,n0050_i03,50,medium,2,313.2290563005712,312.3516168405037,318.48690957372486,0.2809140125295159,False,False,False,,,True,True,0.0721066000405699,334.0,150.000293900026,0.00029390002600848675,771454,5143.016589781937,0.2824111663876562,time_limit,True,run_b9ece1fb,ok
HPSO,False,n0050_i03,50,medium,3,313.06947198664426,312.3516168405037,318.48690957372486,0.22982277261817705,False,False,False,,,True,True,0.06530980009119958,296.0,150.00046690006275,0.00046690006274729967,772057,5147.030645673791,0.23233757005293795,time_limit,True,run_b9ece1fb,ok
HPSO,False,n0050_i03,50,medium,4,314.1816155749949,312.3516168405037,318.48690957372486,0.5858777851070487,False,False,False,,,True,True,0.060493099968880415,246.0,150.00036770000588,0.0003677000058814883,773293,5155.274029371394,0.586792709987437,time_limit,True,run_b9ece1fb,ok
HPSO,False,n0050_i03,50,medium,5,313.1509283858329,312.3516168405037,318.48690957372486,0.2559012030782464,False,False,False,,,True,True,0.22258689999580383,1140.0,150.00030409998726,0.0003040999872609973,772354,5149.016227894871,0.3325347503262461,time_limit,True,run_b9ece1fb,ok
LPT,True,n0050_i03,50,medium,0,318.48690957372486,312.3516168405037,318.48690957372486,1.9642263405839893,False,False,False,,,False,False,,,0.00013320008292794228,0.0,1,7507.502833470258,,completed,False,run_b9ece1fb,ok
SIP,True,n0050_i03,50,medium,0,326.90164830351097,312.3516168405037,318.48690957372486,4.65822191355486,False,False,False,,,False,False,,,0.00013830000534653664,0.0,1,7230.657710347243,,completed,False,run_b9ece1fb,ok
TS,False,n0050_i03,50,medium,1,312.36216142917226,312.3516168405037,318.48690957372486,0.0033758713257872964,False,True,True,17.660280199954286,110228.0,True,True,0.05931939999572933,486.0,150.00069469993468,0.0006946999346837401,1166507,7776.677316951839,0.032730442048877574,time_limit,True,run_b9ece1fb,ok
TS,False,n0050_i03,50,medium,2,312.462069682161,312.3516168405037,318.48690957372486,0.03536169998878669,False,True,True,93.86691959993914,718319.0,True,True,0.06011459999717772,492.0,150.00066349992994,0.0006634999299421906,1165318,7768.752302889276,0.11703855290933424,time_limit,True,run_b9ece1fb,ok
TS,False,n0050_i03,50,medium,3,312.3516168405037,312.3516168405037,318.48690957372486,0.0,True,True,True,23.593849499942735,159877.0,True,True,0.04277840000577271,348.0,150.0007988999132,0.0007988999132066965,1165499,7769.951950573741,0.04356315780090166,time_limit,True,run_b9ece1fb,ok
TS,False,n0050_i03,50,medium,4,312.70045617795495,312.3516168405037,318.48690957372486,0.11168161733235607,False,False,False,,,True,True,0.03937480004969984,324.0,148.2637873000931,0.0,1149901,7755.777866867414,0.16178754745620136,time_limit,True,run_b9ece1fb,ok
TS,False,n0050_i03,50,medium,5,312.4702860546667,312.3516168405037,318.48690957372486,0.03799218821511273,False,True,True,40.35316379996948,293477.0,True,True,0.03758769994601607,311.0,150.00060999998823,0.0006099999882280827,1162971,7753.108470692828,0.07753923044796003,time_limit,True,run_b9ece1fb,ok
2PGA,False,n0050_i04,50,low,1,169.71633663258194,169.28438088368404,172.99215618770884,0.2551657433739881,False,False,False,,,True,True,2.08475080000062,22595.0,150.0005344000092,0.0005344000092009082,1583537,10556.875722703444,0.309211947129401,time_limit,True,run_b9ece1fb,ok
2PGA,False,n0050_i04,50,low,2,169.51777354148504,169.28438088368404,172.99215618770884,0.13787016651073677,False,False,False,,,True,True,0.7366837000008672,7898.0,150.00066050000896,0.0006605000089621171,1626011,10840.025601086621,0.21428178947854992,time_limit,True,run_b9ece1fb,ok
2PGA,False,n0050_i04,50,low,3,169.64133633158093,169.28438088368404,172.99215618770884,0.21086141913007286,False,False,False,,,True,True,0.7012747999979183,7314.0,150.0010670000047,0.0010670000046957284,1012555,6750.3186493997955,0.24200132741426306,time_limit,True,run_b9ece1fb,ok
2PGA,False,n0050_i04,50,low,4,169.5633190309461,169.28438088368404,172.99215618770884,0.16477488697183887,False,False,False,,,True,True,2.602497600004426,13334.0,150.00089019999723,0.0008901999972295016,895097,5967.277919528084,0.2822398880432688,time_limit,True,run_b9ece1fb,ok
2PGA,False,n0050_i04,50,low,5,169.62170526238984,169.28438088368404,172.99215618770884,0.19926491560823822,False,False,False,,,True,True,1.5436401999904774,9836.0,150.0010895999876,0.0010895999876083806,888533,5923.510304954967,0.2650926745285379,time_limit,True,run_b9ece1fb,ok
ACO,False,n0050_i04,50,low,1,170.8102157313878,169.28438088368404,172.99215618770884,0.9013441403977985,False,False,False,,,True,True,3.348785800000769,5953.0,150.00014649999866,0.00014649999866378494,300410,2002.7313773323726,0.927644228763026,time_limit,True,run_b9ece1fb,ok
ACO,False,n0050_i04,50,low,2,170.70936572135727,169.28438088368404,172.99215618770884,0.8417698255649164,False,False,False,,,True,True,3.9970152999994752,12429.0,150.00043379999988,0.0004337999998824671,462255,3081.6910877493765,0.9248728975608979,time_limit,True,run_b9ece1fb,ok
ACO,False,n0050_i04,50,low,3,170.62173514692074,169.28438088368404,172.99215618770884,0.7900045215368133,False,False,False,,,True,True,11.991612599998916,20494.0,150.0002183999968,0.00021839999681105837,261979,1746.5241237275798,0.8557075073309925,time_limit,True,run_b9ece1fb,ok
ACO,False,n0050_i04,50,low,4,170.69090811268734,169.28438088368404,172.99215618770884,0.830866510933299,False,False,False,,,True,True,4.616359300001932,8272.0,150.00060640000083,0.0006064000008336734,261661,1744.3996146404816,0.8461924482462666,time_limit,True,run_b9ece1fb,ok
ACO,False,n0050_i04,50,low,5,170.75645819286697,169.28438088368404,172.99215618770884,0.8695883822822413,False,False,False,,,True,True,67.22750830000223,116661.0,150.00030740000147,0.000307400001474889,260573,1737.1497733343808,0.9706149029052688,time_limit,True,run_b9ece1fb,ok
BRKGA-R-LS,False,n0050_i04,50,low,1,169.57926476843926,169.28438088368404,172.99215618770884,0.17419438415753094,False,False,False,,,True,True,1.8008192999986932,12678.0,150.00085910002235,0.0008591000223532319,916750,6111.6316633140095,0.23422740817950127,time_limit,True,run_b9ece1fb,ok
BRKGA-R-LS,False,n0050_i04,50,low,2,169.76485205088414,169.28438088368404,172.99215618770884,0.28382486599885504,False,False,False,,,True,True,3.780434799962677,25956.0,150.0007811000105,0.0007811000104993582,911262,6075.048365197721,0.3728588519537909,time_limit,True,run_b9ece1fb,ok
BRKGA-R-LS,False,n0050_i04,50,low,3,169.43847775561972,169.28438088368404,172.99215618770884,0.09102840506092462,False,True,True,65.26708639995195,389286.0,True,True,2.832223500008695,19751.0,150.00087029999122,0.0008702999912202358,921962,6146.37767205044,0.2550695130854946,time_limit,True,run_b9ece1fb,ok
BRKGA-R-LS,False,n0050_i04,50,low,4,169.49616055844967,169.28438088368404,172.99215618770884,0.12510290297316426,False,False,False,,,True,True,2.2160642000380903,15545.0,150.0008898000233,0.0008898000232875347,922938,6152.883501094117,0.2698404066726167,time_limit,True,run_b9ece1fb,ok
BRKGA-R-LS,False,n0050_i04,50,low,5,169.3431386143673,169.28438088368404,172.99215618770884,0.03470948139251368,False,True,True,19.750358299934305,105173.0,True,True,2.2270446999464184,15879.0,150.00080889998935,0.0008088999893516302,920965,6139.733557130607,0.08326890710978857,time_limit,True,run_b9ece1fb,ok
GA,False,n0050_i04,50,low,1,169.49589079157198,169.28438088368404,172.99215618770884,0.12494354575645887,False,False,False,,,True,True,0.42619819997344166,2850.0,150.0008061999688,0.0008061999687924981,925609,6170.6935012472795,0.14118240221213205,time_limit,True,run_b9ece1fb,ok
GA,False,n0050_i04,50,low,2,169.41658704569295,169.28438088368404,172.99215618770884,0.0780970821518096,False,True,True,4.01213450008072,25381.0,True,True,0.22071900009177625,1452.0,150.00108930002898,0.0010893000289797783,923522,6156.768622878404,0.08404552756254084,time_limit,True,run_b9ece1fb,ok
GA,False,n0050_i04,50,low,3,169.3824025379911,169.28438088368404,172.99215618770884,0.05790354301760798,False,True,True,1.6841476999688894,10871.0,True,True,0.22062729997560382,1451.0,150.00097389996517,0.0009738999651744962,923117,6154.073376987683,0.06350360357588704,time_limit,True,run_b9ece1fb,ok
GA,False,n0050_i04,50,low,4,169.47328082610483,169.28438088368404,172.99215618770884,0.11158734281019313,False,False,False,,,True,True,0.33514669991564006,2215.0,150.00100029993337,0.0010002999333664775,919875,6132.459104677108,0.11894257249108817,time_limit,True,run_b9ece1fb,ok
GA,False,n0050_i04,50,low,5,169.79230460830897,169.28438088368404,172.99215618770884,0.3000416943214194,False,False,False,,,True,True,0.3076375999953598,2074.0,150.00090169999748,0.000901699997484684,931577,6210.476000092042,0.3061580673653977,time_limit,True,run_b9ece1fb,ok
HPSO,False,n0050_i04,50,low,1,169.4414502227976,169.28438088368404,172.99215618770884,0.09278430667593557,False,True,True,29.01450930000283,115007.0,True,True,0.25057339994236827,1136.0,150.00025179993827,0.0002517999382689595,670331,4468.865831599063,0.18327967797350112,time_limit,True,run_b9ece1fb,ok
HPSO,False,n0050_i04,50,low,2,169.6500770365386,169.28438088368404,172.99215618770884,0.2160247454287144,False,False,False,,,True,True,0.43141949991695583,2034.0,150.00028369994834,0.0002836999483406544,667368,4449.111585248487,0.22210956087826375,time_limit,True,run_b9ece1fb,ok
HPSO,False,n0050_i04,50,low,3,170.0595308343079,169.28438088368404,172.99215618770884,0.45789809229740974,False,False,False,,,True,True,0.15280869998969138,646.0,150.00043670006562,0.00043670006562024355,681061,4540.393448065888,0.46380865656283704,time_limit,True,run_b9ece1fb,ok
HPSO,False,n0050_i04,50,low,4,169.7595936057475,169.28438088368404,172.99215618770884,0.28071858702073366,False,False,False,,,True,True,0.15455760003533214,687.0,150.00034640007652,0.0003464000765234232,668966,4459.763034251624,0.2846931901327398,time_limit,True,run_b9ece1fb,ok
HPSO,False,n0050_i04,50,low,5,170.5704236918002,169.28438088368404,172.99215618770884,0.7596937185834027,False,False,False,,,True,True,4.436591400066391,21244.0,150.0002867000876,0.0002867000875994563,686648,4577.644583925979,0.773849335776052,time_limit,True,run_b9ece1fb,ok
LPT,True,n0050_i04,50,low,0,172.99215618770884,169.28438088368404,172.99215618770884,2.190264266951145,False,False,False,,,False,False,,,0.00015330000314861536,0.0,1,6523.15707411016,,completed,False,run_b9ece1fb,ok
SIP,True,n0050_i04,50,low,0,187.62068060873227,169.28438088368404,172.99215618770884,10.831654774841383,False,False,False,,,False,False,,,0.00016119994688779116,0.0,1,6203.475989331962,,completed,False,run_b9ece1fb,ok
TS,False,n0050_i04,50,low,1,169.31790135142884,169.28438088368404,172.99215618770884,0.01980127615425997,False,True,True,52.66306940000504,318421.0,True,True,0.14121709996834397,958.0,150.00064719992224,0.0006471999222412705,947931,6319.512733412335,0.12947376517860248,time_limit,True,run_b9ece1fb,ok
TS,False,n0050_i04,50,low,2,169.31811240262337,169.28438088368404,172.99215618770884,0.01992594872796371,False,True,True,27.605323800002225,154324.0,True,True,0.1723645000020042,1179.0,150.00065290008206,0.0006529000820592046,938663,6257.726095534124,0.07460621772339991,time_limit,True,run_b9ece1fb,ok
TS,False,n0050_i04,50,low,3,169.33292541401224,169.28438088368404,172.99215618770884,0.028676319737705597,False,True,True,1.381889499956742,9129.0,True,True,0.1453698999248445,1009.0,150.00062519998755,0.0006251999875530601,941723,6278.127166099826,0.039697481318950685,time_limit,True,run_b9ece1fb,ok
TS,False,n0050_i04,50,low,4,169.28438088368404,169.28438088368404,172.99215618770884,0.0,True,True,True,1.580496299895458,10323.0,True,True,0.19999889994505793,1374.0,150.0006092999829,0.0006092999828979373,940174,6267.801206858879,0.005378649895073598,time_limit,True,run_b9ece1fb,ok
TS,False,n0050_i04,50,low,5,169.34923435283386,169.28438088368404,172.99215618770884,0.03831036792129407,False,True,True,18.470499499933794,96265.0,True,True,0.17686709994450212,1207.0,150.0005388999125,0.0005388999124988914,938798,6258.630848162557,0.07542791375603755,time_limit,True,run_b9ece1fb,ok
2PGA,False,n0050_i05,50,high,1,300.94954838367477,299.72335179160166,309.3553516390694,0.4091094620233948,False,False,False,,,True,True,7.764042700000573,60777.0,150.0012035999971,0.0012035999970976263,1260938,8406.185882097978,0.5136984452331326,time_limit,True,run_b9ece1fb,ok
2PGA,False,n0050_i05,50,high,2,301.06460496313076,299.72335179160166,309.3553516390694,0.44749705470452644,False,False,False,,,True,True,3.7512724999978673,27539.0,150.00120040000184,0.001200400001835078,1270366,8469.038891771324,0.5264139458031348,time_limit,True,run_b9ece1fb,ok
2PGA,False,n0050_i05,50,high,3,300.2380274819585,299.72335179160166,309.3553516390694,0.17171691404102146,False,False,False,,,True,True,0.8094729000004008,6963.0,150.00117099999625,0.0011709999962477013,1248284,8321.828367593418,0.20109894898894254,time_limit,True,run_b9ece1fb,ok
2PGA,False,n0050_i05,50,high,4,299.9564708606503,299.72335179160166,309.3553516390694,0.07777808023805342,False,True,True,136.71921640000073,1140774.0,True,True,0.8698366999888094,7365.0,150.0011983000004,0.0011983000003965572,1250557,8336.980065311896,0.1538260100443969,time_limit,True,run_b9ece1fb,ok
2PGA,False,n0050_i05,50,high,5,301.2116386394442,299.72335179160166,309.3553516390694,0.49655351808467896,False,False,False,,,True,True,4.533862600001157,33574.0,150.0014055000065,0.0014055000065127388,1228031,8186.79662304862,0.621501938125791,time_limit,True,run_b9ece1fb,ok
ACO,False,n0050_i05,50,high,1,302.8895592664377,299.72335179160166,309.3553516390694,1.0563766406287554,False,False,False,,,False,False,,,150.00058920000083,0.0005892000008316245,279305,1862.026019295119,1.0689731588467462,time_limit,True,run_b9ece1fb,ok
ACO,False,n0050_i05,50,high,2,302.4226930387366,299.72335179160166,309.3553516390694,0.9006109237066757,False,False,False,,,True,True,125.97740169999815,235304.0,150.00048199999947,0.000481999999465188,280182,1867.8739978982267,1.111083052955521,time_limit,True,run_b9ece1fb,ok
ACO,False,n0050_i05,50,high,3,302.9584701014162,299.72335179160166,309.3553516390694,1.0793681207942463,False,False,False,,,False,False,,,150.0004043000008,0.0004043000008095987,409771,2731.799303556929,1.236171488779958,time_limit,True,run_b9ece1fb,ok
ACO,False,n0050_i05,50,high,4,302.8554195281353,299.72335179160166,309.3553516390694,1.044986224066849,False,False,False,,,False,False,,,150.00019640000028,0.00019640000027720816,495209,3301.3890107146494,1.0750518505243234,time_limit,True,run_b9ece1fb,ok
ACO,False,n0050_i05,50,high,5,302.71213909086407,299.72335179160166,309.3553516390694,0.9971819951288023,False,False,False,,,True,True,99.34199160000207,330162.0,150.00018230000205,0.00018230000205221586,496677,3311.175975817419,1.0835639626494569,time_limit,True,run_b9ece1fb,ok
BRKGA-R-LS,False,n0050_i05,50,high,1,300.44541135861033,299.72335179160166,309.3553516390694,0.24090867885086265,False,False,False,,,True,True,1.6015736000845209,15321.0,150.00104000000283,0.0010400000028312206,1248540,8323.542290106632,0.32419935204029043,time_limit,True,run_b9ece1fb,ok
BRKGA-R-LS,False,n0050_i05,50,high,2,301.2930170221433,299.72335179160166,309.3553516390694,0.5237046833885173,False,False,False,,,True,True,1.5972784000914544,15257.0,150.00109410006553,0.0010941000655293465,1265903,8439.291777135424,0.584915995382401,time_limit,True,run_b9ece1fb,ok
BRKGA-R-LS,False,n0050_i05,50,high,3,300.9331741765483,299.72335179160166,309.3553516390694,0.40364635511877356,False,False,False,,,True,True,4.977088400046341,16326.0,150.00102279998828,0.0010227999882772565,1264674,8431.102511123003,0.5298783178213985,time_limit,True,run_b9ece1fb,ok
BRKGA-R-LS,False,n0050_i05,50,high,4,301.07801102332775,299.72335179160166,309.3553516390694,0.45196986608770695,False,False,False,,,True,True,5.564546999987215,15763.0,150.00107880006544,0.0010788000654429197,1258329,8388.79966774913,0.5161117485198131,time_limit,True,run_b9ece1fb,ok
BRKGA-R-LS,False,n0050_i05,50,high,5,300.9463274960317,299.72335179160166,309.3553516390694,0.40803484183654104,False,False,False,,,True,True,1.6062418000074103,15329.0,150.0011022000108,0.001102200010791421,1255830,8372.138481525835,0.4569821689023461,time_limit,True,run_b9ece1fb,ok
GA,False,n0050_i05,50,high,1,301.314335956335,299.72335179160166,309.3553516390694,0.5308175539954496,False,False,False,,,True,True,0.34112969995476305,3026.0,150.00134159997106,0.0013415999710559845,1293817,8625.369521363333,0.5349267137385318,time_limit,True,run_b9ece1fb,ok
GA,False,n0050_i05,50,high,2,300.6680181600211,299.72335179160166,309.3553516390694,0.31517943556039324,False,False,False,,,True,True,0.34881510003469884,3078.0,150.00201950001065,0.0020195000106468797,1273600,8490.552355529517,0.3223774966603152,time_limit,True,run_b9ece1fb,ok
GA,False,n0050_i05,50,high,3,300.8857888994007,299.72335179160166,309.3553516390694,0.3878366836786577,False,False,False,,,True,True,0.32204130000900477,2871.0,150.00115429994185,0.0011542999418452382,1295743,8638.220192686225,0.39409838895196103,time_limit,True,run_b9ece1fb,ok
GA,False,n0050_i05,50,high,4,301.4160518631843,299.72335179160166,309.3553516390694,0.564754151274664,False,False,False,,,True,True,0.6263702999567613,5545.0,150.0012627999531,0.001262799953110516,1278530,8523.461577154134,0.5800464808583631,time_limit,True,run_b9ece1fb,ok
GA,False,n0050_i05,50,high,5,300.3079732594269,299.72335179160166,309.3553516390694,0.19505369345786516,False,False,False,,,True,True,0.4081342000281438,3632.0,150.00120439997409,0.0012043999740853906,1277546,8516.904948266007,0.21709981878591994,time_limit,True,run_b9ece1fb,ok
HPSO,False,n0050_i05,50,high,1,300.71157679574554,299.72335179160166,309.3553516390694,0.32971238251432616,False,False,False,,,True,True,0.1391303000273183,761.0,150.00054040004034,0.0005404000403359532,844320,5628.77972138141,0.35149778729257275,time_limit,True,run_b9ece1fb,ok
HPSO,False,n0050_i05,50,high,2,300.7758105074734,299.72335179160166,309.3553516390694,0.35114338258285854,False,False,False,,,True,True,0.3509772000834346,2021.0,150.0003216000041,0.00032160000409930944,836310,5575.388046367876,0.3564419990500293,time_limit,True,run_b9ece1fb,ok
HPSO,False,n0050_i05,50,high,3,301.43199222972015,299.72335179160166,309.3553516390694,0.5700725111690713,False,False,False,,,True,True,0.20038389996625483,1087.0,150.00048349995632,0.00048349995631724596,834616,5564.088731755608,0.5726584006850396,time_limit,True,run_b9ece1fb,ok
HPSO,False,n0050_i05,50,high,4,301.20278989476463,299.72335179160166,309.3553516390694,0.4936012140260708,False,False,False,,,True,True,0.14692910003941506,837.0,150.00033850001637,0.00033850001636892557,840917,5606.100682232182,0.5049255564960311,time_limit,True,run_b9ece1fb,ok
HPSO,False,n0050_i05,50,high,5,301.41236222989056,299.72335179160166,309.3553516390694,0.5635231383183238,False,False,False,,,True,True,0.2752149999141693,1586.0,150.00022679998074,0.00022679998073726892,847892,5652.604786595622,0.5768785544840349,time_limit,True,run_b9ece1fb,ok
LPT,True,n0050_i05,50,high,0,309.3553516390694,299.72335179160166,309.3553516390694,3.21363009918723,False,False,False,,,False,False,,,0.00012019998393952847,0.0,1,8319.468665678784,,completed,False,run_b9ece1fb,ok
SIP,True,n0050_i05,50,high,0,313.6894510567796,299.72335179160166,309.3553516390694,4.659663380145504,False,False,False,,,False,False,,,0.00012440001592040062,0.0,1,8038.584180245333,,completed,False,run_b9ece1fb,ok
TS,False,n0050_i05,50,high,1,299.73208627652895,299.72335179160166,309.3553516390694,0.002914182320155431,False,True,True,18.0242970000254,127049.0,True,True,0.16512819996569306,1511.0,150.00077919999603,0.0007791999960318208,1312902,8752.634532981378,0.044336766106715525,time_limit,True,run_b9ece1fb,ok
TS,False,n0050_i05,50,high,2,299.72335179160166,299.72335179160166,309.3553516390694,0.0,True,True,True,70.7282331000315,606795.0,True,True,0.09876270010136068,909.0,150.00087180000264,0.0008718000026419759,1318308,8788.668920256081,0.08291483819447919,time_limit,True,run_b9ece1fb,ok
TS,False,n0050_i05,50,high,3,299.9195762833974,299.72335179160166,309.3553516390694,0.06546853644296487,False,True,True,10.343016099999659,95021.0,True,True,0.128415200044401,1186.0,150.00068759999704,0.000687599997036159,1321385,8809.192951993016,0.10975084898040684,time_limit,True,run_b9ece1fb,ok
TS,False,n0050_i05,50,high,4,299.7506276159127,299.72335179160166,309.3553516390694,0.009100333406796583,False,True,True,9.832524699973874,52765.0,True,True,0.09861280000768602,927.0,150.00070330000017,0.0007033000001683831,1319316,8795.398761306998,0.05942066026660895,time_limit,True,run_b9ece1fb,ok
TS,False,n0050_i05,50,high,5,299.80144494359644,299.72335179160166,309.3553516390694,0.02605507763341605,False,True,True,11.034366699983366,65357.0,True,True,0.1645530000096187,1527.0,150.00077280006371,0.000772800063714385,1320352,8802.301317206542,0.046437378034991664,time_limit,True,run_b9ece1fb,ok
2PGA,False,n0050_i06,50,low,1,236.44302818073257,235.5586602081441,241.38252534900798,0.3754342853737723,False,False,False,,,True,True,1.485874200006947,9907.0,150.0006074000121,0.0006074000120861456,1659261,11061.695207507983,0.4043480339296484,time_limit,True,run_b9ece1fb,ok
2PGA,False,n0050_i06,50,low,2,236.59841695494038,235.5586602081441,241.38252534900798,0.4414003483792687,False,False,False,,,True,True,1.6448304999939865,18529.0,150.00051830000302,0.0005183000030228868,1661461,11076.368394121519,0.4771222670012249,time_limit,True,run_b9ece1fb,ok
2PGA,False,n0050_i06,50,low,3,236.42611566307232,235.5586602081441,241.38252534900798,0.36825453760083937,False,False,False,,,True,True,1.406230200009304,16553.0,150.0005591000081,0.0005591000081039965,1703185,11354.52434456898,0.5691018405053162,time_limit,True,run_b9ece1fb,ok
2PGA,False,n0050_i06,50,low,4,236.52697547836,235.5586602081441,241.38252534900798,0.41107181937623294,False,False,False,,,True,True,1.9661201999988407,22483.0,150.00074329999916,0.0007432999991578981,1683216,11221.384394299928,0.4602635025343744,time_limit,True,run_b9ece1fb,ok
2PGA,False,n0050_i06,50,low,5,236.06122468195437,235.5586602081441,241.38252534900798,0.21335003067440006,False,False,False,,,True,True,1.908290199993644,21373.0,150.000729899999,0.0007298999989870936,1676299,11175.27228779179,0.25515238562650155,time_limit,True,run_b9ece1fb,ok
ACO,False,n0050_i06,50,low,1,237.7420453764857,235.5586602081441,241.38252534900798,0.9268965812644379,False,False,False,,,True,True,8.696857900002215,27336.0,150.00017809999918,0.00017809999917517416,471908,3146.049597923795,0.9442397659284988,time_limit,True,run_b9ece1fb,ok
ACO,False,n0050_i06,50,low,2,237.5197016734718,235.5586602081441,241.38252534900798,0.8325066306604405,False,False,False,,,True,True,1.4168593999966106,4469.0,150.00041099999726,0.0004109999972570222,293490,1956.594638930725,0.8483733560987825,time_limit,True,run_b9ece1fb,ok
ACO,False,n0050_i06,50,low,3,237.54524709102313,235.5586602081441,241.38252534900798,0.8433512404611456,False,False,False,,,True,True,11.803057200002513,20509.0,150.00032959999953,0.0003295999995316379,451344,3008.9533883264307,0.9491081036185934,time_limit,True,run_b9ece1fb,ok
ACO,False,n0050_i06,50,low,4,237.67104907131727,235.5586602081441,241.38252534900798,0.896757037634122,False,False,False,,,True,True,2.363394899999548,7657.0,150.00013749999925,0.00013749999925494194,491644,3277.623662178326,0.9075964997940569,time_limit,True,run_b9ece1fb,ok
ACO,False,n0050_i06,50,low,5,238.05023347196342,235.5586602081441,241.38252534900798,1.0577294257055683,False,False,False,,,False,False,,,150.00032990000182,0.0003299000018159859,489860,3265.7261509129125,1.1235541988972735,time_limit,True,run_b9ece1fb,ok
BRKGA-R-LS,False,n0050_i06,50,low,1,235.97574292296738,235.5586602081441,241.38252534900798,0.17706108298236725,False,False,False,,,True,True,1.9163722000084817,14714.0,150.00086449994706,0.0008644999470561743,990320,6602.095283259848,0.24639090432721342,time_limit,True,run_b9ece1fb,ok
BRKGA-R-LS,False,n0050_i06,50,low,2,236.24026778770423,235.5586602081441,241.38252534900798,0.2893578945294794,False,False,False,,,True,True,1.7287678000284359,13295.0,150.00094269996043,0.0009426999604329467,990281,6601.831843022552,0.31558889453726835,time_limit,True,run_b9ece1fb,ok
BRKGA-R-LS,False,n0050_i06,50,low,3,236.09198000966262,235.5586602081441,241.38252534900798,0.22640636563617692,False,False,False,,,True,True,1.6200072999345139,12560.0,150.00094129994977,0.000941299949772656,983509,6556.6855212816545,0.39376472154636233,time_limit,True,run_b9ece1fb,ok
BRKGA-R-LS,False,n0050_i06,50,low,4,235.91448608576027,235.5586602081441,241.38252534900798,0.15105616465205274,False,False,False,,,True,True,2.173458300065249,16330.0,150.00092989997938,0.0009298999793827534,994019,6626.752251888117,0.3215805740214247,time_limit,True,run_b9ece1fb,ok
BRKGA-R-LS,False,n0050_i06,50,low,5,236.02451578426317,235.5586602081441,241.38252534900798,0.19776627006939324,False,False,False,,,True,True,1.7438614000566304,13384.0,150.00083420006558,0.0008342000655829906,975194,6501.25717767224,0.2656545479337446,time_limit,True,run_b9ece1fb,ok
GA,False,n0050_i06,50,low,1,236.22694865627247,235.5586602081441,241.38252534900798,0.2837036208042052,False,False,False,,,True,True,0.9414553000824526,6607.0,150.00123480008915,0.0012348000891506672,988800,6591.9457350987905,0.3013202232740916,time_limit,True,run_b9ece1fb,ok
GA,False,n0050_i06,50,low,2,235.95096638872033,235.5586602081441,241.38252534900798,0.166542881603076,False,False,False,,,True,True,0.4014916999731213,2911.0,150.00096320000011,0.0009632000001147389,1008217,6721.403506294279,0.3102324973172142,time_limit,True,run_b9ece1fb,ok
GA,False,n0050_i06,50,low,3,236.67389737538383,235.5586602081441,241.38252534900798,0.47344350076295055,False,False,False,,,True,True,0.6811067999806255,4791.0,150.00096949993167,0.0009694999316707253,1009742,6731.569824956764,0.47926132650283515,time_limit,True,run_b9ece1fb,ok
GA,False,n0050_i06,50,low,4,236.2310731558381,235.5586602081441,241.38252534900798,0.28545456452326673,False,False,False,,,True,True,1.1464720000512898,8091.0,150.001006500097,0.0010065000969916582,1012300,6748.62138341282,0.5610047537424049,time_limit,True,run_b9ece1fb,ok
GA,False,n0050_i06,50,low,5,236.02975480779827,235.5586602081441,241.38252534900798,0.19999035452057312,False,False,False,,,True,True,0.15749499993398786,1111.0,150.00100519997068,0.001005199970677495,997851,6652.295420752254,0.21367969971735032,time_limit,True,run_b9ece1fb,ok
HPSO,False,n0050_i06,50,low,1,235.90455848385642,235.5586602081441,241.38252534900798,0.146841672221555,False,False,False,,,True,True,0.16625930008012801,809.0,150.00037020002492,0.00037020002491772175,702922,4686.135101284458,0.15295502482162268,time_limit,True,run_b9ece1fb,ok
HPSO,False,n0050_i06,50,low,2,237.57746399120808,235.5586602081441,241.38252534900798,0.8570280461266565,False,False,False,,,True,True,0.9038512000115588,4444.0,150.00042129994836,0.00042129994835704565,725984,4839.879739726104,0.8629911456189157,time_limit,True,run_b9ece1fb,ok
HPSO,False,n0050_i06,50,low,3,236.59468777232658,235.5586602081441,241.38252534900798,0.43981722568256937,False,False,False,,,True,True,0.23992520000319928,1126.0,150.0003691999009,0.00036919990088790655,705512,4703.401756696917,0.4431080072997939,time_limit,True,run_b9ece1fb,ok
HPSO,False,n0050_i06,50,low,4,235.9757187551965,235.5586602081441,241.38252534900798,0.17705082321486265,False,False,False,,,True,True,0.48302049993071705,2329.0,150.00026869995054,0.00026869995053857565,711912,4746.071498205488,0.18729469162761636,time_limit,True,run_b9ece1fb,ok
HPSO,False,n0050_i06,50,low,5,236.11071396878614,235.5586602081441,241.38252534900798,0.23435935666905564,False,False,False,,,True,True,0.15679510007612407,698.0,150.00031999999192,0.00031999999191612005,703694,4691.283325262492,0.2373376722494721,time_limit,True,run_b9ece1fb,ok
LPT,True,n0050_i06,50,low,0,241.38252534900798,235.5586602081441,241.38252534900798,2.472362992605668,False,False,False,,,False,False,,,0.00014949997421354055,0.0,1,6688.964364446209,,completed,False,run_b9ece1fb,ok
SIP,True,n0050_i06,50,low,0,254.73425626027452,235.5586602081441,241.38252534900798,8.140475937155744,False,False,False,,,False,False,,,0.00015380000695586205,0.0,1,6501.950291113984,,completed,False,run_b9ece1fb,ok
TS,False,n0050_i06,50,low,1,235.90131964174057,235.5586602081441,241.38252534900798,0.145466710200211,False,False,False,,,True,True,0.3521562999812886,2618.0,150.0006732000038,0.0006732000038027763,1012599,6750.629703173721,0.16397020576525936,time_limit,True,run_b9ece1fb,ok
TS,False,n0050_i06,50,low,2,235.67941716866824,235.5586602081441,241.38252534900798,0.05126407172525276,False,True,True,20.80217299994547,119313.0,True,True,0.17749160004314035,1352.0,150.00063240004238,0.0006324000423774123,1002307,6682.018495274803,0.0733331303804217,time_limit,True,run_b9ece1fb,ok
TS,False,n0050_i06,50,low,3,235.5586602081441,235.5586602081441,241.38252534900798,0.0,True,True,True,77.85152839997318,513922.0,True,True,0.3921130000380799,2863.0,150.00063550006598,0.0006355000659823418,1011059,6740.364776651598,0.09907215474805477,time_limit,True,run_b9ece1fb,ok
TS,False,n0050_i06,50,low,4,235.80319912760743,235.5586602081441,241.38252534900798,0.10381232396518923,False,False,False,,,True,True,0.2685157998930663,1961.0,150.00057909998577,0.0005790999857708812,1013841,6758.913906087021,0.23185628960888688,time_limit,True,run_b9ece1fb,ok
TS,False,n0050_i06,50,low,5,235.6982413667959,235.5586602081441,241.38252534900798,0.059255371264416906,False,True,True,32.29071099997964,199033.0,True,True,0.4263208999764174,3157.0,150.00062319997232,0.0006231999723240733,1011444,6742.931985366489,0.10623188723665095,time_limit,True,run_b9ece1fb,ok
2PGA,False,n0100_i01,100,medium,1,446.2713399185357,444.77073295526196,452.1930735487825,0.33738887298249787,False,False,False,,,True,True,0.6018063000083202,3965.0,150.000363500003,0.0003635000030044466,987186,6581.22405150025,0.41307014947880605,time_limit,True,run_b9ece1fb,ok
2PGA,False,n0100_i01,100,medium,2,445.3544603791288,444.77073295526196,452.1930735487825,0.13124231893323524,False,False,False,,,True,True,0.5855306000012206,3842.0,150.00036849999742,0.0003684999974211678,973931,6492.857382547142,0.2303578462240174,time_limit,True,run_b9ece1fb,ok
2PGA,False,n0100_i01,100,medium,3,445.5693980960023,444.77073295526196,452.1930735487825,0.17956782709906619,False,False,False,,,True,True,0.6907995999936247,4542.0,150.0003907999926,0.0003907999926013872,976700,6511.316369184074,0.2484855428545424,time_limit,True,run_b9ece1fb,ok
2PGA,False,n0100_i01,100,medium,4,445.47951738136084,444.77073295526196,452.1930735487825,0.15935950222924572,False,False,False,,,True,True,0.6410737999976845,4253.0,150.00040160000208,0.00040160000207833946,979505,6530.015850304139,0.22504519886472935,time_limit,True,run_b9ece1fb,ok
2PGA,False,n0100_i01,100,medium,5,445.34216058706335,444.77073295526196,452.1930735487825,0.128476895951439,False,False,False,,,True,True,1.5445908999972744,10108.0,150.0005977999972,0.0005977999971946701,971179,6474.500863622679,0.21958977866185658,time_limit,True,run_b9ece1fb,ok
ACO,False,n0100_i01,100,medium,1,447.9914188761437,444.77073295526196,452.1930735487825,0.7241227181208678,False,False,False,,,True,True,0.08121209999808343,99.0,150.00010760000077,0.00010760000077425502,166932,1112.879201694647,0.8018058777234218,time_limit,True,run_b9ece1fb,ok
ACO,False,n0100_i01,100,medium,2,448.4684087712844,444.77073295526196,452.1930735487825,0.8313667114410489,False,False,False,,,True,True,0.2105690999997023,245.0,150.00032490000012,0.0003249000001233071,167866,1119.104242686876,0.914220949522724,time_limit,True,run_b9ece1fb,ok
ACO,False,n0100_i01,100,medium,3,448.2837368741118,444.77073295526196,452.1930735487825,0.7898460169597555,False,False,False,,,True,True,1.2818544000001566,1419.0,150.00021729999935,0.0002172999993490521,150303,1002.0185484091339,0.8260866005483568,time_limit,True,run_b9ece1fb,ok
ACO,False,n0100_i01,100,medium,4,448.29292797083036,444.77073295526196,452.1930735487825,0.7919124966171472,False,False,False,,,True,True,1.4954314999995404,897.0,150.00016440000036,0.0001644000003580004,86614,577.4260338077322,0.8908728728940012,time_limit,True,run_b9ece1fb,ok
ACO,False,n0100_i01,100,medium,5,448.08870977446156,444.77073295526196,452.1930735487825,0.7459971111753311,False,False,False,,,True,True,23.142140600000857,13400.0,150.0009285999986,0.0009285999985877424,86553,577.0164278836393,0.8581638546785864,time_limit,True,run_b9ece1fb,ok
BRKGA-R-LS,False,n0100_i01,100,medium,1,445.79580236976113,444.77073295526196,452.1930735487825,0.23047141786693945,False,False,False,,,True,True,3.643118300009519,15728.0,150.00079960003495,0.0007996000349521637,563518,3756.766640595086,0.34075421888097407,time_limit,True,run_b9ece1fb,ok
BRKGA-R-LS,False,n0100_i01,100,medium,2,445.86328210349177,444.77073295526196,452.1930735487825,0.24564321959100285,False,False,False,,,True,True,3.7432993999682367,15728.0,150.00063249992672,0.0006324999267235398,563529,3756.8441586422996,0.3247446362349798,time_limit,True,run_b9ece1fb,ok
BRKGA-R-LS,False,n0100_i01,100,medium,3,446.04000065962015,444.77073295526196,452.1930735487825,0.2853757251347419,False,False,False,,,True,True,3.7006706999382004,15728.0,150.00065289996564,0.0006528999656438828,558443,3722.937128629844,0.35078560545726695,time_limit,True,run_b9ece1fb,ok
BRKGA-R-LS,False,n0100_i01,100,medium,4,446.1466700195122,444.77073295526196,452.1930735487825,0.30935872401223236,False,False,False,,,True,True,3.7009542000014335,15728.0,150.00066150003113,0.0006615000311285257,561260,3741.716832361326,0.37427440159813113,time_limit,True,run_b9ece1fb,ok
BRKGA-R-LS,False,n0100_i01,100,medium,5,446.77222089859407,444.77073295526196,452.1930735487825,0.4500044168898657,False,False,False,,,True,True,3.693032200098969,15728.0,150.00073180010077,0.0007318001007661223,561922,3746.128390552442,0.49892033368129274,time_limit,True,run_b9ece1fb,ok
GA,False,n0100_i01,100,medium,1,445.691156618313,444.77073295526196,452.1930735487825,0.2069433968677152,False,False,False,,,True,True,0.3987718999851495,1613.0,150.0006009999197,0.0006009999196976423,578537,3856.8978800312257,0.2552794299509458,time_limit,True,run_b9ece1fb,ok
GA,False,n0100_i01,100,medium,2,446.6099603680786,444.77073295526196,452.1930735487825,0.4135225806329366,False,False,False,,,True,True,0.32190039998386055,1283.0,150.00077809998766,0.0007780999876558781,580395,3869.279928755568,0.4601328143300909,time_limit,True,run_b9ece1fb,ok
GA,False,n0100_i01,100,medium,3,446.05731633543525,444.77073295526196,452.1930735487825,0.28926889402650885,False,False,False,,,True,True,0.33224459993653,1315.0,150.00052010000218,0.0005201000021770597,573360,3822.3867465109656,0.33023641344281285,time_limit,True,run_b9ece1fb,ok
GA,False,n0100_i01,100,medium,4,445.2519119277271,444.77073295526196,452.1930735487825,0.10818584425912736,False,False,False,,,True,True,0.33114420005586,1311.0,150.00078250002116,0.0007825000211596489,578198,3854.6332249961324,0.14357075638223415,time_limit,True,run_b9ece1fb,ok
GA,False,n0100_i01,100,medium,5,445.48975220399296,444.77073295526196,452.1930735487825,0.1616606479373105,False,False,False,,,True,True,0.3442957999650389,1379.0,150.00051309994888,0.0005130999488756061,573805,3825.353581408486,0.21034306479868092,time_limit,True,run_b9ece1fb,ok
HPSO,False,n0100_i01,100,medium,1,445.52387733895984,444.77073295526196,452.1930735487825,0.16933317052892252,False,False,False,,,True,True,0.14033680001739413,330.0,150.0005084000295,0.000508400029502809,439006,2926.6967471152493,0.18495154129718347,time_limit,True,run_b9ece1fb,ok
HPSO,False,n0100_i01,100,medium,2,445.6952774031943,444.77073295526196,452.1930735487825,0.20786989327945715,False,False,False,,,True,True,0.16693810001015663,428.0,150.00099029997364,0.0009902999736368656,435000,2899.9808543269096,0.2154569932845962,time_limit,True,run_b9ece1fb,ok
HPSO,False,n0100_i01,100,medium,3,445.2542600391047,444.77073295526196,452.1930735487825,0.10871378173422952,False,False,False,,,True,True,0.11203139997087419,228.0,150.0006885000039,0.0006885000038892031,443468,2956.439763274743,0.12058102392472717,time_limit,True,run_b9ece1fb,ok
HPSO,False,n0100_i01,100,medium,4,445.5650086880773,444.77073295526196,452.1930735487825,0.17858093484204493,False,False,False,,,True,True,0.12767970003187656,293.0,150.00084520003293,0.0008452000329270959,440819,2938.7767743051572,0.19151385694635464,time_limit,True,run_b9ece1fb,ok
HPSO,False,n0100_i01,100,medium,5,445.7979604205642,444.77073295526196,452.1930735487825,0.23095662308463355,False,False,False,,,True,True,0.14183970005251467,333.0,150.00097040005494,0.0009704000549390912,438071,2920.454439939007,0.25338997110815387,time_limit,True,run_b9ece1fb,ok
LPT,True,n0100_i01,100,medium,0,452.1930735487825,444.77073295526196,452.1930735487825,1.668801484351963,False,False,False,,,False,False,,,0.00025839998852461576,0.0,1,3869.969212110618,,completed,False,run_b9ece1fb,ok
SIP,True,n0100_i01,100,medium,0,462.62722491710076,444.77073295526196,452.1930735487825,4.014763256384256,False,False,False,,,False,False,,,0.00026899995282292366,0.0,1,3717.472770927497,,completed,False,run_b9ece1fb,ok
TS,False,n0100_i01,100,medium,1,445.35368329205136,444.77073295526196,452.1930735487825,0.13106760260865274,False,False,False,,,True,True,0.12743590003810823,535.0,150.00036379997618,0.0003637999761849642,593103,3954.0104102073797,0.14127528949771403,time_limit,True,run_b9ece1fb,ok
TS,False,n0100_i01,100,medium,2,445.37853375544296,444.77073295526196,452.1930735487825,0.13665485499517635,False,False,False,,,True,True,0.08527839998714626,350.0,150.00045160006266,0.00045160006266087294,591693,3944.60812409816,0.14492912457589868,time_limit,True,run_b9ece1fb,ok
TS,False,n0100_i01,100,medium,3,444.77073295526196,444.77073295526196,452.1930735487825,0.0,True,True,True,49.2510111000156,183436.0,True,True,0.11364769993815571,470.0,150.00041019998025,0.00041019998025149107,587041,3913.5959642867515,0.10491076595546964,time_limit,True,run_b9ece1fb,ok
TS,False,n0100_i01,100,medium,4,445.27004474651943,444.77073295526196,452.1930735487825,0.11226273544120384,False,False,False,,,True,True,0.11681949999183416,486.0,150.00059750000946,0.0005975000094622374,589477,3929.831012839551,0.1280047485028426,time_limit,True,run_b9ece1fb,ok
TS,False,n0100_i01,100,medium,5,445.13104640225043,444.77073295526196,452.1930735487825,0.08101105137794971,False,True,True,10.424959999974817,42307.0,True,True,0.1552830000873655,648.0,150.00041440001223,0.0004144000122323632,585819,3905.449210545329,0.09333692544540569,time_limit,True,run_b9ece1fb,ok
2PGA,False,n0100_i02,100,high,1,761.1550691990928,757.8750923104894,779.4044647044147,0.4327859461120355,False,False,False,,,True,True,3.8593458000104874,33132.0,150.00045059999684,0.00045059999683871865,1255232,8368.18819529617,0.5513018470590771,time_limit,True,run_b9ece1fb,ok
2PGA,False,n0100_i02,100,high,2,761.5051960635143,757.8750923104894,779.4044647044147,0.4789844381820189,False,False,False,,,True,True,4.521728100007749,37614.0,150.00053630000912,0.0005363000091165304,1247766,8318.410258910015,0.555846043969893,time_limit,True,run_b9ece1fb,ok
2PGA,False,n0100_i02,100,high,3,760.1382977019936,757.8750923104894,779.4044647044147,0.2986251183693645,False,False,False,,,True,True,3.7985871999990195,31182.0,150.0004104999971,0.0004104999970877543,1239145,8260.944059216585,0.42008436103058167,time_limit,True,run_b9ece1fb,ok
2PGA,False,n0100_i02,100,high,4,760.4427530302937,757.8750923104894,779.4044647044147,0.3387973487789925,False,False,False,,,True,True,2.2336508000007598,18727.0,150.00116790000175,0.0011679000017466024,1235100,8233.93589057506,0.43857350342884766,time_limit,True,run_b9ece1fb,ok
2PGA,False,n0100_i02,100,high,5,759.8623248843065,757.8750923104894,779.4044647044147,0.26221109441118273,False,False,False,,,True,True,2.5437636999995448,21347.0,150.00045639999735,0.0004563999973470345,1243988,8293.22809980478,0.4052507193313551,time_limit,True,run_b9ece1fb,ok
ACO,False,n0100_i02,100,high,1,767.1220731094227,757.8750923104894,779.4044647044147,1.2201193696368233,False,False,False,,,False,False,,,150.0007998000001,0.0007998000000952743,88857,592.376841446681,1.283972828378435,time_limit,True,run_b9ece1fb,ok
ACO,False,n0100_i02,100,high,2,767.7720857651902,757.8750923104894,779.4044647044147,1.305887151473526,False,False,False,,,False,False,,,150.00018089999867,0.00018089999866788276,89540,596.9326134326068,1.3899228071383642,time_limit,True,run_b9ece1fb,ok
ACO,False,n0100_i02,100,high,3,767.9827136294747,757.8750923104894,779.4044647044147,1.3336790483733592,False,False,False,,,False,False,,,150.00133930000084,0.0013393000008363742,89279,595.1880190979035,1.4234367152369267,time_limit,True,run_b9ece1fb,ok
ACO,False,n0100_i02,100,high,4,767.9561643082119,757.8750923104894,779.4044647044147,1.3301759221283929,False,False,False,,,False,False,,,150.0009557000012,0.0009557000012136996,88729,591.5228978771052,1.433687457262957,time_limit,True,run_b9ece1fb,ok
ACO,False,n0100_i02,100,high,5,766.4285824534583,757.8750923104894,779.4044647044147,1.1286147585207347,False,False,False,,,False,False,,,150.00127169999905,0.0012716999990516342,89271,595.13495444586,1.3714175790025147,time_limit,True,run_b9ece1fb,ok
BRKGA-R-LS,False,n0100_i02,100,high,1,761.6083327291697,757.8750923104894,779.4044647044147,0.4925931009685136,False,False,False,,,True,True,5.747789500048384,31527.0,150.0006595000159,0.000659500015899539,725268,4835.09874168202,0.6779716883105706,time_limit,True,run_b9ece1fb,ok
BRKGA-R-LS,False,n0100_i02,100,high,2,760.3401396540614,757.8750923104894,779.4044647044147,0.3252577329143976,False,False,False,,,True,True,5.276579499943182,29076.0,150.00088439998217,0.0008843999821692705,724292,4828.584863997549,0.4531442881383318,time_limit,True,run_b9ece1fb,ok
BRKGA-R-LS,False,n0100_i02,100,high,3,761.4647246659231,757.8750923104894,779.4044647044147,0.47364432369589404,False,False,False,,,True,True,5.969758499995805,32647.0,150.0005611999659,0.0005611999658867717,725257,4835.028577214182,0.6146938382453988,time_limit,True,run_b9ece1fb,ok
BRKGA-R-LS,False,n0100_i02,100,high,4,761.6406366612556,757.8750923104894,779.4044647044147,0.49685553582271297,False,False,False,,,True,True,11.377052899915725,47032.0,150.00092379993293,0.0009237999329343438,733029,4886.829903645752,0.6400583470720158,time_limit,True,run_b9ece1fb,ok
BRKGA-R-LS,False,n0100_i02,100,high,5,761.4090557391066,757.8750923104894,779.4044647044147,0.466298927682583,False,False,False,,,True,True,5.217780900071375,28809.0,150.00071000005119,0.0007100000511854887,728922,4859.456998568548,0.6240128500257721,time_limit,True,run_b9ece1fb,ok
GA,False,n0100_i02,100,high,1,759.1482273380511,757.8750923104894,779.4044647044147,0.1679874481268887,False,False,False,,,True,True,0.5605668999487534,2891.0,150.00065149995498,0.000651499954983592,754221,5028.1181612082955,0.23484478417547128,time_limit,True,run_b9ece1fb,ok
GA,False,n0100_i02,100,high,2,757.8750923104894,757.8750923104894,779.4044647044147,0.0,True,True,True,36.75662890006788,168973.0,True,True,1.2821291000582278,6674.0,150.00101380003616,0.001013800036162138,749100,4993.966247445585,0.09779694183736946,time_limit,True,run_b9ece1fb,ok
GA,False,n0100_i02,100,high,3,758.8996236188568,757.8750923104894,779.4044647044147,0.1351847182685418,False,False,False,,,True,True,1.9850032000103965,10377.0,150.00088369997684,0.0008836999768391252,753543,5023.590404355174,0.195776675936162,time_limit,True,run_b9ece1fb,ok
GA,False,n0100_i02,100,high,4,759.9294871073361,757.8750923104894,779.4044647044147,0.2710730063160553,False,False,False,,,True,True,1.6588297999696806,8647.0,150.00072120002005,0.0007212000200524926,751168,5007.762589343468,0.3444002845985489,time_limit,True,run_b9ece1fb,ok
GA,False,n0100_i02,100,high,5,759.0810590453274,757.8750923104894,779.4044647044147,0.1591247353388252,False,False,False,,,True,True,1.6621538000181317,8597.0,150.00161750009283,0.0016175000928342342,756400,5042.612290494347,0.23357984605789398,time_limit,True,run_b9ece1fb,ok
HPSO,False,n0100_i02,100,high,1,760.2819439454578,757.8750923104894,779.4044647044147,0.3175789334401689,False,False,False,,,True,True,0.5187514999415725,1899.0,150.00042269995902,0.00042269995901733637,545377,3635.836420880626,0.3341090603111657,time_limit,True,run_b9ece1fb,ok
HPSO,False,n0100_i02,100,high,2,758.9846447221637,757.8750923104894,779.4044647044147,0.14640307128865135,False,False,False,,,True,True,0.5043353999499232,1792.0,150.00041520001832,0.0004152000183239579,546773,3645.14324357639,0.16014587844760217,time_limit,True,run_b9ece1fb,ok
HPSO,False,n0100_i02,100,high,3,759.9108749712186,757.8750923104894,779.4044647044147,0.2686171747012837,False,False,False,,,True,True,0.44547520007472485,1506.0,150.0004093000898,0.00040930008981376886,543982,3626.5367710544924,0.2815327704490639,time_limit,True,run_b9ece1fb,ok
HPSO,False,n0100_i02,100,high,4,758.909938917486,757.8750923104894,779.4044647044147,0.1365457998945019,False,False,False,,,True,True,0.6697520000161603,2440.0,150.00038759992458,0.00038759992457926273,541757,3611.7040006920115,0.157965393866114,time_limit,True,run_b9ece1fb,ok
HPSO,False,n0100_i02,100,high,5,758.4128391436071,757.8750923104894,779.4044647044147,0.07095454627995451,False,True,True,27.61006850004196,88978.0,True,True,0.33411059994250536,1195.0,150.00048619997688,0.00048619997687637806,542664,3617.7482736724864,0.1072561414391858,time_limit,True,run_b9ece1fb,ok
LPT,True,n0100_i02,100,high,0,779.4044647044147,757.8750923104894,779.4044647044147,2.840754711741479,False,False,False,,,False,False,,,0.00020759995095431805,0.0,1,4816.956822017978,,completed,False,run_b9ece1fb,ok
SIP,True,n0100_i02,100,high,0,788.2121085370427,757.8750923104894,779.4044647044147,4.002904506871518,False,False,False,,,False,False,,,0.00021049997303634882,0.0,1,4750.594432747606,,completed,False,run_b9ece1fb,ok
TS,False,n0100_i02,100,high,1,759.9454476824909,757.8750923104894,779.4044647044147,0.27317897012417985,False,False,False,,,True,True,0.556398699991405,3023.0,150.0005342999939,0.0005342999938875437,777856,5185.688195245527,0.2824826929952648,time_limit,True,run_b9ece1fb,ok
TS,False,n0100_i02,100,high,2,759.5159332041663,757.8750923104894,779.4044647044147,0.2165054519306834,False,False,False,,,True,True,0.47498880000784993,2570.0,150.00050869991537,0.0005086999153718352,779812,5198.729036046529,0.22856526222752868,time_limit,True,run_b9ece1fb,ok
TS,False,n0100_i02,100,high,3,758.844598840485,757.8750923104894,779.4044647044147,0.12792431626692968,False,False,False,,,True,True,0.6157926000887528,3315.0,150.00057480006944,0.0005748000694438815,780546,5203.620059725522,0.14549214520257925,time_limit,True,run_b9ece1fb,ok
TS,False,n0100_i02,100,high,4,758.6098320018796,757.8750923104894,779.4044647044147,0.09694733325384453,False,True,True,31.355953700025566,147979.0,True,True,0.5560283999657258,3018.0,150.00048099993728,0.00048099993728101254,779222,5194.796675354167,0.13442477706584383,time_limit,True,run_b9ece1fb,ok
TS,False,n0100_i02,100,high,5,758.8357918775035,757.8750923104894,779.4044647044147,0.12676225630865828,False,False,False,,,True,True,0.7116761000361294,3846.0,150.00043889996596,0.00043889996595680714,780300,5201.984778993718,0.14483468487187368,time_limit,True,run_b9ece1fb,ok
2PGA,False,n0100_i03,100,high,1,453.33020130264657,452.53477883339406,462.15894108510514,0.1757704615108397,False,False,False,,,True,True,1.4235919000057038,9395.0,150.00085700000636,0.0008570000063627958,992802,6618.642185490699,0.3018384622998464,time_limit,True,run_b9ece1fb,ok
2PGA,False,n0100_i03,100,high,2,454.1117850968644,452.53477883339406,462.15894108510514,0.3484828873342704,False,False,False,,,True,True,1.9453711999958614,12640.0,150.00032099999953,0.0003209999995306134,979331,6528.85936157432,0.4051500909972356,time_limit,True,run_b9ece1fb,ok
2PGA,False,n0100_i03,100,high,3,453.4909153674814,452.53477883339406,462.15894108510514,0.21128465232047422,False,False,False,,,True,True,1.9456249000068055,12794.0,150.0003377999965,0.000337799996486865,995608,6637.37171930571,0.3088748573706835,time_limit,True,run_b9ece1fb,ok
2PGA,False,n0100_i03,100,high,4,453.9574869027009,452.53477883339406,462.15894108510514,0.3143864595279287,False,False,False,,,True,True,1.476723800005857,9960.0,150.0003577000025,0.00035770000249613076,999947,6666.297436435935,0.3816292184478439,time_limit,True,run_b9ece1fb,ok
2PGA,False,n0100_i03,100,high,5,453.81482496929976,452.53477883339406,462.15894108510514,0.2828613834290448,False,False,False,,,True,True,1.4802665000024717,9773.0,150.00080359999265,0.000803599992650561,982100,6547.298257274457,0.34643289493152807,time_limit,True,run_b9ece1fb,ok
ACO,False,n0100_i03,100,high,1,458.1285642398686,452.53477883339406,462.15894108510514,1.236100664106955,False,False,False,,,False,False,,,150.00046180000209,0.00046180000208551064,86963,579.7515484715581,1.288341557395219,time_limit,True,run_b9ece1fb,ok
ACO,False,n0100_i03,100,high,2,457.9256573149634,452.53477883339406,462.15894108510514,1.1912628009424384,False,False,False,,,False,False,,,150.00020159999985,0.0002015999998548068,86811,578.7392221744859,1.2447634519396855,time_limit,True,run_b9ece1fb,ok
ACO,False,n0100_i03,100,high,3,457.5553520075595,452.53477883339406,462.15894108510514,1.1094336632221244,False,False,False,,,False,False,,,150.0016257999996,0.0016257999996014405,86274,575.1537661000486,1.2206181631390383,time_limit,True,run_b9ece1fb,ok
ACO,False,n0100_i03,100,high,4,457.85925924162825,452.53477883339406,462.15894108510514,1.176590321292071,False,False,False,,,False,False,,,150.00015450000137,0.00015450000137207098,87796,585.3060638014156,1.2375568414094167,time_limit,True,run_b9ece1fb,ok
ACO,False,n0100_i03,100,high,5,457.3743193861291,452.53477883339406,462.15894108510514,1.069429528756019,False,False,False,,,False,False,,,150.00137800000084,0.0013780000008409843,87263,581.747989008471,1.1466655627550038,time_limit,True,run_b9ece1fb,ok
BRKGA-R-LS,False,n0100_i03,100,high,1,455.41379812337215,452.53477883339406,462.15894108510514,0.6361984591328026,False,False,False,,,True,True,13.504429999971762,41385.0,150.00059829989914,0.0005982998991385102,576341,3842.258007849476,0.708947839627117,time_limit,True,run_b9ece1fb,ok
BRKGA-R-LS,False,n0100_i03,100,high,2,454.44948809402814,452.53477883339406,462.15894108510514,0.4231076483381194,False,False,False,,,True,True,9.63492069998756,41237.0,150.00061540002935,0.0006154000293463469,575500,3836.6509261660494,0.5262030801498453,time_limit,True,run_b9ece1fb,ok
BRKGA-R-LS,False,n0100_i03,100,high,3,454.16844193852154,452.53477883339406,462.15894108510514,0.36100277404953535,False,False,False,,,True,True,9.709625100018457,41767.0,150.00069759995677,0.0006975999567657709,575593,3837.2688208095765,0.5506294573344702,time_limit,True,run_b9ece1fb,ok
BRKGA-R-LS,False,n0100_i03,100,high,4,454.38478270543055,452.53477883339406,462.15894108510514,0.4088092139140528,False,False,False,,,True,True,13.829930099891499,40886.0,150.00069849996362,0.0006984999636188149,562016,3746.755885941,0.5539316181977089,time_limit,True,run_b9ece1fb,ok
BRKGA-R-LS,False,n0100_i03,100,high,5,454.3545873460178,452.53477883339406,462.15894108510514,0.40213671915230526,False,False,False,,,True,True,13.82303289999254,41372.0,150.00061659992207,0.0006165999220684171,569555,3797.017725061111,0.5503462421124975,time_limit,True,run_b9ece1fb,ok
GA,False,n0100_i03,100,high,1,454.3079371562854,452.53477883339406,462.15894108510514,0.3918280772722979,False,False,False,,,True,True,1.6929415999911726,6809.0,150.0015485000331,0.001548500033095479,587700,3917.9595535966773,0.43444341820115046,time_limit,True,run_b9ece1fb,ok
GA,False,n0100_i03,100,high,2,453.6010000499356,452.53477883339406,462.15894108510514,0.23561088924262835,False,False,False,,,True,True,1.4277735999785364,5757.0,150.00054729997646,0.0005472999764606357,583117,3887.432482721958,0.3073764976838687,time_limit,True,run_b9ece1fb,ok
GA,False,n0100_i03,100,high,3,454.9522283984997,452.53477883339406,462.15894108510514,0.5342019394261085,False,False,False,,,True,True,1.321073399973102,5428.0,150.0007939999923,0.0007939999923110008,596288,3975.2322911039428,0.59344830695051,time_limit,True,run_b9ece1fb,ok
GA,False,n0100_i03,100,high,4,454.0653764693887,452.53477883339406,462.15894108510514,0.33822762527565775,False,False,False,,,True,True,0.8771649999544024,3451.0,150.00135189993307,0.0013518999330699444,573200,3821.29889324188,0.39639598373364476,time_limit,True,run_b9ece1fb,ok
GA,False,n0100_i03,100,high,5,453.3746711329405,452.53477883339406,462.15894108510514,0.18559729303272768,False,False,False,,,True,True,1.1266089000273496,4623.0,150.0007184999995,0.0007184999994933605,587726,3918.1545653729786,0.25929263161888866,time_limit,True,run_b9ece1fb,ok
HPSO,False,n0100_i03,100,high,1,453.25646882815164,452.53477883339406,462.15894108510514,0.15947724429447246,False,False,False,,,True,True,0.31785440002568066,875.0,150.00059930002317,0.0005993000231683254,453864,3025.747911128045,0.17709431398844572,time_limit,True,run_b9ece1fb,ok
HPSO,False,n0100_i03,100,high,2,453.0716137717974,452.53477883339406,462.15894108510514,0.11862843774952662,False,False,False,,,True,True,0.5892960999626666,1801.0,150.0004955000477,0.0004955000476911664,455244,3034.949974547619,0.14294044049739946,time_limit,True,run_b9ece1fb,ok
HPSO,False,n0100_i03,100,high,3,453.30783345937846,452.53477883339406,462.15894108510514,0.17082767162720316,False,False,False,,,True,True,0.3931995000457391,1166.0,150.00051399995573,0.0005139999557286501,451600,3010.6563501517953,0.20024196714993805,time_limit,True,run_b9ece1fb,ok
HPSO,False,n0100_i03,100,high,4,453.14837566443816,452.53477883339406,462.15894108510514,0.13559108818683935,False,False,False,,,True,True,0.3674638000084087,1106.0,150.000581100001,0.0005811000009998679,444790,2965.2551792680824,0.15067064824829704,time_limit,True,run_b9ece1fb,ok
HPSO,False,n0100_i03,100,high,5,454.1311388016011,452.53477883339406,462.15894108510514,0.3527596204478118,False,False,False,,,True,True,0.2287849000422284,684.0,150.00100649998058,0.0010064999805763364,451840,3012.2464544933473,0.38266922101787443,time_limit,True,run_b9ece1fb,ok
LPT,True,n0100_i03,100,high,0,462.15894108510514,452.53477883339406,462.15894108510514,2.126723227001815,False,False,False,,,False,False,,,0.0002455000067129731,0.0,1,4073.3196442196117,,completed,False,run_b9ece1fb,ok
SIP,True,n0100_i03,100,high,0,472.6129835440168,452.53477883339406,462.15894108510514,4.436831299990485,False,False,False,,,False,False,,,0.0002563000889495015,0.0,1,3901.676367334499,,completed,False,run_b9ece1fb,ok
TS,False,n0100_i03,100,high,1,452.9621659803303,452.53477883339406,462.15894108510514,0.0944429393997177,False,True,True,51.76994679996278,199722.0,True,True,0.6819411999313161,2884.0,150.00039860000834,0.0003986000083386898,605756,4038.3626020575543,0.14527390830943085,time_limit,True,run_b9ece1fb,ok
TS,False,n0100_i03,100,high,2,453.16672177665555,452.53477883339406,462.15894108510514,0.1396451660335591,False,False,False,,,True,True,0.5446593000087887,2289.0,150.00073550001252,0.000735500012524426,604204,4028.0069160057524,0.15359223408993766,time_limit,True,run_b9ece1fb,ok
TS,False,n0100_i03,100,high,3,452.8086919860257,452.53477883339406,462.15894108510514,0.06052864121024071,False,True,True,34.80699379998259,131272.0,True,True,0.4279354999307543,1802.0,150.00055100000463,0.0005510000046342611,611847,4078.965016601713,0.10735195059442561,time_limit,True,run_b9ece1fb,ok
TS,False,n0100_i03,100,high,4,452.86997696645557,452.53477883339406,462.15894108510514,0.07407124241934064,False,True,True,24.782411299995147,87324.0,True,True,0.3606756000081077,1507.0,150.00038480001967,0.0003848000196740031,603803,4025.3430069862115,0.11315532021608438,time_limit,True,run_b9ece1fb,ok
TS,False,n0100_i03,100,high,5,452.53477883339406,452.53477883339406,462.15894108510514,0.0,True,True,True,40.81429869995918,149889.0,True,True,0.5017966999439523,1997.0,150.00043140002526,0.0004314000252634287,594482,3963.2019351639,0.06898898515159037,time_limit,True,run_b9ece1fb,ok
2PGA,False,n0100_i04,100,low,1,476.01968501408845,475.1972650401108,480.28427364604727,0.1730691724221633,False,False,False,,,True,True,0.0011481000110507011,1.0,150.0004173000052,0.00041730000521056354,777983,5186.538904381921,0.22026313149593865,time_limit,True,run_b9ece1fb,ok
2PGA,False,n0100_i04,100,low,2,475.8517694929682,475.1972650401108,480.28427364604727,0.13773321123852628,False,False,False,,,True,True,0.0011580000136746094,1.0,150.00080740000703,0.0008074000070337206,792575,5283.804892372618,0.2121470061323236,time_limit,True,run_b9ece1fb,ok
2PGA,False,n0100_i04,100,low,3,476.14318286989067,475.1972650401108,480.28427364604727,0.199057928016493,False,False,False,,,True,True,0.0018827000021701679,1.0,150.0002788999991,0.00027889999910257757,797680,5317.856778998327,0.24780447574938516,time_limit,True,run_b9ece1fb,ok
2PGA,False,n0100_i04,100,low,4,475.787599574497,475.1972650401108,480.28427364604727,0.12422936279660328,False,False,False,,,True,True,0.0011598999990383163,1.0,150.00034299999243,0.0003429999924264848,793312,5288.734573093877,0.18894823797485258,time_limit,True,run_b9ece1fb,ok
2PGA,False,n0100_i04,100,low,5,476.0153235662004,475.1972650401108,480.28427364604727,0.17215135403200388,False,False,False,,,True,True,0.0011186999909114093,1.0,150.0003302999976,0.0003302999975858256,799419,5329.448264555007,0.2263630527691177,time_limit,True,run_b9ece1fb,ok
ACO,False,n0100_i04,100,low,1,478.280307285873,475.1972650401108,480.28427364604727,0.6487920854304536,False,False,False,,,True,True,0.00882880000062869,5.0,150.00102600000173,0.0010260000017296989,83762,558.4095138122524,0.6492226944616192,time_limit,True,run_b9ece1fb,ok
ACO,False,n0100_i04,100,low,2,477.31458852023667,475.1972650401108,480.28427364604727,0.4455672698257574,False,False,False,,,True,True,0.005057700000179466,3.0,150.0002284000002,0.00022840000019641593,84963,566.4191375324592,0.6201434267247835,time_limit,True,run_b9ece1fb,ok
ACO,False,n0100_i04,100,low,3,477.5655760418414,475.1972650401108,480.28427364604727,0.4983848132060898,False,False,False,,,True,True,0.025848900000710273,14.0,150.00111200000174,0.0011120000017399434,82801,552.0025744875747,0.5817165299474298,time_limit,True,run_b9ece1fb,ok
ACO,False,n0100_i04,100,low,4,478.0738310081887,475.1972650401108,480.28427364604727,0.6053414402195877,False,False,False,,,True,True,0.005524299998796778,3.0,150.00007859999823,7.859999823267572e-05,82974,553.1597101443184,0.6134563898235477,time_limit,True,run_b9ece1fb,ok
ACO,False,n0100_i04,100,low,5,478.2133700492735,475.1972650401108,480.28427364604727,0.6347058855459022,False,False,False,,,True,True,0.020726399998238776,13.0,150.00060529999973,0.0006052999997336883,84428,562.851062041682,0.6364634000445308,time_limit,True,run_b9ece1fb,ok
BRKGA-R-LS,False,n0100_i04,100,low,1,476.0592845354959,475.1972650401108,480.28427364604727,0.1814024530028343,False,False,False,,,True,True,0.0007729000644758344,1.0,150.00046710006427,0.00046710006427019835,459946,3066.297118216127,0.29324687594438986,time_limit,True,run_b9ece1fb,ok
BRKGA-R-LS,False,n0100_i04,100,low,2,476.46806911704255,475.1972650401108,480.28427364604727,0.26742663950822626,False,False,False,,,True,True,0.00044710002839565277,1.0,150.00047950004227,0.0004795000422745943,811104,5407.342714526265,0.3112881218708053,time_limit,True,run_b9ece1fb,ok
BRKGA-R-LS,False,n0100_i04,100,low,3,476.01516560705153,475.1972650401108,480.28427364604727,0.17211811327906365,False,False,False,,,True,True,0.0007687000324949622,1.0,150.00057970010675,0.000579700106754899,453586,3023.8949803183805,0.2561170283123654,time_limit,True,run_b9ece1fb,ok
BRKGA-R-LS,False,n0100_i04,100,low,4,476.1949320413734,475.1972650401108,480.28427364604727,0.20994796785676567,False,False,False,,,True,True,0.0007733999518677592,1.0,150.0003440999426,0.0003440999425947666,454124,3027.486388280717,0.28255796607590966,time_limit,True,run_b9ece1fb,ok
BRKGA-R-LS,False,n0100_i04,100,low,5,475.9065255865295,475.1972650401108,480.28427364604727,0.14925602451833067,False,False,False,,,True,True,0.0007645000005140901,1.0,150.0003946000943,0.00039460009429603815,461779,3078.5185681085513,0.25940515779601486,time_limit,True,run_b9ece1fb,ok
GA,False,n0100_i04,100,low,1,475.5354766028159,475.1972650401108,480.28427364604727,0.07117287652667027,False,True,True,35.037072099978104,98355.0,True,True,0.0018368000164628029,1.0,150.00052979995962,0.0005297999596223235,458908,3059.375860951949,0.09813151095568752,time_limit,True,run_b9ece1fb,ok
GA,False,n0100_i04,100,low,2,475.341451688114,475.1972650401108,480.28427364604727,0.030342482714210996,False,True,True,7.434952899930067,40506.0,True,True,0.0010984999826177955,1.0,150.0003259999212,0.00032599992118775845,829672,5531.134645670276,0.04716232129891618,time_limit,True,run_b9ece1fb,ok
GA,False,n0100_i04,100,low,3,475.7036746782384,475.1972650401108,480.28427364604727,0.10656829813295489,False,False,False,,,True,True,0.0018328999867662787,1.0,150.00058980006725,0.0005898000672459602,457319,3048.781345523716,0.13772699597225233,time_limit,True,run_b9ece1fb,ok
GA,False,n0100_i04,100,low,4,475.7202014278813,475.1972650401108,480.28427364604727,0.11004616950528699,False,False,False,,,True,True,0.0018315999768674374,1.0,150.0007789999945,0.0007789999945089221,457291,3048.5908343183787,0.15878500432772286,time_limit,True,run_b9ece1fb,ok
GA,False,n0100_i04,100,low,5,475.49383191636076,475.1972650401108,480.28427364604727,0.06240921361888527,False,True,True,82.7038073000731,253513.0,True,True,0.002053300035186112,1.0,150.00053800002206,0.0005380000220611691,468053,3120.342141705726,0.16747971104290635,time_limit,True,run_b9ece1fb,ok
HPSO,False,n0100_i04,100,low,1,476.07939901022434,475.1972650401108,480.28427364604727,0.18563532137313488,False,False,False,,,True,True,0.0025427000364288688,1.0,150.00076060008723,0.0007606000872328877,374055,2493.6873553412,0.20243122043074432,time_limit,True,run_b9ece1fb,ok
HPSO,False,n0100_i04,100,low,2,476.29697163114594,475.1972650401108,480.28427364604727,0.23142106908850438,False,False,False,,,True,True,0.0025488000828772783,1.0,150.00039970001671,0.0003997000167146325,422618,2817.4458257790425,0.24026121599176017,time_limit,True,run_b9ece1fb,ok
HPSO,False,n0100_i04,100,low,3,475.8374506260588,475.1972650401108,480.28427364604727,0.13471996432765257,False,False,False,,,True,True,0.0013767000054940581,1.0,150.00025390007067,0.0002539000706747174,698034,4653.552123085247,0.1370297678754928,time_limit,True,run_b9ece1fb,ok
HPSO,False,n0100_i04,100,low,4,475.47352271089846,475.1972650401108,480.28427364604727,0.05813536632294537,False,True,True,11.46571630006656,28909.0,True,True,0.0025385000044479966,1.0,150.00089530006517,0.0008953000651672482,367547,2450.298708316045,0.07321334650851097,time_limit,True,run_b9ece1fb,ok
HPSO,False,n0100_i04,100,low,5,475.8206653952554,475.1972650401108,480.28427364604727,0.13118769845865808,False,False,False,,,True,True,0.0026802000356838107,1.0,150.00041330000386,0.0004133000038564205,380420,2536.126345459811,0.1401791895087535,time_limit,True,run_b9ece1fb,ok
LPT,True,n0100_i04,100,low,0,480.28427364604727,475.1972650401108,480.28427364604727,1.0705046051784624,False,False,False,,,False,False,,,0.0005088999168947339,0.0,1,1965.0229186554382,,completed,False,run_b9ece1fb,ok
SIP,True,n0100_i04,100,low,0,500.07198974430673,475.1972650401108,480.28427364604727,5.234610241726941,False,False,False,,,False,False,,,0.00031949998810887337,0.0,1,3129.8905703221444,,completed,False,run_b9ece1fb,ok
TS,False,n0100_i04,100,low,1,475.35913620164064,475.1972650401108,480.28427364604727,0.034063992669696036,False,True,True,10.678083300008439,22863.0,True,True,0.0003146999515593052,1.0,150.00034599995706,0.000345999957062304,475077,3167.172694389225,0.04944990665639939,time_limit,True,run_b9ece1fb,ok
TS,False,n0100_i04,100,low,2,475.1972650401108,475.1972650401108,480.28427364604727,0.0,True,True,True,9.063853599946015,48372.0,True,True,0.00021199998445808887,1.0,150.0003111999249,0.0003111999249085784,813214,5421.415419039525,0.04374957926804536,time_limit,True,run_b9ece1fb,ok
TS,False,n0100_i04,100,low,3,475.49350174388303,475.1972650401108,480.28427364604727,0.062339732478731036,False,True,True,8.644299700041302,49076.0,True,True,0.00019020005129277706,1.0,150.0005718000466,0.0005718000466004014,718137,4787.561749813122,0.07060442283615523,time_limit,True,run_b9ece1fb,ok
TS,False,n0100_i04,100,low,4,475.7248823818496,475.1972650401108,480.28427364604727,0.11103122441041635,False,False,False,,,True,True,0.0003144999500364065,1.0,150.00045219995081,0.00045219995081424713,468596,3123.9639156244734,0.11722167677884421,time_limit,True,run_b9ece1fb,ok
TS,False,n0100_i04,100,low,5,475.33054351980434,475.1972650401108,480.28427364604727,0.02804697953855197,False,True,True,6.153226200025529,20451.0,True,True,0.0003117000451311469,1.0,150.00049070001114,0.0004907000111415982,478561,3190.3962298168967,0.04376226661585454,time_limit,True,run_b9ece1fb,ok
2PGA,False,n0100_i05,100,medium,1,519.2931903077837,517.9557019322892,526.3210253429138,0.25822447180421054,False,False,False,,,True,True,1.116292099992279,7499.0,150.00042559999565,0.00042559999565128237,990582,6603.861262644502,0.32781717475042754,time_limit,True,run_b9ece1fb,ok
2PGA,False,n0100_i05,100,medium,2,518.9620735025192,517.9557019322892,526.3210253429138,0.19429684169429037,False,False,False,,,True,True,0.4974376000027405,3366.0,150.0003706000134,0.00037060001341160387,984689,6564.577114450889,0.26505425951473865,time_limit,True,run_b9ece1fb,ok
2PGA,False,n0100_i05,100,medium,3,518.9761847599874,517.9557019322892,526.3210253429138,0.1970212556578012,False,False,False,,,True,True,0.723633499990683,4526.0,150.0004181999975,0.00041819999751169235,978668,6524.435143208262,0.26509637266414027,time_limit,True,run_b9ece1fb,ok
2PGA,False,n0100_i05,100,medium,4,518.432015016323,517.9557019322892,526.3210253429138,0.09196019703168704,False,True,True,132.38522670000384,858675.0,True,True,0.6545217000093544,4366.0,150.000472300002,0.00047230000200215727,975830,6505.512849641787,0.18619892820610914,time_limit,True,run_b9ece1fb,ok
2PGA,False,n0100_i05,100,medium,5,519.34025253415,517.9557019322892,526.3210253429138,0.26731062071437955,False,False,False,,,True,True,0.9009804999950575,6171.0,150.00034679999226,0.00034679999225772917,994458,6629.70467212314,0.33419579829433055,time_limit,True,run_b9ece1fb,ok
ACO,False,n0100_i05,100,medium,1,521.4463454857656,517.9557019322892,526.3210253429138,0.6739270444275773,False,False,False,,,True,True,9.489040500000556,5605.0,150.00028459999885,0.0002845999988494441,87430,582.8655607764139,0.8412388411117576,time_limit,True,run_b9ece1fb,ok
ACO,False,n0100_i05,100,medium,2,522.4658602149733,517.9557019322892,526.3210253429138,0.8707613925010277,False,False,False,,,True,True,6.826202700001886,4084.0,150.0021452000001,0.0021452000000863336,87774,585.1516315514663,0.9044627173500178,time_limit,True,run_b9ece1fb,ok
ACO,False,n0100_i05,100,medium,3,522.107498294038,517.9557019322892,526.3210253429138,0.8015736377184494,False,False,False,,,True,True,27.347981300001265,15842.0,150.00034750000123,0.00034750000122585334,88116,587.4386391004813,0.8896561757916343,time_limit,True,run_b9ece1fb,ok
ACO,False,n0100_i05,100,medium,4,522.1903006417583,517.9557019322892,526.3210253429138,0.8175600140458843,False,False,False,,,True,True,14.592385600000853,8720.0,150.00137480000194,0.0013748000019404572,89516,596.7678637569317,0.8482023938194662,time_limit,True,run_b9ece1fb,ok
ACO,False,n0100_i05,100,medium,5,522.3229040866103,517.9557019322892,526.3210253429138,0.8431613240338353,False,False,False,,,True,True,9.908924900002603,5934.0,150.00111260000267,0.0011126000026706606,88989,593.2555996254551,0.9016465849534908,time_limit,True,run_b9ece1fb,ok
BRKGA-R-LS,False,n0100_i05,100,medium,1,519.7189543354124,517.9557019322892,526.3210253429138,0.3404253291440069,False,False,False,,,True,True,4.5833101000171155,19507.0,150.00052609993145,0.000526099931448698,571045,3806.9533144141483,0.40816042403705294,time_limit,True,run_b9ece1fb,ok
BRKGA-R-LS,False,n0100_i05,100,medium,2,519.5413874538264,517.9557019322892,526.3210253429138,0.30614307664179774,False,False,False,,,True,True,4.61019140004646,19507.0,150.00056289997883,0.0005628999788314104,962838,6418.89591202418,0.34850320457685113,time_limit,True,run_b9ece1fb,ok
BRKGA-R-LS,False,n0100_i05,100,medium,3,519.945594538776,517.9557019322892,526.3210253429138,0.38418200611815095,False,False,False,,,True,True,4.545440300018527,19507.0,150.00072709994856,0.0007270999485626817,581447,3876.2945436429113,0.4531230769784971,time_limit,True,run_b9ece1fb,ok
BRKGA-R-LS,False,n0100_i05,100,medium,4,519.9158503738668,517.9557019322892,526.3210253429138,0.3784393982467973,False,False,False,,,True,True,4.5157970999134704,19507.0,150.00065399997402,0.0006539999740198255,575793,3838.603263690435,0.4312952965717265,time_limit,True,run_b9ece1fb,ok
BRKGA-R-LS,False,n0100_i05,100,medium,5,520.1361603122252,517.9557019322892,526.3210253429138,0.42097391182326316,False,False,False,,,True,True,8.002873199991882,19507.0,150.0007947999984,0.0007947999984025955,569095,3793.9465638085144,0.5193677732742205,time_limit,True,run_b9ece1fb,ok
GA,False,n0100_i05,100,medium,1,518.2018654331156,517.9557019322892,526.3210253429138,0.047525975659311465,False,True,True,38.51554259995464,137626.0,True,True,0.40833979996386915,1624.0,150.00074709998444,0.0007470999844372272,583286,3888.553965742618,0.10519568482380597,time_limit,True,run_b9ece1fb,ok
GA,False,n0100_i05,100,medium,2,518.7816422749427,517.9557019322892,526.3210253429138,0.15946157935363586,False,False,False,,,True,True,0.47062069992534816,1921.0,150.0004793999251,0.00047939992509782314,588457,3923.0341286515504,0.2478755189629986,time_limit,True,run_b9ece1fb,ok
GA,False,n0100_i05,100,medium,3,518.3934507520611,517.9557019322892,526.3210253429138,0.08451472165260195,False,True,True,43.5375729999505,277679.0,True,True,0.27437959995586425,1871.0,150.00087359989993,0.0008735998999327421,873690,5824.566077731049,0.1275757192293595,time_limit,True,run_b9ece1fb,ok
GA,False,n0100_i05,100,medium,4,518.7889523135779,517.9557019322892,526.3210253429138,0.16087290441636068,False,False,False,,,True,True,0.612517699948512,2399.0,150.00066679995507,0.0006667999550700188,584724,3898.1426714576123,0.20033449152662522,time_limit,True,run_b9ece1fb,ok
GA,False,n0100_i05,100,medium,5,518.4842413871834,517.9557019322892,526.3210253429138,0.10204337029641163,False,False,False,,,True,True,0.3506184999132529,1424.0,150.0004943999229,0.0004943999228999019,582323,3882.1405378001164,0.13976180544670494,time_limit,True,run_b9ece1fb,ok
HPSO,False,n0100_i05,100,medium,1,519.8282499485881,517.9557019322892,526.3210253429138,0.36152667290139634,False,False,False,,,True,True,0.14612740010488778,341.0,150.0005951001076,0.0005951001076027751,449965,2999.7547656374413,0.36788541019096516,time_limit,True,run_b9ece1fb,ok
HPSO,False,n0100_i05,100,medium,2,519.9746192551592,517.9557019322892,526.3210253429138,0.3897857124341208,False,False,False,,,True,True,0.14488939999137074,356.0,150.00074759998824,0.0007475999882444739,451243,3008.271673440882,0.405311986780437,time_limit,True,run_b9ece1fb,ok
HPSO,False,n0100_i05,100,medium,3,518.4715044142822,517.9557019322892,526.3210253429138,0.09958428492412023,False,True,True,10.012867499957792,46157.0,True,True,0.06837069999892265,301.0,150.00036990002263,0.00036990002263337374,816948,5446.306569407178,0.10637897204693637,time_limit,True,run_b9ece1fb,ok
HPSO,False,n0100_i05,100,medium,4,518.8477330086221,517.9557019322892,526.3210253429138,0.1722214994458067,False,False,False,,,True,True,0.12990739999804646,314.0,150.00102989992592,0.0010298999259248376,449260,2995.0461026816047,0.18265827056992565,time_limit,True,run_b9ece1fb,ok
HPSO,False,n0100_i05,100,medium,5,518.2795347501291,517.9557019322892,526.3210253429138,0.06252133466853445,False,True,True,24.417171300039627,64033.0,True,True,0.1398328000213951,322.0,150.00045990000945,0.0004599000094458461,449382,2995.8708146598938,0.09289997508807143,time_limit,True,run_b9ece1fb,ok
LPT,True,n0100_i05,100,medium,0,526.3210253429138,517.9557019322892,526.3210253429138,1.6150654157135125,False,False,False,,,False,False,,,0.0002660000463947654,0.0,1,3759.397840539922,,completed,False,run_b9ece1fb,ok
SIP,True,n0100_i05,100,medium,0,537.9243892178749,517.9557019322892,526.3210253429138,3.855288630106856,False,False,False,,,False,False,,,0.00025349995121359825,0.0,1,3944.7739347192346,,completed,False,run_b9ece1fb,ok
TS,False,n0100_i05,100,medium,1,518.3018866997245,517.9557019322892,526.3210253429138,0.06683675189669344,False,True,True,8.288151700049639,34662.0,True,True,0.10827600001357496,454.0,150.00045569997746,0.0004556999774649739,603239,4021.581115770508,0.07721600509147132,time_limit,True,run_b9ece1fb,ok
TS,False,n0100_i05,100,medium,2,518.2949152087266,517.9557019322892,526.3210253429138,0.06549078911032184,False,True,True,33.396235099993646,121488.0,True,True,0.18842969997785985,789.0,150.00063499994576,0.0006349999457597733,604827,4032.162930511719,0.10400952020355556,time_limit,True,run_b9ece1fb,ok
TS,False,n0100_i05,100,medium,3,518.2344606450101,517.9557019322892,526.3210253429138,0.05381902577401148,False,True,True,6.2911747000180185,28703.0,True,True,0.08189200004562736,576.0,150.00028550007846,0.00028550007846206427,1022080,6813.853697628231,0.06273558549506789,time_limit,True,run_b9ece1fb,ok
TS,False,n0100_i05,100,medium,4,517.9557019322892,517.9557019322892,526.3210253429138,0.0,True,True,True,25.721114699961618,88651.0,True,True,0.11092989996541291,499.0,150.00050820002798,0.0005082000279799104,599175,3994.486466679106,0.043942482204314924,time_limit,True,run_b9ece1fb,ok
TS,False,n0100_i05,100,medium,5,518.2170673443433,517.9557019322892,526.3210253429138,0.05046095854896114,False,True,True,25.85343609994743,89540.0,True,True,0.11371659999713302,471.0,150.0005784999812,0.0005784999812021852,602343,4015.6045131524306,0.09105553614903669,time_limit,True,run_b9ece1fb,ok
2PGA,False,n0100_i06,100,low,1,334.5156531850502,333.9931254177466,339.1135522164167,0.1564486594297494,False,False,False,,,True,True,0.14715059999434743,784.0,150.00041009999404,0.00041009999404195696,775800,5171.985859790865,0.2609416159404751,time_limit,True,run_b9ece1fb,ok
2PGA,False,n0100_i06,100,low,2,334.3441990986586,333.9931254177466,339.1135522164167,0.10511404403094876,False,False,False,,,True,True,0.622900500005926,3253.0,150.00032000000647,0.0003200000064680353,790093,5267.275429812189,0.20771795855237438,time_limit,True,run_b9ece1fb,ok
2PGA,False,n0100_i06,100,low,3,335.1289051984742,333.9931254177466,339.1135522164167,0.34006082589483044,False,False,False,,,True,True,1.2041563999955542,6637.0,150.00042799999937,0.00042799999937415123,793324,5288.811575924326,0.38403037222034486,time_limit,True,run_b9ece1fb,ok
2PGA,False,n0100_i06,100,low,4,334.60209265013026,333.9931254177466,339.1135522164167,0.18232927148484254,False,False,False,,,True,True,0.6820139000046765,3740.0,150.00118570000632,0.0011857000063173473,809200,5394.624023961738,0.2417386352229696,time_limit,True,run_b9ece1fb,ok
2PGA,False,n0100_i06,100,low,5,334.4260823185556,333.9931254177466,339.1135522164167,0.1296304827434498,False,False,False,,,True,True,0.2781272999854991,1523.0,150.0003774999932,0.000377499993192032,813604,5424.013016234156,0.21371984335269262,time_limit,True,run_b9ece1fb,ok
ACO,False,n0100_i06,100,low,1,336.74917785551867,333.9931254177466,339.1135522164167,0.8251823849143212,False,False,False,,,True,True,31.493397000002005,18011.0,150.0002886000002,0.0002886000002035871,85805,572.0322327433167,0.8839618568666617,time_limit,True,run_b9ece1fb,ok
ACO,False,n0100_i06,100,low,2,336.76350934947146,333.9931254177466,339.1135522164167,0.8294733396861806,False,False,False,,,True,True,60.301395399998,34685.0,150.00008289999823,8.289999823318794e-05,86078,573.8530161839064,0.9378011965297233,time_limit,True,run_b9ece1fb,ok
ACO,False,n0100_i06,100,low,3,337.4022854489385,333.9931254177466,339.1135522164167,1.020727605374466,False,False,False,,,False,False,,,150.00031799999852,0.00031799999851500615,85975,573.1654515559151,1.0240583397789278,time_limit,True,run_b9ece1fb,ok
ACO,False,n0100_i06,100,low,4,336.423536043387,333.9931254177466,339.1135522164167,0.7276828295793534,False,False,False,,,True,True,8.543046199996752,4970.0,150.00012309999875,0.00012309999874560162,86252,575.0128614394498,0.7604565202982773,time_limit,True,run_b9ece1fb,ok
ACO,False,n0100_i06,100,low,5,336.9863349466752,333.9931254177466,339.1135522164167,0.8961889635257494,False,False,False,,,True,True,0.9932329000002937,585.0,150.00059519999922,0.0005951999992248602,85587,570.5777359475467,0.9384038277637696,time_limit,True,run_b9ece1fb,ok
BRKGA-R-LS,False,n0100_i06,100,low,1,334.91049516477824,333.9931254177466,339.1135522164167,0.2746672542688419,False,False,False,,,True,True,5.875872500007972,35717.0,150.00047230010387,0.00047230010386556387,493999,3293.3162971091388,0.38926618363606763,time_limit,True,run_b9ece1fb,ok
BRKGA-R-LS,False,n0100_i06,100,low,2,335.0724150669754,333.9931254177466,339.1135522164167,0.32314726474649225,False,False,False,,,True,True,5.982482700026594,35717.0,150.0005031999899,0.0005031999899074435,761057,5073.696312773777,0.4362726520520925,time_limit,True,run_b9ece1fb,ok
BRKGA-R-LS,False,n0100_i06,100,low,3,334.92833814286115,333.9931254177466,339.1135522164167,0.2800095732344174,False,False,False,,,True,True,13.933949499973096,35717.0,150.00048399996012,0.00048399996012449265,462892,3085.9367093783712,0.41816321870930134,time_limit,True,run_b9ece1fb,ok
BRKGA-R-LS,False,n0100_i06,100,low,4,335.3404076545377,333.9931254177466,339.1135522164167,0.40338621793666257,False,False,False,,,True,True,10.208707900019363,35717.0,150.0007371000247,0.0007371000247076154,462463,3083.071516452727,0.4907297369106202,time_limit,True,run_b9ece1fb,ok
BRKGA-R-LS,False,n0100_i06,100,low,5,335.1330181137533,333.9931254177466,339.1135522164167,0.3412922630011973,False,False,False,,,True,True,11.639641500078142,35717.0,150.0006132000126,0.0006132000125944614,470316,3135.4271823734152,0.46290393242421896,time_limit,True,run_b9ece1fb,ok
GA,False,n0100_i06,100,low,1,334.51907784917023,333.9931254177466,339.1135522164167,0.15747402907343142,False,False,False,,,True,True,0.5182201999705285,1720.0,150.00028269994073,0.000282699940726161,739585,4930.557374211484,0.20771852216818038,time_limit,True,run_b9ece1fb,ok
GA,False,n0100_i06,100,low,2,334.37700359346854,333.9931254177466,339.1135522164167,0.11493595122407894,False,False,False,,,True,True,0.16354119998868555,916.0,150.00032190000638,0.00032190000638365746,773695,5157.9555976937345,0.1302272426764025,time_limit,True,run_b9ece1fb,ok
GA,False,n0100_i06,100,low,3,334.1597208834083,333.9931254177466,339.1135522164167,0.049879908591916704,False,True,True,44.62846330006141,131790.0,True,True,0.4775496000656858,1569.0,150.0004731999943,0.0004731999943032861,465694,3104.6168726354235,0.122504597022311,time_limit,True,run_b9ece1fb,ok
GA,False,n0100_i06,100,low,4,334.3745382057907,333.9931254177466,339.1135522164167,0.1141977960076365,False,False,False,,,True,True,0.3745312000392005,1239.0,150.0005576000549,0.0005576000548899174,461272,3075.1352353628263,0.21012848743987794,time_limit,True,run_b9ece1fb,ok
GA,False,n0100_i06,100,low,5,334.5716889078969,333.9931254177466,339.1135522164167,0.17322616728311774,False,False,False,,,True,True,0.1808892999542877,1013.0,150.00077299994882,0.0007729999488219619,689332,4595.522984406455,0.2110449648938276,time_limit,True,run_b9ece1fb,ok
HPSO,False,n0100_i06,100,low,1,334.43174914821225,333.9931254177466,339.1135522164167,0.13132717325154736,False,False,False,,,True,True,0.15338050003629178,305.0,150.00081910006702,0.0008191000670194626,371174,2474.479821022752,0.14190714506685614,time_limit,True,run_b9ece1fb,ok
HPSO,False,n0100_i06,100,low,2,335.5818463085146,333.9931254177466,339.1135522164167,0.47567472796959126,False,False,False,,,True,True,0.0843487000092864,339.0,150.00033060007263,0.0003306000726297498,639935,4266.223930573725,0.47991717311597637,time_limit,True,run_b9ece1fb,ok
HPSO,False,n0100_i06,100,low,3,334.61962140457223,333.9931254177466,339.1135522164167,0.18757750957957714,False,False,False,,,True,True,0.16184299997985363,350.0,150.00085880002007,0.0008588000200688839,380502,2536.665476744251,0.20513852330682467,time_limit,True,run_b9ece1fb,ok
HPSO,False,n0100_i06,100,low,4,334.6788639143326,333.9931254177466,339.1135522164167,0.2053151530374467,False,False,False,,,True,True,0.2129838999826461,507.0,150.00080999999773,0.0008099999977275729,374627,2497.4998468341983,0.21431670412827766,time_limit,True,run_b9ece1fb,ok
HPSO,False,n0100_i06,100,low,5,334.8294413495822,333.9931254177466,339.1135522164167,0.2503991454283874,False,False,False,,,True,True,0.12138709996361285,461.0,150.00035089999437,0.00035089999437332153,678477,4523.169418799176,0.2665118745478188,time_limit,True,run_b9ece1fb,ok
LPT,True,n0100_i06,100,low,0,339.1135522164167,333.9931254177466,339.1135522164167,1.5330934707909352,False,False,False,,,False,False,,,0.00031999999191612005,0.0,1,3125.000078944142,,completed,False,run_b9ece1fb,ok
SIP,True,n0100_i06,100,low,0,346.1283229402269,333.9931254177466,339.1135522164167,3.6333674554834023,False,False,False,,,False,False,,,0.00030940002761781216,0.0,1,3232.0617670896095,,completed,False,run_b9ece1fb,ok
TS,False,n0100_i06,100,low,1,333.9931254177466,333.9931254177466,339.1135522164167,0.0,True,True,True,50.84472759999335,153504.0,True,True,0.3330243000527844,1079.0,150.00057940010447,0.000579400104470551,476197,3174.634404109964,0.12167189975174182,time_limit,True,run_b9ece1fb,ok
TS,False,n0100_i06,100,low,2,334.1510359955878,333.9931254177466,339.1135522164167,0.04727958925611286,False,True,True,33.822811399935745,173178.0,True,True,0.12136539991479367,692.0,150.00020949996542,0.00020949996542185545,820688,5471.245691828111,0.07705400496772803,time_limit,True,run_b9ece1fb,ok
TS,False,n0100_i06,100,low,3,334.1829287391631,333.9931254177466,339.1135522164167,0.05682851141893773,False,True,True,26.4908860999858,72983.0,True,True,0.1694790000328794,568.0,150.00052170001436,0.000521700014360249,477676,3184.495590990696,0.11088465322352746,time_limit,True,run_b9ece1fb,ok
TS,False,n0100_i06,100,low,4,334.0939900648558,333.9931254177466,339.1135522164167,0.030199617726568068,False,True,True,16.240485800080933,40394.0,True,True,0.31030470004770905,1068.0,150.00035620003473,0.0003562000347301364,474334,3162.2191574495087,0.056093197430882036,time_limit,True,run_b9ece1fb,ok
TS,False,n0100_i06,100,low,5,334.19639159891244,333.9931254177466,339.1135522164167,0.06085939071697293,False,True,True,5.158242600038648,29526.0,True,True,0.1367050000699237,779.0,150.00034989998676,0.00034989998675882816,835970,5573.120333101795,0.07170283217380737,time_limit,True,run_b9ece1fb,ok
2PGA,False,n0200_i01,200,medium,1,1039.8016320551158,1037.2207753786417,1050.2022543528526,0.24882423662714054,False,False,False,,,True,True,0.002384799998253584,1.0,150.00051410000015,0.0005141000001458451,472449,3149.649205102288,0.34441419886248675,time_limit,True,run_b9ece1fb,ok
2PGA,False,n0200_i01,200,medium,2,1039.6313636808495,1037.2207753786417,1050.2022543528526,0.2324084090320863,False,False,False,,,True,True,0.002202600007876754,1.0,150.00023240000883,0.00023240000882651657,474073,3160.481770026725,0.33299003164715,time_limit,True,run_b9ece1fb,ok
2PGA,False,n0200_i01,200,medium,3,1039.6635717523634,1037.2207753786417,1050.2022543528526,0.2355136371839347,False,False,False,,,True,True,0.002129500004230067,1.0,150.00036200000613,0.0003620000061346218,483000,3219.9922290852887,0.2930894513813291,time_limit,True,run_b9ece1fb,ok
2PGA,False,n0200_i01,200,medium,4,1039.5717804255655,1037.2207753786417,1050.2022543528526,0.2266638986348427,False,False,False,,,True,True,0.002213200001278892,1.0,150.00039699999616,0.0003969999961555004,482480,3216.5248202643916,0.29667061270714995,time_limit,True,run_b9ece1fb,ok
2PGA,False,n0200_i01,200,medium,5,1039.0631895330143,1037.2207753786417,1050.2022543528526,0.17762989308616672,False,False,False,,,True,True,0.002247999989776872,1.0,150.00044740000158,0.0004474000015761703,492745,3284.9568687352785,0.311151026235248,time_limit,True,run_b9ece1fb,ok
ACO,False,n0200_i01,200,medium,1,1045.6875357907913,1037.2207753786417,1050.2022543528526,0.8162929834353512,False,False,False,,,True,True,0.1905929999993532,37.0,150.00446029999875,0.0044602999987546355,24864,165.75507121770704,0.8445850887675208,time_limit,True,run_b9ece1fb,ok
ACO,False,n0200_i01,200,medium,2,1045.6038045608298,1037.2207753786417,1050.2022543528526,0.808220330828579,False,False,False,,,True,True,0.19965229999797884,39.0,150.00524020000012,0.005240200000116602,24966,166.4341856772013,0.8252379847285379,time_limit,True,run_b9ece1fb,ok
ACO,False,n0200_i01,200,medium,3,1045.1561100311708,1037.2207753786417,1050.2022543528526,0.7650574343376616,False,False,False,,,True,True,0.056401699999696575,11.0,150.0003398000008,0.0003398000008019153,25018,166.78628884012613,0.8033711776768374,time_limit,True,run_b9ece1fb,ok
ACO,False,n0200_i01,200,medium,4,1045.2415884693357,1037.2207753786417,1050.2022543528526,0.7732985378899647,False,False,False,,,True,True,0.20395290000305977,40.0,150.00112530000115,0.0011253000011492986,25016,166.77208220917132,0.8056859877911461,time_limit,True,run_b9ece1fb,ok
ACO,False,n0200_i01,200,medium,5,1045.0244161199437,1037.2207753786417,1050.2022543528526,0.7523606281847933,False,False,False,,,True,True,0.03671530000065104,7.0,150.00509480000255,0.005094800002552802,25126,167.5009774401314,0.8190341408708668,time_limit,True,run_b9ece1fb,ok
BRKGA-R-LS,False,n0200_i01,200,medium,1,1040.3731977745647,1037.2207753786417,1050.2022543528526,0.30392973904443205,False,False,False,,,True,True,0.0014233000110834837,1.0,150.00045829999726,0.0004582999972626567,290114,1934.0874240515923,0.5381390838035667,time_limit,True,run_b9ece1fb,ok
BRKGA-R-LS,False,n0200_i01,200,medium,2,1041.331593411163,1037.2207753786417,1050.2022543528526,0.39633008999657704,False,False,False,,,True,True,0.0015498000429943204,1.0,150.00043550005648,0.0004355000564828515,312346,2082.3006210530793,0.5705087482244096,time_limit,True,run_b9ece1fb,ok
BRKGA-R-LS,False,n0200_i01,200,medium,3,1040.8926232204267,1037.2207753786417,1050.2022543528526,0.3540083200169718,False,False,False,,,True,True,0.0008114000083878636,1.0,150.0003682000097,0.000368200009688735,371004,2473.3539287403964,0.47885040685638053,time_limit,True,run_b9ece1fb,ok
BRKGA-R-LS,False,n0200_i01,200,medium,4,1041.1005845389204,1037.2207753786417,1050.2022543528526,0.3740581805124702,False,False,False,,,True,True,0.0015650000423192978,1.0,150.00052120001055,0.0005212000105530024,281978,1879.8468014921814,0.5768021793670964,time_limit,True,run_b9ece1fb,ok
BRKGA-R-LS,False,n0200_i01,200,medium,5,1040.3716517474177,1037.2207753786417,1050.2022543528526,0.3037806842642238,False,False,False,,,True,True,0.0014532998902723193,1.0,150.0003422999289,0.00034229992888867855,282855,1885.6956968433137,0.552988773803882,time_limit,True,run_b9ece1fb,ok
GA,False,n0200_i01,200,medium,1,1038.4337951208752,1037.2207753786417,1050.2022543528526,0.11694904026489537,False,False,False,,,True,True,0.003728399984538555,1.0,150.002259699977,0.002259699977003038,285400,1902.6380040596398,0.18403739827873403,time_limit,True,run_b9ece1fb,ok
GA,False,n0200_i01,200,medium,2,1038.5761348612575,1037.2207753786417,1050.2022543528526,0.13067222666466435,False,False,False,,,True,True,0.003612400032579899,1.0,150.0006476000417,0.0006476000417023897,285295,1901.9584552775002,0.23737602234949032,time_limit,True,run_b9ece1fb,ok
GA,False,n0200_i01,200,medium,3,1038.1091677049517,1037.2207753786417,1050.2022543528526,0.08565122753018799,False,True,True,112.47840809996706,212138.0,True,True,0.003945400007069111,1.0,150.00061300001107,0.0006130000110715628,283660,1891.0589385389983,0.18692921631621529,time_limit,True,run_b9ece1fb,ok
GA,False,n0200_i01,200,medium,4,1038.8522559912922,1037.2207753786417,1050.2022543528526,0.1572934761217873,False,False,False,,,True,True,0.0035914999898523092,1.0,150.00065890001133,0.000658900011330843,277197,1847.9718824753713,0.25604543725959517,time_limit,True,run_b9ece1fb,ok
GA,False,n0200_i01,200,medium,5,1038.5887655105619,1037.2207753786417,1050.2022543528526,0.13188996637873293,False,False,False,,,True,True,0.003641999908722937,1.0,150.00074389996007,0.0007438999600708485,275911,1839.3975444816008,0.22631483940669136,time_limit,True,run_b9ece1fb,ok
HPSO,False,n0200_i01,200,medium,1,1037.9490818486136,1037.2207753786417,1050.2022543528526,0.07021711165647845,False,True,True,38.660818400094286,60696.0,True,True,0.005079300026409328,1.0,150.00088380009402,0.0008838000940158963,291878,1945.8418684318249,0.1057266856152194,time_limit,True,run_b9ece1fb,ok
HPSO,False,n0200_i01,200,medium,2,1037.8382680879686,1037.2207753786417,1050.2022543528526,0.05953339192433809,False,True,True,61.48902699991595,100080.0,True,True,0.005274600000120699,1.0,150.00164999999106,0.0016499999910593033,243827,1625.4954528834485,0.11406981936957095,time_limit,True,run_b9ece1fb,ok
HPSO,False,n0200_i01,200,medium,3,1037.2207753786417,1037.2207753786417,1050.2022543528526,0.0,True,True,True,11.85162540001329,26710.0,True,True,0.00554280006326735,1.0,150.00119810004253,0.0011981000425294042,423752,2824.990769189595,0.03234024766225369,time_limit,True,run_b9ece1fb,ok
HPSO,False,n0200_i01,200,medium,4,1037.5401296107339,1037.2207753786417,1050.2022543528526,0.030789417226581108,False,True,True,32.00575300003402,45200.0,True,True,0.00551170005928725,1.0,150.00231670006178,0.0023167000617831945,235705,1571.3423978064661,0.08335048510606938,time_limit,True,run_b9ece1fb,ok
HPSO,False,n0200_i01,200,medium,5,1037.9764618843576,1037.2207753786417,1050.2022543528526,0.07285686168790738,False,True,True,47.26998420001473,70583.0,True,True,0.005023899953812361,1.0,150.00152659998275,0.001526599982753396,240577,1603.8303439508306,0.11306376472220143,time_limit,True,run_b9ece1fb,ok
LPT,True,n0200_i01,200,medium,0,1050.2022543528526,1037.2207753786417,1050.2022543528526,1.2515637251357519,False,False,False,,,False,False,,,0.0006846999749541283,0.0,1,1460.4937002765269,,completed,False,run_b9ece1fb,ok
SIP,True,n0200_i01,200,medium,0,1059.6077603278025,1037.2207753786417,1050.2022543528526,2.1583625666375843,False,False,False,,,False,False,,,0.0005451000761240721,0.0,1,1834.5255188927667,,completed,False,run_b9ece1fb,ok
TS,False,n0200_i01,200,medium,1,1037.9944555804575,1037.2207753786417,1050.2022543528526,0.07459166073233689,False,True,True,29.931315200054087,97831.0,True,True,0.0003185000969097018,1.0,150.00063550006598,0.0006355000659823418,436411,2909.3943405313644,0.09606257405333929,time_limit,True,run_b9ece1fb,ok
TS,False,n0200_i01,200,medium,2,1037.7872503884328,1037.2207753786417,1050.2022543528526,0.05461469951604334,False,True,True,32.32420389994513,63091.0,True,True,0.0005265999352559447,1.0,150.00023579993285,0.00023579993285238743,291614,1944.0902772242878,0.09226056798662202,time_limit,True,run_b9ece1fb,ok
TS,False,n0200_i01,200,medium,3,1037.6780382190072,1037.2207753786417,1050.2022543528526,0.04408539157910484,False,True,True,33.680992000037804,98753.0,True,True,0.0025145000545307994,1.0,150.0003620000789,0.00036200007889419794,427766,2851.7664510687982,0.08934786527883944,time_limit,True,run_b9ece1fb,ok
TS,False,n0200_i01,200,medium,4,1037.776163179047,1037.2207753786417,1050.2022543528526,0.05354576514363545,False,True,True,38.77973379998002,67679.0,True,True,0.000569300027564168,1.0,150.00074859999586,0.0007485999958589673,281843,1878.9439561504148,0.10950528445167831,time_limit,True,run_b9ece1fb,ok
TS,False,n0200_i01,200,medium,5,1037.6867961800497,1037.2207753786417,1050.2022543528526,0.04492975964907749,False,True,True,38.00198699999601,64060.0,True,True,0.0005419999361038208,1.0,150.0004692999646,0.00046929996460676193,309082,2060.5402199236514,0.10595531310734485,time_limit,True,run_b9ece1fb,ok
2PGA,False,n0200_i02,200,high,1,1263.1511823956757,1257.5541449395805,1281.0108962927438,0.44507327804673835,False,False,False,,,True,True,3.0379319000057876,12224.0,150.0003343999997,0.000334399999701418,597262,3981.7377900458946,0.5822900631605398,time_limit,True,run_b9ece1fb,ok
2PGA,False,n0200_i02,200,high,2,1261.0427085874317,1257.5541449395805,1281.0108962927438,0.27740862386635134,False,False,False,,,True,True,4.781386700007715,19210.0,150.00033700000495,0.0003370000049471855,595562,3970.404413157954,0.4410033407803801,time_limit,True,run_b9ece1fb,ok
2PGA,False,n0200_i02,200,high,3,1260.5731045632115,1257.5541449395805,1281.0108962927438,0.2400659753521793,False,False,False,,,True,True,3.336104600006365,13439.0,150.00023010000587,0.00023010000586509705,594245,3961.627256196967,0.4020133930800337,time_limit,True,run_b9ece1fb,ok
2PGA,False,n0200_i02,200,high,4,1260.78776542811,1257.5541449395805,1281.0108962927438,0.2571356868840789,False,False,False,,,True,True,5.492841800005408,22021.0,150.0004052000004,0.00040520000038668513,597663,3984.4092367825046,0.469910678528978,time_limit,True,run_b9ece1fb,ok
2PGA,False,n0200_i02,200,high,5,1261.964067339712,1257.5541449395805,1281.0108962927438,0.3506745548791809,False,False,False,,,True,True,5.96144749999803,24102.0,150.0004057000042,0.0004057000041939318,571509,3810.049695085485,0.49465863116820336,time_limit,True,run_b9ece1fb,ok
ACO,False,n0200_i02,200,high,1,1271.7236825291964,1257.5541449395805,1281.0108962927438,1.1267536786892491,False,False,False,,,False,False,,,150.00030849999894,0.0003084999989368953,28563,190.41960837034014,1.3037520412537666,time_limit,True,run_b9ece1fb,ok
ACO,False,n0200_i02,200,high,2,1271.8397235731834,1257.5541449395805,1281.0108962927438,1.1359811973972092,False,False,False,,,False,False,,,150.0028087999999,0.002808799999911571,47672,317.8073822841645,1.2113694510935,time_limit,True,run_b9ece1fb,ok
ACO,False,n0200_i02,200,high,3,1270.807118701848,1257.5541449395805,1281.0108962927438,1.053869037416607,False,False,False,,,False,False,,,150.00321319999784,0.00321319999784464,47820,318.79317102522367,1.1503022879661862,time_limit,True,run_b9ece1fb,ok
ACO,False,n0200_i02,200,high,4,1271.9012880249225,1257.5541449395805,1281.0108962927438,1.1408767680560785,False,False,False,,,False,False,,,150.00019919999977,0.00019919999976991676,46887,312.5795848943117,1.1931303541383955,time_limit,True,run_b9ece1fb,ok
ACO,False,n0200_i02,200,high,5,1272.2062985628536,1257.5541449395805,1281.0108962927438,1.165131034892899,False,False,False,,,False,False,,,150.00046999999904,0.00046999999904073775,47900,319.33233275869276,1.229023223548517,time_limit,True,run_b9ece1fb,ok
BRKGA-R-LS,False,n0200_i02,200,high,1,1262.6339850236536,1257.5541449395805,1281.0108962927438,0.4039460332196809,False,False,False,,,True,True,34.52287349989638,75472.0,150.00026889995206,0.0002688999520614743,359426,2396.1690378017374,0.7570700269435984,time_limit,True,run_b9ece1fb,ok
BRKGA-R-LS,False,n0200_i02,200,high,2,1262.5508743721482,1257.5541449395805,1281.0108962927438,0.3973371208448253,False,False,False,,,True,True,30.714914099895395,75472.0,150.0003184999805,0.00031849998049438,421882,2812.540694705624,0.6648993534557697,time_limit,True,run_b9ece1fb,ok
BRKGA-R-LS,False,n0200_i02,200,high,3,1263.8834382600553,1257.5541449395805,1281.0108962927438,0.5033018535181149,False,False,False,,,True,True,31.202003599959426,75472.0,150.00065729999915,0.0006572999991476536,351752,2345.0030575299484,0.7472966174878753,time_limit,True,run_b9ece1fb,ok
BRKGA-R-LS,False,n0200_i02,200,high,4,1262.6461270346995,1257.5541449395805,1281.0108962927438,0.4049115591252423,False,False,False,,,True,True,34.77453910000622,75472.0,150.0004831000697,0.00048310006968677044,515354,3435.682268144379,0.6793194706739343,time_limit,True,run_b9ece1fb,ok
BRKGA-R-LS,False,n0200_i02,200,high,5,1262.6831461405945,1257.5541449395805,1281.0108962927438,0.40785529765483447,False,False,False,,,True,True,34.71916300000157,75472.0,150.0004807000514,0.00048070005141198635,341083,2273.879379640435,0.6902417412945719,time_limit,True,run_b9ece1fb,ok
GA,False,n0200_i02,200,high,1,1260.1268260054544,1257.5541449395805,1281.0108962927438,0.20457815484338443,False,False,False,,,True,True,1.1353976000100374,2682.0,150.000468299957,0.00046829995699226856,341685,2277.8928884190555,0.28506034202903713,time_limit,True,run_b9ece1fb,ok
GA,False,n0200_i02,200,high,2,1259.7147119138137,1257.5541449395805,1281.0108962927438,0.1718070735107027,False,False,False,,,True,True,1.9957848999183625,4654.0,150.00045699998736,0.0004569999873638153,354251,2361.6661381240315,0.3240442918758466,time_limit,True,run_b9ece1fb,ok
GA,False,n0200_i02,200,high,3,1262.6165843146098,1257.5541449395805,1281.0108962927438,0.40256233859994134,False,False,False,,,True,True,2.195116800023243,5164.0,150.00039409997407,0.00039409997407346964,349459,2329.7205457146224,0.5102606398281597,time_limit,True,run_b9ece1fb,ok
GA,False,n0200_i02,200,high,4,1260.7356718957162,1257.5541449395805,1281.0108962927438,0.2529932384174655,False,False,False,,,True,True,1.805577400024049,4308.0,150.00058430002537,0.0005843000253662467,365295,2435.2905137312737,0.37309625272078895,time_limit,True,run_b9ece1fb,ok
GA,False,n0200_i02,200,high,5,1259.956535792467,1257.5541449395805,1281.0108962927438,0.19103677265538388,False,False,False,,,True,True,1.0569962000008672,4118.0,150.00053149997257,0.0005314999725669622,345843,2305.6118304491692,0.32650315076107556,time_limit,True,run_b9ece1fb,ok
HPSO,False,n0200_i02,200,high,1,1257.5541449395805,1257.5541449395805,1281.0108962927438,0.0,True,True,True,29.13115040003322,51225.0,True,True,0.28707620000932366,387.0,150.00187259993982,0.0018725999398157,301080,2007.1749424288241,0.08612046713477348,time_limit,True,run_b9ece1fb,ok
HPSO,False,n0200_i02,200,high,2,1259.2939428437958,1257.5541449395805,1281.0108962927438,0.1383477531537105,False,False,False,,,True,True,0.49222820007707924,869.0,150.00105990003794,0.0010599000379443169,291379,1942.512940869735,0.19471012732217008,time_limit,True,run_b9ece1fb,ok
HPSO,False,n0200_i02,200,high,3,1258.5736782705658,1257.5541449395805,1281.0108962927438,0.08107271842631096,False,True,True,77.33549269998912,174590.0,True,True,0.47816019994206727,868.0,150.00178019993473,0.0017801999347284436,330459,2203.033854395175,0.14560166865021967,time_limit,True,run_b9ece1fb,ok
HPSO,False,n0200_i02,200,high,4,1259.1573883690864,1257.5541449395805,1281.0108962927438,0.12748901794466796,False,False,False,,,True,True,0.39023460005410016,681.0,150.0017304000212,0.001730400021187961,294093,1960.597382548318,0.19020071866530808,time_limit,True,run_b9ece1fb,ok
HPSO,False,n0200_i02,200,high,5,1259.9373552470672,1257.5541449395805,1281.0108962927438,0.18951154644726714,False,False,False,,,True,True,0.282842900021933,876.0,150.0017806000542,0.0017806000541895628,460588,3070.550217187446,0.22795478560651475,time_limit,True,run_b9ece1fb,ok
LPT,True,n0200_i02,200,high,0,1281.0108962927438,1257.5541449395805,1281.0108962927438,1.865267706170243,False,False,False,,,False,False,,,0.0004363000625744462,0.0,1,2292.0005880800654,,completed,False,run_b9ece1fb,ok
SIP,True,n0200_i02,200,high,0,1287.8299047011576,1257.5541449395805,1281.0108962927438,2.4075114287052584,False,False,False,,,False,False,,,0.0007360000163316727,0.0,1,1358.6956220247662,,completed,False,run_b9ece1fb,ok
TS,False,n0200_i02,200,high,1,1260.8916685652812,1257.5541449395805,1281.0108962927438,0.26539800605253633,False,False,False,,,True,True,1.107611000072211,2708.0,150.00075350003317,0.0007535000331699848,351267,2341.768236517041,0.3706624063102312,time_limit,True,run_b9ece1fb,ok
TS,False,n0200_i02,200,high,2,1261.0120620716505,1257.5541449395805,1281.0108962927438,0.2749716301269945,False,False,False,,,True,True,0.6704065999947488,1673.0,150.00065679999534,0.0006567999953404069,362244,2414.9494257415226,0.29678239079519647,time_limit,True,run_b9ece1fb,ok
TS,False,n0200_i02,200,high,3,1260.0056560923017,1257.5541449395805,1281.0108962927438,0.1949427913371459,False,False,False,,,True,True,0.8110799000132829,1969.0,150.0006228000857,0.0006228000856935978,358827,2392.1700677085123,0.24683823905732263,time_limit,True,run_b9ece1fb,ok
TS,False,n0200_i02,200,high,4,1258.2035862037014,1257.5541449395805,1281.0108962927438,0.05164320492555224,False,True,True,52.00646099995356,126311.0,True,True,1.1988937000278383,2971.0,150.00029999995604,0.0002999999560415745,361895,2412.6285080770244,0.1442425092255425,time_limit,True,run_b9ece1fb,ok
TS,False,n0200_i02,200,high,5,1259.873066512759,1257.5541449395805,1281.0108962927438,0.18439934236706756,False,False,False,,,True,True,0.752445499994792,1820.0,150.00021149998065,0.0002114999806508422,405445,2702.9628554893893,0.24117040682217275,time_limit,True,run_b9ece1fb,ok
2PGA,False,n0200_i03,200,low,1,717.7353521837978,716.048677974184,723.8274834731997,0.23555300938277754,False,False,False,,,True,True,0.0025102000072365627,1.0,150.00021700000798,0.0002170000079786405,385755,2571.6962796125786,0.29867438698477,time_limit,True,run_b9ece1fb,ok
2PGA,False,n0200_i03,200,low,2,716.8227856592724,716.048677974184,723.8274834731997,0.10810824862892178,False,False,False,,,True,True,0.0021932000090600923,1.0,150.00024999999732,0.0002499999973224476,395175,2634.495609174032,0.19411053329135508,time_limit,True,run_b9ece1fb,ok
2PGA,False,n0200_i03,200,low,3,716.8355887618485,716.048677974184,723.8274834731997,0.10989626988640025,False,False,False,,,True,True,0.0022096000029705465,1.0,150.00031350000063,0.00031350000062957406,390536,2603.5678918764283,0.2109962407145626,time_limit,True,run_b9ece1fb,ok
2PGA,False,n0200_i03,200,low,4,717.032358012509,716.048677974184,723.8274834731997,0.1373761405590479,False,False,False,,,True,True,0.0025381000014021993,1.0,150.00113740000234,0.0011374000023351982,398300,2655.3131989784088,0.23613149207167808,time_limit,True,run_b9ece1fb,ok
2PGA,False,n0200_i03,200,low,5,716.7728150977907,716.048677974184,723.8274834731997,0.10112959438113027,False,False,False,,,True,True,0.002253100014058873,1.0,150.00015530000383,0.00015530000382568687,395143,2634.2839393046274,0.2517893127748758,time_limit,True,run_b9ece1fb,ok
ACO,False,n0200_i03,200,low,1,721.0088365464536,716.048677974184,723.8274834731997,0.6927124823835581,False,False,False,,,True,True,0.00612120000005234,2.0,150.00144960000034,0.0014496000003418885,46186,307.90369108539534,0.6964742647327032,time_limit,True,run_b9ece1fb,ok
ACO,False,n0200_i03,200,low,2,721.0335519671154,716.048677974184,723.8274834731997,0.6961641221144912,False,False,False,,,True,True,0.0033873999964271206,1.0,150.0013261999993,0.0013261999993119389,46083,307.21728378958966,0.7009620466265759,time_limit,True,run_b9ece1fb,ok
ACO,False,n0200_i03,200,low,3,721.1117361735049,716.048677974184,723.8274834731997,0.7070829616842739,False,False,False,,,True,True,0.008987600002001273,3.0,150.00191430000268,0.001914300002681557,46658,311.04936372134796,0.7082178508761533,time_limit,True,run_b9ece1fb,ok
ACO,False,n0200_i03,200,low,4,721.0434542178615,716.048677974184,723.8274834731997,0.6975470240107874,False,False,False,,,True,True,0.00308009999935166,1.0,150.00117600000158,0.001176000001578359,46861,312.40421741759883,0.6979296453163186,time_limit,True,run_b9ece1fb,ok
ACO,False,n0200_i03,200,low,5,721.1068749912548,716.048677974184,723.8274834731997,0.7064040717708286,False,False,False,,,True,True,0.00308969999969122,1.0,150.0024728999997,0.0024728999997023493,47607,317.37476775957936,0.7106360279379652,time_limit,True,run_b9ece1fb,ok
BRKGA-R-LS,False,n0200_i03,200,low,1,718.7755167514767,716.048677974184,723.8274834731997,0.38081751439125866,False,False,False,,,True,True,0.0015316000208258629,1.0,150.00093259999994,0.0009325999999418855,237251,1581.6634996041357,0.535462311110244,time_limit,True,run_b9ece1fb,ok
BRKGA-R-LS,False,n0200_i03,200,low,2,718.6197537241975,716.048677974184,723.8274834731997,0.3590643805512622,False,False,False,,,True,True,0.0020659000147134066,1.0,150.00022350007202,0.00022350007202476263,241420,1609.4642685641336,0.5319844821207182,time_limit,True,run_b9ece1fb,ok
BRKGA-R-LS,False,n0200_i03,200,low,3,718.6346303195892,716.048677974184,723.8274834731997,0.36114197609040516,False,False,False,,,True,True,0.0015376999508589506,1.0,150.0004463000223,0.0004463000223040581,239626,1597.5019135657355,0.5322094856570052,time_limit,True,run_b9ece1fb,ok
BRKGA-R-LS,False,n0200_i03,200,low,4,718.5986017738139,716.048677974184,723.8274834731997,0.3561103983662226,False,False,False,,,True,True,0.0016459999606013298,1.0,150.00050690001808,0.000506900018081069,242681,1617.8678660183298,0.5297136716964177,time_limit,True,run_b9ece1fb,ok
BRKGA-R-LS,False,n0200_i03,200,low,5,718.5817183820718,716.048677974184,723.8274834731997,0.3537525430609271,False,False,False,,,True,True,0.0015377999516204,1.0,150.0002444999991,0.00024449999909847975,243640,1624.2640191163252,0.5267985607835679,time_limit,True,run_b9ece1fb,ok
GA,False,n0200_i03,200,low,1,716.7853579813315,716.048677974184,723.8274834731997,0.1028812746685959,False,False,False,,,True,True,0.0036712000146508217,1.0,150.00064540002495,0.0006454000249505043,227200,1514.6601495886778,0.20331672106627513,time_limit,True,run_b9ece1fb,ok
GA,False,n0200_i03,200,low,2,716.5319998370035,716.048677974184,723.8274834731997,0.06749846451597043,False,True,True,109.36385500000324,169795.0,True,True,0.00377059995662421,1.0,150.00074289995246,0.0007428999524563551,232801,1551.998980133543,0.1652211665991111,time_limit,True,run_b9ece1fb,ok
GA,False,n0200_i03,200,low,3,716.7532312256457,716.048677974184,723.8274834731997,0.09839460264837983,False,True,True,145.01327919994947,221056.0,True,True,0.0038563000271096826,1.0,150.00075430003926,0.0007543000392615795,228899,1525.9856596597133,0.18787414411843992,time_limit,True,run_b9ece1fb,ok
GA,False,n0200_i03,200,low,4,717.0292219873023,716.048677974184,723.8274834731997,0.13693817798706767,False,False,False,,,True,True,0.004135799943469465,1.0,150.00054269994143,0.0005426999414339662,230752,1538.341100949164,0.20660152758941913,time_limit,True,run_b9ece1fb,ok
GA,False,n0200_i03,200,low,5,717.4958392913854,716.048677974184,723.8274834731997,0.20210376217657422,False,False,False,,,True,True,0.0037516000447794795,1.0,150.0006952000549,0.0006952000549063087,230759,1538.3862034255128,0.258431572660379,time_limit,True,run_b9ece1fb,ok
HPSO,False,n0200_i03,200,low,1,716.048677974184,716.048677974184,723.8274834731997,0.0,True,True,True,39.367938600014895,49338.0,True,True,0.005522500025108457,1.0,150.001793500036,0.0017935000360012054,200892,1339.263986866609,0.07765762221154802,time_limit,True,run_b9ece1fb,ok
HPSO,False,n0200_i03,200,low,2,716.3045684886314,716.048677974184,723.8274834731997,0.035736469086341476,False,True,True,31.26569750008639,37478.0,True,True,0.005134899984113872,1.0,150.00174159999005,0.001741599990054965,199661,1331.057878864076,0.08283483161131704,time_limit,True,run_b9ece1fb,ok
HPSO,False,n0200_i03,200,low,3,717.141544242016,716.048677974184,723.8274834731997,0.15262457727370488,False,False,False,,,True,True,0.005339899915270507,1.0,150.00072979996912,0.0007297999691218138,204473,1363.1467011705306,0.20474427213610855,time_limit,True,run_b9ece1fb,ok
HPSO,False,n0200_i03,200,low,4,717.224020195368,716.048677974184,723.8274834731997,0.1641427820953775,False,False,False,,,True,True,0.005475500016473234,1.0,150.00185440003406,0.0018544000340625644,203853,1359.003199096142,0.22054118588820065,time_limit,True,run_b9ece1fb,ok
HPSO,False,n0200_i03,200,low,5,716.0697684779897,716.048677974184,723.8274834731997,0.0029454008441645594,False,True,True,73.14814529998694,98149.0,True,True,0.0051769999554380774,1.0,150.00144839996938,0.0014483999693766236,205046,1366.9601339665587,0.12314551098642636,time_limit,True,run_b9ece1fb,ok
LPT,True,n0200_i03,200,low,0,723.8274834731997,716.048677974184,723.8274834731997,1.086351492334733,False,False,False,,,False,False,,,0.0009274000767618418,0.0,1,1078.2832836197856,,completed,False,run_b9ece1fb,ok
SIP,True,n0200_i03,200,low,0,739.7962259655571,716.048677974184,723.8274834731997,3.3164711732390537,False,False,False,,,False,False,,,0.0006443000165745616,0.0,1,1552.071976214632,,completed,False,run_b9ece1fb,ok
TS,False,n0200_i03,200,low,1,716.6694178915538,716.048677974184,723.8274834731997,0.08668962550507499,False,True,True,56.57156599999871,83968.0,True,True,0.0007134000770747662,1.0,150.00043120002374,0.00043120002374053,231375,1542.4955658391693,0.15061586439247676,time_limit,True,run_b9ece1fb,ok
TS,False,n0200_i03,200,low,2,717.1189806974437,716.048677974184,723.8274834731997,0.14947345846483123,False,False,False,,,True,True,0.0006344000576063991,1.0,150.00039890001062,0.0003989000106230378,232614,1550.7558760230972,0.1748988291804172,time_limit,True,run_b9ece1fb,ok
TS,False,n0200_i03,200,low,3,716.4517826868964,716.048677974184,723.8274834731997,0.05629571356138544,False,True,True,47.293260600068606,70279.0,True,True,0.0006362000713124871,1.0,150.00031420006417,0.00031420006416738033,234985,1566.5633852378921,0.12445607125915688,time_limit,True,run_b9ece1fb,ok
TS,False,n0200_i03,200,low,4,716.264765469785,716.048677974184,723.8274834731997,0.0301777661558297,False,True,True,37.71536400006153,54304.0,True,True,0.0007259000558406115,1.0,150.00043330003973,0.0004333000397309661,233948,1559.648828027339,0.08927613745057736,time_limit,True,run_b9ece1fb,ok
TS,False,n0200_i03,200,low,5,716.1544875163144,716.048677974184,723.8274834731997,0.014776864392756843,False,True,True,36.59965889994055,52839.0,True,True,0.0006238999776542187,1.0,150.00061919994187,0.0006191999418660998,234436,1562.9002150151848,0.08811299156618602,time_limit,True,run_b9ece1fb,ok
2PGA,False,n0200_i04,200,low,1,621.9503799824772,620.38999700028,627.8175740051498,0.25151646379567705,False,False,False,,,True,True,0.0022396999993361533,1.0,150.00018190000264,0.00018190000264439732,353197,2354.6438112685632,0.3670736450201539,time_limit,True,run_b9ece1fb,ok
2PGA,False,n0200_i04,200,low,2,621.2959553222014,620.38999700028,627.8175740051498,0.14603045282836502,False,False,False,,,True,True,0.002239599998574704,1.0,150.0003018999996,0.00030189999961294234,348641,2324.268655355292,0.2557345869636464,time_limit,True,run_b9ece1fb,ok
2PGA,False,n0200_i04,200,low,3,621.4511142000373,620.38999700028,627.8175740051498,0.17104034637696006,False,False,False,,,True,True,0.00222609999764245,1.0,150.00039809998998,0.0003980999899795279,353942,2359.607070936325,0.2694811635460463,time_limit,True,run_b9ece1fb,ok
2PGA,False,n0200_i04,200,low,4,621.5913362564304,620.38999700028,627.8175740051498,0.19364258965475364,False,False,False,,,True,True,0.002246000003651716,1.0,150.00034350001079,0.00034350001078564674,353343,2355.6146056423836,0.31540587305503925,time_limit,True,run_b9ece1fb,ok
2PGA,False,n0200_i04,200,low,5,621.6684967064451,620.38999700028,627.8175740051498,0.20608000005592353,False,False,False,,,True,True,0.0022489999973913655,1.0,150.0002411000023,0.00024110000231303275,355582,2370.542856414079,0.30305719497405775,time_limit,True,run_b9ece1fb,ok
ACO,False,n0200_i04,200,low,1,625.0484860092773,620.38999700028,627.8175740051498,0.7508968602850021,False,False,False,,,True,True,0.01428469999882509,5.0,150.00238220000028,0.002382200000283774,46723,311.48171992164475,0.7730381443993597,time_limit,True,run_b9ece1fb,ok
ACO,False,n0200_i04,200,low,2,625.1117504764154,620.38999700028,627.8175740051498,0.7610943920704888,False,False,False,,,True,True,0.008648499999253545,3.0,150.00076479999916,0.0007647999991604593,46991,313.2717360651768,0.7628739274871195,time_limit,True,run_b9ece1fb,ok
ACO,False,n0200_i04,200,low,3,625.4492008801235,620.38999700028,627.8175740051498,0.8154876616814972,False,False,False,,,True,True,0.014748499997949693,5.0,150.00029489999724,0.00029489999724319205,46579,310.5260561724459,0.8164281845473147,time_limit,True,run_b9ece1fb,ok
ACO,False,n0200_i04,200,low,4,625.3411379041839,620.38999700028,627.8175740051498,0.7980691061822035,False,False,False,,,True,True,0.05229500000132248,18.0,150.00146010000026,0.0014601000002585351,47160,314.3969396601888,0.7986498212269384,time_limit,True,run_b9ece1fb,ok
ACO,False,n0200_i04,200,low,5,625.0356187094397,620.38999700028,627.8175740051498,0.7488227939880282,False,False,False,,,True,True,0.0030781999994360376,1.0,150.00144290000026,0.0014429000002564862,47362,315.7436294234468,0.7499159336988047,time_limit,True,run_b9ece1fb,ok
BRKGA-R-LS,False,n0200_i04,200,low,1,623.7954577880643,620.38999700028,627.8175740051498,0.5489225816422557,False,False,False,,,True,True,0.0016750999493524432,1.0,150.00079550000373,0.0007955000037327409,212134,1414.2191665909847,0.7296112557979657,time_limit,True,run_b9ece1fb,ok
BRKGA-R-LS,False,n0200_i04,200,low,2,623.7731722129373,620.38999700028,627.8175740051498,0.5453303936258952,False,False,False,,,True,True,0.0015969000523909926,1.0,150.0007951000007,0.0007951000006869435,212016,1413.4325078654135,0.7299373816911449,time_limit,True,run_b9ece1fb,ok
BRKGA-R-LS,False,n0200_i04,200,low,3,623.7659023826391,620.38999700028,627.8175740051498,0.5441585774564868,False,False,False,,,True,True,0.0016923999646678567,1.0,150.00086499995086,0.000864999950863421,214093,1427.278436028153,0.727945179832939,time_limit,True,run_b9ece1fb,ok
BRKGA-R-LS,False,n0200_i04,200,low,4,623.8580208061225,620.38999700028,627.8175740051498,0.5590070476008794,False,False,False,,,True,True,0.001612899941392243,1.0,150.00031189993024,0.00031189993023872375,211632,1410.877066316943,0.7301324533078173,time_limit,True,run_b9ece1fb,ok
BRKGA-R-LS,False,n0200_i04,200,low,5,623.9969474765478,620.38999700028,627.8175740051498,0.5814004890001748,False,False,False,,,True,True,0.0015993000706657767,1.0,150.00036360009108,0.00036360009107738733,213000,1419.9965579274815,0.7292297543211064,time_limit,True,run_b9ece1fb,ok
GA,False,n0200_i04,200,low,1,622.066606803648,620.38999700028,627.8175740051498,0.27025094077512457,False,False,False,,,True,True,0.0038302000612020493,1.0,150.0003426000476,0.0003426000475883484,202310,1348.730252833008,0.37797707943040476,time_limit,True,run_b9ece1fb,ok
GA,False,n0200_i04,200,low,2,622.162732013601,620.38999700028,627.8175740051498,0.2857452605445924,False,False,False,,,True,True,0.004404000006616116,1.0,150.00020580005366,0.0002058000536635518,201622,1344.1448224994892,0.3698573444374613,time_limit,True,run_b9ece1fb,ok
GA,False,n0200_i04,200,low,3,622.4159768890157,620.38999700028,627.8175740051498,0.3265655311226439,False,False,False,,,True,True,0.004293399979360402,1.0,150.00083299994003,0.0008329999400302768,207026,1380.165668813871,0.41146010889221674,time_limit,True,run_b9ece1fb,ok
GA,False,n0200_i04,200,low,4,621.5840140454488,620.38999700028,627.8175740051498,0.19246233029903215,False,False,False,,,True,True,0.00423289998434484,1.0,150.00041819992475,0.0004181999247521162,199562,1330.4096241519685,0.2970544582315064,time_limit,True,run_b9ece1fb,ok
GA,False,n0200_i04,200,low,5,620.8492871699208,620.38999700028,627.8175740051498,0.07403249115258921,False,True,True,119.98311210004613,159667.0,True,True,0.0038955999771133065,1.0,150.00047700002324,0.0004770000232383609,200076,1333.8357584020816,0.23182087723117714,time_limit,True,run_b9ece1fb,ok
HPSO,False,n0200_i04,200,low,1,621.958867065577,620.38999700028,627.8175740051498,0.25288448764210125,False,False,False,,,True,True,0.005101600079797208,1.0,150.0018654000014,0.0018654000014066696,181058,1207.038322604742,0.2931654363116743,time_limit,True,run_b9ece1fb,ok
HPSO,False,n0200_i04,200,low,2,621.0836624876238,620.38999700028,627.8175740051498,0.11181119790741106,False,False,False,,,True,True,0.005328299943357706,1.0,150.0019546999829,0.0019546999828889966,180282,1201.8643381053257,0.16577761314611292,time_limit,True,run_b9ece1fb,ok
HPSO,False,n0200_i04,200,low,3,621.3253093007322,620.38999700028,627.8175740051498,0.15076198922849302,False,False,False,,,True,True,0.00509649992454797,1.0,150.00121070002206,0.0012107000220566988,179707,1198.0369969105427,0.20723024444374083,time_limit,True,run_b9ece1fb,ok
HPSO,False,n0200_i04,200,low,4,621.0228828031509,620.38999700028,627.8175740051498,0.10201418558181363,False,False,False,,,True,True,0.005355000030249357,1.0,150.0011414999608,0.001141499960795045,179692,1197.9375503622216,0.17303447641843703,time_limit,True,run_b9ece1fb,ok
HPSO,False,n0200_i04,200,low,5,620.38999700028,620.38999700028,627.8175740051498,0.0,True,True,True,15.464913200004958,14122.0,True,True,0.005583600024692714,1.0,150.00215410010424,0.0021541001042351127,179610,1197.382804783836,0.04120187664606012,time_limit,True,run_b9ece1fb,ok
LPT,True,n0200_i04,200,low,0,627.8175740051498,620.38999700028,627.8175740051498,1.1972431923118942,False,False,False,,,False,False,,,0.0007522000232711434,0.0,1,1329.4336201310284,,completed,False,run_b9ece1fb,ok
SIP,True,n0200_i04,200,low,0,631.92778369263,620.38999700028,627.8175740051498,1.8597634952429407,False,False,False,,,False,False,,,0.0008318000473082066,0.0,1,1202.2120018339822,,completed,False,run_b9ece1fb,ok
TS,False,n0200_i04,200,low,1,620.9784136935756,620.38999700028,627.8175740051498,0.09484625737692534,False,True,True,66.00372220005374,91126.0,True,True,0.0008564000017940998,1.0,150.0005573000526,0.0005573000526055694,209486,1396.5681446166636,0.16060237085678647,time_limit,True,run_b9ece1fb,ok
TS,False,n0200_i04,200,low,2,621.0288781864583,620.38999700028,627.8175740051498,0.10298057500401983,False,False,False,,,True,True,0.0007034000009298325,1.0,150.0002655000426,0.0002655000425875187,201833,1345.550951707767,0.1794440900133571,time_limit,True,run_b9ece1fb,ok
TS,False,n0200_i04,200,low,3,620.8017385820306,620.38999700028,627.8175740051498,0.06636818513216225,False,True,True,68.90717919997405,91249.0,True,True,0.0006970999529585242,1.0,150.00075689994264,0.0007568999426439404,204412,1362.739790282206,0.1315617257080872,time_limit,True,run_b9ece1fb,ok
TS,False,n0200_i04,200,low,4,620.7172068493494,620.38999700028,627.8175740051498,0.05274260556287515,False,True,True,55.27423500001896,72502.0,True,True,0.000788699951954186,1.0,150.00086249993183,0.0008624999318271875,205104,1367.3521377258296,0.11880321309686628,time_limit,True,run_b9ece1fb,ok
TS,False,n0200_i04,200,low,5,621.3177545407965,620.38999700028,627.8175740051498,0.14954424555560275,False,False,False,,,True,True,0.0007036000024527311,1.0,150.00049899995793,0.0004989999579265714,205360,1369.0621122537573,0.19248508523880067,time_limit,True,run_b9ece1fb,ok
2PGA,False,n0200_i05,200,high,1,1188.6469636674785,1184.7139210458242,1206.5694586999864,0.3319824771015049,False,False,False,,,True,True,3.538594600002398,13294.0,150.00028150000435,0.0002815000043483451,551277,3675.173102925037,0.49713817514361497,time_limit,True,run_b9ece1fb,ok
2PGA,False,n0200_i05,200,high,2,1188.1775050285285,1184.7139210458242,1206.5694586999864,0.2923561478577622,False,False,False,,,True,True,2.613481899999897,9837.0,150.00033510000503,0.00033510000503156334,553410,3689.3917578986893,0.43960620586366606,time_limit,True,run_b9ece1fb,ok
2PGA,False,n0200_i05,200,high,3,1188.6058706570418,1184.7139210458242,1206.5694586999864,0.32851387512876457,False,False,False,,,True,True,4.089898999998695,15413.0,150.0004132000031,0.0004132000030949712,558234,3721.549748370883,0.5217434462015319,time_limit,True,run_b9ece1fb,ok
2PGA,False,n0200_i05,200,high,4,1187.9485968204087,1184.7139210458242,1206.5694586999864,0.27303433488221723,False,False,False,,,True,True,2.6666837000084342,10246.0,150.00021170001128,0.00021170001127757132,557500,3716.661421218235,0.38464819288527496,time_limit,True,run_b9ece1fb,ok
2PGA,False,n0200_i05,200,high,5,1188.1919177513453,1184.7139210458242,1206.5694586999864,0.2935727050840073,False,False,False,,,True,True,2.704954499989981,10103.0,150.0004093000025,0.0004093000025022775,567718,3784.7763392735656,0.3934377448701027,time_limit,True,run_b9ece1fb,ok
ACO,False,n0200_i05,200,high,1,1198.029030615505,1184.7139210458242,1206.5694586999864,1.123909268992691,False,False,False,,,False,False,,,150.00153190000128,0.001531900001282338,48771,325.1366794874685,1.2077990423599723,time_limit,True,run_b9ece1fb,ok
ACO,False,n0200_i05,200,high,2,1198.169310941557,1184.7139210458242,1206.5694586999864,1.1357501297743426,False,False,False,,,False,False,,,150.00025410000308,0.00025410000307601877,49165,327.76611143086717,1.2261253934652727,time_limit,True,run_b9ece1fb,ok
ACO,False,n0200_i05,200,high,3,1198.0234341288979,1184.7139210458242,1206.5694586999864,1.12343687759864,False,False,False,,,False,False,,,150.0022676999979,0.002267699997901218,48503,323.3484449515471,1.2115039762237978,time_limit,True,run_b9ece1fb,ok
ACO,False,n0200_i05,200,high,4,1198.1812557879234,1184.7139210458242,1206.5694586999864,1.1367583770950112,False,False,False,,,False,False,,,150.00007800000094,7.800000093993731e-05,49076,327.17316320328644,1.2267662209815815,time_limit,True,run_b9ece1fb,ok
ACO,False,n0200_i05,200,high,5,1198.4269885223484,1184.7139210458242,1206.5694586999864,1.1575003241642323,False,False,False,,,False,False,,,150.00022650000028,0.00022650000028079376,49126,327.50617213234614,1.229238910498808,time_limit,True,run_b9ece1fb,ok
BRKGA-R-LS,False,n0200_i05,200,high,1,1189.569227804214,1184.7139210458242,1206.5694586999864,0.40982946786881,False,False,False,,,True,True,31.388440700015053,65587.0,150.0004027999239,0.00040279992390424013,339228,2261.513927082415,0.7249378832515797,time_limit,True,run_b9ece1fb,ok
BRKGA-R-LS,False,n0200_i05,200,high,2,1189.834572292396,1184.7139210458242,1206.5694586999864,0.4322268148964911,False,False,False,,,True,True,31.267548299976625,65587.0,150.00052169989794,0.0005216998979449272,338173,2254.478825590845,0.7204957629390897,time_limit,True,run_b9ece1fb,ok
BRKGA-R-LS,False,n0200_i05,200,high,3,1189.6659619524105,1184.7139210458242,1206.5694586999864,0.41799465834036736,False,False,False,,,True,True,28.206752100028098,65587.0,150.0004369999515,0.00043699995148926973,348489,2323.25323158967,0.7371279338832796,time_limit,True,run_b9ece1fb,ok
BRKGA-R-LS,False,n0200_i05,200,high,4,1190.7539877013226,1184.7139210458242,1206.5694586999864,0.5098333486422073,False,False,False,,,True,True,30.850068099913187,65587.0,150.0006816999521,0.0006816999521106482,335808,2238.709825810793,0.7518221803329707,time_limit,True,run_b9ece1fb,ok
BRKGA-R-LS,False,n0200_i05,200,high,5,1190.0610553779925,1184.7139210458242,1206.5694586999864,0.4513439267640232,False,False,False,,,True,True,31.57972489995882,65587.0,150.00046989996918,0.00046989996917545795,335668,2237.779656449389,0.7395780021046174,time_limit,True,run_b9ece1fb,ok
GA,False,n0200_i05,200,high,1,1186.0235643152005,1184.7139210458242,1206.5694586999864,0.11054510680689314,False,False,False,,,True,True,1.8284679000498727,4139.0,150.00072120002005,0.0007212000200524926,329469,2196.4494394708013,0.23937957060440454,time_limit,True,run_b9ece1fb,ok
GA,False,n0200_i05,200,high,2,1185.7169445233967,1184.7139210458242,1206.5694586999864,0.08466377070061228,False,True,True,137.85554050002247,303971.0,True,True,2.784014999982901,2921.0,150.0003898999421,0.0003898999420925975,331431,2209.5342566848085,0.24478504607360804,time_limit,True,run_b9ece1fb,ok
GA,False,n0200_i05,200,high,3,1188.74564911185,1184.7139210458242,1206.5694586999864,0.3403123736797796,False,False,False,,,True,True,5.949922199943103,4718.0,150.00040689995512,0.00040689995512366295,339236,2261.5671984560563,0.4800402996315582,time_limit,True,run_b9ece1fb,ok
GA,False,n0200_i05,200,high,4,1188.6847403437084,1184.7139210458242,1206.5694586999864,0.3351711520684158,False,False,False,,,True,True,2.3931287999730557,5568.0,150.00050189998,0.0005018999800086021,337878,2252.512463093599,0.500363952765401,time_limit,True,run_b9ece1fb,ok
GA,False,n0200_i05,200,high,5,1185.9313169185957,1184.7139210458242,1206.5694586999864,0.10275863659108533,False,False,False,,,True,True,1.989258800051175,4565.0,150.00034080003388,0.0003408000338822603,331784,2211.888307922598,0.24296076001142358,time_limit,True,run_b9ece1fb,ok
HPSO,False,n0200_i05,200,high,1,1185.8785233996973,1184.7139210458242,1206.5694586999864,0.09830241150918598,False,True,True,83.7568516000174,157541.0,True,True,0.5289850999834016,951.0,150.00179819995537,0.0017981999553740025,283593,1890.5973355197043,0.1569332276000054,time_limit,True,run_b9ece1fb,ok
HPSO,False,n0200_i05,200,high,2,1185.3764270039112,1184.7139210458242,1206.5694586999864,0.055921176101495475,False,True,True,75.86404120002408,136295.0,True,True,0.5364117999561131,959.0,150.00192730000708,0.001927300007082522,277051,1846.9829353985035,0.17671443406811027,time_limit,True,run_b9ece1fb,ok
HPSO,False,n0200_i05,200,high,3,1187.0695461090456,1184.7139210458242,1206.5694586999864,0.1988349272659793,False,False,False,,,True,True,0.47551109991036355,797.0,150.001678599976,0.00167859997600317,283237,1888.225536164402,0.28130104950308776,time_limit,True,run_b9ece1fb,ok
HPSO,False,n0200_i05,200,high,4,1184.7139210458242,1184.7139210458242,1206.5694586999864,0.0,True,True,True,71.9603642000584,132709.0,True,True,0.8978209000779316,1585.0,150.00091800000519,0.0009180000051856041,284300,1895.321733964256,0.14747799156571162,time_limit,True,run_b9ece1fb,ok
HPSO,False,n0200_i05,200,high,5,1187.1410935932518,1184.7139210458242,1206.5694586999864,0.20487414761572936,False,False,False,,,True,True,0.5147702000103891,883.0,150.00177659990732,0.0017765999073162675,277033,1846.8647924012066,0.26258400070854077,time_limit,True,run_b9ece1fb,ok
LPT,True,n0200_i05,200,high,0,1206.5694586999864,1184.7139210458242,1206.5694586999864,1.844794533592452,False,False,False,,,False,False,,,0.0004691999638453126,0.0,1,2131.287461756249,,completed,False,run_b9ece1fb,ok
SIP,True,n0200_i05,200,high,0,1224.5092650409672,1184.7139210458242,1206.5694586999864,3.359067812760486,False,False,False,,,False,False,,,0.0004520999500527978,0.0,1,2211.9002664857994,,completed,False,run_b9ece1fb,ok
TS,False,n0200_i05,200,high,1,1186.7441123534595,1184.7139210458242,1206.5694586999864,0.17136553150680423,False,False,False,,,True,True,0.8731337999925017,2114.0,150.00049459992442,0.0004945999244228005,342547,2283.63913674837,0.21293419948388437,time_limit,True,run_b9ece1fb,ok
TS,False,n0200_i05,200,high,2,1185.9115753273293,1184.7139210458242,1206.5694586999864,0.10109227723497927,False,False,False,,,True,True,0.911015099962242,2154.0,150.0006260999944,0.0006260999944061041,339906,2266.030541588604,0.1832673095196816,time_limit,True,run_b9ece1fb,ok
TS,False,n0200_i05,200,high,3,1186.6230378788005,1184.7139210458242,1206.5694586999864,0.1611458090482234,False,False,False,,,True,True,0.6874159999424592,1681.0,150.0002961999271,0.00029619992710649967,347999,2319.9887521300047,0.2152487028176353,time_limit,True,run_b9ece1fb,ok
TS,False,n0200_i05,200,high,4,1188.6418364034691,1184.7139210458242,1206.5694586999864,0.3315496921127996,False,False,False,,,True,True,0.8978768999222666,2160.0,150.000726499944,0.0007264999439939857,350547,2336.9686812825594,0.3585279781440472,time_limit,True,run_b9ece1fb,ok
TS,False,n0200_i05,200,high,5,1186.129823408301,1184.7139210458242,1206.5694586999864,0.11951428419334267,False,False,False,,,True,True,0.914011999964714,2138.0,150.00052000000142,0.0005200000014156103,341416,2276.0987761908877,0.1696406917111107,time_limit,True,run_b9ece1fb,ok
2PGA,False,n0200_i06,200,medium,1,1157.050351956819,1153.545041222321,1176.1416580683456,0.30387289695976005,False,False,False,,,True,True,4.833330100009334,18244.0,150.00036640001053,0.00036640001053456217,551464,3676.417686403473,0.4624878647613631,time_limit,True,run_b9ece1fb,ok
2PGA,False,n0200_i06,200,medium,2,1157.402692219664,1153.545041222321,1176.1416580683456,0.33441702399893236,False,False,False,,,True,True,2.7652327999967383,10340.0,150.00037280000106,0.0003728000010596588,556507,3710.037445986908,0.4560834287601862,time_limit,True,run_b9ece1fb,ok
2PGA,False,n0200_i06,200,medium,3,1155.817613376193,1153.545041222321,1176.1416580683456,0.19700766529792088,False,False,False,,,True,True,4.2890571000025375,15815.0,150.00047379999887,0.0004737999988719821,541233,3608.2086028717868,0.34539908943813374,time_limit,True,run_b9ece1fb,ok
2PGA,False,n0200_i06,200,medium,4,1156.6884798235535,1153.545041222321,1176.1416580683456,0.27250245884647833,False,False,False,,,True,True,4.395788599998923,16261.0,150.00040410000656,0.00040410000656265765,542738,3618.243585784955,0.4284185007843836,time_limit,True,run_b9ece1fb,ok
2PGA,False,n0200_i06,200,medium,5,1156.390289910615,1153.545041222321,1176.1416580683456,0.24665258716547067,False,False,False,,,True,True,3.553492599996389,13236.0,150.00042710000707,0.0004271000070730224,545144,3634.282985318075,0.4458281649213132,time_limit,True,run_b9ece1fb,ok
ACO,False,n0200_i06,200,medium,1,1165.9082845578052,1153.545041222321,1176.1416580683456,1.071760780349229,False,False,False,,,False,False,,,150.00140840000313,0.0014084000031289179,48773,325.15028038896054,1.133917874167765,time_limit,True,run_b9ece1fb,ok
ACO,False,n0200_i06,200,medium,2,1166.1641090138319,1153.545041222321,1176.1416580683456,1.0939380206722904,False,False,False,,,False,False,,,150.0002566999974,0.0002566999974078499,49077,327.1794400869239,1.1635185704815227,time_limit,True,run_b9ece1fb,ok
ACO,False,n0200_i06,200,medium,3,1164.2197721459686,1153.545041222321,1176.1416580683456,0.9253848390988146,False,False,False,,,True,True,134.22102470000027,43817.0,150.0014317999994,0.0014317999994091224,49000,326.66354855420917,1.1094913675289986,time_limit,True,run_b9ece1fb,ok
ACO,False,n0200_i06,200,medium,4,1167.064298364613,1153.545041222321,1176.1416580683456,1.1719747958837106,False,False,False,,,False,False,,,150.00212620000093,0.002126200000930112,49425,329.4953295135339,1.2045838740711408,time_limit,True,run_b9ece1fb,ok
ACO,False,n0200_i06,200,medium,5,1166.8067902851762,1153.545041222321,1176.1416580683456,1.1496516034434818,False,False,False,,,False,False,,,150.00187549999828,0.001875499998277519,48948,326.3159199632845,1.2121063308381979,time_limit,True,run_b9ece1fb,ok
BRKGA-R-LS,False,n0200_i06,200,medium,1,1159.110048059292,1153.545041222321,1176.1416580683456,0.48242648861583687,False,False,False,,,True,True,34.94299599993974,73854.0,150.00055249989964,0.0005524998996406794,330761,2205.0652113446135,0.7697465276291487,time_limit,True,run_b9ece1fb,ok
BRKGA-R-LS,False,n0200_i06,200,medium,2,1158.7658431913317,1153.545041222321,1176.1416580683456,0.45258761317880875,False,False,False,,,True,True,35.018609300022945,73854.0,150.0003111999249,0.0003111999249085784,329715,2198.0954396857614,0.7485326758272578,time_limit,True,run_b9ece1fb,ok
BRKGA-R-LS,False,n0200_i06,200,medium,3,1159.3507611924213,1153.545041222321,1176.1416580683456,0.5032937390939095,False,False,False,,,True,True,35.262881500064395,73854.0,150.0005933000939,0.000593300093896687,329831,2198.8646360893663,0.7753900545345243,time_limit,True,run_b9ece1fb,ok
BRKGA-R-LS,False,n0200_i06,200,medium,4,1159.8334636662794,1153.545041222321,1176.1416580683456,0.5451388735800882,False,False,False,,,True,True,35.78325890004635,73854.0,150.00050950003788,0.0005095000378787518,325869,2172.452620902049,0.7757701323074967,time_limit,True,run_b9ece1fb,ok
BRKGA-R-LS,False,n0200_i06,200,medium,5,1157.4902281921245,1153.545041222321,1176.1416580683456,0.3420054552549625,False,False,False,,,True,True,21.028486100025475,73854.0,150.00030279997736,0.0003027999773621559,536810,3578.726109078768,0.5767940915325234,time_limit,True,run_b9ece1fb,ok
GA,False,n0200_i06,200,medium,1,1157.2815868644348,1153.545041222321,1176.1416580683456,0.3239184868025936,False,False,False,,,True,True,1.2560762000503018,2819.0,150.00073680002242,0.0007368000224232674,324900,2165.9893606599367,0.4472892798166101,time_limit,True,run_b9ece1fb,ok
GA,False,n0200_i06,200,medium,2,1156.123536224542,1153.545041222321,1176.1416580683456,0.22352789965519967,False,False,False,,,True,True,1.9733397999079898,4384.0,150.00042589998338,0.00042589998338371515,322802,2152.0072230677297,0.3669938402186977,time_limit,True,run_b9ece1fb,ok
GA,False,n0200_i06,200,medium,3,1155.1772889739955,1153.545041222321,1176.1416580683456,0.1414983978384449,False,False,False,,,True,True,1.2217161000007764,2663.0,150.00043060001917,0.000430600019171834,326103,2174.013759130891,0.30000133976343935,time_limit,True,run_b9ece1fb,ok
GA,False,n0200_i06,200,medium,4,1157.0021111784995,1153.545041222321,1176.1416580683456,0.2996909381635626,False,False,False,,,True,True,1.8343682000413537,4112.0,150.0003938000882,0.00039380008820444345,325206,2168.0343081859883,0.42632272028697277,time_limit,True,run_b9ece1fb,ok
GA,False,n0200_i06,200,medium,5,1156.8612985671514,1153.545041222321,1176.1416580683456,0.2874839929367944,False,False,False,,,True,True,1.5547209000214934,3524.0,150.00039840000682,0.00039840000681579113,328042,2186.940858151648,0.408474247719116,time_limit,True,run_b9ece1fb,ok
HPSO,False,n0200_i06,200,medium,1,1153.545041222321,1153.545041222321,1176.1416580683456,0.0,True,True,True,28.959116099984385,46585.0,True,True,0.5595577000640333,1020.0,150.0013587999856,0.0013587999856099486,270593,1803.9369920696076,0.06848194087204588,time_limit,True,run_b9ece1fb,ok
HPSO,False,n0200_i06,200,medium,2,1153.903835050402,1153.545041222321,1176.1416580683456,0.031103582024048955,False,True,True,65.66618770000059,114357.0,True,True,0.4002098999917507,632.0,150.0006503999466,0.0006503999466076493,270849,1805.6521706928306,0.13682277133463486,time_limit,True,run_b9ece1fb,ok
HPSO,False,n0200_i06,200,medium,3,1153.6727733039456,1153.545041222321,1176.1416580683456,0.01107300339908915,False,True,True,51.475429599988274,89530.0,True,True,0.6246820000233129,1180.0,150.00163870002143,0.00163870002143085,272934,1819.5401221304191,0.1147248195586474,time_limit,True,run_b9ece1fb,ok
HPSO,False,n0200_i06,200,medium,4,1155.0931569344482,1153.545041222321,1176.1416580683456,0.1342050511080791,False,False,False,,,True,True,0.491227800026536,863.0,150.00172419997398,0.0017241999739781022,275897,1839.292191283011,0.16805126705693169,time_limit,True,run_b9ece1fb,ok
HPSO,False,n0200_i06,200,medium,5,1154.313275667844,1153.545041222321,1176.1416580683456,0.06659769823195491,False,True,True,45.64838410005905,77672.0,True,True,0.39721960003953427,665.0,150.0023254000116,0.002325400011613965,271785,1811.8719111535784,0.12767224360411522,time_limit,True,run_b9ece1fb,ok
LPT,True,n0200_i06,200,medium,0,1176.1416580683456,1153.545041222321,1176.1416580683456,1.9588846589016289,False,False,False,,,False,False,,,0.0004517999477684498,0.0,1,2213.3690031157466,,completed,False,run_b9ece1fb,ok
SIP,True,n0200_i06,200,medium,0,1185.9958318424378,1153.545041222321,1176.1416580683456,2.8131359817325574,False,False,False,,,False,False,,,0.0004631999181583524,0.0,1,2158.8950273910323,,completed,False,run_b9ece1fb,ok
TS,False,n0200_i06,200,medium,1,1154.0848224373772,1153.545041222321,1176.1416580683456,0.04679325000471119,False,True,True,32.81590699998196,64858.0,True,True,1.102515099919401,2429.0,150.00038369989488,0.0003836998948827386,333108,2220.7143194143273,0.11345964320239406,time_limit,True,run_b9ece1fb,ok
TS,False,n0200_i06,200,medium,2,1154.2598195575147,1153.545041222321,1176.1416580683456,0.06196362600945514,False,True,True,51.581347099971026,109420.0,True,True,0.7700150999007747,1828.0,150.0003003999591,0.0003003999590873718,332882,2219.20888899827,0.16225234398099328,time_limit,True,run_b9ece1fb,ok
TS,False,n0200_i06,200,medium,3,1154.3517498874091,1153.545041222321,1176.1416580683456,0.06993300098913131,False,True,True,47.205779399955645,100365.0,True,True,0.957682800013572,2236.0,150.00037159991916,0.00037159991916269064,336890,2245.9277694228163,0.15333429484388356,time_limit,True,run_b9ece1fb,ok
TS,False,n0200_i06,200,medium,4,1154.6795136739308,1153.545041222321,1176.1416580683456,0.09834661075805674,False,True,True,36.30777910002507,74231.0,True,True,0.9302939000772312,2173.0,150.00058520003222,0.0005852000322192907,332499,2216.6513521037155,0.164078426759123,time_limit,True,run_b9ece1fb,ok
TS,False,n0200_i06,200,medium,5,1153.7378245112677,1153.545041222321,1176.1416580683456,0.01671224634127679,False,True,True,35.86268699995708,73330.0,True,True,0.696018600021489,1597.0,150.0006229999708,0.0006229999708011746,333904,2226.017421274744,0.09291764439258686,time_limit,True,run_b9ece1fb,ok
2PGA,False,n0500_i01,500,low,1,1989.369773365595,1984.8432475968189,2003.8122855042618,0.22805457177823218,False,False,False,,,True,True,0.00605090000317432,1.0,150.00039169999945,0.00039169999945443124,157559,1050.3905904133753,0.31466092676421753,time_limit,True,run_b9ece1fb,ok
2PGA,False,n0500_i01,500,low,2,1990.03648719901,1984.8432475968189,2003.8122855042618,0.26164482300952324,False,False,False,,,True,True,0.006080699997255579,1.0,150.00044689999777,0.00044689999776892364,159505,1063.3634985523659,0.32994473101601324,time_limit,True,run_b9ece1fb,ok
2PGA,False,n0500_i01,500,low,3,1989.7140571173838,1984.8432475968189,2003.8122855042618,0.24540021114828092,False,False,False,,,True,True,0.006103599997004494,1.0,150.00030909999623,0.0003090999962296337,158364,1055.7578244350696,0.3422969068986983,time_limit,True,run_b9ece1fb,ok
2PGA,False,n0500_i01,500,low,4,1989.4296676287397,1984.8432475968189,2003.8122855042618,0.23107215330348804,False,False,False,,,True,True,0.006025099995895289,1.0,150.00017680000747,0.00017680000746622682,158375,1055.832088859192,0.3204109416191037,time_limit,True,run_b9ece1fb,ok
2PGA,False,n0500_i01,500,low,5,1989.6295371916633,1984.8432475968189,2003.8122855042618,0.24114194411269127,False,False,False,,,True,True,0.006204600009368733,1.0,150.00172730001213,0.0017273000121349469,127711,851.3968625479266,0.3155304656953702,time_limit,True,run_b9ece1fb,ok
ACO,False,n0500_i01,500,low,1,1997.4793591375378,1984.8432475968189,2003.8122855042618,0.6366302001943143,False,False,False,,,True,True,0.018861699998524273,1.0,150.00582849999773,0.005828499997733161,8391,55.93782644252471,0.639773958322863,time_limit,True,run_b9ece1fb,ok
ACO,False,n0500_i01,500,low,2,1997.2956407173533,1984.8432475968189,2003.8122855042618,0.6273741332274672,False,False,False,,,True,True,0.018170099996495992,1.0,150.0111892999994,0.011189299999387003,8285,55.2292134917434,0.6302526935427751,time_limit,True,run_b9ece1fb,ok
ACO,False,n0500_i01,500,low,3,1997.3341024876308,1984.8432475968189,2003.8122855042618,0.6293119069193748,False,False,False,,,True,True,0.018974599999637576,1.0,150.0142425999984,0.014242599998397054,8170,54.46149551136078,0.6310475097462591,time_limit,True,run_b9ece1fb,ok
ACO,False,n0500_i01,500,low,4,1996.883262107696,1984.8432475968189,2003.8122855042618,0.6065977515078252,False,False,False,,,True,True,0.018236600000818726,1.0,150.0002917999991,0.00029179999910411425,8255,55.03322627536415,0.6129780079810251,time_limit,True,run_b9ece1fb,ok
ACO,False,n0500_i01,500,low,5,1997.4927103142295,1984.8432475968189,2003.8122855042618,0.6373028566727466,False,False,False,,,True,True,0.018275599999469705,1.0,150.00265969999964,0.0026596999996399973,8314,55.42568389539042,0.6387139986739511,time_limit,True,run_b9ece1fb,ok
BRKGA-R-LS,False,n0500_i01,500,low,1,1994.830073337128,1984.8432475968189,2003.8122855042618,0.5031543801960582,False,False,False,,,True,True,0.0023299999302253127,1.0,150.00074209994636,0.0007420999463647604,170064,1133.7543909395154,0.5274435588153121,time_limit,True,run_b9ece1fb,ok
BRKGA-R-LS,False,n0500_i01,500,low,2,1994.8254483469984,1984.8432475968189,2003.8122855042618,0.5029213648113363,False,False,False,,,True,True,0.002217100001871586,1.0,150.0003471999662,0.00034719996619969606,172191,1147.9373429079556,0.5270950864365961,time_limit,True,run_b9ece1fb,ok
BRKGA-R-LS,False,n0500_i01,500,low,3,1994.8254483469984,1984.8432475968189,2003.8122855042618,0.5029213648113363,False,False,False,,,True,True,0.002286700066179037,1.0,150.00056229997426,0.0005622999742627144,171735,1144.8957081678184,0.5271783031870126,time_limit,True,run_b9ece1fb,ok
BRKGA-R-LS,False,n0500_i01,500,low,4,1994.8229280420835,1984.8432475968189,2003.8122855042618,0.5027943872821045,False,False,False,,,True,True,0.002152700093574822,1.0,150.00043320003897,0.00043320003896951675,172547,1150.310011237722,0.527070412766161,time_limit,True,run_b9ece1fb,ok
BRKGA-R-LS,False,n0500_i01,500,low,5,1994.8229280420835,1984.8432475968189,2003.8122855042618,0.5027943872821045,False,False,False,,,True,True,0.002223700052127242,1.0,150.00103330006823,0.0010333000682294369,172433,1149.5454144976318,0.5270516340756985,time_limit,True,run_b9ece1fb,ok
GA,False,n0500_i01,500,low,1,1987.9777217888839,1984.8432475968189,2003.8122855042618,0.15792049049012383,False,False,False,,,True,True,0.006118000019341707,1.0,150.00183470000047,0.0018347000004723668,158275,1055.153760729298,0.24677038700919732,time_limit,True,run_b9ece1fb,ok
GA,False,n0500_i01,500,low,2,1988.18625130633,1984.8432475968189,2003.8122855042618,0.16842658550284464,False,False,False,,,True,True,0.005738500040024519,1.0,150.00087300001178,0.0008730000117793679,165274,1101.8202540727013,0.25850810166498506,time_limit,True,run_b9ece1fb,ok
GA,False,n0500_i01,500,low,3,1987.673938560159,1984.8432475968189,2003.8122855042618,0.1426153408722582,False,False,False,,,True,True,0.005950899911113083,1.0,150.000335299992,0.0003352999920025468,164536,1096.9042147201706,0.22918722404336422,time_limit,True,run_b9ece1fb,ok
GA,False,n0500_i01,500,low,4,1989.8000691987654,1984.8432475968189,2003.8122855042618,0.24973365569034786,False,False,False,,,True,True,0.005783700034953654,1.0,150.00055009999778,0.0005500999977812171,166366,1109.1025992177508,0.3171337340270413,time_limit,True,run_b9ece1fb,ok
GA,False,n0500_i01,500,low,5,1988.0117287829285,1984.8432475968189,2003.8122855042618,0.15963382448190266,False,False,False,,,True,True,0.00583320006262511,1.0,150.00063110003248,0.0006311000324785709,165000,1099.995371952567,0.23865851913883554,time_limit,True,run_b9ece1fb,ok
HPSO,False,n0500_i01,500,low,1,1984.8432475968189,1984.8432475968189,2003.8122855042618,0.0,True,True,True,41.24885630002245,38390.0,True,True,0.007599300006404519,1.0,150.00083499995526,0.0008349999552592635,145354,969.0212724485391,0.07874759672862686,time_limit,True,run_b9ece1fb,ok
HPSO,False,n0500_i01,500,low,2,1985.6656466086674,1984.8432475968189,2003.8122855042618,0.041433952673305935,False,True,True,90.65208130003884,89603.0,True,True,0.0067891000071540475,1.0,150.00146379997022,0.0014637999702244997,149543,996.9436044932095,0.1420707522732358,time_limit,True,run_b9ece1fb,ok
HPSO,False,n0500_i01,500,low,3,1986.5743061439073,1984.8432475968189,2003.8122855042618,0.08721386684738609,False,True,True,121.73156599991489,121754.0,True,True,0.006872899946756661,1.0,150.00134629989043,0.0013462998904287815,150216,1001.4310118235901,0.1640953932291932,time_limit,True,run_b9ece1fb,ok
HPSO,False,n0500_i01,500,low,4,1987.153383363251,1984.8432475968189,2003.8122855042618,0.11638882663550759,False,False,False,,,True,True,0.007017600000835955,1.0,150.00155140005518,0.0015514000551775098,150289,1001.9163041799361,0.1848941277048796,time_limit,True,run_b9ece1fb,ok
HPSO,False,n0500_i01,500,low,5,1985.1405419278265,1984.8432475968189,2003.8122855042618,0.01497822719086558,False,True,True,49.10743380000349,48071.0,True,True,0.006816199980676174,1.0,150.00095669995062,0.000956699950620532,149953,999.6802907061017,0.0973342459010687,time_limit,True,run_b9ece1fb,ok
LPT,True,n0500_i01,500,low,0,2003.8122855042618,1984.8432475968189,2003.8122855042618,0.9556945078867071,False,False,False,,,True,True,0.0009461999870836735,1.0,0.0009554000571370125,0.0,1,1046.6819554068663,,completed,False,run_b9ece1fb,ok
SIP,True,n0500_i01,500,low,0,2021.4873523099593,1984.8432475968189,2003.8122855042618,1.8461964065680196,False,False,False,,,False,False,,,0.0009849000489339232,0.0,1,1015.3314552907386,,completed,False,run_b9ece1fb,ok
TS,False,n0500_i01,500,low,1,1987.076936962058,1984.8432475968189,2003.8122855042618,0.11253731839749014,False,False,False,,,True,True,0.0009275999618694186,1.0,150.00062359997537,0.0006235999753698707,160847,1072.3088753880781,0.19079252067376284,time_limit,True,run_b9ece1fb,ok
TS,False,n0500_i01,500,low,2,1985.4765912533614,1984.8432475968189,2003.8122855042618,0.03190900124276433,False,True,True,69.97477050009184,77275.0,True,True,0.000989600084722042,1.0,150.00054989999626,0.0005498999962583184,168142,1120.9425572912796,0.1196495549667367,time_limit,True,run_b9ece1fb,ok
TS,False,n0500_i01,500,low,3,1985.4035426490811,1984.8432475968189,2003.8122855042618,0.028228680171125696,False,True,True,65.13257349992637,71930.0,True,True,0.0009319999953731894,1.0,150.00067680003121,0.0006768000312149525,168077,1120.5082775997516,0.11998607700531314,time_limit,True,run_b9ece1fb,ok
TS,False,n0500_i01,500,low,4,1985.4550838417797,1984.8432475968189,2003.8122855042618,0.030825418868801448,False,True,True,65.31681590003427,72226.0,True,True,0.0009343000128865242,1.0,150.00031210004818,0.00031210004817694426,167821,1118.8043388074132,0.1167486269594873,time_limit,True,run_b9ece1fb,ok
TS,False,n0500_i01,500,low,5,1986.088203868743,1984.8432475968189,2003.8122855042618,0.06272315324807082,False,True,True,104.86036030005198,117314.0,True,True,0.0009325999999418855,1.0,150.00044470001012,0.0004447000101208687,168696,1124.6366658270888,0.15940847662910257,time_limit,True,run_b9ece1fb,ok
2PGA,False,n0500_i02,500,medium,1,2231.038307142138,2222.7562867010506,2252.3273530934707,0.3726013729278088,False,False,False,,,True,True,0.01025929999013897,1.0,150.0011136999965,0.001113699996494688,113348,755.647722900891,0.5216944887814432,time_limit,True,run_b9ece1fb,ok
2PGA,False,n0500_i02,500,medium,2,2232.6064729918007,2222.7562867010506,2252.3273530934707,0.4431518808285308,False,False,False,,,True,True,0.01083340001059696,1.0,150.001391400001,0.0013914000010117888,112971,753.1330139381577,0.5615290413635465,time_limit,True,run_b9ece1fb,ok
2PGA,False,n0500_i02,500,medium,3,2231.8350638566917,2222.7562867010506,2252.3273530934707,0.4084468103840365,False,False,False,,,True,True,0.01077570000779815,1.0,150.00103320000926,0.0010332000092603266,106973,713.1484211669643,0.5875366948869539,time_limit,True,run_b9ece1fb,ok
2PGA,False,n0500_i02,500,medium,4,2230.3279749645603,2222.7562867010506,2252.3273530934707,0.34064410519550886,False,False,False,,,True,True,0.009620600001653656,1.0,150.0005070000043,0.0005070000042906031,112458,749.7174659549436,0.47655484744657484,time_limit,True,run_b9ece1fb,ok
2PGA,False,n0500_i02,500,medium,5,2232.556428804176,2222.7562867010506,2252.3273530934707,0.44090043347354396,False,False,False,,,True,True,0.010123500003828667,1.0,150.00088370000594,0.0008837000059429556,112377,749.1755863568659,0.5465319026943278,time_limit,True,run_b9ece1fb,ok
ACO,False,n0500_i02,500,medium,1,2244.25753784619,2222.7562867010506,2252.3273530934707,0.9673238255486435,False,False,False,,,True,True,29.504806900000403,1676.0,150.00322159999996,0.0032215999999607448,8458,56.385455657440374,0.9762692085751148,time_limit,True,run_b9ece1fb,ok
ACO,False,n0500_i02,500,medium,2,2244.137247861279,2222.7562867010506,2252.3273530934707,0.9619120768278759,False,False,False,,,True,True,26.20183420000103,1482.0,150.01361479999832,0.013614799998322269,8374,55.821600000536044,0.9737944236903983,time_limit,True,run_b9ece1fb,ok
ACO,False,n0500_i02,500,medium,3,2244.3708038353634,2222.7562867010506,2252.3273530934707,0.9724195704060935,False,False,False,,,True,True,5.075478900002054,302.0,150.00450570000248,0.004505700002482627,8378,55.85165566129965,0.9766547615680071,time_limit,True,run_b9ece1fb,ok
ACO,False,n0500_i02,500,medium,4,2243.245396302509,2222.7562867010506,2252.3273530934707,0.92178839956709,False,False,False,,,True,True,4.096963799998775,250.0,150.0003582999998,0.00035829999978886917,8360,55.73320020529585,0.9342648661949824,time_limit,True,run_b9ece1fb,ok
ACO,False,n0500_i02,500,medium,5,2243.915023528402,2222.7562867010506,2252.3273530934707,0.9519143845839461,False,False,False,,,True,True,3.2807874999998603,202.0,150.00681669999904,0.006816699999035336,8328,55.5174770267627,0.9576953983243618,time_limit,True,run_b9ece1fb,ok
BRKGA-R-LS,False,n0500_i02,500,medium,1,2240.158882954203,2222.7562867010506,2252.3273530934707,0.7829286709151869,False,False,False,,,True,True,0.00199559994507581,1.0,150.00090730004013,0.0009073000401258469,209862,1399.0715374822528,0.8340969166784518,time_limit,True,run_b9ece1fb,ok
BRKGA-R-LS,False,n0500_i02,500,medium,2,2240.1462842857454,2222.7562867010506,2252.3273530934707,0.782361867054014,False,False,False,,,True,True,0.002039400045759976,1.0,150.00059710000642,0.00059710000641644,211871,1412.4677107701389,0.8336164230237572,time_limit,True,run_b9ece1fb,ok
BRKGA-R-LS,False,n0500_i02,500,medium,3,2240.1462842857454,2222.7562867010506,2252.3273530934707,0.782361867054014,False,False,False,,,True,True,0.002036200021393597,1.0,150.00054500007536,0.0005450000753626227,212151,1414.3348612492935,0.8335582239452407,time_limit,True,run_b9ece1fb,ok
BRKGA-R-LS,False,n0500_i02,500,medium,4,2240.152657504526,2222.7562867010506,2252.3273530934707,0.7826485929905735,False,False,False,,,True,True,0.0020046000136062503,1.0,150.0003868000349,0.00038680003490298986,210673,1404.4830449727278,0.8339526826879934,time_limit,True,run_b9ece1fb,ok
BRKGA-R-LS,False,n0500_i02,500,medium,5,2240.1462842857454,2222.7562867010506,2252.3273530934707,0.782361867054014,False,False,False,,,True,True,0.0019910000264644623,1.0,150.00078180001583,0.0007818000158295035,211303,1408.679324629878,0.8337841388629781,time_limit,True,run_b9ece1fb,ok
GA,False,n0500_i02,500,medium,1,2226.8512035890653,2222.7562867010506,2252.3273530934707,0.184226984870765,False,False,False,,,True,True,0.005695999949239194,1.0,150.0007675999077,0.0007675999077036977,202823,1352.1464139502496,0.30382184751693897,time_limit,True,run_b9ece1fb,ok
GA,False,n0500_i02,500,medium,2,2227.123341329012,2222.7562867010506,2252.3273530934707,0.1964702407587296,False,False,False,,,True,True,0.005680500064045191,1.0,150.00026800006162,0.0002680000616237521,202206,1348.037591505616,0.3280940419873141,time_limit,True,run_b9ece1fb,ok
GA,False,n0500_i02,500,medium,3,2228.7721289039896,2222.7562867010506,2252.3273530934707,0.2706478545998185,False,False,False,,,True,True,0.005766300018876791,1.0,150.00019630009774,0.00019630009774118662,203805,1358.6982219160416,0.38818865492777854,time_limit,True,run_b9ece1fb,ok
GA,False,n0500_i02,500,medium,4,2226.8428927448304,2222.7562867010506,2252.3273530934707,0.1838530867387607,False,False,False,,,True,True,0.005651899962686002,1.0,150.00029859994538,0.00029859994538128376,202618,1350.7839777065203,0.3123548553105642,time_limit,True,run_b9ece1fb,ok
GA,False,n0500_i02,500,medium,5,2227.2185667314984,2222.7562867010506,2252.3273530934707,0.20075435427383653,False,False,False,,,True,True,0.0056885998928919435,1.0,150.0006700999802,0.0006700999801978469,203377,1355.8406096748954,0.3192845575678025,time_limit,True,run_b9ece1fb,ok
HPSO,False,n0500_i02,500,medium,1,2223.8469051115767,2222.7562867010506,2252.3273530934707,0.0490660364814327,False,True,True,91.76204900001176,109555.0,True,True,0.006663299980573356,1.0,150.0019306000322,0.00193060003221035,180851,1205.6578157132144,0.16690805609514156,time_limit,True,run_b9ece1fb,ok
HPSO,False,n0500_i02,500,medium,2,2224.7336543945516,2222.7562867010506,2252.3273530934707,0.08896016649831584,False,True,True,129.78762050007936,156265.0,True,True,0.00666730001103133,1.0,150.00106250005774,0.0010625000577419996,180764,1205.084797315555,0.20139504332636027,time_limit,True,run_b9ece1fb,ok
HPSO,False,n0500_i02,500,medium,3,2222.8760919208885,2222.7562867010506,2252.3273530934707,0.005389939533842607,False,True,True,74.75966769992374,88646.0,True,True,0.006716999923810363,1.0,150.0013693999499,0.0013693999499082565,179954,1199.6823810333833,0.13853561474338008,time_limit,True,run_b9ece1fb,ok
HPSO,False,n0500_i02,500,medium,4,2222.7562867010506,2222.7562867010506,2252.3273530934707,0.0,True,True,True,52.09333089995198,61476.0,True,True,0.006922899978235364,1.0,150.0009234000463,0.0009234000463038683,180656,1204.3659192563625,0.10478892622116376,time_limit,True,run_b9ece1fb,ok
HPSO,False,n0500_i02,500,medium,5,2223.4326200312994,2222.7562867010506,2252.3273530934707,0.030427687205086026,False,True,True,58.4960349999601,68558.0,True,True,0.006962800049223006,1.0,150.00082129996736,0.0008212999673560262,179901,1199.3334332499362,0.12676727296153012,time_limit,True,run_b9ece1fb,ok
LPT,True,n0500_i02,500,medium,0,2252.3273530934707,2222.7562867010506,2252.3273530934707,1.3303782591616742,False,False,False,,,False,False,,,0.0007498000049963593,0.0,1,1333.6889748418387,,completed,False,run_b9ece1fb,ok
SIP,True,n0500_i02,500,medium,0,2262.030275199837,2222.7562867010506,2252.3273530934707,1.7669048439438073,False,False,False,,,False,False,,,0.0007885999511927366,0.0,1,1268.0700759460185,,completed,False,run_b9ece1fb,ok
TS,False,n0500_i02,500,medium,1,2224.2826594304097,2222.7562867010506,2252.3273530934707,0.06867026936293044,False,True,True,116.45306100009475,161359.0,True,True,0.000746200093999505,1.0,150.00064700003713,0.0006470000371336937,208279,1388.5206775138006,0.19902320623558628,time_limit,True,run_b9ece1fb,ok
TS,False,n0500_i02,500,medium,2,2226.2482298559976,2222.7562867010506,2252.3273530934707,0.1570996863596596,False,False,False,,,True,True,0.0007505000103265047,1.0,150.00053800002206,0.0005380000220611691,207628,1384.1817020680917,0.23366647550317102,time_limit,True,run_b9ece1fb,ok
TS,False,n0500_i02,500,medium,3,2226.3656699534617,2222.7562867010506,2252.3273530934707,0.16238322095887872,False,False,False,,,True,True,0.0007601999677717686,1.0,150.00027119996957,0.0002711999695748091,208246,1388.304156613033,0.22932298890459046,time_limit,True,run_b9ece1fb,ok
TS,False,n0500_i02,500,medium,4,2223.5396450587955,2222.7562867010506,2252.3273530934707,0.03524265626563634,False,True,True,92.88387260003947,127340.0,True,True,0.0007604999700561166,1.0,150.00087960006204,0.0008796000620350242,207094,1380.618570718797,0.1694892700425818,time_limit,True,run_b9ece1fb,ok
TS,False,n0500_i02,500,medium,5,2223.719655871031,2222.7562867010506,2252.3273530934707,0.04334119650203883,False,True,True,100.61443479999434,138582.0,True,True,0.0007952000014483929,1.0,150.00077289994806,0.0007728999480605125,207557,1383.7062035569809,0.17696585875861529,time_limit,True,run_b9ece1fb,ok
2PGA,False,n0500_i03,500,high,1,4437.09541782106,4399.0207786020765,4507.370355001992,0.865525332460088,False,False,False,,,True,True,92.98500380000041,90456.0,150.00081959999807,0.0008195999980671331,148260,988.3945994119216,1.157682661806944,time_limit,True,run_b9ece1fb,ok
2PGA,False,n0500_i03,500,high,2,4436.045788754298,4399.0207786020765,4507.370355001992,0.8416648162318374,False,False,False,,,True,True,75.68172399999457,72728.0,150.00132250000024,0.0013225000002421439,147707,984.7046515206541,1.1432302572824489,time_limit,True,run_b9ece1fb,ok
2PGA,False,n0500_i03,500,high,3,4437.691549965812,4399.0207786020765,4507.370355001992,0.8790768061801246,False,False,False,,,True,True,95.35575789998984,90532.0,150.00051089999033,0.0005108999903313816,147133,980.8833257781223,1.141964306649425,time_limit,True,run_b9ece1fb,ok
2PGA,False,n0500_i03,500,high,4,4438.236739520362,4399.0207786020765,4507.370355001992,0.8914702360362001,False,False,False,,,True,True,92.35217739999644,90798.0,150.0006677999918,0.0006677999917883426,149642,997.6088919786008,1.175376623637866,time_limit,True,run_b9ece1fb,ok
2PGA,False,n0500_i03,500,high,5,4437.052387835722,4399.0207786020765,4507.370355001992,0.8645471605553753,False,False,False,,,True,True,100.44044379999104,99175.0,150.0003483999899,0.00034839998988900334,149598,997.3176835635276,1.1701075412774866,time_limit,True,run_b9ece1fb,ok
ACO,False,n0500_i03,500,high,1,4479.986419449664,4399.0207786020765,4507.370355001992,1.8405378133566552,False,False,False,,,False,False,,,150.01426139999967,0.014261399999668356,8447,56.307979795846386,1.9093227755281483,time_limit,True,run_b9ece1fb,ok
ACO,False,n0500_i03,500,high,2,4478.057931841253,4399.0207786020765,4507.370355001992,1.7966987931412517,False,False,False,,,False,False,,,150.00582120000036,0.00582120000035502,8300,55.33118604066534,1.8848614774097783,time_limit,True,run_b9ece1fb,ok
ACO,False,n0500_i03,500,high,3,4480.286109133626,4399.0207786020765,4507.370355001992,1.8473504586939995,False,False,False,,,False,False,,,150.00549930000125,0.00549930000124732,8417,56.11127618172549,1.907598002795572,time_limit,True,run_b9ece1fb,ok
ACO,False,n0500_i03,500,high,4,4480.91961935831,4399.0207786020765,4507.370355001992,1.8617516233296727,False,False,False,,,False,False,,,150.00235170000087,0.00235170000087237,8369,55.79245861916678,1.9217869090841506,time_limit,True,run_b9ece1fb,ok
ACO,False,n0500_i03,500,high,5,4478.080553613705,4399.0207786020765,4507.370355001992,1.7972130387788752,False,False,False,,,False,False,,,150.0033156999998,0.003315699999802746,8446,56.30542205408071,1.9071761484504517,time_limit,True,run_b9ece1fb,ok
BRKGA-R-LS,False,n0500_i03,500,high,1,4469.835153023642,4399.0207786020765,4507.370355001992,1.609775856618465,False,False,False,,,False,False,,,150.0007653000066,0.0007653000066056848,277637,1850.9038900216049,1.7754422455746774,time_limit,True,run_b9ece1fb,ok
BRKGA-R-LS,False,n0500_i03,500,high,2,4469.835153023642,4399.0207786020765,4507.370355001992,1.609775856618465,False,False,False,,,False,False,,,150.00075189990457,0.0007518999045714736,277736,1851.5640520611064,1.7750119953891612,time_limit,True,run_b9ece1fb,ok
BRKGA-R-LS,False,n0500_i03,500,high,3,4469.828715832132,4399.0207786020765,4507.370355001992,1.6096295242450922,False,False,False,,,False,False,,,150.00058790005278,0.0005879000527784228,278836,1858.8993810197053,1.7742498720936848,time_limit,True,run_b9ece1fb,ok
BRKGA-R-LS,False,n0500_i03,500,high,4,4469.828715832132,4399.0207786020765,4507.370355001992,1.6096295242450922,False,False,False,,,False,False,,,150.00041880004574,0.00041880004573613405,278351,1855.6681523072864,1.7749667063495838,time_limit,True,run_b9ece1fb,ok
BRKGA-R-LS,False,n0500_i03,500,high,5,4469.828715832132,4399.0207786020765,4507.370355001992,1.6096295242450922,False,False,False,,,False,False,,,150.0005102000432,0.0005102000432088971,278650,1857.6603481440675,1.7746674127482067,time_limit,True,run_b9ece1fb,ok
GA,False,n0500_i03,500,high,1,4418.451330023322,4399.0207786020765,4507.370355001992,0.4417017422550169,False,False,False,,,True,True,14.768813599948771,23310.0,150.00043509993702,0.00043509993702173233,263777,1758.5082324878585,0.6837369015334764,time_limit,True,run_b9ece1fb,ok
GA,False,n0500_i03,500,high,2,4416.740272444601,4399.0207786020765,4507.370355001992,0.4028054136210623,False,False,False,,,True,True,12.91004550002981,20522.0,150.00035899993964,0.000358999939635396,263367,1755.7757978439638,0.6355295274805216,time_limit,True,run_b9ece1fb,ok
GA,False,n0500_i03,500,high,3,4415.182030792693,4399.0207786020765,4507.370355001992,0.36738294734202315,False,False,False,,,True,True,17.855232600006275,28820.0,150.00068520009518,0.0006852000951766968,264441,1762.9319469257478,0.6369487300443579,time_limit,True,run_b9ece1fb,ok
GA,False,n0500_i03,500,high,4,4415.532521420539,4399.0207786020765,4507.370355001992,0.37535041659224133,False,False,False,,,True,True,12.560549000045285,20381.0,150.00032840005588,0.00032840005587786436,261139,1740.9228552055804,0.5988494869970205,time_limit,True,run_b9ece1fb,ok
GA,False,n0500_i03,500,high,5,4416.681314317763,4399.0207786020765,4507.370355001992,0.4014651579185992,False,False,False,,,True,True,15.981619499973021,25375.0,150.00051040004473,0.0005104000447317958,263059,1753.7206993391774,0.6695355468912653,time_limit,True,run_b9ece1fb,ok
HPSO,False,n0500_i03,500,high,1,4402.182345537279,4399.0207786020765,4507.370355001992,0.0718697886261617,False,True,True,117.08599940000568,176777.0,True,True,2.8931367999175563,4230.0,150.0010234999936,0.0010234999936074018,226851,1512.329680870542,0.25507622775461364,time_limit,True,run_b9ece1fb,ok
HPSO,False,n0500_i03,500,high,2,4400.4344286570085,4399.0207786020765,4507.370355001992,0.032135562118924745,False,True,True,106.34818570001516,159261.0,True,True,3.0046393000520766,4310.0,150.00124880007934,0.0012488000793382525,225713,1504.7408058637484,0.24412977370316147,time_limit,True,run_b9ece1fb,ok
HPSO,False,n0500_i03,500,high,3,4399.0207786020765,4399.0207786020765,4507.370355001992,0.0,True,True,True,82.6227500999812,124046.0,True,True,3.433755400008522,5011.0,150.00159060000442,0.0015906000044196844,226851,1512.3239633166484,0.22662480540004998,time_limit,True,run_b9ece1fb,ok
HPSO,False,n0500_i03,500,high,4,4402.781244024833,4399.0207786020765,4507.370355001992,0.08548414776870349,False,True,True,120.77703790005762,181889.0,True,True,2.855418200022541,4125.0,150.00123890000395,0.0012389000039547682,226612,1510.7341890093817,0.2597583953473288,time_limit,True,run_b9ece1fb,ok
HPSO,False,n0500_i03,500,high,5,4403.825485104217,4399.0207786020765,4507.370355001992,0.1092221824800507,False,False,False,,,True,True,2.6797538000391796,3887.0,150.001420399989,0.001420399989001453,227933,1519.538944312668,0.2844831458122345,time_limit,True,run_b9ece1fb,ok
LPT,True,n0500_i03,500,high,0,4507.370355001992,4399.0207786020765,4507.370355001992,2.4630385227311145,False,False,False,,,False,False,,,0.0005787000991404057,0.0,1,1728.0107632353759,,completed,False,run_b9ece1fb,ok
SIP,True,n0500_i03,500,high,0,4541.9766705327675,4399.0207786020765,4507.370355001992,3.249720770269233,False,False,False,,,False,False,,,0.0006049000658094883,0.0,1,1653.1656326765012,,completed,False,run_b9ece1fb,ok
TS,False,n0500_i03,500,high,1,4407.626536733562,4399.0207786020765,4507.370355001992,0.19562894936404662,False,False,False,,,True,True,6.136159799993038,11344.0,150.0003761999542,0.00037619995418936014,271000,1806.6621355585823,0.36163001947706785,time_limit,True,run_b9ece1fb,ok
TS,False,n0500_i03,500,high,2,4408.472570318452,4399.0207786020765,4507.370355001992,0.21486126554235857,False,False,False,,,True,True,5.600504799978808,10384.0,150.00062940001953,0.0006294000195339322,271525,1810.159071238968,0.3667233703086771,time_limit,True,run_b9ece1fb,ok
TS,False,n0500_i03,500,high,3,4410.468574112984,4399.0207786020765,4507.370355001992,0.2602350861035412,False,False,False,,,True,True,6.091117599979043,11260.0,150.00048179994337,0.00048179994337260723,270653,1804.3475377697232,0.3782459272036994,time_limit,True,run_b9ece1fb,ok
TS,False,n0500_i03,500,high,4,4410.027386043153,4399.0207786020765,4507.370355001992,0.25020585250733396,False,False,False,,,True,True,5.893322300049476,10963.0,150.0002344000386,0.00023440003860741854,271454,1809.6905053898379,0.4013665789856459,time_limit,True,run_b9ece1fb,ok
TS,False,n0500_i03,500,high,5,4408.4722290213695,4399.0207786020765,4507.370355001992,0.21485350706382625,False,False,False,,,True,True,6.582473700051196,12166.0,150.0003617000766,0.00036170007660984993,271015,1806.7623099595605,0.3982205643760613,time_limit,True,run_b9ece1fb,ok
2PGA,False,n0500_i04,500,medium,1,2081.8400315012273,2076.438518442526,2094.9033073568617,0.26013354167369346,False,False,False,,,True,True,0.009778100007679313,1.0,150.00036490001366,0.00036490001366473734,108385,722.5649089070324,0.34883030317599983,time_limit,True,run_b9ece1fb,ok
2PGA,False,n0500_i04,500,medium,2,2082.7306396794265,2076.438518442526,2094.9033073568617,0.3030246829374036,False,False,False,,,True,True,0.009603800004697405,1.0,150.00157279999985,0.0015727999998489395,109861,732.3989872191535,0.3787123654580316,time_limit,True,run_b9ece1fb,ok
2PGA,False,n0500_i04,500,medium,3,2082.1193033764457,2076.438518442526,2094.9033073568617,0.2735831031578413,False,False,False,,,True,True,0.010286999997333623,1.0,150.0008605000039,0.0008605000039096922,107654,717.6892161895111,0.36205982628990496,time_limit,True,run_b9ece1fb,ok
2PGA,False,n0500_i04,500,medium,4,2081.3174492293188,2076.438518442526,2094.9033073568617,0.23496630135971214,False,False,False,,,True,True,0.0096956999914255,1.0,150.00076339999214,0.0007633999921381474,147668,984.448323147719,0.3750493235016569,time_limit,True,run_b9ece1fb,ok
2PGA,False,n0500_i04,500,medium,5,2081.377470591302,2076.438518442526,2094.9033073568617,0.23785689318076148,False,False,False,,,True,True,0.006106200002250262,1.0,150.00116369999887,0.0011636999988695607,157645,1050.9585133305281,0.3110169679130582,time_limit,True,run_b9ece1fb,ok
ACO,False,n0500_i04,500,medium,1,2089.5345850511612,2076.438518442526,2094.9033073568617,0.6306985009341017,False,False,False,,,True,True,0.018057599998428486,1.0,150.00454949999767,0.004549499997665407,8217,54.778338572991935,0.64656085920696,time_limit,True,run_b9ece1fb,ok
ACO,False,n0500_i04,500,medium,2,2089.4671373144474,2076.438518442526,2094.9033073568617,0.6274502594805386,False,False,False,,,True,True,0.017825999999331543,1.0,150.01503859999866,0.015038599998661084,8288,55.24779433680107,0.6407558417193043,time_limit,True,run_b9ece1fb,ok
ACO,False,n0500_i04,500,medium,3,2090.242550286205,2076.438518442526,2094.9033073568617,0.664793670560168,False,False,False,,,True,True,0.018843699999706587,1.0,150.0154317000015,0.015431700001499848,8283,55.21431966122134,0.6704742423378718,time_limit,True,run_b9ece1fb,ok
ACO,False,n0500_i04,500,medium,4,2090.325766728327,2076.438518442526,2094.9033073568617,0.6688013231529429,False,False,False,,,True,True,0.018045699998765485,1.0,150.0009156999986,0.0009156999985862058,8342,55.61299383454416,0.6755634010897972,time_limit,True,run_b9ece1fb,ok
ACO,False,n0500_i04,500,medium,5,2090.4567438714666,2076.438518442526,2094.9033073568617,0.6751091016870244,False,False,False,,,True,True,0.017874599998322083,1.0,150.00789889999942,0.007898899999418063,8250,54.99710388917415,0.6788665993899606,time_limit,True,run_b9ece1fb,ok
BRKGA-R-LS,False,n0500_i04,500,medium,1,2087.3561460108644,2076.438518442526,2094.9033073568617,0.5257862186320589,False,False,False,,,True,True,0.0021246999967843294,1.0,150.00097090005875,0.0009709000587463379,202640,1350.9245892482463,0.5579694424189732,time_limit,True,run_b9ece1fb,ok
BRKGA-R-LS,False,n0500_i04,500,medium,2,2087.3561460108644,2076.438518442526,2094.9033073568617,0.5257862186320589,False,False,False,,,True,True,0.0020601999713107944,1.0,150.00087819993496,0.0008781999349594116,202538,1350.2454280970192,0.5579075003189321,time_limit,True,run_b9ece1fb,ok
BRKGA-R-LS,False,n0500_i04,500,medium,3,2087.3561460108644,2076.438518442526,2094.9033073568617,0.5257862186320589,False,False,False,,,True,True,0.0020401000510901213,1.0,150.0003242000239,0.0003242000238969922,202621,1350.803747129286,0.5579461310612602,time_limit,True,run_b9ece1fb,ok
BRKGA-R-LS,False,n0500_i04,500,medium,4,2087.3561460108644,2076.438518442526,2094.9033073568617,0.5257862186320589,False,False,False,,,True,True,0.002092299982905388,1.0,150.00084849994164,0.0008484999416396022,202970,1353.1256791529347,0.5579109108796431,time_limit,True,run_b9ece1fb,ok
BRKGA-R-LS,False,n0500_i04,500,medium,5,2087.3561460108644,2076.438518442526,2094.9033073568617,0.5257862186320589,False,False,False,,,True,True,0.002097100019454956,1.0,150.00057449995074,0.0005744999507442117,202411,1349.4014984593707,0.5579674680536459,time_limit,True,run_b9ece1fb,ok
GA,False,n0500_i04,500,medium,1,2078.269295967833,2076.438518442526,2094.9033073568617,0.08816911789327603,False,True,True,141.3504541000584,183522.0,True,True,0.005731099983677268,1.0,150.0009074000409,0.0009074000408872962,194850,1298.992141963182,0.196199750126662,time_limit,True,run_b9ece1fb,ok
GA,False,n0500_i04,500,medium,2,2079.3390069948905,2076.438518442526,2094.9033073568617,0.13968574203391868,False,False,False,,,True,True,0.005870399996638298,1.0,150.0003810999915,0.00038109999150037766,195226,1301.5033599805372,0.21559684245487745,time_limit,True,run_b9ece1fb,ok
GA,False,n0500_i04,500,medium,3,2079.659938281813,2076.438518442526,2094.9033073568617,0.15514159512430095,False,False,False,,,True,True,0.005692399921827018,1.0,150.00014989997726,0.0001498999772593379,194369,1295.7920384053527,0.23617696205345798,time_limit,True,run_b9ece1fb,ok
GA,False,n0500_i04,500,medium,4,2079.58906376603,2076.438518442526,2094.9033073568617,0.15172832210159426,False,False,False,,,True,True,0.005785299930721521,1.0,150.0004048999399,0.0004048999398946762,194835,1298.896493845918,0.2505885941994229,time_limit,True,run_b9ece1fb,ok
GA,False,n0500_i04,500,medium,5,2080.03183872367,2076.438518442526,2094.9033073568617,0.173052091320243,False,False,False,,,True,True,0.005661400035023689,1.0,150.00026820006315,0.0002682000631466508,195721,1304.8043336759688,0.25225600629449596,time_limit,True,run_b9ece1fb,ok
HPSO,False,n0500_i04,500,medium,1,2078.5934367669906,2076.438518442526,2094.9033073568617,0.10377953911590061,False,False,False,,,True,True,0.006753800087608397,1.0,150.00109410006553,0.0010941000655293465,175381,1169.1981385349334,0.16854216276021053,time_limit,True,run_b9ece1fb,ok
HPSO,False,n0500_i04,500,medium,2,2077.5321644138444,2076.438518442526,2094.9033073568617,0.0526693163127579,False,True,True,66.13751709996723,76376.0,True,True,0.006642599939368665,1.0,150.001483,0.0014830000000074506,175625,1170.8217578088877,0.12452425295273863,time_limit,True,run_b9ece1fb,ok
HPSO,False,n0500_i04,500,medium,3,2077.4653490435808,2076.438518442526,2094.9033073568617,0.049451529237909755,False,True,True,66.00872140005231,75974.0,True,True,0.00672070006839931,1.0,150.00075530004688,0.0007553000468760729,175330,1168.8607810626486,0.11616112636176602,time_limit,True,run_b9ece1fb,ok
HPSO,False,n0500_i04,500,medium,4,2076.438518442526,2076.438518442526,2094.9033073568617,0.0,True,True,True,36.13067650003359,40665.0,True,True,0.006704300059936941,1.0,150.0010215000948,0.001021500094793737,174937,1166.2387245802151,0.06690312122407363,time_limit,True,run_b9ece1fb,ok
HPSO,False,n0500_i04,500,medium,5,2077.335455336019,2076.438518442526,2094.9033073568617,0.04319592829389013,False,True,True,60.73693800007459,69341.0,True,True,0.006648499984294176,1.0,150.00115999998525,0.0011599999852478504,174692,1164.6043270599853,0.11553412580218113,time_limit,True,run_b9ece1fb,ok
LPT,True,n0500_i04,500,medium,0,2094.9033073568617,2076.438518442526,2094.9033073568617,0.8892528601417775,False,False,False,,,True,True,0.0007662000134587288,1.0,0.0007706999313086271,0.0,1,1297.521849135276,,completed,False,run_b9ece1fb,ok
SIP,True,n0500_i04,500,medium,0,2100.627034277712,2076.438518442526,2094.9033073568617,1.164904022938717,False,False,False,,,False,False,,,0.0008178000571206212,0.0,1,1222.7927734816792,,completed,False,run_b9ece1fb,ok
TS,False,n0500_i04,500,medium,1,2077.2044747578457,2076.438518442526,2094.9033073568617,0.03688798433070138,False,True,True,56.8479274000274,74489.0,True,True,0.0008502000709995627,1.0,150.00072939996608,0.0007293999660760164,199241,1328.266874414579,0.11456554582684236,time_limit,True,run_b9ece1fb,ok
TS,False,n0500_i04,500,medium,2,2076.608813410355,2076.438518442526,2094.9033073568617,0.008201300752067677,False,True,True,56.73098249989562,74085.0,True,True,0.0007912999717518687,1.0,150.0009261999512,0.0009261999512091279,199690,1331.258446589945,0.09467321726246528,time_limit,True,run_b9ece1fb,ok
TS,False,n0500_i04,500,medium,3,2077.0024721977684,2076.438518442526,2094.9033073568617,0.02715966546726565,False,True,True,36.437865500105545,46677.0,True,True,0.000825700000859797,1.0,150.00079930003267,0.0007993000326678157,199468,1329.7795807142513,0.09021366619797719,time_limit,True,run_b9ece1fb,ok
TS,False,n0500_i04,500,medium,4,2077.6901889362794,2076.438518442526,2094.9033073568617,0.060279679973007295,False,True,True,63.13650039990898,82802.0,True,True,0.0007799000013619661,1.0,150.00050359999295,0.0005035999929532409,199572,1330.4755331502058,0.11928124292272242,time_limit,True,run_b9ece1fb,ok
TS,False,n0500_i04,500,medium,5,2077.4868812582345,2076.438518442526,2094.9033073568617,0.05048850743218058,False,True,True,74.29763749998529,98122.0,True,True,0.0007854999275878072,1.0,150.00032280001324,0.0003228000132367015,199767,1331.77713401549,0.13801338220393394,time_limit,True,run_b9ece1fb,ok
2PGA,False,n0500_i05,500,low,1,1447.925583099418,1443.9016454777227,1457.34182741126,0.2786850222311317,False,False,False,,,True,True,0.009931499997037463,1.0,150.00073610000254,0.0007361000025412068,112237,748.2429947888643,0.3733214923100074,time_limit,True,run_b9ece1fb,ok
2PGA,False,n0500_i05,500,low,2,1447.795367778359,1443.9016454777227,1457.34182741126,0.2696667264582255,False,False,False,,,True,True,0.009936700007528998,1.0,150.00059589999728,0.000595899997279048,112253,748.3503603868152,0.3693510510300321,time_limit,True,run_b9ece1fb,ok
2PGA,False,n0500_i05,500,low,3,1448.3839880489272,1443.9016454777227,1457.34182741126,0.31043267976341415,False,False,False,,,True,True,0.00999710000178311,1.0,150.0007035000017,0.0007035000016912818,112338,748.9164875816648,0.38872140657220183,time_limit,True,run_b9ece1fb,ok
2PGA,False,n0500_i05,500,low,4,1447.6089009406337,1443.9016454777227,1457.34182741126,0.25675263093729916,False,False,False,,,True,True,0.009700700000394136,1.0,150.00146470000618,0.0014647000061813742,112169,747.7860314519673,0.3531982760169849,time_limit,True,run_b9ece1fb,ok
2PGA,False,n0500_i05,500,low,5,1447.846010470057,1443.9016454777227,1457.34182741126,0.2731740769662584,False,False,False,,,True,True,0.0121285000059288,1.0,150.00047820000327,0.00047820000327192247,111855,745.6976227159626,0.3673265942721529,time_limit,True,run_b9ece1fb,ok
ACO,False,n0500_i05,500,low,1,1453.0131092245745,1443.9016454777227,1457.34182741126,0.6310307752185704,False,False,False,,,True,True,0.017635199998039752,1.0,150.01967729999888,0.01967729999887524,8400,55.99265477156218,0.6375870231739696,time_limit,True,run_b9ece1fb,ok
ACO,False,n0500_i05,500,low,2,1452.8741103025216,1443.9016454777227,1457.34182741126,0.6214041553938582,False,False,False,,,True,True,0.01793770000222139,1.0,150.0079982999996,0.007998299999599112,8318,55.450376608351974,0.6283160074049722,time_limit,True,run_b9ece1fb,ok
ACO,False,n0500_i05,500,low,3,1453.2037651552728,1443.9016454777227,1457.34182741126,0.644234993892013,False,False,False,,,True,True,0.018420999997033505,1.0,150.0129186999984,0.012918699998408556,8426,56.16849584035251,0.6475236285167421,time_limit,True,run_b9ece1fb,ok
ACO,False,n0500_i05,500,low,4,1453.0977296749973,1443.9016454777227,1457.34182741126,0.6368913163910125,False,False,False,,,True,True,0.019899799997801892,1.0,150.00610400000005,0.006104000000050291,8345,55.63106951967766,0.6422634739654539,time_limit,True,run_b9ece1fb,ok
ACO,False,n0500_i05,500,low,5,1453.124415777928,1443.9016454777227,1457.34182741126,0.6387395103462195,False,False,False,,,True,True,0.01913090000016382,1.0,150.01596920000156,0.015969200001563877,8211,54.73417292697073,0.6460049642706932,time_limit,True,run_b9ece1fb,ok
BRKGA-R-LS,False,n0500_i05,500,low,1,1450.9294440592812,1443.9016454777227,1457.34182741126,0.48672280439387644,False,False,False,,,True,True,0.002003000001423061,1.0,150.0004924000241,0.000492400024086237,206294,1375.2888187183503,0.5341029666740437,time_limit,True,run_b9ece1fb,ok
BRKGA-R-LS,False,n0500_i05,500,low,2,1450.9294440592812,1443.9016454777227,1457.34182741126,0.48672280439387644,False,False,False,,,True,True,0.0020109000615775585,1.0,150.00047099997755,0.00047099997755140066,206100,1373.9956856537526,0.5342729564997062,time_limit,True,run_b9ece1fb,ok
BRKGA-R-LS,False,n0500_i05,500,low,3,1450.9310390656008,1443.9016454777227,1457.34182741126,0.48683326941928673,False,False,False,,,True,True,0.0020804000087082386,1.0,150.00074920000043,0.0007492000004276633,205681,1371.1998179806385,0.5344022246455603,time_limit,True,run_b9ece1fb,ok
BRKGA-R-LS,False,n0500_i05,500,low,4,1450.9310390656008,1443.9016454777227,1457.34182741126,0.48683326941928673,False,False,False,,,True,True,0.002034400007687509,1.0,150.00063559995033,0.0006355999503284693,205640,1370.9275242568913,0.5342695464292001,time_limit,True,run_b9ece1fb,ok
BRKGA-R-LS,False,n0500_i05,500,low,5,1450.9310390656008,1443.9016454777227,1457.34182741126,0.48683326941928673,False,False,False,,,True,True,0.0020762000931426883,1.0,150.0005915000802,0.000591500080190599,205846,1372.3012552246498,0.5342479311016309,time_limit,True,run_b9ece1fb,ok
GA,False,n0500_i05,500,low,1,1445.6597260317017,1443.9016454777227,1457.34182741126,0.12175902420260075,False,False,False,,,True,True,0.005688200006261468,1.0,150.00065880001057,0.0006588000105693936,197559,1317.0542154977927,0.2113021458153596,time_limit,True,run_b9ece1fb,ok
GA,False,n0500_i05,500,low,2,1446.1275008129273,1443.9016454777227,1457.34182741126,0.1541556062475575,False,False,False,,,True,True,0.00562109996099025,1.0,150.00069430004805,0.0006943000480532646,197169,1314.4539158305538,0.23979940494244337,time_limit,True,run_b9ece1fb,ok
GA,False,n0500_i05,500,low,3,1445.612610950078,1443.9016454777227,1457.34182741126,0.11849598466170463,False,False,False,,,True,True,0.0057978000259026885,1.0,150.0005928000901,0.0005928000900894403,196796,1311.9681484344228,0.21146389123113937,time_limit,True,run_b9ece1fb,ok
GA,False,n0500_i05,500,low,4,1446.4344953754373,1443.9016454777227,1457.34182741126,0.17541706567393195,False,False,False,,,True,True,0.005716900108382106,1.0,150.00072310003452,0.00072310003452003,198142,1320.9402988534953,0.24526083504643945,time_limit,True,run_b9ece1fb,ok
GA,False,n0500_i05,500,low,5,1446.1910876139996,1443.9016454777227,1457.34182741126,0.1585594242826284,False,False,False,,,True,True,0.005647500045597553,1.0,150.00077030004468,0.0007703000446781516,197816,1318.7665610270608,0.24217566828231546,time_limit,True,run_b9ece1fb,ok
HPSO,False,n0500_i05,500,low,1,1444.618222141268,1443.9016454777227,1457.34182741126,0.0496278029594064,False,True,True,63.99285519996192,74375.0,True,True,0.006609999923966825,1.0,150.0009072999237,0.000907299923710525,176348,1175.646222241815,0.11978686332943189,time_limit,True,run_b9ece1fb,ok
HPSO,False,n0500_i05,500,low,2,1444.609122469294,1443.9016454777227,1457.34182741126,0.048997588844587735,False,True,True,73.36098820006009,84936.0,True,True,0.006935999961569905,1.0,150.00151099998038,0.0015109999803826213,176138,1174.2415048073951,0.12648125722262465,time_limit,True,run_b9ece1fb,ok
HPSO,False,n0500_i05,500,low,3,1444.72524343368,1443.9016454777227,1457.34182741126,0.05703975464926627,False,True,True,72.28108119999524,84070.0,True,True,0.006677300087176263,1.0,150.00107330002356,0.0010733000235632062,176352,1175.671587677715,0.12455632816008484,time_limit,True,run_b9ece1fb,ok
HPSO,False,n0500_i05,500,low,4,1444.12594370976,1443.9016454777227,1457.34182741126,0.015534176634516478,False,True,True,38.56939900002908,43462.0,True,True,0.006915500038303435,1.0,150.00100569997448,0.0010056999744847417,175990,1173.2588003576961,0.08369201637103607,time_limit,True,run_b9ece1fb,ok
HPSO,False,n0500_i05,500,low,5,1443.9016454777227,1443.9016454777227,1457.34182741126,0.0,True,True,True,40.91808360000141,46457.0,True,True,0.006695199990645051,1.0,150.00103079993278,0.0010307999327778816,175425,1169.4919632517526,0.07774001744945579,time_limit,True,run_b9ece1fb,ok
LPT,True,n0500_i05,500,low,0,1457.34182741126,1443.9016454777227,1457.34182741126,0.9308239225041262,False,False,False,,,True,True,0.0007621999830007553,1.0,0.0007663000142201781,0.0,1,1304.9719188869462,,completed,False,run_b9ece1fb,ok
SIP,True,n0500_i05,500,low,0,1464.0665401197919,1443.9016454777227,1457.34182741126,1.3965559707771849,False,False,False,,,False,False,,,0.0008000999223440886,0.0,1,1249.8438908358537,,completed,False,run_b9ece1fb,ok
TS,False,n0500_i05,500,low,1,1444.8580955794391,1443.9016454777227,1457.34182741126,0.0662406684494068,False,True,True,84.21762999997009,112168.0,True,True,0.0007596999639645219,1.0,150.00045259995386,0.0004525999538600445,201602,1344.0092780097518,0.14309777545818125,time_limit,True,run_b9ece1fb,ok
TS,False,n0500_i05,500,low,2,1444.497746915291,1443.9016454777227,1457.34182741126,0.041284074953110754,False,True,True,105.96790240006521,142340.0,True,True,0.0007753000827506185,1.0,150.00041259999853,0.00041259999852627516,202259,1348.389624362953,0.16261542031860568,time_limit,True,run_b9ece1fb,ok
TS,False,n0500_i05,500,low,3,1443.9190817711005,1443.9016454777227,1457.34182741126,0.001207581792877052,False,True,True,51.697895999997854,67942.0,True,True,0.0007863999344408512,1.0,150.00055200001225,0.0005520000122487545,201470,1343.1283906207461,0.09042860111436601,time_limit,True,run_b9ece1fb,ok
TS,False,n0500_i05,500,low,4,1444.272555761016,1443.9016454777227,1457.34182741126,0.025688057386391565,False,True,True,61.62002999999095,82053.0,True,True,0.0007754000835120678,1.0,150.00093620002735,0.0009362000273540616,202177,1347.838254358596,0.11163373123005475,time_limit,True,run_b9ece1fb,ok
TS,False,n0500_i05,500,low,5,1444.9754890681552,1443.9016454777227,1457.34182741126,0.07437096521052872,False,True,True,51.382323700003326,67416.0,True,True,0.0007884000660851598,1.0,150.0008356999606,0.0008356999605894089,200951,1339.6658696085703,0.11867863519048782,time_limit,True,run_b9ece1fb,ok
2PGA,False,n0500_i06,500,high,1,3381.531409551002,3368.2399763878466,3411.4939700598766,0.39461063511898076,False,False,False,,,True,True,0.010167300002649426,1.0,150.0007195000071,0.0007195000071078539,122033,813.5494310078574,0.5124848119470099,time_limit,True,run_b9ece1fb,ok
2PGA,False,n0500_i06,500,high,2,3383.046841406229,3368.2399763878466,3411.4939700598766,0.4396024369457601,False,False,False,,,True,True,0.009671299994806759,1.0,150.00618729999405,0.006187299994053319,123300,821.9660949945688,0.5545015654604138,time_limit,True,run_b9ece1fb,ok
2PGA,False,n0500_i06,500,high,3,3382.5663105206577,3368.2399763878466,3411.4939700598766,0.4253359093545016,False,False,False,,,True,True,0.009847799999988638,1.0,150.0011952999921,0.0011952999921049923,122599,817.3201537148448,0.561203566656936,time_limit,True,run_b9ece1fb,ok
2PGA,False,n0500_i06,500,high,4,3382.205190420118,3368.2399763878466,3411.4939700598766,0.41461458002312374,False,False,False,,,True,True,0.009841999999480322,1.0,150.0013609000016,0.0013609000016003847,121947,812.9726241703631,0.5565623773573072,time_limit,True,run_b9ece1fb,ok
2PGA,False,n0500_i06,500,high,5,3380.550747183535,3368.2399763878466,3411.4939700598766,0.3654956559505768,False,False,False,,,True,True,0.009859600002528168,1.0,150.00033290000283,0.00033290000283159316,123749,824.9915024021767,0.5140778724030904,time_limit,True,run_b9ece1fb,ok
ACO,False,n0500_i06,500,high,1,3399.8536898733214,3368.2399763878466,3411.4939700598766,0.9385825744927433,False,False,False,,,True,True,2.605113000001438,164.0,150.00486180000007,0.004861800000071526,8301,55.33820637805485,0.9418765030572831,time_limit,True,run_b9ece1fb,ok
ACO,False,n0500_i06,500,high,2,3399.300299583499,3368.2399763878466,3411.4939700598766,0.9221529170543855,False,False,False,,,True,True,16.900222800002666,956.0,150.00942270000087,0.009422700000868645,8393,55.94981867762332,0.9382987730917779,time_limit,True,run_b9ece1fb,ok
ACO,False,n0500_i06,500,high,3,3400.2531436634135,3368.2399763878466,3411.4939700598766,0.9504419964131647,False,False,False,,,True,True,3.4897497999991174,211.0,150.00423450000017,0.004234500000166008,8311,55.405102580620756,0.9607014700367577,time_limit,True,run_b9ece1fb,ok
ACO,False,n0500_i06,500,high,4,3399.837784288021,3368.2399763878466,3411.4939700598766,0.9381103520438674,False,False,False,,,True,True,0.5254846000025282,35.0,150.00098190000062,0.0009819000006245915,8308,55.38630410791975,0.9496698396865288,time_limit,True,run_b9ece1fb,ok
ACO,False,n0500_i06,500,high,5,3400.572758268506,3368.2399763878466,3411.4939700598766,0.9599310651058012,False,False,False,,,True,True,12.334463600000163,710.0,150.01175930000318,0.011759300003177486,8326,55.50231554413764,0.9681016052694735,time_limit,True,run_b9ece1fb,ok
BRKGA-R-LS,False,n0500_i06,500,high,1,3394.2267876681235,3368.2399763878466,3411.4939700598766,0.7715249347567447,False,False,False,,,True,True,0.002051300019957125,1.0,150.00071220006794,0.0007122000679373741,224800,1498.6595510304396,0.8436054761948761,time_limit,True,run_b9ece1fb,ok
BRKGA-R-LS,False,n0500_i06,500,high,2,3394.2608593785444,3368.2399763878466,3411.4939700598766,0.7725364930382137,False,False,False,,,True,True,0.001994800055399537,1.0,150.00034110003617,0.00034110003616660833,223417,1489.4432796722895,0.8440064777789476,time_limit,True,run_b9ece1fb,ok
BRKGA-R-LS,False,n0500_i06,500,high,3,3394.2267876681235,3368.2399763878466,3411.4939700598766,0.7715249347567447,False,False,False,,,True,True,0.0020927999867126346,1.0,150.0004904998932,0.0004904998932033777,225019,1500.1217612695755,0.8435652333703947,time_limit,True,run_b9ece1fb,ok
BRKGA-R-LS,False,n0500_i06,500,high,4,3394.2267876681235,3368.2399763878466,3411.4939700598766,0.7715249347567447,False,False,False,,,True,True,0.0020007999846711755,1.0,150.00036649999674,0.0003664999967440963,224507,1496.7096763727232,0.8436706549070092,time_limit,True,run_b9ece1fb,ok
BRKGA-R-LS,False,n0500_i06,500,high,5,3394.2608593785444,3368.2399763878466,3411.4939700598766,0.7725364930382137,False,False,False,,,True,True,0.001944800023920834,1.0,150.00038720003795,0.0003872000379487872,223295,1488.6294906840315,0.8440275686146346,time_limit,True,run_b9ece1fb,ok
GA,False,n0500_i06,500,high,1,3375.982203892176,3368.2399763878466,3411.4939700598766,0.22985973560685646,False,False,False,,,True,True,0.005595700000412762,1.0,150.00201229995582,0.0020122999558225274,216700,1444.647286242198,0.34091891173964955,time_limit,True,run_b9ece1fb,ok
GA,False,n0500_i06,500,high,2,3373.8457314499587,3368.2399763878466,3411.4939700598766,0.1664298001748636,False,False,False,,,True,True,0.0056010999251157045,1.0,150.00035069999285,0.00035069999285042286,214565,1430.4299889880872,0.2767762354695889,time_limit,True,run_b9ece1fb,ok
GA,False,n0500_i06,500,high,3,3375.5948038607467,3368.2399763878466,3411.4939700598766,0.21835817888449569,False,False,False,,,True,True,0.0055868999334052205,1.0,150.0004292000085,0.0004292000085115433,216092,1440.609211270095,0.3420070929937384,time_limit,True,run_b9ece1fb,ok
GA,False,n0500_i06,500,high,4,3375.118045587636,3368.2399763878466,3411.4939700598766,0.20420365674673896,False,False,False,,,True,True,0.00563439994584769,1.0,150.00036899989937,0.0003689998993650079,215511,1436.7364656292584,0.320149618047437,time_limit,True,run_b9ece1fb,ok
GA,False,n0500_i06,500,high,5,3374.772084866912,3368.2399763878466,3411.4939700598766,0.19393239569795842,False,False,False,,,True,True,0.005820499965921044,1.0,150.0004489000421,0.00044890004210174084,215161,1434.4023739780928,0.31059569293666667,time_limit,True,run_b9ece1fb,ok
HPSO,False,n0500_i06,500,high,1,3370.847951367999,3368.2399763878466,3411.4939700598766,0.07742841954358852,False,True,True,116.67950600001495,147988.0,True,True,0.006579000037163496,1.0,150.00092060002498,0.0009206000249832869,191091,1273.9321814533462,0.19088943236930442,time_limit,True,run_b9ece1fb,ok
HPSO,False,n0500_i06,500,high,2,3371.907528403575,3368.2399763878466,3411.4939700598766,0.10888630386904243,False,False,False,,,True,True,0.006760400021448731,1.0,150.00104769994505,0.0010476999450474977,190305,1268.6911386157585,0.215851319836801,time_limit,True,run_b9ece1fb,ok
HPSO,False,n0500_i06,500,high,3,3369.657408609486,3368.2399763878466,3411.4939700598766,0.042082281297533254,False,True,True,70.2510048999684,87881.0,True,True,0.0066641999874264,1.0,150.00146349996794,0.0014634999679401517,190720,1271.454261511527,0.14005096546198506,time_limit,True,run_b9ece1fb,ok
HPSO,False,n0500_i06,500,high,4,3370.7567052791974,3368.2399763878466,3411.4939700598766,0.07471940565380303,False,True,True,108.67872049997095,137601.0,True,True,0.007926699938252568,1.0,150.00112859997898,0.0011285999789834023,190312,1268.7371206887483,0.1792540785781366,time_limit,True,run_b9ece1fb,ok
HPSO,False,n0500_i06,500,high,5,3368.2399763878466,3368.2399763878466,3411.4939700598766,0.0,True,True,True,49.99215860001277,61347.0,True,True,0.006828200072050095,1.0,150.00127780006733,0.0012778000673279166,189621,1264.1292313038875,0.10587088408768591,time_limit,True,run_b9ece1fb,ok
LPT,True,n0500_i06,500,high,0,3411.4939700598766,3368.2399763878466,3411.4939700598766,1.2841719703836618,False,False,False,,,False,False,,,0.0007000000914558768,0.0,1,1428.5712419268064,,completed,False,run_b9ece1fb,ok
SIP,True,n0500_i06,500,high,0,3439.5799124227447,3368.2399763878466,3411.4939700598766,2.1180182093617965,False,False,False,,,False,False,,,0.0007422000635415316,0.0,1,1347.3456135645326,,completed,False,run_b9ece1fb,ok
TS,False,n0500_i06,500,high,1,3373.1585030335855,3368.2399763878466,3411.4939700598766,0.14602660974927323,False,False,False,,,True,True,0.0007559999357908964,1.0,150.00068519997876,0.000685199978761375,219862,1465.739971166686,0.20805207725001604,time_limit,True,run_b9ece1fb,ok
TS,False,n0500_i06,500,high,2,3368.5339824909906,3368.2399763878466,3411.4939700598766,0.008728775419955474,False,True,True,61.630405899952166,88959.0,True,True,0.0007127999560907483,1.0,150.00034220004454,0.00034220004454255104,219893,1465.9499890123232,0.12625400580800358,time_limit,True,run_b9ece1fb,ok
TS,False,n0500_i06,500,high,3,3372.79436733524,3368.2399763878466,3411.4939700598766,0.1352157500451552,False,False,False,,,True,True,0.0007153999758884311,1.0,150.00033459998667,0.00033459998667240143,220886,1472.5700485205425,0.21456769857543492,time_limit,True,run_b9ece1fb,ok
TS,False,n0500_i06,500,high,4,3371.283319567879,3368.2399763878466,3411.4939700598766,0.09035410782387925,False,True,True,121.80925279995427,179406.0,True,True,0.0007779999868944287,1.0,150.00053289998323,0.000532899983227253,221185,1474.5614280415982,0.22051671147882868,time_limit,True,run_b9ece1fb,ok
TS,False,n0500_i06,500,high,5,3370.5184634554153,3368.2399763878466,3411.4939700598766,0.06764622127702913,False,True,True,74.72619089996442,108859.0,True,True,0.0007051000138744712,1.0,150.00094499997795,0.0009449999779462814,220392,1469.2707435945313,0.1553374216162286,time_limit,True,run_b9ece1fb,ok
