algorithm,instance_id,size,power_pressure_class,repetition,checkpoint_s,best_result_time_s,solution_count,makespan,rpd,has_solution,hit_bks,within_0_1pct,within_1pct,beats_or_ties_naive,strictly_beats_naive
2PGA,n0020_i01,20,medium,1,1.0,0.954891499990481,30632,75.64240863037487,0.9350590179691012,True,False,False,True,True,True
2PGA,n0020_i01,20,medium,1,5.0,2.189855799995712,69447,75.37144783698194,0.5734967122747692,True,False,False,True,True,True
2PGA,n0020_i01,20,medium,1,15.0,2.189855799995712,69447,75.37144783698194,0.5734967122747692,True,False,False,True,True,True
2PGA,n0020_i01,20,medium,1,30.0,2.189855799995712,69447,75.37144783698194,0.5734967122747692,True,False,False,True,True,True
2PGA,n0020_i01,20,medium,1,60.0,2.189855799995712,69447,75.37144783698194,0.5734967122747692,True,False,False,True,True,True
2PGA,n0020_i01,20,medium,1,120.0,2.189855799995712,69447,75.37144783698194,0.5734967122747692,True,False,False,True,True,True
2PGA,n0020_i01,20,medium,1,150.0,2.189855799995712,69447,75.37144783698194,0.5734967122747692,True,False,False,True,True,True
2PGA,n0020_i01,20,medium,2,1.0,0.8564120999944862,15218,75.61719318090105,0.901412245915064,True,False,False,True,True,True
2PGA,n0020_i01,20,medium,2,5.0,3.614807199992356,66245,75.60251896276243,0.8818313904044728,True,False,False,True,True,True
2PGA,n0020_i01,20,medium,2,15.0,3.614807199992356,66245,75.60251896276243,0.8818313904044728,True,False,False,True,True,True
2PGA,n0020_i01,20,medium,2,30.0,18.19991339999251,495575,75.59079614556013,0.8661887995933754,True,False,False,True,True,True
2PGA,n0020_i01,20,medium,2,60.0,33.64503539999714,781076,75.57810343339267,0.8492520087783004,True,False,False,True,True,True
2PGA,n0020_i01,20,medium,2,120.0,33.64503539999714,781076,75.57810343339267,0.8492520087783004,True,False,False,True,True,True
2PGA,n0020_i01,20,medium,2,150.0,33.64503539999714,781076,75.57810343339267,0.8492520087783004,True,False,False,True,True,True
2PGA,n0020_i01,20,medium,3,1.0,0.850226599999587,15108,75.58451251517853,0.857804103562431,True,False,False,True,True,True
2PGA,n0020_i01,20,medium,3,5.0,0.850226599999587,15108,75.58451251517853,0.857804103562431,True,False,False,True,True,True
2PGA,n0020_i01,20,medium,3,15.0,0.850226599999587,15108,75.58451251517853,0.857804103562431,True,False,False,True,True,True
2PGA,n0020_i01,20,medium,3,30.0,0.850226599999587,15108,75.58451251517853,0.857804103562431,True,False,False,True,True,True
2PGA,n0020_i01,20,medium,3,60.0,0.850226599999587,15108,75.58451251517853,0.857804103562431,True,False,False,True,True,True
2PGA,n0020_i01,20,medium,3,120.0,0.850226599999587,15108,75.58451251517853,0.857804103562431,True,False,False,True,True,True
2PGA,n0020_i01,20,medium,3,150.0,0.850226599999587,15108,75.58451251517853,0.857804103562431,True,False,False,True,True,True
2PGA,n0020_i01,20,medium,4,1.0,0.8375981999997748,16065,75.48908479252,0.7304680893755288,True,False,False,True,True,True
2PGA,n0020_i01,20,medium,4,5.0,2.8871145000011893,55504,75.48005054568858,0.7184130497010516,True,False,False,True,True,True
2PGA,n0020_i01,20,medium,4,15.0,2.8871145000011893,55504,75.48005054568858,0.7184130497010516,True,False,False,True,True,True
2PGA,n0020_i01,20,medium,4,30.0,2.8871145000011893,55504,75.48005054568858,0.7184130497010516,True,False,False,True,True,True
2PGA,n0020_i01,20,medium,4,60.0,2.8871145000011893,55504,75.48005054568858,0.7184130497010516,True,False,False,True,True,True
2PGA,n0020_i01,20,medium,4,120.0,73.05999190000875,1680968,75.45419964267383,0.6839183466805232,True,False,False,True,True,True
2PGA,n0020_i01,20,medium,4,150.0,73.05999190000875,1680968,75.45419964267383,0.6839183466805232,True,False,False,True,True,True
2PGA,n0020_i01,20,medium,5,1.0,0.8752024999994319,27163,76.37989444459575,1.9191389214401777,True,False,False,False,True,True
2PGA,n0020_i01,20,medium,5,5.0,4.723589900007937,148485,75.7253768834509,1.0457694735518746,True,False,False,False,True,True
2PGA,n0020_i01,20,medium,5,15.0,13.94891770000686,423630,75.51718448628733,0.7679635142323924,True,False,False,True,True,True
2PGA,n0020_i01,20,medium,5,30.0,13.94891770000686,423630,75.51718448628733,0.7679635142323924,True,False,False,True,True,True
2PGA,n0020_i01,20,medium,5,60.0,13.94891770000686,423630,75.51718448628733,0.7679635142323924,True,False,False,True,True,True
2PGA,n0020_i01,20,medium,5,120.0,13.94891770000686,423630,75.51718448628733,0.7679635142323924,True,False,False,True,True,True
2PGA,n0020_i01,20,medium,5,150.0,13.94891770000686,423630,75.51718448628733,0.7679635142323924,True,False,False,True,True,True
ACO,n0020_i01,20,medium,1,1.0,0.9235841999998229,10989,76.11844707280703,1.5702710524840524,True,False,False,False,True,True
ACO,n0020_i01,20,medium,1,5.0,4.090600199999244,49093,75.7678231153434,1.102408507114316,True,False,False,False,True,True
ACO,n0020_i01,20,medium,1,15.0,4.090600199999244,49093,75.7678231153434,1.102408507114316,True,False,False,False,True,True
ACO,n0020_i01,20,medium,1,30.0,4.090600199999244,49093,75.7678231153434,1.102408507114316,True,False,False,False,True,True
ACO,n0020_i01,20,medium,1,60.0,30.725588100000095,352178,75.41380973042703,0.6300232070336378,True,False,False,True,True,True
ACO,n0020_i01,20,medium,1,120.0,30.725588100000095,352178,75.41380973042703,0.6300232070336378,True,False,False,True,True,True
ACO,n0020_i01,20,medium,1,150.0,30.725588100000095,352178,75.41380973042703,0.6300232070336378,True,False,False,True,True,True
ACO,n0020_i01,20,medium,2,1.0,0.4690152000002854,3058,75.6818668003258,0.9877108674388866,True,False,False,True,True,True
ACO,n0020_i01,20,medium,2,5.0,0.4690152000002854,3058,75.6818668003258,0.9877108674388866,True,False,False,True,True,True
ACO,n0020_i01,20,medium,2,15.0,9.509064699999726,60763,75.62229771871067,0.9082235946597949,True,False,False,True,True,True
ACO,n0020_i01,20,medium,2,30.0,9.509064699999726,60763,75.62229771871067,0.9082235946597949,True,False,False,True,True,True
ACO,n0020_i01,20,medium,2,60.0,9.509064699999726,60763,75.62229771871067,0.9082235946597949,True,False,False,True,True,True
ACO,n0020_i01,20,medium,2,120.0,105.89765400000033,682308,75.31553607855628,0.4988896665886699,True,False,False,True,True,True
ACO,n0020_i01,20,medium,2,150.0,105.89765400000033,682308,75.31553607855628,0.4988896665886699,True,False,False,True,True,True
ACO,n0020_i01,20,medium,3,1.0,0.036230400000931695,240,76.15587394303192,1.6202123939009663,True,False,False,False,True,True
ACO,n0020_i01,20,medium,3,5.0,4.782834800000273,30652,75.90806335777582,1.2895410614963256,True,False,False,False,True,True
ACO,n0020_i01,20,medium,3,15.0,4.782834800000273,30652,75.90806335777582,1.2895410614963256,True,False,False,False,True,True
ACO,n0020_i01,20,medium,3,30.0,15.436351899999863,97357,75.76113468155094,1.093483653030428,True,False,False,False,True,True
ACO,n0020_i01,20,medium,3,60.0,53.5572714000009,341617,75.69692601130151,1.007805446341371,True,False,False,False,True,True
ACO,n0020_i01,20,medium,3,120.0,89.63971610000044,570260,75.63691566530521,0.9277293630370463,True,False,False,True,True,True
ACO,n0020_i01,20,medium,3,150.0,139.40432599999986,883166,75.53483071590227,0.7915101365554861,True,False,False,True,True,True
ACO,n0020_i01,20,medium,4,1.0,0.6234964999985095,3800,75.74780859897882,1.0757017109261249,True,False,False,False,True,True
ACO,n0020_i01,20,medium,4,5.0,2.9811935999987327,18934,75.5302808611959,0.7854389410234324,True,False,False,True,True,True
ACO,n0020_i01,20,medium,4,15.0,2.9811935999987327,18934,75.5302808611959,0.7854389410234324,True,False,False,True,True,True
ACO,n0020_i01,20,medium,4,30.0,2.9811935999987327,18934,75.5302808611959,0.7854389410234324,True,False,False,True,True,True
ACO,n0020_i01,20,medium,4,60.0,36.729229999999006,233407,75.41906399151948,0.6370343422296806,True,False,False,True,True,True
ACO,n0020_i01,20,medium,4,120.0,68.09380359999886,433652,75.19845759857121,0.3426635032366796,True,False,False,True,True,True
ACO,n0020_i01,20,medium,4,150.0,68.09380359999886,433652,75.19845759857121,0.3426635032366796,True,False,False,True,True,True
ACO,n0020_i01,20,medium,5,1.0,0.32540030000018305,2101,76.16250523877736,1.6290610046148561,True,False,False,False,True,True
ACO,n0020_i01,20,medium,5,5.0,1.2501799000001483,8067,76.01511330409433,1.4323854373586578,True,False,False,False,True,True
ACO,n0020_i01,20,medium,5,15.0,9.174304199999824,59048,75.69695246211643,1.007840741549612,True,False,False,False,True,True
ACO,n0020_i01,20,medium,5,30.0,9.174304199999824,59048,75.69695246211643,1.007840741549612,True,False,False,False,True,True
ACO,n0020_i01,20,medium,5,60.0,9.174304199999824,59048,75.69695246211643,1.007840741549612,True,False,False,False,True,True
ACO,n0020_i01,20,medium,5,120.0,118.12481590000061,755495,75.59337923678467,0.8696356023845377,True,False,False,True,True,True
ACO,n0020_i01,20,medium,5,150.0,118.12481590000061,755495,75.59337923678467,0.8696356023845377,True,False,False,True,True,True
BRKGA-R-LS,n0020_i01,20,medium,1,1.0,0.9481079999823123,30502,75.527359758301,0.7815411051608114,True,False,False,True,True,True
BRKGA-R-LS,n0020_i01,20,medium,1,5.0,2.1116528999991715,67484,75.48674087951373,0.7273404391340217,True,False,False,True,True,True
BRKGA-R-LS,n0020_i01,20,medium,1,15.0,6.416493600001559,203271,75.45976051728223,0.6913386181519635,True,False,False,True,True,True
BRKGA-R-LS,n0020_i01,20,medium,1,30.0,6.416493600001559,203271,75.45976051728223,0.6913386181519635,True,False,False,True,True,True
BRKGA-R-LS,n0020_i01,20,medium,1,60.0,59.10693080001511,1764890,75.0134293341527,0.09576709780446521,True,False,True,True,True,True
BRKGA-R-LS,n0020_i01,20,medium,1,120.0,61.11613219999708,1827527,75.01134584091797,0.09298694423163034,True,False,True,True,True,True
BRKGA-R-LS,n0020_i01,20,medium,1,150.0,61.11613219999708,1827527,75.01134584091797,0.09298694423163034,True,False,True,True,True,True
BRKGA-R-LS,n0020_i01,20,medium,2,1.0,0.8628528999979608,26991,75.1663098286903,0.29976644180013373,True,False,False,True,True,True
BRKGA-R-LS,n0020_i01,20,medium,2,5.0,0.8628528999979608,26991,75.1663098286903,0.29976644180013373,True,False,False,True,True,True
BRKGA-R-LS,n0020_i01,20,medium,2,15.0,14.424348899978213,342123,75.1488714082603,0.27649711408897076,True,False,False,True,True,True
BRKGA-R-LS,n0020_i01,20,medium,2,30.0,14.424348899978213,342123,75.1488714082603,0.27649711408897076,True,False,False,True,True,True
BRKGA-R-LS,n0020_i01,20,medium,2,60.0,47.36161229998106,1345673,74.99476368473829,0.0708601909599329,True,False,True,True,True,True
BRKGA-R-LS,n0020_i01,20,medium,2,120.0,47.36161229998106,1345673,74.99476368473829,0.0708601909599329,True,False,True,True,True,True
BRKGA-R-LS,n0020_i01,20,medium,2,150.0,47.36161229998106,1345673,74.99476368473829,0.0708601909599329,True,False,True,True,True,True
BRKGA-R-LS,n0020_i01,20,medium,3,1.0,0.10191169998142868,3665,75.47056630295438,0.7057575484095034,True,False,False,True,True,True
BRKGA-R-LS,n0020_i01,20,medium,3,5.0,2.7240561000071466,89524,75.31183446162704,0.4939503352006402,True,False,False,True,True,True
BRKGA-R-LS,n0020_i01,20,medium,3,15.0,2.7240561000071466,89524,75.31183446162704,0.4939503352006402,True,False,False,True,True,True
BRKGA-R-LS,n0020_i01,20,medium,3,30.0,2.7240561000071466,89524,75.31183446162704,0.4939503352006402,True,False,False,True,True,True
BRKGA-R-LS,n0020_i01,20,medium,3,60.0,54.77413560001878,1659752,74.96195093268737,0.027075796401782776,True,False,True,True,True,True
BRKGA-R-LS,n0020_i01,20,medium,3,120.0,54.77413560001878,1659752,74.96195093268737,0.027075796401782776,True,False,True,True,True,True
BRKGA-R-LS,n0020_i01,20,medium,3,150.0,54.77413560001878,1659752,74.96195093268737,0.027075796401782776,True,False,True,True,True,True
BRKGA-R-LS,n0020_i01,20,medium,4,1.0,0.4142279999796301,8246,75.73211404476017,1.0547593482356206,True,False,False,False,True,True
BRKGA-R-LS,n0020_i01,20,medium,4,5.0,0.4142279999796301,8246,75.73211404476017,1.0547593482356206,True,False,False,False,True,True
BRKGA-R-LS,n0020_i01,20,medium,4,15.0,5.864552599960007,32409,75.15133217650418,0.2797806926056083,True,False,False,True,True,True
BRKGA-R-LS,n0020_i01,20,medium,4,30.0,16.25873010000214,231186,75.12996448141965,0.2512682535719114,True,False,False,True,True,True
BRKGA-R-LS,n0020_i01,20,medium,4,60.0,16.25873010000214,231186,75.12996448141965,0.2512682535719114,True,False,False,True,True,True
BRKGA-R-LS,n0020_i01,20,medium,4,120.0,16.25873010000214,231186,75.12996448141965,0.2512682535719114,True,False,False,True,True,True
BRKGA-R-LS,n0020_i01,20,medium,4,150.0,16.25873010000214,231186,75.12996448141965,0.2512682535719114,True,False,False,True,True,True
BRKGA-R-LS,n0020_i01,20,medium,5,1.0,0.4274022000026889,8480,75.67390485513663,0.9770866762990367,True,False,False,True,True,True
BRKGA-R-LS,n0020_i01,20,medium,5,5.0,0.4274022000026889,8480,75.67390485513663,0.9770866762990367,True,False,False,True,True,True
BRKGA-R-LS,n0020_i01,20,medium,5,15.0,14.146524899988435,210136,75.14883709182352,0.2764513232206657,True,False,False,True,True,True
BRKGA-R-LS,n0020_i01,20,medium,5,30.0,22.094612299988512,385213,75.12996448141965,0.2512682535719114,True,False,False,True,True,True
BRKGA-R-LS,n0020_i01,20,medium,5,60.0,22.094612299988512,385213,75.12996448141965,0.2512682535719114,True,False,False,True,True,True
BRKGA-R-LS,n0020_i01,20,medium,5,120.0,22.094612299988512,385213,75.12996448141965,0.2512682535719114,True,False,False,True,True,True
BRKGA-R-LS,n0020_i01,20,medium,5,150.0,22.094612299988512,385213,75.12996448141965,0.2512682535719114,True,False,False,True,True,True
GA,n0020_i01,20,medium,1,1.0,0.3407080000033602,10331,75.5000482554529,0.7450974196442167,True,False,False,True,True,True
GA,n0020_i01,20,medium,1,5.0,0.3407080000033602,10331,75.5000482554529,0.7450974196442167,True,False,False,True,True,True
GA,n0020_i01,20,medium,1,15.0,0.3407080000033602,10331,75.5000482554529,0.7450974196442167,True,False,False,True,True,True
GA,n0020_i01,20,medium,1,30.0,0.3407080000033602,10331,75.5000482554529,0.7450974196442167,True,False,False,True,True,True
GA,n0020_i01,20,medium,1,60.0,0.3407080000033602,10331,75.5000482554529,0.7450974196442167,True,False,False,True,True,True
GA,n0020_i01,20,medium,1,120.0,0.3407080000033602,10331,75.5000482554529,0.7450974196442167,True,False,False,True,True,True
GA,n0020_i01,20,medium,1,150.0,0.3407080000033602,10331,75.5000482554529,0.7450974196442167,True,False,False,True,True,True
GA,n0020_i01,20,medium,2,1.0,0.2270645000389777,6111,75.8837917247088,1.2571536909664822,True,False,False,False,True,True
GA,n0020_i01,20,medium,2,5.0,0.2270645000389777,6111,75.8837917247088,1.2571536909664822,True,False,False,False,True,True
GA,n0020_i01,20,medium,2,15.0,0.2270645000389777,6111,75.8837917247088,1.2571536909664822,True,False,False,False,True,True
GA,n0020_i01,20,medium,2,30.0,0.2270645000389777,6111,75.8837917247088,1.2571536909664822,True,False,False,False,True,True
GA,n0020_i01,20,medium,2,60.0,0.2270645000389777,6111,75.8837917247088,1.2571536909664822,True,False,False,False,True,True
GA,n0020_i01,20,medium,2,120.0,0.2270645000389777,6111,75.8837917247088,1.2571536909664822,True,False,False,False,True,True
GA,n0020_i01,20,medium,2,150.0,0.2270645000389777,6111,75.8837917247088,1.2571536909664822,True,False,False,False,True,True
GA,n0020_i01,20,medium,3,1.0,0.39455259998794645,7517,75.85502660912644,1.218770346338317,True,False,False,False,True,True
GA,n0020_i01,20,medium,3,5.0,0.39455259998794645,7517,75.85502660912644,1.218770346338317,True,False,False,False,True,True
GA,n0020_i01,20,medium,3,15.0,0.39455259998794645,7517,75.85502660912644,1.218770346338317,True,False,False,False,True,True
GA,n0020_i01,20,medium,3,30.0,0.39455259998794645,7517,75.85502660912644,1.218770346338317,True,False,False,False,True,True
GA,n0020_i01,20,medium,3,60.0,0.39455259998794645,7517,75.85502660912644,1.218770346338317,True,False,False,False,True,True
GA,n0020_i01,20,medium,3,120.0,0.39455259998794645,7517,75.85502660912644,1.218770346338317,True,False,False,False,True,True
GA,n0020_i01,20,medium,3,150.0,0.39455259998794645,7517,75.85502660912644,1.218770346338317,True,False,False,False,True,True
GA,n0020_i01,20,medium,4,1.0,0.3902032999903895,7226,75.13717798209719,0.260893741836982,True,False,False,True,True,True
GA,n0020_i01,20,medium,4,5.0,0.3902032999903895,7226,75.13717798209719,0.260893741836982,True,False,False,True,True,True
GA,n0020_i01,20,medium,4,15.0,0.3902032999903895,7226,75.13717798209719,0.260893741836982,True,False,False,True,True,True
GA,n0020_i01,20,medium,4,30.0,0.3902032999903895,7226,75.13717798209719,0.260893741836982,True,False,False,True,True,True
GA,n0020_i01,20,medium,4,60.0,0.3902032999903895,7226,75.13717798209719,0.260893741836982,True,False,False,True,True,True
GA,n0020_i01,20,medium,4,120.0,0.3902032999903895,7226,75.13717798209719,0.260893741836982,True,False,False,True,True,True
GA,n0020_i01,20,medium,4,150.0,0.3902032999903895,7226,75.13717798209719,0.260893741836982,True,False,False,True,True,True
GA,n0020_i01,20,medium,5,1.0,0.1494925000006333,2729,75.87946996246778,1.2513868554735708,True,False,False,False,True,True
GA,n0020_i01,20,medium,5,5.0,0.1494925000006333,2729,75.87946996246778,1.2513868554735708,True,False,False,False,True,True
GA,n0020_i01,20,medium,5,15.0,0.1494925000006333,2729,75.87946996246778,1.2513868554735708,True,False,False,False,True,True
GA,n0020_i01,20,medium,5,30.0,0.1494925000006333,2729,75.87946996246778,1.2513868554735708,True,False,False,False,True,True
GA,n0020_i01,20,medium,5,60.0,0.1494925000006333,2729,75.87946996246778,1.2513868554735708,True,False,False,False,True,True
GA,n0020_i01,20,medium,5,120.0,0.1494925000006333,2729,75.87946996246778,1.2513868554735708,True,False,False,False,True,True
GA,n0020_i01,20,medium,5,150.0,0.1494925000006333,2729,75.87946996246778,1.2513868554735708,True,False,False,False,True,True
HPSO,n0020_i01,20,medium,1,1.0,0.18570450000697747,3551,75.13088620074211,0.2524981693809835,True,False,False,True,True,True
HPSO,n0020_i01,20,medium,1,5.0,0.18570450000697747,3551,75.13088620074211,0.2524981693809835,True,False,False,True,True,True
HPSO,n0020_i01,20,medium,1,15.0,0.18570450000697747,3551,75.13088620074211,0.2524981693809835,True,False,False,True,True,True
HPSO,n0020_i01,20,medium,1,30.0,0.18570450000697747,3551,75.13088620074211,0.2524981693809835,True,False,False,True,True,True
HPSO,n0020_i01,20,medium,1,60.0,0.18570450000697747,3551,75.13088620074211,0.2524981693809835,True,False,False,True,True,True
HPSO,n0020_i01,20,medium,1,120.0,0.18570450000697747,3551,75.13088620074211,0.2524981693809835,True,False,False,True,True,True
HPSO,n0020_i01,20,medium,1,150.0,0.18570450000697747,3551,75.13088620074211,0.2524981693809835,True,False,False,True,True,True
HPSO,n0020_i01,20,medium,2,1.0,0.22535429999697953,4226,75.57106418705403,0.839859040501681,True,False,False,True,True,True
HPSO,n0020_i01,20,medium,2,5.0,0.22535429999697953,4226,75.57106418705403,0.839859040501681,True,False,False,True,True,True
HPSO,n0020_i01,20,medium,2,15.0,9.079997499997262,181742,75.47468249655752,0.7112500790121759,True,False,False,True,True,True
HPSO,n0020_i01,20,medium,2,30.0,9.079997499997262,181742,75.47468249655752,0.7112500790121759,True,False,False,True,True,True
HPSO,n0020_i01,20,medium,2,60.0,9.079997499997262,181742,75.47468249655752,0.7112500790121759,True,False,False,True,True,True
HPSO,n0020_i01,20,medium,2,120.0,9.079997499997262,181742,75.47468249655752,0.7112500790121759,True,False,False,True,True,True
HPSO,n0020_i01,20,medium,2,150.0,9.079997499997262,181742,75.47468249655752,0.7112500790121759,True,False,False,True,True,True
HPSO,n0020_i01,20,medium,3,1.0,0.1431305999867618,3006,75.76685133780623,1.1011117950602842,True,False,False,False,True,True
HPSO,n0020_i01,20,medium,3,5.0,0.1431305999867618,3006,75.76685133780623,1.1011117950602842,True,False,False,False,True,True
HPSO,n0020_i01,20,medium,3,15.0,11.960079799988307,182986,75.12863436076827,0.2494933787513125,True,False,False,True,True,True
HPSO,n0020_i01,20,medium,3,30.0,11.960079799988307,182986,75.12863436076827,0.2494933787513125,True,False,False,True,True,True
HPSO,n0020_i01,20,medium,3,60.0,11.960079799988307,182986,75.12863436076827,0.2494933787513125,True,False,False,True,True,True
HPSO,n0020_i01,20,medium,3,120.0,11.960079799988307,182986,75.12863436076827,0.2494933787513125,True,False,False,True,True,True
HPSO,n0020_i01,20,medium,3,150.0,11.960079799988307,182986,75.12863436076827,0.2494933787513125,True,False,False,True,True,True
HPSO,n0020_i01,20,medium,4,1.0,0.8465842000441626,17057,75.1703284395903,0.30512876084452417,True,False,False,True,True,True
HPSO,n0020_i01,20,medium,4,5.0,1.3817736000055447,27794,75.1686626565996,0.30290598783235906,True,False,False,True,True,True
HPSO,n0020_i01,20,medium,4,15.0,1.3817736000055447,27794,75.1686626565996,0.30290598783235906,True,False,False,True,True,True
HPSO,n0020_i01,20,medium,4,30.0,1.3817736000055447,27794,75.1686626565996,0.30290598783235906,True,False,False,True,True,True
HPSO,n0020_i01,20,medium,4,60.0,1.3817736000055447,27794,75.1686626565996,0.30290598783235906,True,False,False,True,True,True
HPSO,n0020_i01,20,medium,4,120.0,1.3817736000055447,27794,75.1686626565996,0.30290598783235906,True,False,False,True,True,True
HPSO,n0020_i01,20,medium,4,150.0,1.3817736000055447,27794,75.1686626565996,0.30290598783235906,True,False,False,True,True,True
HPSO,n0020_i01,20,medium,5,1.0,0.3362630999763496,3489,75.45297013907808,0.6822777323710759,True,False,False,True,True,True
HPSO,n0020_i01,20,medium,5,5.0,0.3362630999763496,3489,75.45297013907808,0.6822777323710759,True,False,False,True,True,True
HPSO,n0020_i01,20,medium,5,15.0,0.3362630999763496,3489,75.45297013907808,0.6822777323710759,True,False,False,True,True,True
HPSO,n0020_i01,20,medium,5,30.0,0.3362630999763496,3489,75.45297013907808,0.6822777323710759,True,False,False,True,True,True
HPSO,n0020_i01,20,medium,5,60.0,53.844609900028445,521566,75.44228601378116,0.6680211422263929,True,False,False,True,True,True
HPSO,n0020_i01,20,medium,5,120.0,53.844609900028445,521566,75.44228601378116,0.6680211422263929,True,False,False,True,True,True
HPSO,n0020_i01,20,medium,5,150.0,53.844609900028445,521566,75.44228601378116,0.6680211422263929,True,False,False,True,True,True
TS,n0020_i01,20,medium,1,1.0,0.2077481000451371,7315,75.1488714082603,0.27649711408897076,True,False,False,True,True,True
TS,n0020_i01,20,medium,1,5.0,4.672921199991833,156679,74.95102449062101,0.01249586571483269,True,False,True,True,True,True
TS,n0020_i01,20,medium,1,15.0,5.019158100010827,167741,74.94165988143776,0.0,True,True,True,True,True,True
TS,n0020_i01,20,medium,1,30.0,5.019158100010827,167741,74.94165988143776,0.0,True,True,True,True,True,True
TS,n0020_i01,20,medium,1,60.0,5.019158100010827,167741,74.94165988143776,0.0,True,True,True,True,True,True
TS,n0020_i01,20,medium,1,120.0,5.019158100010827,167741,74.94165988143776,0.0,True,True,True,True,True,True
TS,n0020_i01,20,medium,1,150.0,5.019158100010827,167741,74.94165988143776,0.0,True,True,True,True,True,True
TS,n0020_i01,20,medium,2,1.0,0.3460742000024766,11299,75.39879544119742,0.6099885704198168,True,False,False,True,True,True
TS,n0020_i01,20,medium,2,5.0,4.896288299991284,161383,75.28154224770147,0.4535292743734566,True,False,False,True,True,True
TS,n0020_i01,20,medium,2,15.0,7.064395699999295,231505,74.95102449062101,0.01249586571483269,True,False,True,True,True,True
TS,n0020_i01,20,medium,2,30.0,24.968290999997407,715866,74.94165988143776,0.0,True,True,True,True,True,True
TS,n0020_i01,20,medium,2,60.0,24.968290999997407,715866,74.94165988143776,0.0,True,True,True,True,True,True
TS,n0020_i01,20,medium,2,120.0,24.968290999997407,715866,74.94165988143776,0.0,True,True,True,True,True,True
TS,n0020_i01,20,medium,2,150.0,24.968290999997407,715866,74.94165988143776,0.0,True,True,True,True,True,True
TS,n0020_i01,20,medium,3,1.0,0.8499932999839075,27945,75.27939174874876,0.45065971029373925,True,False,False,True,True,True
TS,n0020_i01,20,medium,3,5.0,3.7838585999561474,124797,75.16760076036627,0.30148902397673594,True,False,False,True,True,True
TS,n0020_i01,20,medium,3,15.0,12.079099699971266,297007,74.99683038457387,0.07361793590293304,True,False,True,True,True,True
TS,n0020_i01,20,medium,3,30.0,19.010717199998908,522329,74.967328438294,0.03425138554023922,True,False,True,True,True,True
TS,n0020_i01,20,medium,3,60.0,48.37780620000558,1452938,74.94165988143776,0.0,True,True,True,True,True,True
TS,n0020_i01,20,medium,3,120.0,48.37780620000558,1452938,74.94165988143776,0.0,True,True,True,True,True,True
TS,n0020_i01,20,medium,3,150.0,48.37780620000558,1452938,74.94165988143776,0.0,True,True,True,True,True,True
TS,n0020_i01,20,medium,4,1.0,0.09718829998746514,3315,75.47004815166254,0.7050661421974415,True,False,False,True,True,True
TS,n0020_i01,20,medium,4,5.0,2.060844499967061,64739,75.26990283886589,0.43799798129295664,True,False,False,True,True,True
TS,n0020_i01,20,medium,4,15.0,13.479091199988034,350726,75.03683323483547,0.12699659114607542,True,False,False,True,True,True
TS,n0020_i01,20,medium,4,30.0,20.873279399995226,600618,74.94165988143776,0.0,True,True,True,True,True,True
TS,n0020_i01,20,medium,4,60.0,20.873279399995226,600618,74.94165988143776,0.0,True,True,True,True,True,True
TS,n0020_i01,20,medium,4,120.0,20.873279399995226,600618,74.94165988143776,0.0,True,True,True,True,True,True
TS,n0020_i01,20,medium,4,150.0,20.873279399995226,600618,74.94165988143776,0.0,True,True,True,True,True,True
TS,n0020_i01,20,medium,5,1.0,0.17422610003268346,3488,75.47004815166254,0.7050661421974415,True,False,False,True,True,True
TS,n0020_i01,20,medium,5,5.0,0.17422610003268346,3488,75.47004815166254,0.7050661421974415,True,False,False,True,True,True
TS,n0020_i01,20,medium,5,15.0,7.082465799991041,50908,75.107770326592,0.22165301037772908,True,False,False,True,True,True
TS,n0020_i01,20,medium,5,30.0,23.594998400018085,369157,75.05611638915823,0.15272747881692655,True,False,False,True,True,True
TS,n0020_i01,20,medium,5,60.0,41.550048500008415,719024,74.94165988143776,0.0,True,True,True,True,True,True
TS,n0020_i01,20,medium,5,120.0,41.550048500008415,719024,74.94165988143776,0.0,True,True,True,True,True,True
TS,n0020_i01,20,medium,5,150.0,41.550048500008415,719024,74.94165988143776,0.0,True,True,True,True,True,True
2PGA,n0020_i02,20,low,1,1.0,0.0002558999985922128,1,83.49083195052657,0.0,True,True,True,True,True,False
2PGA,n0020_i02,20,low,1,5.0,0.0002558999985922128,1,83.49083195052657,0.0,True,True,True,True,True,False
2PGA,n0020_i02,20,low,1,15.0,0.0002558999985922128,1,83.49083195052657,0.0,True,True,True,True,True,False
2PGA,n0020_i02,20,low,1,30.0,0.0002558999985922128,1,83.49083195052657,0.0,True,True,True,True,True,False
2PGA,n0020_i02,20,low,1,60.0,0.0002558999985922128,1,83.49083195052657,0.0,True,True,True,True,True,False
2PGA,n0020_i02,20,low,1,120.0,0.0002558999985922128,1,83.49083195052657,0.0,True,True,True,True,True,False
2PGA,n0020_i02,20,low,1,150.0,0.0002558999985922128,1,83.49083195052657,0.0,True,True,True,True,True,False
2PGA,n0020_i02,20,low,2,1.0,0.00024649999977555126,1,83.49083195052657,0.0,True,True,True,True,True,False
2PGA,n0020_i02,20,low,2,5.0,0.00024649999977555126,1,83.49083195052657,0.0,True,True,True,True,True,False
2PGA,n0020_i02,20,low,2,15.0,0.00024649999977555126,1,83.49083195052657,0.0,True,True,True,True,True,False
2PGA,n0020_i02,20,low,2,30.0,0.00024649999977555126,1,83.49083195052657,0.0,True,True,True,True,True,False
2PGA,n0020_i02,20,low,2,60.0,0.00024649999977555126,1,83.49083195052657,0.0,True,True,True,True,True,False
2PGA,n0020_i02,20,low,2,120.0,0.00024649999977555126,1,83.49083195052657,0.0,True,True,True,True,True,False
2PGA,n0020_i02,20,low,2,150.0,0.00024649999977555126,1,83.49083195052657,0.0,True,True,True,True,True,False
2PGA,n0020_i02,20,low,3,1.0,0.00024480000138282776,1,83.49083195052657,0.0,True,True,True,True,True,False
2PGA,n0020_i02,20,low,3,5.0,0.00024480000138282776,1,83.49083195052657,0.0,True,True,True,True,True,False
2PGA,n0020_i02,20,low,3,15.0,0.00024480000138282776,1,83.49083195052657,0.0,True,True,True,True,True,False
2PGA,n0020_i02,20,low,3,30.0,0.00024480000138282776,1,83.49083195052657,0.0,True,True,True,True,True,False
2PGA,n0020_i02,20,low,3,60.0,0.00024480000138282776,1,83.49083195052657,0.0,True,True,True,True,True,False
2PGA,n0020_i02,20,low,3,120.0,0.00024480000138282776,1,83.49083195052657,0.0,True,True,True,True,True,False
2PGA,n0020_i02,20,low,3,150.0,0.00024480000138282776,1,83.49083195052657,0.0,True,True,True,True,True,False
2PGA,n0020_i02,20,low,4,1.0,0.00032210000790655613,1,83.49083195052657,0.0,True,True,True,True,True,False
2PGA,n0020_i02,20,low,4,5.0,0.00032210000790655613,1,83.49083195052657,0.0,True,True,True,True,True,False
2PGA,n0020_i02,20,low,4,15.0,0.00032210000790655613,1,83.49083195052657,0.0,True,True,True,True,True,False
2PGA,n0020_i02,20,low,4,30.0,0.00032210000790655613,1,83.49083195052657,0.0,True,True,True,True,True,False
2PGA,n0020_i02,20,low,4,60.0,0.00032210000790655613,1,83.49083195052657,0.0,True,True,True,True,True,False
2PGA,n0020_i02,20,low,4,120.0,0.00032210000790655613,1,83.49083195052657,0.0,True,True,True,True,True,False
2PGA,n0020_i02,20,low,4,150.0,0.00032210000790655613,1,83.49083195052657,0.0,True,True,True,True,True,False
2PGA,n0020_i02,20,low,5,1.0,0.0002523000002838671,1,83.49083195052657,0.0,True,True,True,True,True,False
2PGA,n0020_i02,20,low,5,5.0,0.0002523000002838671,1,83.49083195052657,0.0,True,True,True,True,True,False
2PGA,n0020_i02,20,low,5,15.0,0.0002523000002838671,1,83.49083195052657,0.0,True,True,True,True,True,False
2PGA,n0020_i02,20,low,5,30.0,0.0002523000002838671,1,83.49083195052657,0.0,True,True,True,True,True,False
2PGA,n0020_i02,20,low,5,60.0,0.0002523000002838671,1,83.49083195052657,0.0,True,True,True,True,True,False
2PGA,n0020_i02,20,low,5,120.0,0.0002523000002838671,1,83.49083195052657,0.0,True,True,True,True,True,False
2PGA,n0020_i02,20,low,5,150.0,0.0002523000002838671,1,83.49083195052657,0.0,True,True,True,True,True,False
ACO,n0020_i02,20,low,1,1.0,0.00020369999947433826,1,83.49083195052657,0.0,True,True,True,True,True,False
ACO,n0020_i02,20,low,1,5.0,0.00020369999947433826,1,83.49083195052657,0.0,True,True,True,True,True,False
ACO,n0020_i02,20,low,1,15.0,0.00020369999947433826,1,83.49083195052657,0.0,True,True,True,True,True,False
ACO,n0020_i02,20,low,1,30.0,0.00020369999947433826,1,83.49083195052657,0.0,True,True,True,True,True,False
ACO,n0020_i02,20,low,1,60.0,0.00020369999947433826,1,83.49083195052657,0.0,True,True,True,True,True,False
ACO,n0020_i02,20,low,1,120.0,0.00020369999947433826,1,83.49083195052657,0.0,True,True,True,True,True,False
ACO,n0020_i02,20,low,1,150.0,0.00020369999947433826,1,83.49083195052657,0.0,True,True,True,True,True,False
ACO,n0020_i02,20,low,2,1.0,0.00020330000006651971,1,83.49083195052657,0.0,True,True,True,True,True,False
ACO,n0020_i02,20,low,2,5.0,0.00020330000006651971,1,83.49083195052657,0.0,True,True,True,True,True,False
ACO,n0020_i02,20,low,2,15.0,0.00020330000006651971,1,83.49083195052657,0.0,True,True,True,True,True,False
ACO,n0020_i02,20,low,2,30.0,0.00020330000006651971,1,83.49083195052657,0.0,True,True,True,True,True,False
ACO,n0020_i02,20,low,2,60.0,0.00020330000006651971,1,83.49083195052657,0.0,True,True,True,True,True,False
ACO,n0020_i02,20,low,2,120.0,0.00020330000006651971,1,83.49083195052657,0.0,True,True,True,True,True,False
ACO,n0020_i02,20,low,2,150.0,0.00020330000006651971,1,83.49083195052657,0.0,True,True,True,True,True,False
ACO,n0020_i02,20,low,3,1.0,0.000221800000872463,1,83.49083195052657,0.0,True,True,True,True,True,False
ACO,n0020_i02,20,low,3,5.0,0.000221800000872463,1,83.49083195052657,0.0,True,True,True,True,True,False
ACO,n0020_i02,20,low,3,15.0,0.000221800000872463,1,83.49083195052657,0.0,True,True,True,True,True,False
ACO,n0020_i02,20,low,3,30.0,0.000221800000872463,1,83.49083195052657,0.0,True,True,True,True,True,False
ACO,n0020_i02,20,low,3,60.0,0.000221800000872463,1,83.49083195052657,0.0,True,True,True,True,True,False
ACO,n0020_i02,20,low,3,120.0,0.000221800000872463,1,83.49083195052657,0.0,True,True,True,True,True,False
ACO,n0020_i02,20,low,3,150.0,0.000221800000872463,1,83.49083195052657,0.0,True,True,True,True,True,False
ACO,n0020_i02,20,low,4,1.0,0.00020880000010947697,1,83.49083195052657,0.0,True,True,True,True,True,False
ACO,n0020_i02,20,low,4,5.0,0.00020880000010947697,1,83.49083195052657,0.0,True,True,True,True,True,False
ACO,n0020_i02,20,low,4,15.0,0.00020880000010947697,1,83.49083195052657,0.0,True,True,True,True,True,False
ACO,n0020_i02,20,low,4,30.0,0.00020880000010947697,1,83.49083195052657,0.0,True,True,True,True,True,False
ACO,n0020_i02,20,low,4,60.0,0.00020880000010947697,1,83.49083195052657,0.0,True,True,True,True,True,False
ACO,n0020_i02,20,low,4,120.0,0.00020880000010947697,1,83.49083195052657,0.0,True,True,True,True,True,False
ACO,n0020_i02,20,low,4,150.0,0.00020880000010947697,1,83.49083195052657,0.0,True,True,True,True,True,False
ACO,n0020_i02,20,low,5,1.0,0.00012210000022605527,1,83.49083195052657,0.0,True,True,True,True,True,False
ACO,n0020_i02,20,low,5,5.0,0.00012210000022605527,1,83.49083195052657,0.0,True,True,True,True,True,False
ACO,n0020_i02,20,low,5,15.0,0.00012210000022605527,1,83.49083195052657,0.0,True,True,True,True,True,False
ACO,n0020_i02,20,low,5,30.0,0.00012210000022605527,1,83.49083195052657,0.0,True,True,True,True,True,False
ACO,n0020_i02,20,low,5,60.0,0.00012210000022605527,1,83.49083195052657,0.0,True,True,True,True,True,False
ACO,n0020_i02,20,low,5,120.0,0.00012210000022605527,1,83.49083195052657,0.0,True,True,True,True,True,False
ACO,n0020_i02,20,low,5,150.0,0.00012210000022605527,1,83.49083195052657,0.0,True,True,True,True,True,False
BRKGA-R-LS,n0020_i02,20,low,1,1.0,0.00018860003910958767,1,83.49083195052657,0.0,True,True,True,True,True,False
BRKGA-R-LS,n0020_i02,20,low,1,5.0,0.00018860003910958767,1,83.49083195052657,0.0,True,True,True,True,True,False
BRKGA-R-LS,n0020_i02,20,low,1,15.0,0.00018860003910958767,1,83.49083195052657,0.0,True,True,True,True,True,False
BRKGA-R-LS,n0020_i02,20,low,1,30.0,0.00018860003910958767,1,83.49083195052657,0.0,True,True,True,True,True,False
BRKGA-R-LS,n0020_i02,20,low,1,60.0,0.00018860003910958767,1,83.49083195052657,0.0,True,True,True,True,True,False
BRKGA-R-LS,n0020_i02,20,low,1,120.0,0.00018860003910958767,1,83.49083195052657,0.0,True,True,True,True,True,False
BRKGA-R-LS,n0020_i02,20,low,1,150.0,0.00018860003910958767,1,83.49083195052657,0.0,True,True,True,True,True,False
BRKGA-R-LS,n0020_i02,20,low,2,1.0,0.0001894999877549708,1,83.49083195052657,0.0,True,True,True,True,True,False
BRKGA-R-LS,n0020_i02,20,low,2,5.0,0.0001894999877549708,1,83.49083195052657,0.0,True,True,True,True,True,False
BRKGA-R-LS,n0020_i02,20,low,2,15.0,0.0001894999877549708,1,83.49083195052657,0.0,True,True,True,True,True,False
BRKGA-R-LS,n0020_i02,20,low,2,30.0,0.0001894999877549708,1,83.49083195052657,0.0,True,True,True,True,True,False
BRKGA-R-LS,n0020_i02,20,low,2,60.0,0.0001894999877549708,1,83.49083195052657,0.0,True,True,True,True,True,False
BRKGA-R-LS,n0020_i02,20,low,2,120.0,0.0001894999877549708,1,83.49083195052657,0.0,True,True,True,True,True,False
BRKGA-R-LS,n0020_i02,20,low,2,150.0,0.0001894999877549708,1,83.49083195052657,0.0,True,True,True,True,True,False
BRKGA-R-LS,n0020_i02,20,low,3,1.0,0.00025749998167157173,1,83.49083195052657,0.0,True,True,True,True,True,False
BRKGA-R-LS,n0020_i02,20,low,3,5.0,0.00025749998167157173,1,83.49083195052657,0.0,True,True,True,True,True,False
BRKGA-R-LS,n0020_i02,20,low,3,15.0,0.00025749998167157173,1,83.49083195052657,0.0,True,True,True,True,True,False
BRKGA-R-LS,n0020_i02,20,low,3,30.0,0.00025749998167157173,1,83.49083195052657,0.0,True,True,True,True,True,False
BRKGA-R-LS,n0020_i02,20,low,3,60.0,0.00025749998167157173,1,83.49083195052657,0.0,True,True,True,True,True,False
BRKGA-R-LS,n0020_i02,20,low,3,120.0,0.00025749998167157173,1,83.49083195052657,0.0,True,True,True,True,True,False
BRKGA-R-LS,n0020_i02,20,low,3,150.0,0.00025749998167157173,1,83.49083195052657,0.0,True,True,True,True,True,False
BRKGA-R-LS,n0020_i02,20,low,4,1.0,0.00019219995010644197,1,83.49083195052657,0.0,True,True,True,True,True,False
BRKGA-R-LS,n0020_i02,20,low,4,5.0,0.00019219995010644197,1,83.49083195052657,0.0,True,True,True,True,True,False
BRKGA-R-LS,n0020_i02,20,low,4,15.0,0.00019219995010644197,1,83.49083195052657,0.0,True,True,True,True,True,False
BRKGA-R-LS,n0020_i02,20,low,4,30.0,0.00019219995010644197,1,83.49083195052657,0.0,True,True,True,True,True,False
BRKGA-R-LS,n0020_i02,20,low,4,60.0,0.00019219995010644197,1,83.49083195052657,0.0,True,True,True,True,True,False
BRKGA-R-LS,n0020_i02,20,low,4,120.0,0.00019219995010644197,1,83.49083195052657,0.0,True,True,True,True,True,False
BRKGA-R-LS,n0020_i02,20,low,4,150.0,0.00019219995010644197,1,83.49083195052657,0.0,True,True,True,True,True,False
BRKGA-R-LS,n0020_i02,20,low,5,1.0,0.00018880004063248634,1,83.49083195052657,0.0,True,True,True,True,True,False
BRKGA-R-LS,n0020_i02,20,low,5,5.0,0.00018880004063248634,1,83.49083195052657,0.0,True,True,True,True,True,False
BRKGA-R-LS,n0020_i02,20,low,5,15.0,0.00018880004063248634,1,83.49083195052657,0.0,True,True,True,True,True,False
BRKGA-R-LS,n0020_i02,20,low,5,30.0,0.00018880004063248634,1,83.49083195052657,0.0,True,True,True,True,True,False
BRKGA-R-LS,n0020_i02,20,low,5,60.0,0.00018880004063248634,1,83.49083195052657,0.0,True,True,True,True,True,False
BRKGA-R-LS,n0020_i02,20,low,5,120.0,0.00018880004063248634,1,83.49083195052657,0.0,True,True,True,True,True,False
BRKGA-R-LS,n0020_i02,20,low,5,150.0,0.00018880004063248634,1,83.49083195052657,0.0,True,True,True,True,True,False
GA,n0020_i02,20,low,1,1.0,0.0003955999854952097,1,83.49083195052657,0.0,True,True,True,True,True,False
GA,n0020_i02,20,low,1,5.0,0.0003955999854952097,1,83.49083195052657,0.0,True,True,True,True,True,False
GA,n0020_i02,20,low,1,15.0,0.0003955999854952097,1,83.49083195052657,0.0,True,True,True,True,True,False
GA,n0020_i02,20,low,1,30.0,0.0003955999854952097,1,83.49083195052657,0.0,True,True,True,True,True,False
GA,n0020_i02,20,low,1,60.0,0.0003955999854952097,1,83.49083195052657,0.0,True,True,True,True,True,False
GA,n0020_i02,20,low,1,120.0,0.0003955999854952097,1,83.49083195052657,0.0,True,True,True,True,True,False
GA,n0020_i02,20,low,1,150.0,0.0003955999854952097,1,83.49083195052657,0.0,True,True,True,True,True,False
GA,n0020_i02,20,low,2,1.0,0.0004059000057168305,1,83.49083195052657,0.0,True,True,True,True,True,False
GA,n0020_i02,20,low,2,5.0,0.0004059000057168305,1,83.49083195052657,0.0,True,True,True,True,True,False
GA,n0020_i02,20,low,2,15.0,0.0004059000057168305,1,83.49083195052657,0.0,True,True,True,True,True,False
GA,n0020_i02,20,low,2,30.0,0.0004059000057168305,1,83.49083195052657,0.0,True,True,True,True,True,False
GA,n0020_i02,20,low,2,60.0,0.0004059000057168305,1,83.49083195052657,0.0,True,True,True,True,True,False
GA,n0020_i02,20,low,2,120.0,0.0004059000057168305,1,83.49083195052657,0.0,True,True,True,True,True,False
GA,n0020_i02,20,low,2,150.0,0.0004059000057168305,1,83.49083195052657,0.0,True,True,True,True,True,False
GA,n0020_i02,20,low,3,1.0,0.00040989997796714306,1,83.49083195052657,0.0,True,True,True,True,True,False
GA,n0020_i02,20,low,3,5.0,0.00040989997796714306,1,83.49083195052657,0.0,True,True,True,True,True,False
GA,n0020_i02,20,low,3,15.0,0.00040989997796714306,1,83.49083195052657,0.0,True,True,True,True,True,False
GA,n0020_i02,20,low,3,30.0,0.00040989997796714306,1,83.49083195052657,0.0,True,True,True,True,True,False
GA,n0020_i02,20,low,3,60.0,0.00040989997796714306,1,83.49083195052657,0.0,True,True,True,True,True,False
GA,n0020_i02,20,low,3,120.0,0.00040989997796714306,1,83.49083195052657,0.0,True,True,True,True,True,False
GA,n0020_i02,20,low,3,150.0,0.00040989997796714306,1,83.49083195052657,0.0,True,True,True,True,True,False
GA,n0020_i02,20,low,4,1.0,0.00040259998058900237,1,83.49083195052657,0.0,True,True,True,True,True,False
GA,n0020_i02,20,low,4,5.0,0.00040259998058900237,1,83.49083195052657,0.0,True,True,True,True,True,False
GA,n0020_i02,20,low,4,15.0,0.00040259998058900237,1,83.49083195052657,0.0,True,True,True,True,True,False
GA,n0020_i02,20,low,4,30.0,0.00040259998058900237,1,83.49083195052657,0.0,True,True,True,True,True,False
GA,n0020_i02,20,low,4,60.0,0.00040259998058900237,1,83.49083195052657,0.0,True,True,True,True,True,False
GA,n0020_i02,20,low,4,120.0,0.00040259998058900237,1,83.49083195052657,0.0,True,True,True,True,True,False
GA,n0020_i02,20,low,4,150.0,0.00040259998058900237,1,83.49083195052657,0.0,True,True,True,True,True,False
GA,n0020_i02,20,low,5,1.0,0.00040259992238134146,1,83.49083195052657,0.0,True,True,True,True,True,False
GA,n0020_i02,20,low,5,5.0,0.00040259992238134146,1,83.49083195052657,0.0,True,True,True,True,True,False
GA,n0020_i02,20,low,5,15.0,0.00040259992238134146,1,83.49083195052657,0.0,True,True,True,True,True,False
GA,n0020_i02,20,low,5,30.0,0.00040259992238134146,1,83.49083195052657,0.0,True,True,True,True,True,False
GA,n0020_i02,20,low,5,60.0,0.00040259992238134146,1,83.49083195052657,0.0,True,True,True,True,True,False
GA,n0020_i02,20,low,5,120.0,0.00040259992238134146,1,83.49083195052657,0.0,True,True,True,True,True,False
GA,n0020_i02,20,low,5,150.0,0.00040259992238134146,1,83.49083195052657,0.0,True,True,True,True,True,False
HPSO,n0020_i02,20,low,1,1.0,0.000340400030836463,1,83.49083195052657,0.0,True,True,True,True,True,False
HPSO,n0020_i02,20,low,1,5.0,0.000340400030836463,1,83.49083195052657,0.0,True,True,True,True,True,False
HPSO,n0020_i02,20,low,1,15.0,0.000340400030836463,1,83.49083195052657,0.0,True,True,True,True,True,False
HPSO,n0020_i02,20,low,1,30.0,0.000340400030836463,1,83.49083195052657,0.0,True,True,True,True,True,False
HPSO,n0020_i02,20,low,1,60.0,0.000340400030836463,1,83.49083195052657,0.0,True,True,True,True,True,False
HPSO,n0020_i02,20,low,1,120.0,0.000340400030836463,1,83.49083195052657,0.0,True,True,True,True,True,False
HPSO,n0020_i02,20,low,1,150.0,0.000340400030836463,1,83.49083195052657,0.0,True,True,True,True,True,False
HPSO,n0020_i02,20,low,2,1.0,0.0006345000001601875,1,83.49083195052657,0.0,True,True,True,True,True,False
HPSO,n0020_i02,20,low,2,5.0,0.0006345000001601875,1,83.49083195052657,0.0,True,True,True,True,True,False
HPSO,n0020_i02,20,low,2,15.0,0.0006345000001601875,1,83.49083195052657,0.0,True,True,True,True,True,False
HPSO,n0020_i02,20,low,2,30.0,0.0006345000001601875,1,83.49083195052657,0.0,True,True,True,True,True,False
HPSO,n0020_i02,20,low,2,60.0,0.0006345000001601875,1,83.49083195052657,0.0,True,True,True,True,True,False
HPSO,n0020_i02,20,low,2,120.0,0.0006345000001601875,1,83.49083195052657,0.0,True,True,True,True,True,False
HPSO,n0020_i02,20,low,2,150.0,0.0006345000001601875,1,83.49083195052657,0.0,True,True,True,True,True,False
HPSO,n0020_i02,20,low,3,1.0,0.0008364999666810036,1,83.49083195052657,0.0,True,True,True,True,True,False
HPSO,n0020_i02,20,low,3,5.0,0.0008364999666810036,1,83.49083195052657,0.0,True,True,True,True,True,False
HPSO,n0020_i02,20,low,3,15.0,0.0008364999666810036,1,83.49083195052657,0.0,True,True,True,True,True,False
HPSO,n0020_i02,20,low,3,30.0,0.0008364999666810036,1,83.49083195052657,0.0,True,True,True,True,True,False
HPSO,n0020_i02,20,low,3,60.0,0.0008364999666810036,1,83.49083195052657,0.0,True,True,True,True,True,False
HPSO,n0020_i02,20,low,3,120.0,0.0008364999666810036,1,83.49083195052657,0.0,True,True,True,True,True,False
HPSO,n0020_i02,20,low,3,150.0,0.0008364999666810036,1,83.49083195052657,0.0,True,True,True,True,True,False
HPSO,n0020_i02,20,low,4,1.0,0.0005828000139445066,1,83.49083195052657,0.0,True,True,True,True,True,False
HPSO,n0020_i02,20,low,4,5.0,0.0005828000139445066,1,83.49083195052657,0.0,True,True,True,True,True,False
HPSO,n0020_i02,20,low,4,15.0,0.0005828000139445066,1,83.49083195052657,0.0,True,True,True,True,True,False
HPSO,n0020_i02,20,low,4,30.0,0.0005828000139445066,1,83.49083195052657,0.0,True,True,True,True,True,False
HPSO,n0020_i02,20,low,4,60.0,0.0005828000139445066,1,83.49083195052657,0.0,True,True,True,True,True,False
HPSO,n0020_i02,20,low,4,120.0,0.0005828000139445066,1,83.49083195052657,0.0,True,True,True,True,True,False
HPSO,n0020_i02,20,low,4,150.0,0.0005828000139445066,1,83.49083195052657,0.0,True,True,True,True,True,False
HPSO,n0020_i02,20,low,5,1.0,0.0006069999653846025,1,83.49083195052657,0.0,True,True,True,True,True,False
HPSO,n0020_i02,20,low,5,5.0,0.0006069999653846025,1,83.49083195052657,0.0,True,True,True,True,True,False
HPSO,n0020_i02,20,low,5,15.0,0.0006069999653846025,1,83.49083195052657,0.0,True,True,True,True,True,False
HPSO,n0020_i02,20,low,5,30.0,0.0006069999653846025,1,83.49083195052657,0.0,True,True,True,True,True,False
HPSO,n0020_i02,20,low,5,60.0,0.0006069999653846025,1,83.49083195052657,0.0,True,True,True,True,True,False
HPSO,n0020_i02,20,low,5,120.0,0.0006069999653846025,1,83.49083195052657,0.0,True,True,True,True,True,False
HPSO,n0020_i02,20,low,5,150.0,0.0006069999653846025,1,83.49083195052657,0.0,True,True,True,True,True,False
TS,n0020_i02,20,low,1,1.0,6.46000262349844e-05,1,83.49083195052657,0.0,True,True,True,True,True,False
TS,n0020_i02,20,low,1,5.0,6.46000262349844e-05,1,83.49083195052657,0.0,True,True,True,True,True,False
TS,n0020_i02,20,low,1,15.0,6.46000262349844e-05,1,83.49083195052657,0.0,True,True,True,True,True,False
TS,n0020_i02,20,low,1,30.0,6.46000262349844e-05,1,83.49083195052657,0.0,True,True,True,True,True,False
TS,n0020_i02,20,low,1,60.0,6.46000262349844e-05,1,83.49083195052657,0.0,True,True,True,True,True,False
TS,n0020_i02,20,low,1,120.0,6.46000262349844e-05,1,83.49083195052657,0.0,True,True,True,True,True,False
TS,n0020_i02,20,low,1,150.0,6.46000262349844e-05,1,83.49083195052657,0.0,True,True,True,True,True,False
TS,n0020_i02,20,low,2,1.0,7.51999905332923e-05,1,83.49083195052657,0.0,True,True,True,True,True,False
TS,n0020_i02,20,low,2,5.0,7.51999905332923e-05,1,83.49083195052657,0.0,True,True,True,True,True,False
TS,n0020_i02,20,low,2,15.0,7.51999905332923e-05,1,83.49083195052657,0.0,True,True,True,True,True,False
TS,n0020_i02,20,low,2,30.0,7.51999905332923e-05,1,83.49083195052657,0.0,True,True,True,True,True,False
TS,n0020_i02,20,low,2,60.0,7.51999905332923e-05,1,83.49083195052657,0.0,True,True,True,True,True,False
TS,n0020_i02,20,low,2,120.0,7.51999905332923e-05,1,83.49083195052657,0.0,True,True,True,True,True,False
TS,n0020_i02,20,low,2,150.0,7.51999905332923e-05,1,83.49083195052657,0.0,True,True,True,True,True,False
TS,n0020_i02,20,low,3,1.0,7.479998748749495e-05,1,83.49083195052657,0.0,True,True,True,True,True,False
TS,n0020_i02,20,low,3,5.0,7.479998748749495e-05,1,83.49083195052657,0.0,True,True,True,True,True,False
TS,n0020_i02,20,low,3,15.0,7.479998748749495e-05,1,83.49083195052657,0.0,True,True,True,True,True,False
TS,n0020_i02,20,low,3,30.0,7.479998748749495e-05,1,83.49083195052657,0.0,True,True,True,True,True,False
TS,n0020_i02,20,low,3,60.0,7.479998748749495e-05,1,83.49083195052657,0.0,True,True,True,True,True,False
TS,n0020_i02,20,low,3,120.0,7.479998748749495e-05,1,83.49083195052657,0.0,True,True,True,True,True,False
TS,n0020_i02,20,low,3,150.0,7.479998748749495e-05,1,83.49083195052657,0.0,True,True,True,True,True,False
TS,n0020_i02,20,low,4,1.0,6.839999696239829e-05,1,83.49083195052657,0.0,True,True,True,True,True,False
TS,n0020_i02,20,low,4,5.0,6.839999696239829e-05,1,83.49083195052657,0.0,True,True,True,True,True,False
TS,n0020_i02,20,low,4,15.0,6.839999696239829e-05,1,83.49083195052657,0.0,True,True,True,True,True,False
TS,n0020_i02,20,low,4,30.0,6.839999696239829e-05,1,83.49083195052657,0.0,True,True,True,True,True,False
TS,n0020_i02,20,low,4,60.0,6.839999696239829e-05,1,83.49083195052657,0.0,True,True,True,True,True,False
TS,n0020_i02,20,low,4,120.0,6.839999696239829e-05,1,83.49083195052657,0.0,True,True,True,True,True,False
TS,n0020_i02,20,low,4,150.0,6.839999696239829e-05,1,83.49083195052657,0.0,True,True,True,True,True,False
TS,n0020_i02,20,low,5,1.0,6.879994180053473e-05,1,83.49083195052657,0.0,True,True,True,True,True,False
TS,n0020_i02,20,low,5,5.0,6.879994180053473e-05,1,83.49083195052657,0.0,True,True,True,True,True,False
TS,n0020_i02,20,low,5,15.0,6.879994180053473e-05,1,83.49083195052657,0.0,True,True,True,True,True,False
TS,n0020_i02,20,low,5,30.0,6.879994180053473e-05,1,83.49083195052657,0.0,True,True,True,True,True,False
TS,n0020_i02,20,low,5,60.0,6.879994180053473e-05,1,83.49083195052657,0.0,True,True,True,True,True,False
TS,n0020_i02,20,low,5,120.0,6.879994180053473e-05,1,83.49083195052657,0.0,True,True,True,True,True,False
TS,n0020_i02,20,low,5,150.0,6.879994180053473e-05,1,83.49083195052657,0.0,True,True,True,True,True,False
2PGA,n0020_i03,20,high,1,1.0,0.9528815999947255,31028,110.97266094172554,1.0273984915917524,True,False,False,False,True,True
2PGA,n0020_i03,20,high,1,5.0,2.881108100002166,93198,110.81912744927202,0.8876245221088297,True,False,False,True,True,True
2PGA,n0020_i03,20,high,1,15.0,11.86168020000332,367233,110.59821031779711,0.686505770105084,True,False,False,True,True,True
2PGA,n0020_i03,20,high,1,30.0,18.42166900000302,573306,110.41348839058927,0.5183384431995703,True,False,False,True,True,True
2PGA,n0020_i03,20,high,1,60.0,18.42166900000302,573306,110.41348839058927,0.5183384431995703,True,False,False,True,True,True
2PGA,n0020_i03,20,high,1,120.0,18.42166900000302,573306,110.41348839058927,0.5183384431995703,True,False,False,True,True,True
2PGA,n0020_i03,20,high,1,150.0,18.42166900000302,573306,110.41348839058927,0.5183384431995703,True,False,False,True,True,True
2PGA,n0020_i03,20,high,2,1.0,0.3528554000076838,12101,111.68403662228592,1.6750213722843283,True,False,False,False,True,True
2PGA,n0020_i03,20,high,2,5.0,0.3528554000076838,12101,111.68403662228592,1.6750213722843283,True,False,False,False,True,True
2PGA,n0020_i03,20,high,2,15.0,13.242589400004363,435718,110.85155656698417,0.9171473736835708,True,False,False,True,True,True
2PGA,n0020_i03,20,high,2,30.0,26.003877199997078,858205,110.83387808929247,0.9010532240495246,True,False,False,True,True,True
2PGA,n0020_i03,20,high,2,60.0,26.003877199997078,858205,110.83387808929247,0.9010532240495246,True,False,False,True,True,True
2PGA,n0020_i03,20,high,2,120.0,26.003877199997078,858205,110.83387808929247,0.9010532240495246,True,False,False,True,True,True
2PGA,n0020_i03,20,high,2,150.0,26.003877199997078,858205,110.83387808929247,0.9010532240495246,True,False,False,True,True,True
2PGA,n0020_i03,20,high,3,1.0,0.8138011999981245,27607,111.46425943440515,1.474940403233301,True,False,False,False,True,True
2PGA,n0020_i03,20,high,3,5.0,2.6534964999882504,87127,111.3400553359342,1.361867355835588,True,False,False,False,True,True
2PGA,n0020_i03,20,high,3,15.0,13.70024549998925,430334,110.83673237524638,0.9036517116592488,True,False,False,True,True,True
2PGA,n0020_i03,20,high,3,30.0,29.193048000001,933582,110.12907790222923,0.2594165474920653,True,False,False,True,True,True
2PGA,n0020_i03,20,high,3,60.0,49.305690799999866,1590433,110.01358939167505,0.15427800545887335,True,False,False,True,True,True
2PGA,n0020_i03,20,high,3,120.0,49.305690799999866,1590433,110.01358939167505,0.15427800545887335,True,False,False,True,True,True
2PGA,n0020_i03,20,high,3,150.0,49.305690799999866,1590433,110.01358939167505,0.15427800545887335,True,False,False,True,True,True
2PGA,n0020_i03,20,high,4,1.0,0.8388692000007723,28587,111.25474169024619,1.284199436489052,True,False,False,False,True,True
2PGA,n0020_i03,20,high,4,5.0,2.2772426000010455,76350,110.91760289158174,0.9772746906046915,True,False,False,True,True,True
2PGA,n0020_i03,20,high,4,15.0,6.724673799995799,225468,110.7553185612996,0.8295341249083916,True,False,False,True,True,True
2PGA,n0020_i03,20,high,4,30.0,6.724673799995799,225468,110.7553185612996,0.8295341249083916,True,False,False,True,True,True
2PGA,n0020_i03,20,high,4,60.0,6.724673799995799,225468,110.7553185612996,0.8295341249083916,True,False,False,True,True,True
2PGA,n0020_i03,20,high,4,120.0,118.2719911999884,3865552,110.41405558557915,0.5188548067235155,True,False,False,True,True,True
2PGA,n0020_i03,20,high,4,150.0,118.2719911999884,3865552,110.41405558557915,0.5188548067235155,True,False,False,True,True,True
2PGA,n0020_i03,20,high,5,1.0,0.4938201999902958,16266,111.24011025963227,1.2708792605232748,True,False,False,False,True,True
2PGA,n0020_i03,20,high,5,5.0,2.984655799999018,96936,111.09956356483355,1.1429282244607655,True,False,False,False,True,True
2PGA,n0020_i03,20,high,5,15.0,5.309439599994221,172591,110.91407665218739,0.974064469371405,True,False,False,True,True,True
2PGA,n0020_i03,20,high,5,30.0,27.361119699999108,882119,110.30384462295035,0.4185208438793836,True,False,False,True,True,True
2PGA,n0020_i03,20,high,5,60.0,37.80189099999552,1228335,110.21792993635624,0.3403057483309299,True,False,False,True,True,True
2PGA,n0020_i03,20,high,5,120.0,37.80189099999552,1228335,110.21792993635624,0.3403057483309299,True,False,False,True,True,True
2PGA,n0020_i03,20,high,5,150.0,141.5760908999946,4701526,109.96124550735365,0.1066251293805657,True,False,False,True,True,True
ACO,n0020_i03,20,high,1,1.0,0.5572957999993378,3710,112.26506251807875,2.2039762897393693,True,False,False,False,True,True
ACO,n0020_i03,20,high,1,5.0,0.5572957999993378,3710,112.26506251807875,2.2039762897393693,True,False,False,False,True,True
ACO,n0020_i03,20,high,1,15.0,12.601737999999386,81958,111.96646855667993,1.9321420301169678,True,False,False,False,True,True
ACO,n0020_i03,20,high,1,30.0,12.601737999999386,81958,111.96646855667993,1.9321420301169678,True,False,False,False,True,True
ACO,n0020_i03,20,high,1,60.0,57.13126519999969,376637,111.93167616446846,1.9004676984158482,True,False,False,False,True,True
ACO,n0020_i03,20,high,1,120.0,61.98879489999854,408818,111.61601133872023,1.6130924487821403,True,False,False,False,True,True
ACO,n0020_i03,20,high,1,150.0,61.98879489999854,408818,111.61601133872023,1.6130924487821403,True,False,False,False,True,True
ACO,n0020_i03,20,high,2,1.0,0.06402590000107011,438,112.2642743981512,2.2032588003568137,True,False,False,False,True,True
ACO,n0020_i03,20,high,2,5.0,0.06402590000107011,438,112.2642743981512,2.2032588003568137,True,False,False,False,True,True
ACO,n0020_i03,20,high,2,15.0,0.06402590000107011,438,112.2642743981512,2.2032588003568137,True,False,False,False,True,True
ACO,n0020_i03,20,high,2,30.0,0.06402590000107011,438,112.2642743981512,2.2032588003568137,True,False,False,False,True,True
ACO,n0020_i03,20,high,2,60.0,0.06402590000107011,438,112.2642743981512,2.2032588003568137,True,False,False,False,True,True
ACO,n0020_i03,20,high,2,120.0,0.06402590000107011,438,112.2642743981512,2.2032588003568137,True,False,False,False,True,True
ACO,n0020_i03,20,high,2,150.0,149.06008340000153,984466,112.0766032209128,2.0324065323535594,True,False,False,False,True,True
ACO,n0020_i03,20,high,3,1.0,0.07484920000024431,476,111.97210018798684,1.9372689600776711,True,False,False,False,True,True
ACO,n0020_i03,20,high,3,5.0,0.07484920000024431,476,111.97210018798684,1.9372689600776711,True,False,False,False,True,True
ACO,n0020_i03,20,high,3,15.0,0.07484920000024431,476,111.97210018798684,1.9372689600776711,True,False,False,False,True,True
ACO,n0020_i03,20,high,3,30.0,0.07484920000024431,476,111.97210018798684,1.9372689600776711,True,False,False,False,True,True
ACO,n0020_i03,20,high,3,60.0,0.07484920000024431,476,111.97210018798684,1.9372689600776711,True,False,False,False,True,True
ACO,n0020_i03,20,high,3,120.0,105.42177869999978,696649,111.15535502178474,1.1937197050470967,True,False,False,False,True,True
ACO,n0020_i03,20,high,3,150.0,105.42177869999978,696649,111.15535502178474,1.1937197050470967,True,False,False,False,True,True
ACO,n0020_i03,20,high,4,1.0,0.3153734000006807,2103,111.99722268634437,1.9601400044514166,True,False,False,False,True,True
ACO,n0020_i03,20,high,4,5.0,2.412223500001346,15679,111.53296796007282,1.5374913373416843,True,False,False,False,True,True
ACO,n0020_i03,20,high,4,15.0,2.412223500001346,15679,111.53296796007282,1.5374913373416843,True,False,False,False,True,True
ACO,n0020_i03,20,high,4,30.0,2.412223500001346,15679,111.53296796007282,1.5374913373416843,True,False,False,False,True,True
ACO,n0020_i03,20,high,4,60.0,2.412223500001346,15679,111.53296796007282,1.5374913373416843,True,False,False,False,True,True
ACO,n0020_i03,20,high,4,120.0,2.412223500001346,15679,111.53296796007282,1.5374913373416843,True,False,False,False,True,True
ACO,n0020_i03,20,high,4,150.0,2.412223500001346,15679,111.53296796007282,1.5374913373416843,True,False,False,False,True,True
ACO,n0020_i03,20,high,5,1.0,0.26731829999880574,1760,112.1049111282046,2.0581775123964183,True,False,False,False,True,True
ACO,n0020_i03,20,high,5,5.0,0.26731829999880574,1760,112.1049111282046,2.0581775123964183,True,False,False,False,True,True
ACO,n0020_i03,20,high,5,15.0,11.468710199998895,74242,112.06658643537448,2.0232874414387556,True,False,False,False,True,True
ACO,n0020_i03,20,high,5,30.0,18.707345999999234,122045,111.87142668105791,1.8456177153860103,True,False,False,False,True,True
ACO,n0020_i03,20,high,5,60.0,51.55521520000002,338597,111.69699404724895,1.6868175653651873,True,False,False,False,True,True
ACO,n0020_i03,20,high,5,120.0,71.4654129999999,469806,111.37040629271996,1.3894982892544683,True,False,False,False,True,True
ACO,n0020_i03,20,high,5,150.0,71.4654129999999,469806,111.37040629271996,1.3894982892544683,True,False,False,False,True,True
BRKGA-R-LS,n0020_i03,20,high,1,1.0,0.23504940001294017,4948,110.32185172533374,0.43491416717836506,True,False,False,True,True,True
BRKGA-R-LS,n0020_i03,20,high,1,5.0,0.23504940001294017,4948,110.32185172533374,0.43491416717836506,True,False,False,True,True,True
BRKGA-R-LS,n0020_i03,20,high,1,15.0,13.924140600021929,210673,110.15963095857265,0.2872314685018789,True,False,False,True,True,True
BRKGA-R-LS,n0020_i03,20,high,1,30.0,18.362944299937226,298888,109.90921428579581,0.05925689553161294,True,False,True,True,True,True
BRKGA-R-LS,n0020_i03,20,high,1,60.0,18.362944299937226,298888,109.90921428579581,0.05925689553161294,True,False,True,True,True,True
BRKGA-R-LS,n0020_i03,20,high,1,120.0,18.362944299937226,298888,109.90921428579581,0.05925689553161294,True,False,True,True,True,True
BRKGA-R-LS,n0020_i03,20,high,1,150.0,18.362944299937226,298888,109.90921428579581,0.05925689553161294,True,False,True,True,True,True
BRKGA-R-LS,n0020_i03,20,high,2,1.0,0.15990810003131628,3536,110.36973444646023,0.4785056851887997,True,False,False,True,True,True
BRKGA-R-LS,n0020_i03,20,high,2,5.0,1.1890755000058562,24232,110.04716096373983,0.1848409257330661,True,False,False,True,True,True
BRKGA-R-LS,n0020_i03,20,high,2,15.0,10.628084099967964,140342,109.98888017373193,0.1317832037088578,True,False,False,True,True,True
BRKGA-R-LS,n0020_i03,20,high,2,30.0,23.471713999984786,402297,109.88524533676198,0.037436020507836364,True,False,True,True,True,True
BRKGA-R-LS,n0020_i03,20,high,2,60.0,23.471713999984786,402297,109.88524533676198,0.037436020507836364,True,False,True,True,True,True
BRKGA-R-LS,n0020_i03,20,high,2,120.0,23.471713999984786,402297,109.88524533676198,0.037436020507836364,True,False,True,True,True,True
BRKGA-R-LS,n0020_i03,20,high,2,150.0,23.471713999984786,402297,109.88524533676198,0.037436020507836364,True,False,True,True,True,True
BRKGA-R-LS,n0020_i03,20,high,3,1.0,0.18247020000126213,3993,110.52807059892888,0.6226519049453552,True,False,False,True,True,True
BRKGA-R-LS,n0020_i03,20,high,3,5.0,4.9029992000432685,99965,110.01358939167505,0.15427800545887335,True,False,False,True,True,True
BRKGA-R-LS,n0020_i03,20,high,3,15.0,4.9029992000432685,99965,110.01358939167505,0.15427800545887335,True,False,False,True,True,True
BRKGA-R-LS,n0020_i03,20,high,3,30.0,4.9029992000432685,99965,110.01358939167505,0.15427800545887335,True,False,False,True,True,True
BRKGA-R-LS,n0020_i03,20,high,3,60.0,4.9029992000432685,99965,110.01358939167505,0.15427800545887335,True,False,False,True,True,True
BRKGA-R-LS,n0020_i03,20,high,3,120.0,4.9029992000432685,99965,110.01358939167505,0.15427800545887335,True,False,False,True,True,True
BRKGA-R-LS,n0020_i03,20,high,3,150.0,4.9029992000432685,99965,110.01358939167505,0.15427800545887335,True,False,False,True,True,True
BRKGA-R-LS,n0020_i03,20,high,4,1.0,0.9874210000270978,19840,110.88057322413344,0.9435635861077519,True,False,False,True,True,True
BRKGA-R-LS,n0020_i03,20,high,4,5.0,0.9874210000270978,19840,110.88057322413344,0.9435635861077519,True,False,False,True,True,True
BRKGA-R-LS,n0020_i03,20,high,4,15.0,0.9874210000270978,19840,110.88057322413344,0.9435635861077519,True,False,False,True,True,True
BRKGA-R-LS,n0020_i03,20,high,4,30.0,18.405306400032714,271616,110.4444563066084,0.5465310445625525,True,False,False,True,True,True
BRKGA-R-LS,n0020_i03,20,high,4,60.0,18.405306400032714,271616,110.4444563066084,0.5465310445625525,True,False,False,True,True,True
BRKGA-R-LS,n0020_i03,20,high,4,120.0,117.83089620003011,2181931,110.07625160224569,0.2113244893762774,True,False,False,True,True,True
BRKGA-R-LS,n0020_i03,20,high,4,150.0,130.68801619997248,2431783,109.98330906542918,0.1267113727392742,True,False,False,True,True,True
BRKGA-R-LS,n0020_i03,20,high,5,1.0,0.1599573000567034,3341,111.21134261686592,1.2446897460540634,True,False,False,False,True,True
BRKGA-R-LS,n0020_i03,20,high,5,5.0,0.1599573000567034,3341,111.21134261686592,1.2446897460540634,True,False,False,False,True,True
BRKGA-R-LS,n0020_i03,20,high,5,15.0,14.117256200057454,203328,109.9973451661939,0.13948957174064294,True,False,False,True,True,True
BRKGA-R-LS,n0020_i03,20,high,5,30.0,25.076111900038086,414330,109.88524533676198,0.037436020507836364,True,False,True,True,True,True
BRKGA-R-LS,n0020_i03,20,high,5,60.0,25.076111900038086,414330,109.88524533676198,0.037436020507836364,True,False,True,True,True,True
BRKGA-R-LS,n0020_i03,20,high,5,120.0,25.076111900038086,414330,109.88524533676198,0.037436020507836364,True,False,True,True,True,True
BRKGA-R-LS,n0020_i03,20,high,5,150.0,25.076111900038086,414330,109.88524533676198,0.037436020507836364,True,False,True,True,True,True
GA,n0020_i03,20,high,1,1.0,0.1497218000004068,3037,110.76596254612122,0.8392242061138536,True,False,False,True,True,True
GA,n0020_i03,20,high,1,5.0,0.1497218000004068,3037,110.76596254612122,0.8392242061138536,True,False,False,True,True,True
GA,n0020_i03,20,high,1,15.0,0.1497218000004068,3037,110.76596254612122,0.8392242061138536,True,False,False,True,True,True
GA,n0020_i03,20,high,1,30.0,0.1497218000004068,3037,110.76596254612122,0.8392242061138536,True,False,False,True,True,True
GA,n0020_i03,20,high,1,60.0,0.1497218000004068,3037,110.76596254612122,0.8392242061138536,True,False,False,True,True,True
GA,n0020_i03,20,high,1,120.0,99.0638974000467,1849834,110.28795968110195,0.4040594951425392,True,False,False,True,True,True
GA,n0020_i03,20,high,1,150.0,99.0638974000467,1849834,110.28795968110195,0.4040594951425392,True,False,False,True,True,True
GA,n0020_i03,20,high,2,1.0,0.10124089999590069,2133,112.58462262971662,2.494897733511993,True,False,False,False,True,True
GA,n0020_i03,20,high,2,5.0,0.10124089999590069,2133,112.58462262971662,2.494897733511993,True,False,False,False,True,True
GA,n0020_i03,20,high,2,15.0,0.10124089999590069,2133,112.58462262971662,2.494897733511993,True,False,False,False,True,True
GA,n0020_i03,20,high,2,30.0,0.10124089999590069,2133,112.58462262971662,2.494897733511993,True,False,False,False,True,True
GA,n0020_i03,20,high,2,60.0,0.10124089999590069,2133,112.58462262971662,2.494897733511993,True,False,False,False,True,True
GA,n0020_i03,20,high,2,120.0,0.10124089999590069,2133,112.58462262971662,2.494897733511993,True,False,False,False,True,True
GA,n0020_i03,20,high,2,150.0,0.10124089999590069,2133,112.58462262971662,2.494897733511993,True,False,False,False,True,True
GA,n0020_i03,20,high,3,1.0,0.07991059997584671,1640,112.12987087020097,2.0809003864765367,True,False,False,False,True,True
GA,n0020_i03,20,high,3,5.0,4.888488200027496,99648,110.37583613594875,0.4840605471718973,True,False,False,True,True,True
GA,n0020_i03,20,high,3,15.0,4.888488200027496,99648,110.37583613594875,0.4840605471718973,True,False,False,True,True,True
GA,n0020_i03,20,high,3,30.0,29.436321699991822,501893,110.27254819717697,0.390029173488333,True,False,False,True,True,True
GA,n0020_i03,20,high,3,60.0,29.436321699991822,501893,110.27254819717697,0.390029173488333,True,False,False,True,True,True
GA,n0020_i03,20,high,3,120.0,29.436321699991822,501893,110.27254819717697,0.390029173488333,True,False,False,True,True,True
GA,n0020_i03,20,high,3,150.0,29.436321699991822,501893,110.27254819717697,0.390029173488333,True,False,False,True,True,True
GA,n0020_i03,20,high,4,1.0,0.4172588000074029,7966,110.36070787085967,0.47028806255568184,True,False,False,True,True,True
GA,n0020_i03,20,high,4,5.0,0.4172588000074029,7966,110.36070787085967,0.47028806255568184,True,False,False,True,True,True
GA,n0020_i03,20,high,4,15.0,0.4172588000074029,7966,110.36070787085967,0.47028806255568184,True,False,False,True,True,True
GA,n0020_i03,20,high,4,30.0,0.4172588000074029,7966,110.36070787085967,0.47028806255568184,True,False,False,True,True,True
GA,n0020_i03,20,high,4,60.0,0.4172588000074029,7966,110.36070787085967,0.47028806255568184,True,False,False,True,True,True
GA,n0020_i03,20,high,4,120.0,0.4172588000074029,7966,110.36070787085967,0.47028806255568184,True,False,False,True,True,True
GA,n0020_i03,20,high,4,150.0,0.4172588000074029,7966,110.36070787085967,0.47028806255568184,True,False,False,True,True,True
GA,n0020_i03,20,high,5,1.0,0.3693182000424713,7018,110.28238983154671,0.3989888101127256,True,False,False,True,True,True
GA,n0020_i03,20,high,5,5.0,0.3693182000424713,7018,110.28238983154671,0.3989888101127256,True,False,False,True,True,True
GA,n0020_i03,20,high,5,15.0,8.57747240003664,82181,110.17997797646733,0.30575500634910335,True,False,False,True,True,True
GA,n0020_i03,20,high,5,30.0,8.57747240003664,82181,110.17997797646733,0.30575500634910335,True,False,False,True,True,True
GA,n0020_i03,20,high,5,60.0,8.57747240003664,82181,110.17997797646733,0.30575500634910335,True,False,False,True,True,True
GA,n0020_i03,20,high,5,120.0,8.57747240003664,82181,110.17997797646733,0.30575500634910335,True,False,False,True,True,True
GA,n0020_i03,20,high,5,150.0,8.57747240003664,82181,110.17997797646733,0.30575500634910335,True,False,False,True,True,True
HPSO,n0020_i03,20,high,1,1.0,0.6731820999411866,5924,112.23174102246435,2.1736410343061436,True,False,False,False,True,True
HPSO,n0020_i03,20,high,1,5.0,3.753009199979715,40062,111.9172909433388,1.8873716668786864,True,False,False,False,True,True
HPSO,n0020_i03,20,high,1,15.0,3.753009199979715,40062,111.9172909433388,1.8873716668786864,True,False,False,False,True,True
HPSO,n0020_i03,20,high,1,30.0,3.753009199979715,40062,111.9172909433388,1.8873716668786864,True,False,False,False,True,True
HPSO,n0020_i03,20,high,1,60.0,3.753009199979715,40062,111.9172909433388,1.8873716668786864,True,False,False,False,True,True
HPSO,n0020_i03,20,high,1,120.0,3.753009199979715,40062,111.9172909433388,1.8873716668786864,True,False,False,False,True,True
HPSO,n0020_i03,20,high,1,150.0,3.753009199979715,40062,111.9172909433388,1.8873716668786864,True,False,False,False,True,True
HPSO,n0020_i03,20,high,2,1.0,0.18165189994033426,2035,110.58654537059469,0.675886224179074,True,False,False,True,True,True
HPSO,n0020_i03,20,high,2,5.0,0.18165189994033426,2035,110.58654537059469,0.675886224179074,True,False,False,True,True,True
HPSO,n0020_i03,20,high,2,15.0,0.18165189994033426,2035,110.58654537059469,0.675886224179074,True,False,False,True,True,True
HPSO,n0020_i03,20,high,2,30.0,22.956098899943754,206800,109.90921428579581,0.05925689553161294,True,False,True,True,True,True
HPSO,n0020_i03,20,high,2,60.0,22.956098899943754,206800,109.90921428579581,0.05925689553161294,True,False,True,True,True,True
HPSO,n0020_i03,20,high,2,120.0,22.956098899943754,206800,109.90921428579581,0.05925689553161294,True,False,True,True,True,True
HPSO,n0020_i03,20,high,2,150.0,22.956098899943754,206800,109.90921428579581,0.05925689553161294,True,False,True,True,True,True
HPSO,n0020_i03,20,high,3,1.0,0.24596569989807904,2702,110.39827866452697,0.5044917980636989,True,False,False,True,True,True
HPSO,n0020_i03,20,high,3,5.0,1.7284508999437094,19040,110.01358939167505,0.15427800545887335,True,False,False,True,True,True
HPSO,n0020_i03,20,high,3,15.0,1.7284508999437094,19040,110.01358939167505,0.15427800545887335,True,False,False,True,True,True
HPSO,n0020_i03,20,high,3,30.0,1.7284508999437094,19040,110.01358939167505,0.15427800545887335,True,False,False,True,True,True
HPSO,n0020_i03,20,high,3,60.0,1.7284508999437094,19040,110.01358939167505,0.15427800545887335,True,False,False,True,True,True
HPSO,n0020_i03,20,high,3,120.0,1.7284508999437094,19040,110.01358939167505,0.15427800545887335,True,False,False,True,True,True
HPSO,n0020_i03,20,high,3,150.0,1.7284508999437094,19040,110.01358939167505,0.15427800545887335,True,False,False,True,True,True
HPSO,n0020_i03,20,high,4,1.0,0.559926199959591,6226,110.58970005779008,0.6787581913618057,True,False,False,True,True,True
HPSO,n0020_i03,20,high,4,5.0,0.559926199959591,6226,110.58970005779008,0.6787581913618057,True,False,False,True,True,True
HPSO,n0020_i03,20,high,4,15.0,0.559926199959591,6226,110.58970005779008,0.6787581913618057,True,False,False,True,True,True
HPSO,n0020_i03,20,high,4,30.0,0.559926199959591,6226,110.58970005779008,0.6787581913618057,True,False,False,True,True,True
HPSO,n0020_i03,20,high,4,60.0,0.559926199959591,6226,110.58970005779008,0.6787581913618057,True,False,False,True,True,True
HPSO,n0020_i03,20,high,4,120.0,71.78811439999845,736901,110.03268001924327,0.1716577494644869,True,False,False,True,True,True
HPSO,n0020_i03,20,high,4,150.0,71.78811439999845,736901,110.03268001924327,0.1716577494644869,True,False,False,True,True,True
HPSO,n0020_i03,20,high,5,1.0,0.5204091999912634,5562,111.33156436306092,1.3541373357318063,True,False,False,False,True,True
HPSO,n0020_i03,20,high,5,5.0,0.5204091999912634,5562,111.33156436306092,1.3541373357318063,True,False,False,False,True,True
HPSO,n0020_i03,20,high,5,15.0,5.543284900020808,16054,110.27402230063008,0.39137116921692905,True,False,False,True,True,True
HPSO,n0020_i03,20,high,5,30.0,5.543284900020808,16054,110.27402230063008,0.39137116921692905,True,False,False,True,True,True
HPSO,n0020_i03,20,high,5,60.0,38.55680610006675,363994,110.03268001924327,0.1716577494644869,True,False,False,True,True,True
HPSO,n0020_i03,20,high,5,120.0,38.55680610006675,363994,110.03268001924327,0.1716577494644869,True,False,False,True,True,True
HPSO,n0020_i03,20,high,5,150.0,38.55680610006675,363994,110.03268001924327,0.1716577494644869,True,False,False,True,True,True
TS,n0020_i03,20,high,1,1.0,0.26862569991499186,5719,110.1593314031002,0.28695875890089306,True,False,False,True,True,True
TS,n0020_i03,20,high,1,5.0,1.2774692999664694,26759,110.08026430160835,0.21497757450641986,True,False,False,True,True,True
TS,n0020_i03,20,high,1,15.0,7.662981299916282,155111,109.84412406794925,0.0,True,True,True,True,True,True
TS,n0020_i03,20,high,1,30.0,7.662981299916282,155111,109.84412406794925,0.0,True,True,True,True,True,True
TS,n0020_i03,20,high,1,60.0,7.662981299916282,155111,109.84412406794925,0.0,True,True,True,True,True,True
TS,n0020_i03,20,high,1,120.0,7.662981299916282,155111,109.84412406794925,0.0,True,True,True,True,True,True
TS,n0020_i03,20,high,1,150.0,7.662981299916282,155111,109.84412406794925,0.0,True,True,True,True,True,True
TS,n0020_i03,20,high,2,1.0,0.6658376000123098,14597,110.50439880038113,0.6011015500687399,True,False,False,True,True,True
TS,n0020_i03,20,high,2,5.0,4.372147000045516,90065,110.03637580047943,0.17502231836384327,True,False,False,True,True,True
TS,n0020_i03,20,high,2,15.0,12.663260200060904,176145,109.90921428579581,0.05925689553161294,True,False,True,True,True,True
TS,n0020_i03,20,high,2,30.0,28.913904099958017,508122,109.84412406794925,0.0,True,True,True,True,True,True
TS,n0020_i03,20,high,2,60.0,28.913904099958017,508122,109.84412406794925,0.0,True,True,True,True,True,True
TS,n0020_i03,20,high,2,120.0,28.913904099958017,508122,109.84412406794925,0.0,True,True,True,True,True,True
TS,n0020_i03,20,high,2,150.0,28.913904099958017,508122,109.84412406794925,0.0,True,True,True,True,True,True
TS,n0020_i03,20,high,3,1.0,0.9620468999492005,20835,110.34986797161064,0.4604196245841345,True,False,False,True,True,True
TS,n0020_i03,20,high,3,5.0,1.5125667999964207,32464,109.96124550735365,0.1066251293805657,True,False,False,True,True,True
TS,n0020_i03,20,high,3,15.0,1.5125667999964207,32464,109.96124550735365,0.1066251293805657,True,False,False,True,True,True
TS,n0020_i03,20,high,3,30.0,19.69276310002897,325685,109.85785082340297,0.012496576917693073,True,False,True,True,True,True
TS,n0020_i03,20,high,3,60.0,43.3291629999876,809752,109.84412406794925,0.0,True,True,True,True,True,True
TS,n0020_i03,20,high,3,120.0,43.3291629999876,809752,109.84412406794925,0.0,True,True,True,True,True,True
TS,n0020_i03,20,high,3,150.0,43.3291629999876,809752,109.84412406794925,0.0,True,True,True,True,True,True
TS,n0020_i03,20,high,4,1.0,0.41234779998194426,8530,110.05669367861798,0.19351932793166796,True,False,False,True,True,True
TS,n0020_i03,20,high,4,5.0,2.9328273000428453,60116,109.98330906542918,0.1267113727392742,True,False,False,True,True,True
TS,n0020_i03,20,high,4,15.0,14.503200400038622,215171,109.98304259463859,0.12646878280298654,True,False,False,True,True,True
TS,n0020_i03,20,high,4,30.0,24.100040299934335,410858,109.90921428579581,0.05925689553161294,True,False,True,True,True,True
TS,n0020_i03,20,high,4,60.0,43.912803299957886,809735,109.84412406794925,0.0,True,True,True,True,True,True
TS,n0020_i03,20,high,4,120.0,43.912803299957886,809735,109.84412406794925,0.0,True,True,True,True,True,True
TS,n0020_i03,20,high,4,150.0,43.912803299957886,809735,109.84412406794925,0.0,True,True,True,True,True,True
TS,n0020_i03,20,high,5,1.0,0.7293133999919519,15235,111.0071032508894,1.058754114349105,True,False,False,False,True,True
TS,n0020_i03,20,high,5,5.0,0.7293133999919519,15235,111.0071032508894,1.058754114349105,True,False,False,False,True,True
TS,n0020_i03,20,high,5,15.0,6.395335899898782,40906,109.98330906542918,0.1267113727392742,True,False,False,True,True,True
TS,n0020_i03,20,high,5,30.0,24.18472949997522,392852,109.96124550735365,0.1066251293805657,True,False,False,True,True,True
TS,n0020_i03,20,high,5,60.0,57.54053689993452,1053476,109.85785082340297,0.012496576917693073,True,False,True,True,True,True
TS,n0020_i03,20,high,5,120.0,63.85101469990332,1177614,109.84412406794925,0.0,True,True,True,True,True,True
TS,n0020_i03,20,high,5,150.0,63.85101469990332,1177614,109.84412406794925,0.0,True,True,True,True,True,True
2PGA,n0020_i04,20,high,1,1.0,0.9507458000007318,34194,137.96782983360538,0.6717824750722272,True,False,False,True,True,True
2PGA,n0020_i04,20,high,1,5.0,4.246098800009349,151594,137.38124132805677,0.24376305558735917,True,False,False,True,True,True
2PGA,n0020_i04,20,high,1,15.0,7.609037200003513,270826,137.36118328865481,0.22912719024117062,True,False,False,True,True,True
2PGA,n0020_i04,20,high,1,30.0,7.609037200003513,270826,137.36118328865481,0.22912719024117062,True,False,False,True,True,True
2PGA,n0020_i04,20,high,1,60.0,54.31169729999965,1914123,137.2355250791284,0.13743743944268696,True,False,False,True,True,True
2PGA,n0020_i04,20,high,1,120.0,60.44613440000103,2131148,137.2258477039834,0.1303760932817567,True,False,False,True,True,True
2PGA,n0020_i04,20,high,1,150.0,60.44613440000103,2131148,137.2258477039834,0.1303760932817567,True,False,False,True,True,True
2PGA,n0020_i04,20,high,2,1.0,0.8269698999938555,28481,137.37566330274623,0.23969290567356774,True,False,False,True,True,True
2PGA,n0020_i04,20,high,2,5.0,3.545438400004059,121470,137.31396843108948,0.19467565268968767,True,False,False,True,True,True
2PGA,n0020_i04,20,high,2,15.0,11.715081200003624,390349,137.22319054532932,0.12843722899471738,True,False,False,True,True,True
2PGA,n0020_i04,20,high,2,30.0,11.715081200003624,390349,137.22319054532932,0.12843722899471738,True,False,False,True,True,True
2PGA,n0020_i04,20,high,2,60.0,36.53755559999263,1249065,137.17004186312238,0.08965592337857027,True,False,True,True,True,True
2PGA,n0020_i04,20,high,2,120.0,36.53755559999263,1249065,137.17004186312238,0.08965592337857027,True,False,True,True,True,True
2PGA,n0020_i04,20,high,2,150.0,36.53755559999263,1249065,137.17004186312238,0.08965592337857027,True,False,True,True,True,True
2PGA,n0020_i04,20,high,3,1.0,0.7866134999931091,28369,137.74205084361407,0.5070370166906636,True,False,False,True,True,True
2PGA,n0020_i04,20,high,3,5.0,1.927270200001658,69639,137.4032369532533,0.2598127303402222,True,False,False,True,True,True
2PGA,n0020_i04,20,high,3,15.0,1.927270200001658,69639,137.4032369532533,0.2598127303402222,True,False,False,True,True,True
2PGA,n0020_i04,20,high,3,30.0,24.521360400001868,876807,137.27697004795937,0.16767882898885778,True,False,False,True,True,True
2PGA,n0020_i04,20,high,3,60.0,24.521360400001868,876807,137.27697004795937,0.16767882898885778,True,False,False,True,True,True
2PGA,n0020_i04,20,high,3,120.0,76.53299799999513,2692168,137.19576663738695,0.10842666784926995,True,False,False,True,True,True
2PGA,n0020_i04,20,high,3,150.0,76.53299799999513,2692168,137.19576663738695,0.10842666784926995,True,False,False,True,True,True
2PGA,n0020_i04,20,high,4,1.0,0.9694133000011789,33184,137.61506924128747,0.414381618231643,True,False,False,True,True,True
2PGA,n0020_i04,20,high,4,5.0,4.058970599988243,138694,137.43969553493528,0.2864156740037192,True,False,False,True,True,True
2PGA,n0020_i04,20,high,4,15.0,13.98922109999694,469497,137.37991185336972,0.24279297012132947,True,False,False,True,True,True
2PGA,n0020_i04,20,high,4,30.0,16.77041499999177,565170,137.27697004795937,0.16767882898885778,True,False,False,True,True,True
2PGA,n0020_i04,20,high,4,60.0,50.29945769999176,1720319,137.19060699955116,0.10466180513829516,True,False,False,True,True,True
2PGA,n0020_i04,20,high,4,120.0,50.29945769999176,1720319,137.19060699955116,0.10466180513829516,True,False,False,True,True,True
2PGA,n0020_i04,20,high,4,150.0,50.29945769999176,1720319,137.19060699955116,0.10466180513829516,True,False,False,True,True,True
2PGA,n0020_i04,20,high,5,1.0,0.9643379999906756,34332,138.41465934924378,0.9978231459738582,True,False,False,True,True,True
2PGA,n0020_i04,20,high,5,5.0,4.877864199996111,171838,137.45114702994692,0.2947715524444885,True,False,False,True,True,True
2PGA,n0020_i04,20,high,5,15.0,13.826015999991796,477461,137.27908923112878,0.16922514559986215,True,False,False,True,True,True
2PGA,n0020_i04,20,high,5,30.0,22.107319099988672,768354,137.17004186312238,0.08965592337857027,True,False,True,True,True,True
2PGA,n0020_i04,20,high,5,60.0,22.107319099988672,768354,137.17004186312238,0.08965592337857027,True,False,True,True,True,True
2PGA,n0020_i04,20,high,5,120.0,22.107319099988672,768354,137.17004186312238,0.08965592337857027,True,False,True,True,True,True
2PGA,n0020_i04,20,high,5,150.0,22.107319099988672,768354,137.17004186312238,0.08965592337857027,True,False,True,True,True,True
ACO,n0020_i04,20,high,1,1.0,0.8908333999988827,6052,138.8347832341746,1.3043773652244464,True,False,False,False,True,True
ACO,n0020_i04,20,high,1,5.0,0.8908333999988827,6052,138.8347832341746,1.3043773652244464,True,False,False,False,True,True
ACO,n0020_i04,20,high,1,15.0,9.131014099999447,60727,138.5548599497607,1.1001241271166087,True,False,False,False,True,True
ACO,n0020_i04,20,high,1,30.0,23.141873999999007,154556,138.16554836382556,0.8160528958625185,True,False,False,True,True,True
ACO,n0020_i04,20,high,1,60.0,46.88009339999917,312840,138.05757119223748,0.7372645700368557,True,False,False,True,True,True
ACO,n0020_i04,20,high,1,120.0,87.03707389999909,579829,137.8984059899145,0.6211255784676984,True,False,False,True,True,True
ACO,n0020_i04,20,high,1,150.0,140.56595949999974,937852,137.84044415801816,0.5788322341456056,True,False,False,True,True,True
ACO,n0020_i04,20,high,2,1.0,0.72818929999994,4802,138.43736922494017,1.0143939920102165,True,False,False,False,True,True
ACO,n0020_i04,20,high,2,5.0,1.4523045999994793,9588,138.32983748342352,0.9359306857149303,True,False,False,True,True,True
ACO,n0020_i04,20,high,2,15.0,1.4523045999994793,9588,138.32983748342352,0.9359306857149303,True,False,False,True,True,True
ACO,n0020_i04,20,high,2,30.0,15.183570400000463,99700,137.99969318761188,0.6950323924430927,True,False,False,True,True,True
ACO,n0020_i04,20,high,2,60.0,15.183570400000463,99700,137.99969318761188,0.6950323924430927,True,False,False,True,True,True
ACO,n0020_i04,20,high,2,120.0,15.183570400000463,99700,137.99969318761188,0.6950323924430927,True,False,False,True,True,True
ACO,n0020_i04,20,high,2,150.0,15.183570400000463,99700,137.99969318761188,0.6950323924430927,True,False,False,True,True,True
ACO,n0020_i04,20,high,3,1.0,0.4507797999995091,3059,138.69846353565694,1.2049081842364642,True,False,False,False,True,True
ACO,n0020_i04,20,high,3,5.0,3.8129553999988275,25451,138.56078617477863,1.1044483499200182,True,False,False,False,True,True
ACO,n0020_i04,20,high,3,15.0,3.8129553999988275,25451,138.56078617477863,1.1044483499200182,True,False,False,False,True,True
ACO,n0020_i04,20,high,3,30.0,19.611971799999083,130021,138.30222009749608,0.9157789483717342,True,False,False,True,True,True
ACO,n0020_i04,20,high,3,60.0,19.611971799999083,130021,138.30222009749608,0.9157789483717342,True,False,False,True,True,True
ACO,n0020_i04,20,high,3,120.0,68.58464699999968,455247,138.03766585314125,0.7227401264038391,True,False,False,True,True,True
ACO,n0020_i04,20,high,3,150.0,127.11525970000002,838741,138.03138955184895,0.7181604614253527,True,False,False,True,True,True
ACO,n0020_i04,20,high,4,1.0,0.44451090000075055,3055,138.7102554256039,1.2135124406137727,True,False,False,False,True,True
ACO,n0020_i04,20,high,4,5.0,0.44451090000075055,3055,138.7102554256039,1.2135124406137727,True,False,False,False,True,True
ACO,n0020_i04,20,high,4,15.0,9.056120200000805,60004,138.55883098066204,1.1030216921474105,True,False,False,False,True,True
ACO,n0020_i04,20,high,4,30.0,18.23437329999979,120651,138.23522519230988,0.8668943893410056,True,False,False,True,True,True
ACO,n0020_i04,20,high,4,60.0,18.23437329999979,120651,138.23522519230988,0.8668943893410056,True,False,False,True,True,True
ACO,n0020_i04,20,high,4,120.0,18.23437329999979,120651,138.23522519230988,0.8668943893410056,True,False,False,True,True,True
ACO,n0020_i04,20,high,4,150.0,123.40746070000023,822675,138.11413473007548,0.7785376130651871,True,False,False,True,True,True
ACO,n0020_i04,20,high,5,1.0,0.5183543000002828,6224,138.44963101767547,1.0233411250664624,True,False,False,False,True,True
ACO,n0020_i04,20,high,5,5.0,0.5183543000002828,6224,138.44963101767547,1.0233411250664624,True,False,False,False,True,True
ACO,n0020_i04,20,high,5,15.0,0.5183543000002828,6224,138.44963101767547,1.0233411250664624,True,False,False,False,True,True
ACO,n0020_i04,20,high,5,30.0,0.5183543000002828,6224,138.44963101767547,1.0233411250664624,True,False,False,False,True,True
ACO,n0020_i04,20,high,5,60.0,36.98003439999957,446577,138.26247158183392,0.8867754195978641,True,False,False,True,True,True
ACO,n0020_i04,20,high,5,120.0,89.88683579999997,1090944,137.71356795126715,0.4862537402843612,True,False,False,True,True,True
ACO,n0020_i04,20,high,5,150.0,89.88683579999997,1090944,137.71356795126715,0.4862537402843612,True,False,False,True,True,True
BRKGA-R-LS,n0020_i04,20,high,1,1.0,0.9449852000689134,20467,137.61208835481375,0.41220653759851755,True,False,False,True,True,True
BRKGA-R-LS,n0020_i04,20,high,1,5.0,1.2532887000124902,27086,137.38523460402186,0.24667685230218017,True,False,False,True,True,True
BRKGA-R-LS,n0020_i04,20,high,1,15.0,1.2532887000124902,27086,137.38523460402186,0.24667685230218017,True,False,False,True,True,True
BRKGA-R-LS,n0020_i04,20,high,1,30.0,17.732997699989937,289012,137.25606656355512,0.15242606290959826,True,False,False,True,True,True
BRKGA-R-LS,n0020_i04,20,high,1,60.0,52.86894140008371,1040576,137.24608271174935,0.14514108815522178,True,False,False,True,True,True
BRKGA-R-LS,n0020_i04,20,high,1,120.0,111.84394520008937,2298194,137.19631072043853,0.10882367206889886,True,False,False,True,True,True
BRKGA-R-LS,n0020_i04,20,high,1,150.0,111.84394520008937,2298194,137.19631072043853,0.10882367206889886,True,False,False,True,True,True
BRKGA-R-LS,n0020_i04,20,high,2,1.0,0.36812650004867464,8236,137.68586359735374,0.46603854450903714,True,False,False,True,True,True
BRKGA-R-LS,n0020_i04,20,high,2,5.0,0.36812650004867464,8236,137.68586359735374,0.46603854450903714,True,False,False,True,True,True
BRKGA-R-LS,n0020_i04,20,high,2,15.0,10.757102700066753,153908,137.48790106199348,0.3215900790802667,True,False,False,True,True,True
BRKGA-R-LS,n0020_i04,20,high,2,30.0,10.757102700066753,153908,137.48790106199348,0.3215900790802667,True,False,False,True,True,True
BRKGA-R-LS,n0020_i04,20,high,2,60.0,47.33706439996604,941407,137.31706053224684,0.19693188398273972,True,False,False,True,True,True
BRKGA-R-LS,n0020_i04,20,high,2,120.0,47.33706439996604,941407,137.31706053224684,0.19693188398273972,True,False,False,True,True,True
BRKGA-R-LS,n0020_i04,20,high,2,150.0,47.33706439996604,941407,137.31706053224684,0.19693188398273972,True,False,False,True,True,True
BRKGA-R-LS,n0020_i04,20,high,3,1.0,0.13941519998479635,3189,137.62639152682326,0.4226432156486185,True,False,False,True,True,True
BRKGA-R-LS,n0020_i04,20,high,3,5.0,2.153399199945852,47470,137.40806930771112,0.26333878230035396,True,False,False,True,True,True
BRKGA-R-LS,n0020_i04,20,high,3,15.0,10.432080599945039,140660,137.35501316222584,0.22462499848784628,True,False,False,True,True,True
BRKGA-R-LS,n0020_i04,20,high,3,30.0,10.432080599945039,140660,137.35501316222584,0.22462499848784628,True,False,False,True,True,True
BRKGA-R-LS,n0020_i04,20,high,3,60.0,42.619260799954645,826943,137.35370474078545,0.22367027506578174,True,False,False,True,True,True
BRKGA-R-LS,n0020_i04,20,high,3,120.0,64.31353119993582,1289435,137.19631072043853,0.10882367206889886,True,False,False,True,True,True
BRKGA-R-LS,n0020_i04,20,high,3,150.0,64.31353119993582,1289435,137.19631072043853,0.10882367206889886,True,False,False,True,True,True
BRKGA-R-LS,n0020_i04,20,high,4,1.0,0.6325411999132484,13884,137.64150200545927,0.43366896578308134,True,False,False,True,True,True
BRKGA-R-LS,n0020_i04,20,high,4,5.0,4.5257759999949485,97895,137.41511764123078,0.2684817804888376,True,False,False,True,True,True
BRKGA-R-LS,n0020_i04,20,high,4,15.0,13.519813899998553,286808,137.23509543127625,0.13712393581532628,True,False,False,True,True,True
BRKGA-R-LS,n0020_i04,20,high,4,30.0,20.968073399970308,367356,137.19060699955116,0.10466180513829516,True,False,False,True,True,True
BRKGA-R-LS,n0020_i04,20,high,4,60.0,20.968073399970308,367356,137.19060699955116,0.10466180513829516,True,False,False,True,True,True
BRKGA-R-LS,n0020_i04,20,high,4,120.0,20.968073399970308,367356,137.19060699955116,0.10466180513829516,True,False,False,True,True,True
BRKGA-R-LS,n0020_i04,20,high,4,150.0,20.968073399970308,367356,137.19060699955116,0.10466180513829516,True,False,False,True,True,True
BRKGA-R-LS,n0020_i04,20,high,5,1.0,0.930828999960795,19948,137.398641531774,0.2564595626336331,True,False,False,True,True,True
BRKGA-R-LS,n0020_i04,20,high,5,5.0,0.930828999960795,19948,137.398641531774,0.2564595626336331,True,False,False,True,True,True
BRKGA-R-LS,n0020_i04,20,high,5,15.0,0.930828999960795,19948,137.398641531774,0.2564595626336331,True,False,False,True,True,True
BRKGA-R-LS,n0020_i04,20,high,5,30.0,0.930828999960795,19948,137.398641531774,0.2564595626336331,True,False,False,True,True,True
BRKGA-R-LS,n0020_i04,20,high,5,60.0,0.930828999960795,19948,137.398641531774,0.2564595626336331,True,False,False,True,True,True
BRKGA-R-LS,n0020_i04,20,high,5,120.0,117.93253120000008,2447692,137.22931061064747,0.13290289236846053,True,False,False,True,True,True
BRKGA-R-LS,n0020_i04,20,high,5,150.0,126.77078100002836,2638528,137.19631072043853,0.10882367206889886,True,False,False,True,True,True
GA,n0020_i04,20,high,1,1.0,0.4294378000777215,9085,137.3190508475761,0.19838416885325133,True,False,False,True,True,True
GA,n0020_i04,20,high,1,5.0,0.4294378000777215,9085,137.3190508475761,0.19838416885325133,True,False,False,True,True,True
GA,n0020_i04,20,high,1,15.0,0.4294378000777215,9085,137.3190508475761,0.19838416885325133,True,False,False,True,True,True
GA,n0020_i04,20,high,1,30.0,0.4294378000777215,9085,137.3190508475761,0.19838416885325133,True,False,False,True,True,True
GA,n0020_i04,20,high,1,60.0,0.4294378000777215,9085,137.3190508475761,0.19838416885325133,True,False,False,True,True,True
GA,n0020_i04,20,high,1,120.0,0.4294378000777215,9085,137.3190508475761,0.19838416885325133,True,False,False,True,True,True
GA,n0020_i04,20,high,1,150.0,0.4294378000777215,9085,137.3190508475761,0.19838416885325133,True,False,False,True,True,True
GA,n0020_i04,20,high,2,1.0,0.22136310010682791,4814,137.38523460402186,0.24667685230218017,True,False,False,True,True,True
GA,n0020_i04,20,high,2,5.0,0.22136310010682791,4814,137.38523460402186,0.24667685230218017,True,False,False,True,True,True
GA,n0020_i04,20,high,2,15.0,0.22136310010682791,4814,137.38523460402186,0.24667685230218017,True,False,False,True,True,True
GA,n0020_i04,20,high,2,30.0,0.22136310010682791,4814,137.38523460402186,0.24667685230218017,True,False,False,True,True,True
GA,n0020_i04,20,high,2,60.0,0.22136310010682791,4814,137.38523460402186,0.24667685230218017,True,False,False,True,True,True
GA,n0020_i04,20,high,2,120.0,0.22136310010682791,4814,137.38523460402186,0.24667685230218017,True,False,False,True,True,True
GA,n0020_i04,20,high,2,150.0,0.22136310010682791,4814,137.38523460402186,0.24667685230218017,True,False,False,True,True,True
GA,n0020_i04,20,high,3,1.0,0.21010779996868223,4379,137.54893284748047,0.36612349415261763,True,False,False,True,True,True
GA,n0020_i04,20,high,3,5.0,0.21010779996868223,4379,137.54893284748047,0.36612349415261763,True,False,False,True,True,True
GA,n0020_i04,20,high,3,15.0,0.21010779996868223,4379,137.54893284748047,0.36612349415261763,True,False,False,True,True,True
GA,n0020_i04,20,high,3,30.0,0.21010779996868223,4379,137.54893284748047,0.36612349415261763,True,False,False,True,True,True
GA,n0020_i04,20,high,3,60.0,0.21010779996868223,4379,137.54893284748047,0.36612349415261763,True,False,False,True,True,True
GA,n0020_i04,20,high,3,120.0,0.21010779996868223,4379,137.54893284748047,0.36612349415261763,True,False,False,True,True,True
GA,n0020_i04,20,high,3,150.0,0.21010779996868223,4379,137.54893284748047,0.36612349415261763,True,False,False,True,True,True
GA,n0020_i04,20,high,4,1.0,0.1646026000380516,3529,137.5859510662521,0.3931347914404509,True,False,False,True,True,True
GA,n0020_i04,20,high,4,5.0,0.1646026000380516,3529,137.5859510662521,0.3931347914404509,True,False,False,True,True,True
GA,n0020_i04,20,high,4,15.0,0.1646026000380516,3529,137.5859510662521,0.3931347914404509,True,False,False,True,True,True
GA,n0020_i04,20,high,4,30.0,0.1646026000380516,3529,137.5859510662521,0.3931347914404509,True,False,False,True,True,True
GA,n0020_i04,20,high,4,60.0,0.1646026000380516,3529,137.5859510662521,0.3931347914404509,True,False,False,True,True,True
GA,n0020_i04,20,high,4,120.0,0.1646026000380516,3529,137.5859510662521,0.3931347914404509,True,False,False,True,True,True
GA,n0020_i04,20,high,4,150.0,0.1646026000380516,3529,137.5859510662521,0.3931347914404509,True,False,False,True,True,True
GA,n0020_i04,20,high,5,1.0,0.1302119999891147,2789,137.62451231087783,0.4212719973065645,True,False,False,True,True,True
GA,n0020_i04,20,high,5,5.0,0.1302119999891147,2789,137.62451231087783,0.4212719973065645,True,False,False,True,True,True
GA,n0020_i04,20,high,5,15.0,0.1302119999891147,2789,137.62451231087783,0.4212719973065645,True,False,False,True,True,True
GA,n0020_i04,20,high,5,30.0,0.1302119999891147,2789,137.62451231087783,0.4212719973065645,True,False,False,True,True,True
GA,n0020_i04,20,high,5,60.0,0.1302119999891147,2789,137.62451231087783,0.4212719973065645,True,False,False,True,True,True
GA,n0020_i04,20,high,5,120.0,0.1302119999891147,2789,137.62451231087783,0.4212719973065645,True,False,False,True,True,True
GA,n0020_i04,20,high,5,150.0,0.1302119999891147,2789,137.62451231087783,0.4212719973065645,True,False,False,True,True,True
HPSO,n0020_i04,20,high,1,1.0,0.5874863000353798,6318,137.42105866445223,0.272816801182798,True,False,False,True,True,True
HPSO,n0020_i04,20,high,1,5.0,0.5874863000353798,6318,137.42105866445223,0.272816801182798,True,False,False,True,True,True
HPSO,n0020_i04,20,high,1,15.0,6.762004200019874,32643,137.4075002926748,0.2629235858155613,True,False,False,True,True,True
HPSO,n0020_i04,20,high,1,30.0,25.368338700034656,234964,137.19631072043853,0.10882367206889886,True,False,False,True,True,True
HPSO,n0020_i04,20,high,1,60.0,25.368338700034656,234964,137.19631072043853,0.10882367206889886,True,False,False,True,True,True
HPSO,n0020_i04,20,high,1,120.0,25.368338700034656,234964,137.19631072043853,0.10882367206889886,True,False,False,True,True,True
HPSO,n0020_i04,20,high,1,150.0,25.368338700034656,234964,137.19631072043853,0.10882367206889886,True,False,False,True,True,True
HPSO,n0020_i04,20,high,2,1.0,0.13333089998923242,1527,137.38968423092987,0.24992363724269084,True,False,False,True,True,True
HPSO,n0020_i04,20,high,2,5.0,0.13333089998923242,1527,137.38968423092987,0.24992363724269084,True,False,False,True,True,True
HPSO,n0020_i04,20,high,2,15.0,6.544771500048228,27844,137.3396511943017,0.21341574271340785,True,False,False,True,True,True
HPSO,n0020_i04,20,high,2,30.0,6.544771500048228,27844,137.3396511943017,0.21341574271340785,True,False,False,True,True,True
HPSO,n0020_i04,20,high,2,60.0,6.544771500048228,27844,137.3396511943017,0.21341574271340785,True,False,False,True,True,True
HPSO,n0020_i04,20,high,2,120.0,6.544771500048228,27844,137.3396511943017,0.21341574271340785,True,False,False,True,True,True
HPSO,n0020_i04,20,high,2,150.0,128.19092780002393,1422691,137.19631072043853,0.10882367206889886,True,False,False,True,True,True
HPSO,n0020_i04,20,high,3,1.0,0.25845520000439137,2931,137.24608271174935,0.14514108815522178,True,False,False,True,True,True
HPSO,n0020_i04,20,high,3,5.0,0.25845520000439137,2931,137.24608271174935,0.14514108815522178,True,False,False,True,True,True
HPSO,n0020_i04,20,high,3,15.0,6.715144099900499,26323,137.0471709565371,0.0,True,True,True,True,True,True
HPSO,n0020_i04,20,high,3,30.0,6.715144099900499,26323,137.0471709565371,0.0,True,True,True,True,True,True
HPSO,n0020_i04,20,high,3,60.0,6.715144099900499,26323,137.0471709565371,0.0,True,True,True,True,True,True
HPSO,n0020_i04,20,high,3,120.0,6.715144099900499,26323,137.0471709565371,0.0,True,True,True,True,True,True
HPSO,n0020_i04,20,high,3,150.0,6.715144099900499,26323,137.0471709565371,0.0,True,True,True,True,True,True
HPSO,n0020_i04,20,high,4,1.0,0.5239262999966741,6031,138.73962697341432,1.2349441473797171,True,False,False,False,True,True
HPSO,n0020_i04,20,high,4,5.0,0.5239262999966741,6031,138.73962697341432,1.2349441473797171,True,False,False,False,True,True
HPSO,n0020_i04,20,high,4,15.0,0.5239262999966741,6031,138.73962697341432,1.2349441473797171,True,False,False,False,True,True
HPSO,n0020_i04,20,high,4,30.0,28.068301199935377,276613,138.51398561874186,1.070299118155421,True,False,False,False,True,True
HPSO,n0020_i04,20,high,4,60.0,44.8835112999659,470330,138.50017650069043,1.0602229393076241,True,False,False,False,True,True
HPSO,n0020_i04,20,high,4,120.0,44.8835112999659,470330,138.50017650069043,1.0602229393076241,True,False,False,False,True,True
HPSO,n0020_i04,20,high,4,150.0,139.84712599997874,1558254,137.90140501133482,0.6233138917319493,True,False,False,True,True,True
HPSO,n0020_i04,20,high,5,1.0,0.5141214999603108,5773,137.58472506304588,0.39224020660687114,True,False,False,True,True,True
HPSO,n0020_i04,20,high,5,5.0,0.5141214999603108,5773,137.58472506304588,0.39224020660687114,True,False,False,True,True,True
HPSO,n0020_i04,20,high,5,15.0,0.5141214999603108,5773,137.58472506304588,0.39224020660687114,True,False,False,True,True,True
HPSO,n0020_i04,20,high,5,30.0,0.5141214999603108,5773,137.58472506304588,0.39224020660687114,True,False,False,True,True,True
HPSO,n0020_i04,20,high,5,60.0,0.5141214999603108,5773,137.58472506304588,0.39224020660687114,True,False,False,True,True,True
HPSO,n0020_i04,20,high,5,120.0,0.5141214999603108,5773,137.58472506304588,0.39224020660687114,True,False,False,True,True,True
HPSO,n0020_i04,20,high,5,150.0,0.5141214999603108,5773,137.58472506304588,0.39224020660687114,True,False,False,True,True,True
TS,n0020_i04,20,high,1,1.0,0.7672560999635607,16669,137.1937328589571,0.10694266900737293,True,False,False,True,True,True
TS,n0020_i04,20,high,1,5.0,0.7672560999635607,16669,137.1937328589571,0.10694266900737293,True,False,False,True,True,True
TS,n0020_i04,20,high,1,15.0,11.353049500030465,155966,137.0471709565371,0.0,True,True,True,True,True,True
TS,n0020_i04,20,high,1,30.0,11.353049500030465,155966,137.0471709565371,0.0,True,True,True,True,True,True
TS,n0020_i04,20,high,1,60.0,11.353049500030465,155966,137.0471709565371,0.0,True,True,True,True,True,True
TS,n0020_i04,20,high,1,120.0,11.353049500030465,155966,137.0471709565371,0.0,True,True,True,True,True,True
TS,n0020_i04,20,high,1,150.0,11.353049500030465,155966,137.0471709565371,0.0,True,True,True,True,True,True
TS,n0020_i04,20,high,2,1.0,0.5685863000107929,12658,137.1937328589571,0.10694266900737293,True,False,False,True,True,True
TS,n0020_i04,20,high,2,5.0,0.5685863000107929,12658,137.1937328589571,0.10694266900737293,True,False,False,True,True,True
TS,n0020_i04,20,high,2,15.0,8.92458260001149,106420,137.0471709565371,0.0,True,True,True,True,True,True
TS,n0020_i04,20,high,2,30.0,8.92458260001149,106420,137.0471709565371,0.0,True,True,True,True,True,True
TS,n0020_i04,20,high,2,60.0,8.92458260001149,106420,137.0471709565371,0.0,True,True,True,True,True,True
TS,n0020_i04,20,high,2,120.0,8.92458260001149,106420,137.0471709565371,0.0,True,True,True,True,True,True
TS,n0020_i04,20,high,2,150.0,8.92458260001149,106420,137.0471709565371,0.0,True,True,True,True,True,True
TS,n0020_i04,20,high,3,1.0,0.4198148000286892,9241,137.19631072043853,0.10882367206889886,True,False,False,True,True,True
TS,n0020_i04,20,high,3,5.0,1.1027681999839842,24107,137.1937328589571,0.10694266900737293,True,False,False,True,True,True
TS,n0020_i04,20,high,3,15.0,1.1027681999839842,24107,137.1937328589571,0.10694266900737293,True,False,False,True,True,True
TS,n0020_i04,20,high,3,30.0,24.255065500037745,440877,137.0471709565371,0.0,True,True,True,True,True,True
TS,n0020_i04,20,high,3,60.0,24.255065500037745,440877,137.0471709565371,0.0,True,True,True,True,True,True
TS,n0020_i04,20,high,3,120.0,24.255065500037745,440877,137.0471709565371,0.0,True,True,True,True,True,True
TS,n0020_i04,20,high,3,150.0,24.255065500037745,440877,137.0471709565371,0.0,True,True,True,True,True,True
TS,n0020_i04,20,high,4,1.0,0.19313369994051754,4361,137.1937328589571,0.10694266900737293,True,False,False,True,True,True
TS,n0020_i04,20,high,4,5.0,0.19313369994051754,4361,137.1937328589571,0.10694266900737293,True,False,False,True,True,True
TS,n0020_i04,20,high,4,15.0,0.19313369994051754,4361,137.1937328589571,0.10694266900737293,True,False,False,True,True,True
TS,n0020_i04,20,high,4,30.0,22.625504600000568,412686,137.0471709565371,0.0,True,True,True,True,True,True
TS,n0020_i04,20,high,4,60.0,22.625504600000568,412686,137.0471709565371,0.0,True,True,True,True,True,True
TS,n0020_i04,20,high,4,120.0,22.625504600000568,412686,137.0471709565371,0.0,True,True,True,True,True,True
TS,n0020_i04,20,high,4,150.0,22.625504600000568,412686,137.0471709565371,0.0,True,True,True,True,True,True
TS,n0020_i04,20,high,5,1.0,0.6055667999899015,13425,137.20707513526452,0.11667820474611766,True,False,False,True,True,True
TS,n0020_i04,20,high,5,5.0,0.6055667999899015,13425,137.20707513526452,0.11667820474611766,True,False,False,True,True,True
TS,n0020_i04,20,high,5,15.0,13.306947299977764,200519,137.0471709565371,0.0,True,True,True,True,True,True
TS,n0020_i04,20,high,5,30.0,13.306947299977764,200519,137.0471709565371,0.0,True,True,True,True,True,True
TS,n0020_i04,20,high,5,60.0,13.306947299977764,200519,137.0471709565371,0.0,True,True,True,True,True,True
TS,n0020_i04,20,high,5,120.0,13.306947299977764,200519,137.0471709565371,0.0,True,True,True,True,True,True
TS,n0020_i04,20,high,5,150.0,13.306947299977764,200519,137.0471709565371,0.0,True,True,True,True,True,True
2PGA,n0020_i05,20,medium,1,1.0,0.6553302999964217,21423,122.24882753462715,2.203671525013511,True,False,False,False,True,True
2PGA,n0020_i05,20,medium,1,5.0,4.013528499999666,129119,120.62611521659436,0.8470355549479432,True,False,False,True,True,True
2PGA,n0020_i05,20,medium,1,15.0,11.169167699990794,348776,119.80072662640086,0.15698603828705096,True,False,False,True,True,True
2PGA,n0020_i05,20,medium,1,30.0,17.73131899999862,543562,119.77815224484841,0.13811318098776168,True,False,False,True,True,True
2PGA,n0020_i05,20,medium,1,60.0,17.73131899999862,543562,119.77815224484841,0.13811318098776168,True,False,False,True,True,True
2PGA,n0020_i05,20,medium,1,120.0,17.73131899999862,543562,119.77815224484841,0.13811318098776168,True,False,False,True,True,True
2PGA,n0020_i05,20,medium,1,150.0,17.73131899999862,543562,119.77815224484841,0.13811318098776168,True,False,False,True,True,True
2PGA,n0020_i05,20,medium,2,1.0,0.9699971999943955,30808,119.95259903006438,0.283955904344407,True,False,False,True,True,True
2PGA,n0020_i05,20,medium,2,5.0,4.915323699999135,153762,119.7859070116063,0.14459639764070983,True,False,False,True,True,True
2PGA,n0020_i05,20,medium,2,15.0,7.442760799996904,232176,119.69866858470647,0.07166246684531088,True,False,True,True,True,True
2PGA,n0020_i05,20,medium,2,30.0,22.176079800003208,687134,119.62167288017976,0.007291757915151209,True,False,True,True,True,True
2PGA,n0020_i05,20,medium,2,60.0,44.68800120000378,1380154,119.61295099335815,0.0,True,True,True,True,True,True
2PGA,n0020_i05,20,medium,2,120.0,44.68800120000378,1380154,119.61295099335815,0.0,True,True,True,True,True,True
2PGA,n0020_i05,20,medium,2,150.0,44.68800120000378,1380154,119.61295099335815,0.0,True,True,True,True,True,True
2PGA,n0020_i05,20,medium,3,1.0,0.8251585999969393,25674,120.63625193705236,0.8555101560457541,True,False,False,True,True,True
2PGA,n0020_i05,20,medium,3,5.0,4.901447199998074,151097,120.36862993654667,0.6317701694613945,True,False,False,True,True,True
2PGA,n0020_i05,20,medium,3,15.0,5.974849899997935,184208,120.2516559157867,0.5339763939642378,True,False,False,True,True,True
2PGA,n0020_i05,20,medium,3,30.0,5.974849899997935,184208,120.2516559157867,0.5339763939642378,True,False,False,True,True,True
2PGA,n0020_i05,20,medium,3,60.0,5.974849899997935,184208,120.2516559157867,0.5339763939642378,True,False,False,True,True,True
2PGA,n0020_i05,20,medium,3,120.0,5.974849899997935,184208,120.2516559157867,0.5339763939642378,True,False,False,True,True,True
2PGA,n0020_i05,20,medium,3,150.0,5.974849899997935,184208,120.2516559157867,0.5339763939642378,True,False,False,True,True,True
2PGA,n0020_i05,20,medium,4,1.0,0.924998799993773,28988,120.30959274648116,0.5824133150612483,True,False,False,True,True,True
2PGA,n0020_i05,20,medium,4,5.0,4.35958259999461,135517,120.2350477948409,0.5200915087508243,True,False,False,True,True,True
2PGA,n0020_i05,20,medium,4,15.0,4.35958259999461,135517,120.2350477948409,0.5200915087508243,True,False,False,True,True,True
2PGA,n0020_i05,20,medium,4,30.0,16.796672800002852,508046,120.21507585905425,0.5033943738496448,True,False,False,True,True,True
2PGA,n0020_i05,20,medium,4,60.0,16.796672800002852,508046,120.21507585905425,0.5033943738496448,True,False,False,True,True,True
2PGA,n0020_i05,20,medium,4,120.0,16.796672800002852,508046,120.21507585905425,0.5033943738496448,True,False,False,True,True,True
2PGA,n0020_i05,20,medium,4,150.0,16.796672800002852,508046,120.21507585905425,0.5033943738496448,True,False,False,True,True,True
2PGA,n0020_i05,20,medium,5,1.0,0.7521904000022914,25103,122.21854560862181,2.178354930318823,True,False,False,False,True,True
2PGA,n0020_i05,20,medium,5,5.0,4.894693399997777,157508,120.41807695059717,0.6731093502439552,True,False,False,True,True,True
2PGA,n0020_i05,20,medium,5,15.0,7.655533199998899,241187,119.78350597207576,0.14258905687150422,True,False,False,True,True,True
2PGA,n0020_i05,20,medium,5,30.0,7.655533199998899,241187,119.78350597207576,0.14258905687150422,True,False,False,True,True,True
2PGA,n0020_i05,20,medium,5,60.0,7.655533199998899,241187,119.78350597207576,0.14258905687150422,True,False,False,True,True,True
2PGA,n0020_i05,20,medium,5,120.0,7.655533199998899,241187,119.78350597207576,0.14258905687150422,True,False,False,True,True,True
2PGA,n0020_i05,20,medium,5,150.0,7.655533199998899,241187,119.78350597207576,0.14258905687150422,True,False,False,True,True,True
ACO,n0020_i05,20,medium,1,1.0,0.15162430000054883,1808,122.3803758359091,2.3136498343767316,True,False,False,False,True,True
ACO,n0020_i05,20,medium,1,5.0,2.093435999999201,24798,121.34642071483685,1.4492324677910122,True,False,False,False,True,True
ACO,n0020_i05,20,medium,1,15.0,13.76619650000066,160996,120.79107508128625,0.9849469293617844,True,False,False,True,True,True
ACO,n0020_i05,20,medium,1,30.0,16.882906599999842,197449,120.48507149895258,0.7291187938694454,True,False,False,True,True,True
ACO,n0020_i05,20,medium,1,60.0,16.882906599999842,197449,120.48507149895258,0.7291187938694454,True,False,False,True,True,True
ACO,n0020_i05,20,medium,1,120.0,16.882906599999842,197449,120.48507149895258,0.7291187938694454,True,False,False,True,True,True
ACO,n0020_i05,20,medium,1,150.0,16.882906599999842,197449,120.48507149895258,0.7291187938694454,True,False,False,True,True,True
ACO,n0020_i05,20,medium,2,1.0,0.6697879000003013,7944,121.51516283691775,1.5903059223622233,True,False,False,False,True,True
ACO,n0020_i05,20,medium,2,5.0,0.6697879000003013,7944,121.51516283691775,1.5903059223622233,True,False,False,False,True,True
ACO,n0020_i05,20,medium,2,15.0,0.6697879000003013,7944,121.51516283691775,1.5903059223622233,True,False,False,False,True,True
ACO,n0020_i05,20,medium,2,30.0,0.6697879000003013,7944,121.51516283691775,1.5903059223622233,True,False,False,False,True,True
ACO,n0020_i05,20,medium,2,60.0,0.6697879000003013,7944,121.51516283691775,1.5903059223622233,True,False,False,False,True,True
ACO,n0020_i05,20,medium,2,120.0,93.44287339999937,1126765,120.9159822857866,1.0893730834387636,True,False,False,False,True,True
ACO,n0020_i05,20,medium,2,150.0,93.44287339999937,1126765,120.9159822857866,1.0893730834387636,True,False,False,False,True,True
ACO,n0020_i05,20,medium,3,1.0,0.6427208999994036,7903,121.74742151162833,1.7844811122406803,True,False,False,False,True,True
ACO,n0020_i05,20,medium,3,5.0,1.7629322999982833,21676,121.4608085429969,1.5448641090222361,True,False,False,False,True,True
ACO,n0020_i05,20,medium,3,15.0,1.7629322999982833,21676,121.4608085429969,1.5448641090222361,True,False,False,False,True,True
ACO,n0020_i05,20,medium,3,30.0,26.616238199998406,329065,121.27050408171166,1.3857638947855653,True,False,False,False,True,True
ACO,n0020_i05,20,medium,3,60.0,26.616238199998406,329065,121.27050408171166,1.3857638947855653,True,False,False,False,True,True
ACO,n0020_i05,20,medium,3,120.0,117.7800428999999,1454953,120.76014782908338,0.9590908226893645,True,False,False,True,True,True
ACO,n0020_i05,20,medium,3,150.0,117.7800428999999,1454953,120.76014782908338,0.9590908226893645,True,False,False,True,True,True
ACO,n0020_i05,20,medium,4,1.0,0.06468630000017583,812,122.27306067789597,2.223931156656711,True,False,False,False,True,True
ACO,n0020_i05,20,medium,4,5.0,4.360103400000298,53959,121.06095574988188,1.210575229938215,True,False,False,False,True,True
ACO,n0020_i05,20,medium,4,15.0,4.360103400000298,53959,121.06095574988188,1.210575229938215,True,False,False,False,True,True
ACO,n0020_i05,20,medium,4,30.0,4.360103400000298,53959,121.06095574988188,1.210575229938215,True,False,False,False,True,True
ACO,n0020_i05,20,medium,4,60.0,56.120135299999674,692418,121.05162499996226,1.2027744442857105,True,False,False,False,True,True
ACO,n0020_i05,20,medium,4,120.0,110.22732030000043,1360097,121.03124990113191,1.1857402530370773,True,False,False,False,True,True
ACO,n0020_i05,20,medium,4,150.0,142.9373556999999,1765879,120.79378424869273,0.9872118742393919,True,False,False,True,True,True
ACO,n0020_i05,20,medium,5,1.0,0.7728365000002668,9775,121.34813447499755,1.450665222477244,True,False,False,False,True,True
ACO,n0020_i05,20,medium,5,5.0,4.878636999999799,61257,121.07716666294117,1.2241280374934627,True,False,False,False,True,True
ACO,n0020_i05,20,medium,5,15.0,4.878636999999799,61257,121.07716666294117,1.2241280374934627,True,False,False,False,True,True
ACO,n0020_i05,20,medium,5,30.0,4.878636999999799,61257,121.07716666294117,1.2241280374934627,True,False,False,False,True,True
ACO,n0020_i05,20,medium,5,60.0,33.71173280000039,420447,120.96067563119398,1.1267380552384003,True,False,False,False,True,True
ACO,n0020_i05,20,medium,5,120.0,90.1057810000002,1123501,120.50307120861858,0.7441670888212185,True,False,False,True,True,True
ACO,n0020_i05,20,medium,5,150.0,90.1057810000002,1123501,120.50307120861858,0.7441670888212185,True,False,False,True,True,True
BRKGA-R-LS,n0020_i05,20,medium,1,1.0,0.1540845000417903,3218,120.07582060141267,0.3869728187545681,True,False,False,True,True,True
BRKGA-R-LS,n0020_i05,20,medium,1,5.0,0.1540845000417903,3218,120.07582060141267,0.3869728187545681,True,False,False,True,True,True
BRKGA-R-LS,n0020_i05,20,medium,1,15.0,0.1540845000417903,3218,120.07582060141267,0.3869728187545681,True,False,False,True,True,True
BRKGA-R-LS,n0020_i05,20,medium,1,30.0,16.717186400084756,245102,120.00245188023762,0.32563437624834507,True,False,False,True,True,True
BRKGA-R-LS,n0020_i05,20,medium,1,60.0,16.717186400084756,245102,120.00245188023762,0.32563437624834507,True,False,False,True,True,True
BRKGA-R-LS,n0020_i05,20,medium,1,120.0,16.717186400084756,245102,120.00245188023762,0.32563437624834507,True,False,False,True,True,True
BRKGA-R-LS,n0020_i05,20,medium,1,150.0,16.717186400084756,245102,120.00245188023762,0.32563437624834507,True,False,False,True,True,True
BRKGA-R-LS,n0020_i05,20,medium,2,1.0,0.15408130001742393,3149,120.74797179203053,0.948911292001647,True,False,False,True,True,True
BRKGA-R-LS,n0020_i05,20,medium,2,5.0,1.490775200072676,28721,120.0058071261733,0.32843946207543595,True,False,False,True,True,True
BRKGA-R-LS,n0020_i05,20,medium,2,15.0,1.490775200072676,28721,120.0058071261733,0.32843946207543595,True,False,False,True,True,True
BRKGA-R-LS,n0020_i05,20,medium,2,30.0,1.490775200072676,28721,120.0058071261733,0.32843946207543595,True,False,False,True,True,True
BRKGA-R-LS,n0020_i05,20,medium,2,60.0,46.57534660003148,801220,120.00075154472357,0.32421284496772396,True,False,False,True,True,True
BRKGA-R-LS,n0020_i05,20,medium,2,120.0,115.7349802000681,2120103,119.90077601248018,0.240630313633853,True,False,False,True,True,True
BRKGA-R-LS,n0020_i05,20,medium,2,150.0,133.46708790003322,2458578,119.71603401511378,0.086180485390204,True,False,True,True,True,True
BRKGA-R-LS,n0020_i05,20,medium,3,1.0,0.5855614999309182,11717,120.58541767361193,0.8130111933345521,True,False,False,True,True,True
BRKGA-R-LS,n0020_i05,20,medium,3,5.0,1.9205498999217525,37249,120.33293450478891,0.6019277222503555,True,False,False,True,True,True
BRKGA-R-LS,n0020_i05,20,medium,3,15.0,10.66678420000244,130357,119.71105494068011,0.0820178304332673,True,False,True,True,True,True
BRKGA-R-LS,n0020_i05,20,medium,3,30.0,10.66678420000244,130357,119.71105494068011,0.0820178304332673,True,False,True,True,True,True
BRKGA-R-LS,n0020_i05,20,medium,3,60.0,42.21089949994348,725413,119.61295099335815,0.0,True,True,True,True,True,True
BRKGA-R-LS,n0020_i05,20,medium,3,120.0,42.21089949994348,725413,119.61295099335815,0.0,True,True,True,True,True,True
BRKGA-R-LS,n0020_i05,20,medium,3,150.0,42.21089949994348,725413,119.61295099335815,0.0,True,True,True,True,True,True
BRKGA-R-LS,n0020_i05,20,medium,4,1.0,0.10144220001529902,2056,120.2826238482999,0.5598665105912627,True,False,False,True,True,True
BRKGA-R-LS,n0020_i05,20,medium,4,5.0,0.10144220001529902,2056,120.2826238482999,0.5598665105912627,True,False,False,True,True,True
BRKGA-R-LS,n0020_i05,20,medium,4,15.0,12.771594799938612,161704,120.19627024012951,0.4876723146841712,True,False,False,True,True,True
BRKGA-R-LS,n0020_i05,20,medium,4,30.0,12.771594799938612,161704,120.19627024012951,0.4876723146841712,True,False,False,True,True,True
BRKGA-R-LS,n0020_i05,20,medium,4,60.0,36.97412099991925,613171,119.71375862433302,0.08427819072908573,True,False,True,True,True,True
BRKGA-R-LS,n0020_i05,20,medium,4,120.0,36.97412099991925,613171,119.71375862433302,0.08427819072908573,True,False,True,True,True,True
BRKGA-R-LS,n0020_i05,20,medium,4,150.0,36.97412099991925,613171,119.71375862433302,0.08427819072908573,True,False,True,True,True,True
BRKGA-R-LS,n0020_i05,20,medium,5,1.0,0.1889837000053376,3942,120.77584416027086,0.9722134244286664,True,False,False,True,True,True
BRKGA-R-LS,n0020_i05,20,medium,5,5.0,4.596018300042488,90338,119.94673958047466,0.279057229459238,True,False,False,True,True,True
BRKGA-R-LS,n0020_i05,20,medium,5,15.0,7.038156500086188,138057,119.93658490158658,0.2705676145774557,True,False,False,True,True,True
BRKGA-R-LS,n0020_i05,20,medium,5,30.0,7.038156500086188,138057,119.93658490158658,0.2705676145774557,True,False,False,True,True,True
BRKGA-R-LS,n0020_i05,20,medium,5,60.0,54.41845110000577,963276,119.61295099335815,0.0,True,True,True,True,True,True
BRKGA-R-LS,n0020_i05,20,medium,5,120.0,54.41845110000577,963276,119.61295099335815,0.0,True,True,True,True,True,True
BRKGA-R-LS,n0020_i05,20,medium,5,150.0,54.41845110000577,963276,119.61295099335815,0.0,True,True,True,True,True,True
GA,n0020_i05,20,medium,1,1.0,0.2830713000148535,5335,120.00075154472357,0.32421284496772396,True,False,False,True,True,True
GA,n0020_i05,20,medium,1,5.0,0.2830713000148535,5335,120.00075154472357,0.32421284496772396,True,False,False,True,True,True
GA,n0020_i05,20,medium,1,15.0,0.2830713000148535,5335,120.00075154472357,0.32421284496772396,True,False,False,True,True,True
GA,n0020_i05,20,medium,1,30.0,0.2830713000148535,5335,120.00075154472357,0.32421284496772396,True,False,False,True,True,True
GA,n0020_i05,20,medium,1,60.0,0.2830713000148535,5335,120.00075154472357,0.32421284496772396,True,False,False,True,True,True
GA,n0020_i05,20,medium,1,120.0,0.2830713000148535,5335,120.00075154472357,0.32421284496772396,True,False,False,True,True,True
GA,n0020_i05,20,medium,1,150.0,0.2830713000148535,5335,120.00075154472357,0.32421284496772396,True,False,False,True,True,True
GA,n0020_i05,20,medium,2,1.0,0.21564030006993562,4067,120.44278330155828,0.6937645976531449,True,False,False,True,True,True
GA,n0020_i05,20,medium,2,5.0,0.21564030006993562,4067,120.44278330155828,0.6937645976531449,True,False,False,True,True,True
GA,n0020_i05,20,medium,2,15.0,0.21564030006993562,4067,120.44278330155828,0.6937645976531449,True,False,False,True,True,True
GA,n0020_i05,20,medium,2,30.0,0.21564030006993562,4067,120.44278330155828,0.6937645976531449,True,False,False,True,True,True
GA,n0020_i05,20,medium,2,60.0,0.21564030006993562,4067,120.44278330155828,0.6937645976531449,True,False,False,True,True,True
GA,n0020_i05,20,medium,2,120.0,0.21564030006993562,4067,120.44278330155828,0.6937645976531449,True,False,False,True,True,True
GA,n0020_i05,20,medium,2,150.0,0.21564030006993562,4067,120.44278330155828,0.6937645976531449,True,False,False,True,True,True
GA,n0020_i05,20,medium,3,1.0,0.8661255999468267,16010,119.88716865837421,0.22925415913472427,True,False,False,True,True,True
GA,n0020_i05,20,medium,3,5.0,0.8661255999468267,16010,119.88716865837421,0.22925415913472427,True,False,False,True,True,True
GA,n0020_i05,20,medium,3,15.0,0.8661255999468267,16010,119.88716865837421,0.22925415913472427,True,False,False,True,True,True
GA,n0020_i05,20,medium,3,30.0,0.8661255999468267,16010,119.88716865837421,0.22925415913472427,True,False,False,True,True,True
GA,n0020_i05,20,medium,3,60.0,0.8661255999468267,16010,119.88716865837421,0.22925415913472427,True,False,False,True,True,True
GA,n0020_i05,20,medium,3,120.0,0.8661255999468267,16010,119.88716865837421,0.22925415913472427,True,False,False,True,True,True
GA,n0020_i05,20,medium,3,150.0,0.8661255999468267,16010,119.88716865837421,0.22925415913472427,True,False,False,True,True,True
GA,n0020_i05,20,medium,4,1.0,0.8454331000102684,15338,120.30063331097378,0.5749229593489509,True,False,False,True,True,True
GA,n0020_i05,20,medium,4,5.0,0.8454331000102684,15338,120.30063331097378,0.5749229593489509,True,False,False,True,True,True
GA,n0020_i05,20,medium,4,15.0,0.8454331000102684,15338,120.30063331097378,0.5749229593489509,True,False,False,True,True,True
GA,n0020_i05,20,medium,4,30.0,0.8454331000102684,15338,120.30063331097378,0.5749229593489509,True,False,False,True,True,True
GA,n0020_i05,20,medium,4,60.0,0.8454331000102684,15338,120.30063331097378,0.5749229593489509,True,False,False,True,True,True
GA,n0020_i05,20,medium,4,120.0,0.8454331000102684,15338,120.30063331097378,0.5749229593489509,True,False,False,True,True,True
GA,n0020_i05,20,medium,4,150.0,0.8454331000102684,15338,120.30063331097378,0.5749229593489509,True,False,False,True,True,True
GA,n0020_i05,20,medium,5,1.0,0.32186220004223287,6168,120.30063331097378,0.5749229593489509,True,False,False,True,True,True
GA,n0020_i05,20,medium,5,5.0,0.32186220004223287,6168,120.30063331097378,0.5749229593489509,True,False,False,True,True,True
GA,n0020_i05,20,medium,5,15.0,0.32186220004223287,6168,120.30063331097378,0.5749229593489509,True,False,False,True,True,True
GA,n0020_i05,20,medium,5,30.0,0.32186220004223287,6168,120.30063331097378,0.5749229593489509,True,False,False,True,True,True
GA,n0020_i05,20,medium,5,60.0,0.32186220004223287,6168,120.30063331097378,0.5749229593489509,True,False,False,True,True,True
GA,n0020_i05,20,medium,5,120.0,0.32186220004223287,6168,120.30063331097378,0.5749229593489509,True,False,False,True,True,True
GA,n0020_i05,20,medium,5,150.0,0.32186220004223287,6168,120.30063331097378,0.5749229593489509,True,False,False,True,True,True
HPSO,n0020_i05,20,medium,1,1.0,0.5192164999898523,5497,120.30063331097378,0.5749229593489509,True,False,False,True,True,True
HPSO,n0020_i05,20,medium,1,5.0,0.5192164999898523,5497,120.30063331097378,0.5749229593489509,True,False,False,True,True,True
HPSO,n0020_i05,20,medium,1,15.0,0.5192164999898523,5497,120.30063331097378,0.5749229593489509,True,False,False,True,True,True
HPSO,n0020_i05,20,medium,1,30.0,0.5192164999898523,5497,120.30063331097378,0.5749229593489509,True,False,False,True,True,True
HPSO,n0020_i05,20,medium,1,60.0,0.5192164999898523,5497,120.30063331097378,0.5749229593489509,True,False,False,True,True,True
HPSO,n0020_i05,20,medium,1,120.0,97.8795553999953,992999,120.00075154472357,0.32421284496772396,True,False,False,True,True,True
HPSO,n0020_i05,20,medium,1,150.0,97.8795553999953,992999,120.00075154472357,0.32421284496772396,True,False,False,True,True,True
HPSO,n0020_i05,20,medium,2,1.0,0.5026654999237508,5259,120.80802474053924,0.9991173508021249,True,False,False,True,True,True
HPSO,n0020_i05,20,medium,2,5.0,0.5026654999237508,5259,120.80802474053924,0.9991173508021249,True,False,False,True,True,True
HPSO,n0020_i05,20,medium,2,15.0,0.5026654999237508,5259,120.80802474053924,0.9991173508021249,True,False,False,True,True,True
HPSO,n0020_i05,20,medium,2,30.0,16.047553399926983,127873,120.80372501116223,0.9955226486053296,True,False,False,True,True,True
HPSO,n0020_i05,20,medium,2,60.0,16.047553399926983,127873,120.80372501116223,0.9955226486053296,True,False,False,True,True,True
HPSO,n0020_i05,20,medium,2,120.0,110.32614399993327,1128422,120.75469610250093,0.9545330164174058,True,False,False,True,True,True
HPSO,n0020_i05,20,medium,2,150.0,139.86801550001837,1443268,120.54125497291072,0.7760898563602142,True,False,False,True,True,True
HPSO,n0020_i05,20,medium,3,1.0,0.7003270999994129,7438,120.75432612013303,0.9542237001060638,True,False,False,True,True,True
HPSO,n0020_i05,20,medium,3,5.0,0.7003270999994129,7438,120.75432612013303,0.9542237001060638,True,False,False,True,True,True
HPSO,n0020_i05,20,medium,3,15.0,0.7003270999994129,7438,120.75432612013303,0.9542237001060638,True,False,False,True,True,True
HPSO,n0020_i05,20,medium,3,30.0,29.32627009996213,272638,120.63916461993281,0.8579452459388303,True,False,False,True,True,True
HPSO,n0020_i05,20,medium,3,60.0,46.24322069995105,452273,120.52637804277806,0.7636522983791523,True,False,False,True,True,True
HPSO,n0020_i05,20,medium,3,120.0,90.78722419997212,923406,120.46738030357056,0.7143284260747439,True,False,False,True,True,True
HPSO,n0020_i05,20,medium,3,150.0,90.78722419997212,923406,120.46738030357056,0.7143284260747439,True,False,False,True,True,True
HPSO,n0020_i05,20,medium,4,1.0,0.39695779990870506,4287,120.30063331097378,0.5749229593489509,True,False,False,True,True,True
HPSO,n0020_i05,20,medium,4,5.0,0.39695779990870506,4287,120.30063331097378,0.5749229593489509,True,False,False,True,True,True
HPSO,n0020_i05,20,medium,4,15.0,0.39695779990870506,4287,120.30063331097378,0.5749229593489509,True,False,False,True,True,True
HPSO,n0020_i05,20,medium,4,30.0,17.380143599933945,141353,120.00075154472357,0.32421284496772396,True,False,False,True,True,True
HPSO,n0020_i05,20,medium,4,60.0,17.380143599933945,141353,120.00075154472357,0.32421284496772396,True,False,False,True,True,True
HPSO,n0020_i05,20,medium,4,120.0,17.380143599933945,141353,120.00075154472357,0.32421284496772396,True,False,False,True,True,True
HPSO,n0020_i05,20,medium,4,150.0,17.380143599933945,141353,120.00075154472357,0.32421284496772396,True,False,False,True,True,True
HPSO,n0020_i05,20,medium,5,1.0,0.13317909999750555,2811,120.02131275241128,0.34140262878038796,True,False,False,True,True,True
HPSO,n0020_i05,20,medium,5,5.0,4.219750300049782,88966,120.00075154472357,0.32421284496772396,True,False,False,True,True,True
HPSO,n0020_i05,20,medium,5,15.0,4.219750300049782,88966,120.00075154472357,0.32421284496772396,True,False,False,True,True,True
HPSO,n0020_i05,20,medium,5,30.0,4.219750300049782,88966,120.00075154472357,0.32421284496772396,True,False,False,True,True,True
HPSO,n0020_i05,20,medium,5,60.0,4.219750300049782,88966,120.00075154472357,0.32421284496772396,True,False,False,True,True,True
HPSO,n0020_i05,20,medium,5,120.0,4.219750300049782,88966,120.00075154472357,0.32421284496772396,True,False,False,True,True,True
HPSO,n0020_i05,20,medium,5,150.0,4.219750300049782,88966,120.00075154472357,0.32421284496772396,True,False,False,True,True,True
TS,n0020_i05,20,medium,1,1.0,0.18231920001562685,3602,120.30063331097378,0.5749229593489509,True,False,False,True,True,True
TS,n0020_i05,20,medium,1,5.0,1.1072514000115916,21174,120.00075154472357,0.32421284496772396,True,False,False,True,True,True
TS,n0020_i05,20,medium,1,15.0,10.241877000080422,119789,119.61295099335815,0.0,True,True,True,True,True,True
TS,n0020_i05,20,medium,1,30.0,10.241877000080422,119789,119.61295099335815,0.0,True,True,True,True,True,True
TS,n0020_i05,20,medium,1,60.0,10.241877000080422,119789,119.61295099335815,0.0,True,True,True,True,True,True
TS,n0020_i05,20,medium,1,120.0,10.241877000080422,119789,119.61295099335815,0.0,True,True,True,True,True,True
TS,n0020_i05,20,medium,1,150.0,10.241877000080422,119789,119.61295099335815,0.0,True,True,True,True,True,True
TS,n0020_i05,20,medium,2,1.0,0.1232085000956431,2444,120.30063331097378,0.5749229593489509,True,False,False,True,True,True
TS,n0020_i05,20,medium,2,5.0,1.8403825000859797,35844,120.18939234828433,0.48192219165145683,True,False,False,True,True,True
TS,n0020_i05,20,medium,2,15.0,8.618928599986248,88443,120.00075154472357,0.32421284496772396,True,False,False,True,True,True
TS,n0020_i05,20,medium,2,30.0,27.343743100063875,450552,119.7034064077897,0.07562342846684576,True,False,True,True,True,True
TS,n0020_i05,20,medium,2,60.0,32.288970199995674,545546,119.61295099335815,0.0,True,True,True,True,True,True
TS,n0020_i05,20,medium,2,120.0,32.288970199995674,545546,119.61295099335815,0.0,True,True,True,True,True,True
TS,n0020_i05,20,medium,2,150.0,32.288970199995674,545546,119.61295099335815,0.0,True,True,True,True,True,True
TS,n0020_i05,20,medium,3,1.0,0.6357034000102431,12595,120.48806842538161,0.7316243138855856,True,False,False,True,True,True
TS,n0020_i05,20,medium,3,5.0,2.4049472000915557,47271,120.00075154472357,0.32421284496772396,True,False,False,True,True,True
TS,n0020_i05,20,medium,3,15.0,14.606194899999537,206553,119.73560713907932,0.10254420169599923,True,False,False,True,True,True
TS,n0020_i05,20,medium,3,30.0,15.33772880001925,220584,119.61295099335815,0.0,True,True,True,True,True,True
TS,n0020_i05,20,medium,3,60.0,15.33772880001925,220584,119.61295099335815,0.0,True,True,True,True,True,True
TS,n0020_i05,20,medium,3,120.0,15.33772880001925,220584,119.61295099335815,0.0,True,True,True,True,True,True
TS,n0020_i05,20,medium,3,150.0,15.33772880001925,220584,119.61295099335815,0.0,True,True,True,True,True,True
TS,n0020_i05,20,medium,4,1.0,0.5708779999986291,11136,119.78350597207576,0.14258905687150422,True,False,False,True,True,True
TS,n0020_i05,20,medium,4,5.0,1.9648774999659508,37932,119.7034064077897,0.07562342846684576,True,False,True,True,True,True
TS,n0020_i05,20,medium,4,15.0,8.695023700012825,89702,119.61295099335815,0.0,True,True,True,True,True,True
TS,n0020_i05,20,medium,4,30.0,8.695023700012825,89702,119.61295099335815,0.0,True,True,True,True,True,True
TS,n0020_i05,20,medium,4,60.0,8.695023700012825,89702,119.61295099335815,0.0,True,True,True,True,True,True
TS,n0020_i05,20,medium,4,120.0,8.695023700012825,89702,119.61295099335815,0.0,True,True,True,True,True,True
TS,n0020_i05,20,medium,4,150.0,8.695023700012825,89702,119.61295099335815,0.0,True,True,True,True,True,True
TS,n0020_i05,20,medium,5,1.0,0.9360480000032112,31327,120.03245614125103,0.35071883471562515,True,False,False,True,True,True
TS,n0020_i05,20,medium,5,5.0,4.669337200000882,155742,119.7648353445554,0.12697985455243305,True,False,False,True,True,True
TS,n0020_i05,20,medium,5,15.0,4.669337200000882,155742,119.7648353445554,0.12697985455243305,True,False,False,True,True,True
TS,n0020_i05,20,medium,5,30.0,22.30757189996075,692304,119.61295099335815,0.0,True,True,True,True,True,True
TS,n0020_i05,20,medium,5,60.0,22.30757189996075,692304,119.61295099335815,0.0,True,True,True,True,True,True
TS,n0020_i05,20,medium,5,120.0,22.30757189996075,692304,119.61295099335815,0.0,True,True,True,True,True,True
TS,n0020_i05,20,medium,5,150.0,22.30757189996075,692304,119.61295099335815,0.0,True,True,True,True,True,True
2PGA,n0020_i06,20,low,1,1.0,0.7110561000008602,21991,115.95692927397712,0.8426267795756879,True,False,False,True,True,True
2PGA,n0020_i06,20,low,1,5.0,1.5854303000087384,49081,115.58467193619919,0.5188909923783322,True,False,False,True,True,True
2PGA,n0020_i06,20,low,1,15.0,8.49116750000394,258718,115.37310314363332,0.33489894532682807,True,False,False,True,True,True
2PGA,n0020_i06,20,low,1,30.0,8.49116750000394,258718,115.37310314363332,0.33489894532682807,True,False,False,True,True,True
2PGA,n0020_i06,20,low,1,60.0,8.49116750000394,258718,115.37310314363332,0.33489894532682807,True,False,False,True,True,True
2PGA,n0020_i06,20,low,1,120.0,8.49116750000394,258718,115.37310314363332,0.33489894532682807,True,False,False,True,True,True
2PGA,n0020_i06,20,low,1,150.0,8.49116750000394,258718,115.37310314363332,0.33489894532682807,True,False,False,True,True,True
2PGA,n0020_i06,20,low,2,1.0,0.9816191999998409,30216,115.96246525533124,0.8474411783791662,True,False,False,True,True,True
2PGA,n0020_i06,20,low,2,5.0,2.1736213999975007,66980,115.65874767042824,0.5833113911165044,True,False,False,True,True,True
2PGA,n0020_i06,20,low,2,15.0,9.265824600006454,273441,115.3187151869957,0.2876001383745358,True,False,False,True,True,True
2PGA,n0020_i06,20,low,2,30.0,18.023072600000887,534315,115.30720830812572,0.2775931133649178,True,False,False,True,True,True
2PGA,n0020_i06,20,low,2,60.0,18.023072600000887,534315,115.30720830812572,0.2775931133649178,True,False,False,True,True,True
2PGA,n0020_i06,20,low,2,120.0,18.023072600000887,534315,115.30720830812572,0.2775931133649178,True,False,False,True,True,True
2PGA,n0020_i06,20,low,2,150.0,18.023072600000887,534315,115.30720830812572,0.2775931133649178,True,False,False,True,True,True
2PGA,n0020_i06,20,low,3,1.0,0.8823052999941865,27431,117.00721994861452,1.7560182532519115,True,False,False,False,True,True
2PGA,n0020_i06,20,low,3,5.0,4.829449700002442,139314,115.92612386740237,0.8158366762376509,True,False,False,True,True,True
2PGA,n0020_i06,20,low,3,15.0,12.90361199999461,388010,115.23185349645344,0.21206035739171616,True,False,False,True,True,True
2PGA,n0020_i06,20,low,3,30.0,23.22193079999124,711331,115.18064518427519,0.16752674697847605,True,False,False,True,True,True
2PGA,n0020_i06,20,low,3,60.0,23.22193079999124,711331,115.18064518427519,0.16752674697847605,True,False,False,True,True,True
2PGA,n0020_i06,20,low,3,120.0,23.22193079999124,711331,115.18064518427519,0.16752674697847605,True,False,False,True,True,True
2PGA,n0020_i06,20,low,3,150.0,23.22193079999124,711331,115.18064518427519,0.16752674697847605,True,False,False,True,True,True
2PGA,n0020_i06,20,low,4,1.0,0.8262533999950392,25409,116.49502861813659,1.3105880447899163,True,False,False,False,True,True
2PGA,n0020_i06,20,low,4,5.0,3.8865060999960406,117305,116.13422547064387,0.9968134616639934,True,False,False,True,True,True
2PGA,n0020_i06,20,low,4,15.0,10.512043099995935,313109,116.03521069574296,0.9107046792607948,True,False,False,True,True,True
2PGA,n0020_i06,20,low,4,30.0,16.189346200000728,493556,116.03353460305043,0.9092470553749307,True,False,False,True,True,True
2PGA,n0020_i06,20,low,4,60.0,30.863575199997285,949164,116.02888210617763,0.9052009840562624,True,False,False,True,True,True
2PGA,n0020_i06,20,low,4,120.0,30.863575199997285,949164,116.02888210617763,0.9052009840562624,True,False,False,True,True,True
2PGA,n0020_i06,20,low,4,150.0,30.863575199997285,949164,116.02888210617763,0.9052009840562624,True,False,False,True,True,True
2PGA,n0020_i06,20,low,5,1.0,0.9580168999964371,30877,117.13130552547021,1.8639300062961948,True,False,False,False,True,True
2PGA,n0020_i06,20,low,5,5.0,4.773928700000397,154355,115.54430282012069,0.4837837527194896,True,False,False,True,True,True
2PGA,n0020_i06,20,low,5,15.0,7.38799819999258,237255,115.46936125490184,0.4186103789594296,True,False,False,True,True,True
2PGA,n0020_i06,20,low,5,30.0,17.253523399995174,546204,115.462787120004,0.41289314380968095,True,False,False,True,True,True
2PGA,n0020_i06,20,low,5,60.0,17.253523399995174,546204,115.462787120004,0.41289314380968095,True,False,False,True,True,True
2PGA,n0020_i06,20,low,5,120.0,17.253523399995174,546204,115.462787120004,0.41289314380968095,True,False,False,True,True,True
2PGA,n0020_i06,20,low,5,150.0,17.253523399995174,546204,115.462787120004,0.41289314380968095,True,False,False,True,True,True
ACO,n0020_i06,20,low,1,1.0,0.8342257999993308,10401,116.26729820256303,1.1125409470629501,True,False,False,False,True,True
ACO,n0020_i06,20,low,1,5.0,3.0839916999993875,38371,116.2503910659577,1.097837556094621,True,False,False,False,True,True
ACO,n0020_i06,20,low,1,15.0,8.435407799999666,104083,115.93474419123064,0.8233333916472075,True,False,False,True,True,True
ACO,n0020_i06,20,low,1,30.0,8.435407799999666,104083,115.93474419123064,0.8233333916472075,True,False,False,True,True,True
ACO,n0020_i06,20,low,1,60.0,58.2636051999998,714200,115.67008873324431,0.593174213217827,True,False,False,True,True,True
ACO,n0020_i06,20,low,1,120.0,74.10455639999964,909214,115.51816250961431,0.46105067766479807,True,False,False,True,True,True
ACO,n0020_i06,20,low,1,150.0,74.10455639999964,909214,115.51816250961431,0.46105067766479807,True,False,False,True,True,True
ACO,n0020_i06,20,low,2,1.0,0.36700349999955506,4576,116.35663720795893,1.1902351395049626,True,False,False,False,True,True
ACO,n0020_i06,20,low,2,5.0,4.707135999999082,57896,115.55508673990398,0.4931620520995815,True,False,False,True,True,True
ACO,n0020_i06,20,low,2,15.0,5.398663799998758,66301,115.38445932186694,0.344774912640089,True,False,False,True,True,True
ACO,n0020_i06,20,low,2,30.0,5.398663799998758,66301,115.38445932186694,0.344774912640089,True,False,False,True,True,True
ACO,n0020_i06,20,low,2,60.0,5.398663799998758,66301,115.38445932186694,0.344774912640089,True,False,False,True,True,True
ACO,n0020_i06,20,low,2,120.0,5.398663799998758,66301,115.38445932186694,0.344774912640089,True,False,False,True,True,True
ACO,n0020_i06,20,low,2,150.0,5.398663799998758,66301,115.38445932186694,0.344774912640089,True,False,False,True,True,True
ACO,n0020_i06,20,low,3,1.0,0.51906020000024,6398,116.29037746439693,1.1326119631034408,True,False,False,False,True,True
ACO,n0020_i06,20,low,3,5.0,2.552131600001303,31465,115.72113104380799,0.6375634593488457,True,False,False,True,True,True
ACO,n0020_i06,20,low,3,15.0,2.552131600001303,31465,115.72113104380799,0.6375634593488457,True,False,False,True,True,True
ACO,n0020_i06,20,low,3,30.0,2.552131600001303,31465,115.72113104380799,0.6375634593488457,True,False,False,True,True,True
ACO,n0020_i06,20,low,3,60.0,2.552131600001303,31465,115.72113104380799,0.6375634593488457,True,False,False,True,True,True
ACO,n0020_i06,20,low,3,120.0,116.95907100000113,1427977,115.53705845485786,0.4774836477837257,True,False,False,True,True,True
ACO,n0020_i06,20,low,3,150.0,140.5264903999996,1715336,115.51602044836923,0.4591878214816516,True,False,False,True,True,True
ACO,n0020_i06,20,low,4,1.0,0.24839439999959723,3066,116.40357554803657,1.2310553435215674,True,False,False,False,True,True
ACO,n0020_i06,20,low,4,5.0,2.9640140999999858,36060,116.30870232840913,1.148548289064631,True,False,False,False,True,True
ACO,n0020_i06,20,low,4,15.0,8.217322200000126,100888,116.17164739811781,1.0293576613875894,True,False,False,False,True,True
ACO,n0020_i06,20,low,4,30.0,24.947221099999297,303310,116.03376896869722,0.9094508728405808,True,False,False,True,True,True
ACO,n0020_i06,20,low,4,60.0,24.947221099999297,303310,116.03376896869722,0.9094508728405808,True,False,False,True,True,True
ACO,n0020_i06,20,low,4,120.0,101.96156969999902,1243950,115.52957918588667,0.47097925745390895,True,False,False,True,True,True
ACO,n0020_i06,20,low,4,150.0,101.96156969999902,1243950,115.52957918588667,0.47097925745390895,True,False,False,True,True,True
ACO,n0020_i06,20,low,5,1.0,0.38974899999993795,4794,116.40978169828259,1.2364525586506279,True,False,False,False,True,True
ACO,n0020_i06,20,low,5,5.0,3.252842800000508,39780,115.81752268750074,0.7213910202409721,True,False,False,True,True,True
ACO,n0020_i06,20,low,5,15.0,11.150603099998989,137153,115.42766612985517,0.3823499677883576,True,False,False,True,True,True
ACO,n0020_i06,20,low,5,30.0,11.150603099998989,137153,115.42766612985517,0.3823499677883576,True,False,False,True,True,True
ACO,n0020_i06,20,low,5,60.0,11.150603099998989,137153,115.42766612985517,0.3823499677883576,True,False,False,True,True,True
ACO,n0020_i06,20,low,5,120.0,11.150603099998989,137153,115.42766612985517,0.3823499677883576,True,False,False,True,True,True
ACO,n0020_i06,20,low,5,150.0,11.150603099998989,137153,115.42766612985517,0.3823499677883576,True,False,False,True,True,True
BRKGA-R-LS,n0020_i06,20,low,1,1.0,0.17736209998838603,3601,115.93838455359939,0.8264992542307839,True,False,False,True,True,True
BRKGA-R-LS,n0020_i06,20,low,1,5.0,4.220094199990854,80444,115.24265336234966,0.22145252440286978,True,False,False,True,True,True
BRKGA-R-LS,n0020_i06,20,low,1,15.0,6.180808900040574,117464,115.22287289396209,0.2042503235199928,True,False,False,True,True,True
BRKGA-R-LS,n0020_i06,20,low,1,30.0,6.180808900040574,117464,115.22287289396209,0.2042503235199928,True,False,False,True,True,True
BRKGA-R-LS,n0020_i06,20,low,1,60.0,41.31954830000177,716119,115.17453360233648,0.16221177373507403,True,False,False,True,True,True
BRKGA-R-LS,n0020_i06,20,low,1,120.0,41.31954830000177,716119,115.17453360233648,0.16221177373507403,True,False,False,True,True,True
BRKGA-R-LS,n0020_i06,20,low,1,150.0,41.31954830000177,716119,115.17453360233648,0.16221177373507403,True,False,False,True,True,True
BRKGA-R-LS,n0020_i06,20,low,2,1.0,0.1772917000344023,3610,116.00189725240138,0.88173344697074,True,False,False,True,True,True
BRKGA-R-LS,n0020_i06,20,low,2,5.0,4.013100199983455,76360,115.18514745111744,0.1714421698659046,True,False,False,True,True,True
BRKGA-R-LS,n0020_i06,20,low,2,15.0,4.013100199983455,76360,115.18514745111744,0.1714421698659046,True,False,False,True,True,True
BRKGA-R-LS,n0020_i06,20,low,2,30.0,4.013100199983455,76360,115.18514745111744,0.1714421698659046,True,False,False,True,True,True
BRKGA-R-LS,n0020_i06,20,low,2,60.0,4.013100199983455,76360,115.18514745111744,0.1714421698659046,True,False,False,True,True,True
BRKGA-R-LS,n0020_i06,20,low,2,120.0,4.013100199983455,76360,115.18514745111744,0.1714421698659046,True,False,False,True,True,True
BRKGA-R-LS,n0020_i06,20,low,2,150.0,4.013100199983455,76360,115.18514745111744,0.1714421698659046,True,False,False,True,True,True
BRKGA-R-LS,n0020_i06,20,low,3,1.0,0.4817555999616161,9494,115.97545245623056,0.8587355741638876,True,False,False,True,True,True
BRKGA-R-LS,n0020_i06,20,low,3,5.0,1.1945881999563426,23245,115.36283494791559,0.3259691484190819,True,False,False,True,True,True
BRKGA-R-LS,n0020_i06,20,low,3,15.0,6.416502499952912,121907,115.27195657117646,0.24693623261821374,True,False,False,True,True,True
BRKGA-R-LS,n0020_i06,20,low,3,30.0,16.623279299936257,245974,115.25743798466145,0.23431005830964077,True,False,False,True,True,True
BRKGA-R-LS,n0020_i06,20,low,3,60.0,16.623279299936257,245974,115.25743798466145,0.23431005830964077,True,False,False,True,True,True
BRKGA-R-LS,n0020_i06,20,low,3,120.0,117.86950379994232,2131367,115.17453360233648,0.16221177373507403,True,False,False,True,True,True
BRKGA-R-LS,n0020_i06,20,low,3,150.0,117.86950379994232,2131367,115.17453360233648,0.16221177373507403,True,False,False,True,True,True
BRKGA-R-LS,n0020_i06,20,low,4,1.0,0.21999630006030202,4482,115.53110977731411,0.4723103453072669,True,False,False,True,True,True
BRKGA-R-LS,n0020_i06,20,low,4,5.0,4.035567600047216,75724,115.3399865270555,0.30609888459161944,True,False,False,True,True,True
BRKGA-R-LS,n0020_i06,20,low,4,15.0,4.035567600047216,75724,115.3399865270555,0.30609888459161944,True,False,False,True,True,True
BRKGA-R-LS,n0020_i06,20,low,4,30.0,18.58371590008028,271340,115.23615608468803,0.21580212860145764,True,False,False,True,True,True
BRKGA-R-LS,n0020_i06,20,low,4,60.0,48.323876200011,829440,115.21906932863133,0.20094253051889582,True,False,False,True,True,True
BRKGA-R-LS,n0020_i06,20,low,4,120.0,92.9059460000135,1669235,115.20881909676223,0.192028355977948,True,False,False,True,True,True
BRKGA-R-LS,n0020_i06,20,low,4,150.0,143.42927040008362,2620462,115.2015275951797,0.18568725866402797,True,False,False,True,True,True
BRKGA-R-LS,n0020_i06,20,low,5,1.0,0.46580789994914085,9211,115.78638425218482,0.6943112964959214,True,False,False,True,True,True
BRKGA-R-LS,n0020_i06,20,low,5,5.0,3.7328768000006676,71288,115.2949640632605,0.266944833672855,True,False,False,True,True,True
BRKGA-R-LS,n0020_i06,20,low,5,15.0,3.7328768000006676,71288,115.2949640632605,0.266944833672855,True,False,False,True,True,True
BRKGA-R-LS,n0020_i06,20,low,5,30.0,29.406999900005758,482054,115.25894488887705,0.23562054643965638,True,False,False,True,True,True
BRKGA-R-LS,n0020_i06,20,low,5,60.0,29.406999900005758,482054,115.25894488887705,0.23562054643965638,True,False,False,True,True,True
BRKGA-R-LS,n0020_i06,20,low,5,120.0,29.406999900005758,482054,115.25894488887705,0.23562054643965638,True,False,False,True,True,True
BRKGA-R-LS,n0020_i06,20,low,5,150.0,29.406999900005758,482054,115.25894488887705,0.23562054643965638,True,False,False,True,True,True
GA,n0020_i06,20,low,1,1.0,0.38307600002735853,7024,115.31268006435567,0.28235165841074333,True,False,False,True,True,True
GA,n0020_i06,20,low,1,5.0,0.38307600002735853,7024,115.31268006435567,0.28235165841074333,True,False,False,True,True,True
GA,n0020_i06,20,low,1,15.0,0.38307600002735853,7024,115.31268006435567,0.28235165841074333,True,False,False,True,True,True
GA,n0020_i06,20,low,1,30.0,0.38307600002735853,7024,115.31268006435567,0.28235165841074333,True,False,False,True,True,True
GA,n0020_i06,20,low,1,60.0,0.38307600002735853,7024,115.31268006435567,0.28235165841074333,True,False,False,True,True,True
GA,n0020_i06,20,low,1,120.0,0.38307600002735853,7024,115.31268006435567,0.28235165841074333,True,False,False,True,True,True
GA,n0020_i06,20,low,1,150.0,0.38307600002735853,7024,115.31268006435567,0.28235165841074333,True,False,False,True,True,True
GA,n0020_i06,20,low,2,1.0,0.7899950999999419,14393,115.38104062251813,0.3418018206078793,True,False,False,True,True,True
GA,n0020_i06,20,low,2,5.0,3.7880525999935344,68290,115.32009264619404,0.28879805388257646,True,False,False,True,True,True
GA,n0020_i06,20,low,2,15.0,3.7880525999935344,68290,115.32009264619404,0.28879805388257646,True,False,False,True,True,True
GA,n0020_i06,20,low,2,30.0,3.7880525999935344,68290,115.32009264619404,0.28879805388257646,True,False,False,True,True,True
GA,n0020_i06,20,low,2,60.0,3.7880525999935344,68290,115.32009264619404,0.28879805388257646,True,False,False,True,True,True
GA,n0020_i06,20,low,2,120.0,3.7880525999935344,68290,115.32009264619404,0.28879805388257646,True,False,False,True,True,True
GA,n0020_i06,20,low,2,150.0,3.7880525999935344,68290,115.32009264619404,0.28879805388257646,True,False,False,True,True,True
GA,n0020_i06,20,low,3,1.0,0.44561569998040795,7772,115.20881909676223,0.192028355977948,True,False,False,True,True,True
GA,n0020_i06,20,low,3,5.0,0.44561569998040795,7772,115.20881909676223,0.192028355977948,True,False,False,True,True,True
GA,n0020_i06,20,low,3,15.0,0.44561569998040795,7772,115.20881909676223,0.192028355977948,True,False,False,True,True,True
GA,n0020_i06,20,low,3,30.0,0.44561569998040795,7772,115.20881909676223,0.192028355977948,True,False,False,True,True,True
GA,n0020_i06,20,low,3,60.0,0.44561569998040795,7772,115.20881909676223,0.192028355977948,True,False,False,True,True,True
GA,n0020_i06,20,low,3,120.0,0.44561569998040795,7772,115.20881909676223,0.192028355977948,True,False,False,True,True,True
GA,n0020_i06,20,low,3,150.0,0.44561569998040795,7772,115.20881909676223,0.192028355977948,True,False,False,True,True,True
GA,n0020_i06,20,low,4,1.0,0.3766948999837041,6934,115.5307740034601,0.4720183375966871,True,False,False,True,True,True
GA,n0020_i06,20,low,4,5.0,0.3766948999837041,6934,115.5307740034601,0.4720183375966871,True,False,False,True,True,True
GA,n0020_i06,20,low,4,15.0,0.3766948999837041,6934,115.5307740034601,0.4720183375966871,True,False,False,True,True,True
GA,n0020_i06,20,low,4,30.0,0.3766948999837041,6934,115.5307740034601,0.4720183375966871,True,False,False,True,True,True
GA,n0020_i06,20,low,4,60.0,0.3766948999837041,6934,115.5307740034601,0.4720183375966871,True,False,False,True,True,True
GA,n0020_i06,20,low,4,120.0,0.3766948999837041,6934,115.5307740034601,0.4720183375966871,True,False,False,True,True,True
GA,n0020_i06,20,low,4,150.0,0.3766948999837041,6934,115.5307740034601,0.4720183375966871,True,False,False,True,True,True
GA,n0020_i06,20,low,5,1.0,0.46474920003674924,8562,115.35167875840477,0.3162671024769797,True,False,False,True,True,True
GA,n0020_i06,20,low,5,5.0,0.46474920003674924,8562,115.35167875840477,0.3162671024769797,True,False,False,True,True,True
GA,n0020_i06,20,low,5,15.0,0.46474920003674924,8562,115.35167875840477,0.3162671024769797,True,False,False,True,True,True
GA,n0020_i06,20,low,5,30.0,0.46474920003674924,8562,115.35167875840477,0.3162671024769797,True,False,False,True,True,True
GA,n0020_i06,20,low,5,60.0,0.46474920003674924,8562,115.35167875840477,0.3162671024769797,True,False,False,True,True,True
GA,n0020_i06,20,low,5,120.0,0.46474920003674924,8562,115.35167875840477,0.3162671024769797,True,False,False,True,True,True
GA,n0020_i06,20,low,5,150.0,0.46474920003674924,8562,115.35167875840477,0.3162671024769797,True,False,False,True,True,True
HPSO,n0020_i06,20,low,1,1.0,0.2019276999635622,2179,115.62105281043338,0.5505298340179339,True,False,False,True,True,True
HPSO,n0020_i06,20,low,1,5.0,4.400646099937148,47157,115.25516553543487,0.23233380945011653,True,False,False,True,True,True
HPSO,n0020_i06,20,low,1,15.0,4.400646099937148,47157,115.25516553543487,0.23233380945011653,True,False,False,True,True,True
HPSO,n0020_i06,20,low,1,30.0,4.400646099937148,47157,115.25516553543487,0.23233380945011653,True,False,False,True,True,True
HPSO,n0020_i06,20,low,1,60.0,4.400646099937148,47157,115.25516553543487,0.23233380945011653,True,False,False,True,True,True
HPSO,n0020_i06,20,low,1,120.0,4.400646099937148,47157,115.25516553543487,0.23233380945011653,True,False,False,True,True,True
HPSO,n0020_i06,20,low,1,150.0,4.400646099937148,47157,115.25516553543487,0.23233380945011653,True,False,False,True,True,True
HPSO,n0020_i06,20,low,2,1.0,0.18869229999836534,2004,115.81543505208735,0.7195754958030423,True,False,False,True,True,True
HPSO,n0020_i06,20,low,2,5.0,2.661040599923581,28370,115.40015786192235,0.35842724049754343,True,False,False,True,True,True
HPSO,n0020_i06,20,low,2,15.0,2.661040599923581,28370,115.40015786192235,0.35842724049754343,True,False,False,True,True,True
HPSO,n0020_i06,20,low,2,30.0,2.661040599923581,28370,115.40015786192235,0.35842724049754343,True,False,False,True,True,True
HPSO,n0020_i06,20,low,2,60.0,33.63922809995711,314516,115.32261613349087,0.290992619479046,True,False,False,True,True,True
HPSO,n0020_i06,20,low,2,120.0,85.98844099999405,871478,115.30492305227246,0.275605727147038,True,False,False,True,True,True
HPSO,n0020_i06,20,low,2,150.0,85.98844099999405,871478,115.30492305227246,0.275605727147038,True,False,False,True,True,True
HPSO,n0020_i06,20,low,3,1.0,0.6538602999644354,7000,115.56864169523315,0.5049501988695222,True,False,False,True,True,True
HPSO,n0020_i06,20,low,3,5.0,1.5742629999294877,16842,115.41838669128798,0.3742800493624889,True,False,False,True,True,True
HPSO,n0020_i06,20,low,3,15.0,1.5742629999294877,16842,115.41838669128798,0.3742800493624889,True,False,False,True,True,True
HPSO,n0020_i06,20,low,3,30.0,1.5742629999294877,16842,115.41838669128798,0.3742800493624889,True,False,False,True,True,True
HPSO,n0020_i06,20,low,3,60.0,1.5742629999294877,16842,115.41838669128798,0.3742800493624889,True,False,False,True,True,True
HPSO,n0020_i06,20,low,3,120.0,1.5742629999294877,16842,115.41838669128798,0.3742800493624889,True,False,False,True,True,True
HPSO,n0020_i06,20,low,3,150.0,1.5742629999294877,16842,115.41838669128798,0.3742800493624889,True,False,False,True,True,True
HPSO,n0020_i06,20,low,4,1.0,0.26098659995477647,2789,115.4028205671547,0.3607428777919375,True,False,False,True,True,True
HPSO,n0020_i06,20,low,4,5.0,0.26098659995477647,2789,115.4028205671547,0.3607428777919375,True,False,False,True,True,True
HPSO,n0020_i06,20,low,4,15.0,0.26098659995477647,2789,115.4028205671547,0.3607428777919375,True,False,False,True,True,True
HPSO,n0020_i06,20,low,4,30.0,0.26098659995477647,2789,115.4028205671547,0.3607428777919375,True,False,False,True,True,True
HPSO,n0020_i06,20,low,4,60.0,43.99320689996239,432775,115.37746686237973,0.33869387904636794,True,False,False,True,True,True
HPSO,n0020_i06,20,low,4,120.0,81.02988289995119,829303,115.23655242797497,0.21614681087625934,True,False,False,True,True,True
HPSO,n0020_i06,20,low,4,150.0,81.02988289995119,829303,115.23655242797497,0.21614681087625934,True,False,False,True,True,True
HPSO,n0020_i06,20,low,5,1.0,0.6055015999590978,6527,115.92908428040583,0.8184112168493324,True,False,False,True,True,True
HPSO,n0020_i06,20,low,5,5.0,1.5676331999711692,16850,115.75153848260845,0.6640074676670824,True,False,False,True,True,True
HPSO,n0020_i06,20,low,5,15.0,1.5676331999711692,16850,115.75153848260845,0.6640074676670824,True,False,False,True,True,True
HPSO,n0020_i06,20,low,5,30.0,1.5676331999711692,16850,115.75153848260845,0.6640074676670824,True,False,False,True,True,True
HPSO,n0020_i06,20,low,5,60.0,44.27132289996371,433275,115.21444300495676,0.19691922087627803,True,False,False,True,True,True
HPSO,n0020_i06,20,low,5,120.0,104.28486999997403,1075247,115.05423398756685,0.05759250492641334,True,False,True,True,True,True
HPSO,n0020_i06,20,low,5,150.0,104.28486999997403,1075247,115.05423398756685,0.05759250492641334,True,False,True,True,True,True
TS,n0020_i06,20,low,1,1.0,0.8563192000146955,16694,115.2269171057799,0.20776739615648626,True,False,False,True,True,True
TS,n0020_i06,20,low,1,5.0,0.8563192000146955,16694,115.2269171057799,0.20776739615648626,True,False,False,True,True,True
TS,n0020_i06,20,low,1,15.0,9.489200899959542,182289,115.04076148254879,0.0458760615553413,True,False,True,True,True,True
TS,n0020_i06,20,low,1,30.0,9.489200899959542,182289,115.04076148254879,0.0458760615553413,True,False,True,True,True,True
TS,n0020_i06,20,low,1,60.0,34.03414480003994,576586,115.02357260656747,0.030927654278627377,True,False,True,True,True,True
TS,n0020_i06,20,low,1,120.0,34.03414480003994,576586,115.02357260656747,0.030927654278627377,True,False,True,True,True,True
TS,n0020_i06,20,low,1,150.0,34.03414480003994,576586,115.02357260656747,0.030927654278627377,True,False,True,True,True,True
TS,n0020_i06,20,low,2,1.0,0.15583810000680387,3037,115.23655242797497,0.21614681087625934,True,False,False,True,True,True
TS,n0020_i06,20,low,2,5.0,0.15583810000680387,3037,115.23655242797497,0.21614681087625934,True,False,False,True,True,True
TS,n0020_i06,20,low,2,15.0,14.67755520006176,208445,115.04682735833262,0.05115128617184526,True,False,True,True,True,True
TS,n0020_i06,20,low,2,30.0,17.602637400035746,265213,115.04233245336168,0.047242265579180216,True,False,True,True,True,True
TS,n0020_i06,20,low,2,60.0,59.99344860005658,1079309,114.98800951252356,0.0,True,True,True,True,True,True
TS,n0020_i06,20,low,2,120.0,59.99344860005658,1079309,114.98800951252356,0.0,True,True,True,True,True,True
TS,n0020_i06,20,low,2,150.0,59.99344860005658,1079309,114.98800951252356,0.0,True,True,True,True,True,True
TS,n0020_i06,20,low,3,1.0,0.304777399986051,5836,115.81091778634705,0.7156470290355466,True,False,False,True,True,True
TS,n0020_i06,20,low,3,5.0,4.769681200035848,90955,115.38546237097495,0.3456472202069906,True,False,False,True,True,True
TS,n0020_i06,20,low,3,15.0,9.617154899984598,183713,115.35739452279223,0.32123785065471716,True,False,False,True,True,True
TS,n0020_i06,20,low,3,30.0,29.306512400042266,488932,114.98800951252356,0.0,True,True,True,True,True,True
TS,n0020_i06,20,low,3,60.0,29.306512400042266,488932,114.98800951252356,0.0,True,True,True,True,True,True
TS,n0020_i06,20,low,3,120.0,29.306512400042266,488932,114.98800951252356,0.0,True,True,True,True,True,True
TS,n0020_i06,20,low,3,150.0,29.306512400042266,488932,114.98800951252356,0.0,True,True,True,True,True,True
TS,n0020_i06,20,low,4,1.0,0.993710899958387,19058,115.57202743903753,0.5078946309183296,True,False,False,True,True,True
TS,n0020_i06,20,low,4,5.0,1.0897173000266775,20894,115.52976783197609,0.4711433146370992,True,False,False,True,True,True
TS,n0020_i06,20,low,4,15.0,11.112222800031304,214663,115.16559746537402,0.15444040957254546,True,False,False,True,True,True
TS,n0020_i06,20,low,4,30.0,11.112222800031304,214663,115.16559746537402,0.15444040957254546,True,False,False,True,True,True
TS,n0020_i06,20,low,4,60.0,47.62823219993152,848306,114.98800951252356,0.0,True,True,True,True,True,True
TS,n0020_i06,20,low,4,120.0,47.62823219993152,848306,114.98800951252356,0.0,True,True,True,True,True,True
TS,n0020_i06,20,low,4,150.0,47.62823219993152,848306,114.98800951252356,0.0,True,True,True,True,True,True
TS,n0020_i06,20,low,5,1.0,0.5378841999918222,10286,115.04682735833262,0.05115128617184526,True,False,True,True,True,True
TS,n0020_i06,20,low,5,5.0,4.5964147000340745,88527,114.98800951252356,0.0,True,True,True,True,True,True
TS,n0020_i06,20,low,5,15.0,4.5964147000340745,88527,114.98800951252356,0.0,True,True,True,True,True,True
TS,n0020_i06,20,low,5,30.0,4.5964147000340745,88527,114.98800951252356,0.0,True,True,True,True,True,True
TS,n0020_i06,20,low,5,60.0,4.5964147000340745,88527,114.98800951252356,0.0,True,True,True,True,True,True
TS,n0020_i06,20,low,5,120.0,4.5964147000340745,88527,114.98800951252356,0.0,True,True,True,True,True,True
TS,n0020_i06,20,low,5,150.0,4.5964147000340745,88527,114.98800951252356,0.0,True,True,True,True,True,True
2PGA,n0050_i01,50,medium,1,1.0,0.9867881000100169,12671,157.91787700066882,0.6559816281036283,True,False,False,True,True,True
2PGA,n0050_i01,50,medium,1,5.0,4.978238200012129,63545,157.62621037292593,0.47007493228668906,True,False,False,True,True,True
2PGA,n0050_i01,50,medium,1,15.0,12.851391100004548,160534,157.54469558786437,0.4181178590065044,True,False,False,True,True,True
2PGA,n0050_i01,50,medium,1,30.0,26.938322900008643,339148,157.53846204291546,0.4141446319230815,True,False,False,True,True,True
2PGA,n0050_i01,50,medium,1,60.0,33.23478810000233,417974,157.52690906889305,0.4067808301608244,True,False,False,True,True,True
2PGA,n0050_i01,50,medium,1,120.0,33.23478810000233,417974,157.52690906889305,0.4067808301608244,True,False,False,True,True,True
2PGA,n0050_i01,50,medium,1,150.0,33.23478810000233,417974,157.52690906889305,0.4067808301608244,True,False,False,True,True,True
2PGA,n0050_i01,50,medium,2,1.0,0.9938144000043394,12922,158.15457787567573,0.8068534570476685,True,False,False,True,True,True
2PGA,n0050_i01,50,medium,2,5.0,4.981488100005663,64150,157.73180731364408,0.5373818384254148,True,False,False,True,True,True
2PGA,n0050_i01,50,medium,2,15.0,14.767097800009651,187006,157.59859967700956,0.45247602737686,True,False,False,True,True,True
2PGA,n0050_i01,50,medium,2,30.0,29.101374400008353,369816,157.51317410473547,0.3980262399512436,True,False,False,True,True,True
2PGA,n0050_i01,50,medium,2,60.0,46.95652710000286,597394,157.47203857325422,0.37180667963495984,True,False,False,True,True,True
2PGA,n0050_i01,50,medium,2,120.0,119.19136690000596,1522457,157.47155813999197,0.37150045413004895,True,False,False,True,True,True
2PGA,n0050_i01,50,medium,2,150.0,120.52923480000754,1539715,157.47148127540214,0.37145146106549776,True,False,False,True,True,True
2PGA,n0050_i01,50,medium,3,1.0,0.7596266000036849,9870,157.89209561714694,0.639548716799259,True,False,False,True,True,True
2PGA,n0050_i01,50,medium,3,5.0,4.545700700007728,58442,157.66083348155254,0.49214351028444164,True,False,False,True,True,True
2PGA,n0050_i01,50,medium,3,15.0,13.166560800003936,166021,157.4864050856263,0.3809638151844561,True,False,False,True,True,True
2PGA,n0050_i01,50,medium,3,30.0,28.656840499999817,364108,157.29122999987248,0.2565602947026263,True,False,False,True,True,True
2PGA,n0050_i01,50,medium,3,60.0,43.06430840000394,549649,157.19318891058444,0.19406944648703767,True,False,False,True,True,True
2PGA,n0050_i01,50,medium,3,120.0,111.1025118999969,1416831,157.15668682145,0.1708032167030059,True,False,False,True,True,True
2PGA,n0050_i01,50,medium,3,150.0,134.64331130000937,1716480,157.13759435734525,0.1586337856502173,True,False,False,True,True,True
2PGA,n0050_i01,50,medium,4,1.0,0.997106700000586,13097,157.95339371063486,0.6786197826541511,True,False,False,True,True,True
2PGA,n0050_i01,50,medium,4,5.0,4.168536400000448,54708,157.6670798013741,0.49612488000104304,True,False,False,True,True,True
2PGA,n0050_i01,50,medium,4,15.0,14.971637700000429,193223,157.32153436661056,0.27587613050015597,True,False,False,True,True,True
2PGA,n0050_i01,50,medium,4,30.0,26.38677660000394,342972,157.118556065857,0.1464988839236509,True,False,False,True,True,True
2PGA,n0050_i01,50,medium,4,60.0,44.08344010000292,570395,157.0931938362077,0.13033313898003915,True,False,False,True,True,True
2PGA,n0050_i01,50,medium,4,120.0,44.08344010000292,570395,157.0931938362077,0.13033313898003915,True,False,False,True,True,True
2PGA,n0050_i01,50,medium,4,150.0,44.08344010000292,570395,157.0931938362077,0.13033313898003915,True,False,False,True,True,True
2PGA,n0050_i01,50,medium,5,1.0,0.9727300999948056,12720,157.9201090401038,0.6574043176979089,True,False,False,True,True,True
2PGA,n0050_i01,50,medium,5,5.0,4.433929999999236,57722,157.43908585242033,0.3508027975802509,True,False,False,True,True,True
2PGA,n0050_i01,50,medium,5,15.0,13.898031699995045,177178,157.2673203760616,0.24132043268857065,True,False,False,True,True,True
2PGA,n0050_i01,50,medium,5,30.0,25.659608799993293,328390,157.23909530756737,0.2233299300946443,True,False,False,True,True,True
2PGA,n0050_i01,50,medium,5,60.0,25.659608799993293,328390,157.23909530756737,0.2233299300946443,True,False,False,True,True,True
2PGA,n0050_i01,50,medium,5,120.0,60.64304589999665,786775,157.23841870700846,0.2228986686395125,True,False,False,True,True,True
2PGA,n0050_i01,50,medium,5,150.0,60.64304589999665,786775,157.23841870700846,0.2228986686395125,True,False,False,True,True,True
ACO,n0050_i01,50,medium,1,1.0,0.8555684999992081,2975,158.60194399296307,1.0920021465942,True,False,False,False,True,True
ACO,n0050_i01,50,medium,1,5.0,2.2429367000004277,7778,158.0889318933351,0.7650110708787463,True,False,False,True,True,True
ACO,n0050_i01,50,medium,1,15.0,2.2429367000004277,7778,158.0889318933351,0.7650110708787463,True,False,False,True,True,True
ACO,n0050_i01,50,medium,1,30.0,24.414558299999044,84882,157.86373956727775,0.6214747274011713,True,False,False,True,True,True
ACO,n0050_i01,50,medium,1,60.0,24.414558299999044,84882,157.86373956727775,0.6214747274011713,True,False,False,True,True,True
ACO,n0050_i01,50,medium,1,120.0,24.414558299999044,84882,157.86373956727775,0.6214747274011713,True,False,False,True,True,True
ACO,n0050_i01,50,medium,1,150.0,24.414558299999044,84882,157.86373956727775,0.6214747274011713,True,False,False,True,True,True
ACO,n0050_i01,50,medium,2,1.0,0.7029605000006995,2463,158.3769278542737,0.9485781039707796,True,False,False,True,True,True
ACO,n0050_i01,50,medium,2,5.0,3.0619748999997682,10661,158.19296207252984,0.8313193318855154,True,False,False,True,True,True
ACO,n0050_i01,50,medium,2,15.0,12.96742070000073,45157,158.104219170219,0.774755096636929,True,False,False,True,True,True
ACO,n0050_i01,50,medium,2,30.0,12.96742070000073,45157,158.104219170219,0.774755096636929,True,False,False,True,True,True
ACO,n0050_i01,50,medium,2,60.0,47.6860687999997,160140,158.03484237856284,0.7305347132389779,True,False,False,True,True,True
ACO,n0050_i01,50,medium,2,120.0,106.70370010000079,286090,157.9597896809137,0.682696538744778,True,False,False,True,True,True
ACO,n0050_i01,50,medium,2,150.0,106.70370010000079,286090,157.9597896809137,0.682696538744778,True,False,False,True,True,True
ACO,n0050_i01,50,medium,3,1.0,0.6720461999993859,1252,158.60995756814322,1.0971099551047243,True,False,False,False,True,True
ACO,n0050_i01,50,medium,3,5.0,4.132003099999565,7605,158.3670181310389,0.942261701174542,True,False,False,True,True,True
ACO,n0050_i01,50,medium,3,15.0,12.397635499999524,22722,158.06287871769484,0.7484049207809526,True,False,False,True,True,True
ACO,n0050_i01,50,medium,3,30.0,12.397635499999524,22722,158.06287871769484,0.7484049207809526,True,False,False,True,True,True
ACO,n0050_i01,50,medium,3,60.0,31.929509899999175,58119,157.9420997229863,0.6714210573745875,True,False,False,True,True,True
ACO,n0050_i01,50,medium,3,120.0,31.929509899999175,58119,157.9420997229863,0.6714210573745875,True,False,False,True,True,True
ACO,n0050_i01,50,medium,3,150.0,31.929509899999175,58119,157.9420997229863,0.6714210573745875,True,False,False,True,True,True
ACO,n0050_i01,50,medium,4,1.0,0.019035900000744732,39,158.520617363318,1.0401650025361164,True,False,False,False,True,True
ACO,n0050_i01,50,medium,4,5.0,4.325804100000823,7998,157.8951629306652,0.6415038054757712,True,False,False,True,True,True
ACO,n0050_i01,50,medium,4,15.0,11.21550969999953,20613,157.7769988934005,0.566186701485269,True,False,False,True,True,True
ACO,n0050_i01,50,medium,4,30.0,11.21550969999953,20613,157.7769988934005,0.566186701485269,True,False,False,True,True,True
ACO,n0050_i01,50,medium,4,60.0,11.21550969999953,20613,157.7769988934005,0.566186701485269,True,False,False,True,True,True
ACO,n0050_i01,50,medium,4,120.0,11.21550969999953,20613,157.7769988934005,0.566186701485269,True,False,False,True,True,True
ACO,n0050_i01,50,medium,4,150.0,11.21550969999953,20613,157.7769988934005,0.566186701485269,True,False,False,True,True,True
ACO,n0050_i01,50,medium,5,1.0,0.7999784999992698,1494,158.59900258986076,1.0901273125206268,True,False,False,False,True,True
ACO,n0050_i01,50,medium,5,5.0,3.813787399998546,7044,158.18149927661378,0.8240130091496244,True,False,False,True,True,True
ACO,n0050_i01,50,medium,5,15.0,8.190526000000318,15111,158.05734155532258,0.7448755641013917,True,False,False,True,True,True
ACO,n0050_i01,50,medium,5,30.0,8.190526000000318,15111,158.05734155532258,0.7448755641013917,True,False,False,True,True,True
ACO,n0050_i01,50,medium,5,60.0,8.190526000000318,15111,158.05734155532258,0.7448755641013917,True,False,False,True,True,True
ACO,n0050_i01,50,medium,5,120.0,8.190526000000318,15111,158.05734155532258,0.7448755641013917,True,False,False,True,True,True
ACO,n0050_i01,50,medium,5,150.0,8.190526000000318,15111,158.05734155532258,0.7448755641013917,True,False,False,True,True,True
BRKGA-R-LS,n0050_i01,50,medium,1,1.0,0.9969002999132499,8529,158.0180263203228,0.7198162506974678,True,False,False,True,True,True
BRKGA-R-LS,n0050_i01,50,medium,1,5.0,2.925084099988453,23936,157.51656206905025,0.4001857096724835,True,False,False,True,True,True
BRKGA-R-LS,n0050_i01,50,medium,1,15.0,2.925084099988453,23936,157.51656206905025,0.4001857096724835,True,False,False,True,True,True
BRKGA-R-LS,n0050_i01,50,medium,1,30.0,2.925084099988453,23936,157.51656206905025,0.4001857096724835,True,False,False,True,True,True
BRKGA-R-LS,n0050_i01,50,medium,1,60.0,44.198605399928056,314870,157.25908722385088,0.236072666992859,True,False,False,True,True,True
BRKGA-R-LS,n0050_i01,50,medium,1,120.0,44.198605399928056,314870,157.25908722385088,0.236072666992859,True,False,False,True,True,True
BRKGA-R-LS,n0050_i01,50,medium,1,150.0,44.198605399928056,314870,157.25908722385088,0.236072666992859,True,False,False,True,True,True
BRKGA-R-LS,n0050_i01,50,medium,2,1.0,0.991156900068745,8432,157.97765448588893,0.6940834666564865,True,False,False,True,True,True
BRKGA-R-LS,n0050_i01,50,medium,2,5.0,2.632540400023572,21765,157.5187176455969,0.4015596622445271,True,False,False,True,True,True
BRKGA-R-LS,n0050_i01,50,medium,2,15.0,2.632540400023572,21765,157.5187176455969,0.4015596622445271,True,False,False,True,True,True
BRKGA-R-LS,n0050_i01,50,medium,2,30.0,2.632540400023572,21765,157.5187176455969,0.4015596622445271,True,False,False,True,True,True
BRKGA-R-LS,n0050_i01,50,medium,2,60.0,2.632540400023572,21765,157.5187176455969,0.4015596622445271,True,False,False,True,True,True
BRKGA-R-LS,n0050_i01,50,medium,2,120.0,113.81261070002802,857811,157.45157544917808,0.3587635974951634,True,False,False,True,True,True
BRKGA-R-LS,n0050_i01,50,medium,2,150.0,113.81261070002802,857811,157.45157544917808,0.3587635974951634,True,False,False,True,True,True
BRKGA-R-LS,n0050_i01,50,medium,3,1.0,0.9930736999958754,8430,158.27939567653306,0.8864116331615889,True,False,False,True,True,True
BRKGA-R-LS,n0050_i01,50,medium,3,5.0,2.143202600069344,17995,157.6693749016143,0.4975877642039067,True,False,False,True,True,True
BRKGA-R-LS,n0050_i01,50,medium,3,15.0,9.383209899999201,73842,157.48483114677182,0.3799605952613605,True,False,False,True,True,True
BRKGA-R-LS,n0050_i01,50,medium,3,30.0,9.383209899999201,73842,157.48483114677182,0.3799605952613605,True,False,False,True,True,True
BRKGA-R-LS,n0050_i01,50,medium,3,60.0,9.383209899999201,73842,157.48483114677182,0.3799605952613605,True,False,False,True,True,True
BRKGA-R-LS,n0050_i01,50,medium,3,120.0,118.42653960001189,887848,157.29276571539947,0.2575391512881251,True,False,False,True,True,True
BRKGA-R-LS,n0050_i01,50,medium,3,150.0,143.0709019000642,1078314,157.27341976837192,0.24520815162192103,True,False,False,True,True,True
BRKGA-R-LS,n0050_i01,50,medium,4,1.0,0.6516713999444619,5614,158.5371149968065,1.0506805029016633,True,False,False,False,True,True
BRKGA-R-LS,n0050_i01,50,medium,4,5.0,4.955477999988943,9852,157.80862992038698,0.58634814318965,True,False,False,True,True,True
BRKGA-R-LS,n0050_i01,50,medium,4,15.0,8.552136700018309,37954,157.45746407192053,0.3625169730713563,True,False,False,True,True,True
BRKGA-R-LS,n0050_i01,50,medium,4,30.0,23.815502500045113,156150,157.27051713439064,0.2433580287717293,True,False,False,True,True,True
BRKGA-R-LS,n0050_i01,50,medium,4,60.0,23.815502500045113,156150,157.27051713439064,0.2433580287717293,True,False,False,True,True,True
BRKGA-R-LS,n0050_i01,50,medium,4,120.0,23.815502500045113,156150,157.27051713439064,0.2433580287717293,True,False,False,True,True,True
BRKGA-R-LS,n0050_i01,50,medium,4,150.0,23.815502500045113,156150,157.27051713439064,0.2433580287717293,True,False,False,True,True,True
BRKGA-R-LS,n0050_i01,50,medium,5,1.0,0.9790617999387905,8331,157.97986685007163,0.6954936153537568,True,False,False,True,True,True
BRKGA-R-LS,n0050_i01,50,medium,5,5.0,1.0834755999967456,9216,157.92587045583153,0.6610766122262863,True,False,False,True,True,True
BRKGA-R-LS,n0050_i01,50,medium,5,15.0,6.4458317999960855,21831,157.51170144232066,0.3970875730708046,True,False,False,True,True,True
BRKGA-R-LS,n0050_i01,50,medium,5,30.0,15.751801599981263,93517,157.43370261778503,0.3473715535891189,True,False,False,True,True,True
BRKGA-R-LS,n0050_i01,50,medium,5,60.0,15.751801599981263,93517,157.43370261778503,0.3473715535891189,True,False,False,True,True,True
BRKGA-R-LS,n0050_i01,50,medium,5,120.0,15.751801599981263,93517,157.43370261778503,0.3473715535891189,True,False,False,True,True,True
BRKGA-R-LS,n0050_i01,50,medium,5,150.0,15.751801599981263,93517,157.43370261778503,0.3473715535891189,True,False,False,True,True,True
GA,n0050_i01,50,medium,1,1.0,0.99118420004379,7888,157.6564795550813,0.4893683416257422,True,False,False,True,True,True
GA,n0050_i01,50,medium,1,5.0,4.984304100042209,39409,157.26325357533022,0.2387282763888682,True,False,False,True,True,True
GA,n0050_i01,50,medium,1,15.0,10.119439100031741,79814,157.20658612822547,0.20260875893446456,True,False,False,True,True,True
GA,n0050_i01,50,medium,1,30.0,10.119439100031741,79814,157.20658612822547,0.20260875893446456,True,False,False,True,True,True
GA,n0050_i01,50,medium,1,60.0,10.119439100031741,79814,157.20658612822547,0.20260875893446456,True,False,False,True,True,True
GA,n0050_i01,50,medium,1,120.0,10.119439100031741,79814,157.20658612822547,0.20260875893446456,True,False,False,True,True,True
GA,n0050_i01,50,medium,1,150.0,10.119439100031741,79814,157.20658612822547,0.20260875893446456,True,False,False,True,True,True
GA,n0050_i01,50,medium,2,1.0,0.8817309000296518,6967,157.38960567298238,0.3192644047962569,True,False,False,True,True,True
GA,n0050_i01,50,medium,2,5.0,3.6236266000196338,28373,157.21730719127729,0.20944230524393642,True,False,False,True,True,True
GA,n0050_i01,50,medium,2,15.0,6.737415100098588,51961,157.21222572331308,0.20620340566041143,True,False,False,True,True,True
GA,n0050_i01,50,medium,2,30.0,6.737415100098588,51961,157.21222572331308,0.20620340566041143,True,False,False,True,True,True
GA,n0050_i01,50,medium,2,60.0,6.737415100098588,51961,157.21222572331308,0.20620340566041143,True,False,False,True,True,True
GA,n0050_i01,50,medium,2,120.0,6.737415100098588,51961,157.21222572331308,0.20620340566041143,True,False,False,True,True,True
GA,n0050_i01,50,medium,2,150.0,6.737415100098588,51961,157.21222572331308,0.20620340566041143,True,False,False,True,True,True
GA,n0050_i01,50,medium,3,1.0,0.9778390999417752,7685,157.3709688355229,0.3073853876478623,True,False,False,True,True,True
GA,n0050_i01,50,medium,3,5.0,3.463350799982436,27089,157.25497824476932,0.23345362644596457,True,False,False,True,True,True
GA,n0050_i01,50,medium,3,15.0,3.463350799982436,27089,157.25497824476932,0.23345362644596457,True,False,False,True,True,True
GA,n0050_i01,50,medium,3,30.0,3.463350799982436,27089,157.25497824476932,0.23345362644596457,True,False,False,True,True,True
GA,n0050_i01,50,medium,3,60.0,3.463350799982436,27089,157.25497824476932,0.23345362644596457,True,False,False,True,True,True
GA,n0050_i01,50,medium,3,120.0,3.463350799982436,27089,157.25497824476932,0.23345362644596457,True,False,False,True,True,True
GA,n0050_i01,50,medium,3,150.0,3.463350799982436,27089,157.25497824476932,0.23345362644596457,True,False,False,True,True,True
GA,n0050_i01,50,medium,4,1.0,0.49397459998726845,3900,157.62620551956277,0.470071838779852,True,False,False,True,True,True
GA,n0050_i01,50,medium,4,5.0,4.918446599971503,12562,157.40226906569433,0.3273359812914081,True,False,False,True,True,True
GA,n0050_i01,50,medium,4,15.0,10.829094999935478,58216,157.3327809306229,0.28304462821622195,True,False,False,True,True,True
GA,n0050_i01,50,medium,4,30.0,10.829094999935478,58216,157.3327809306229,0.28304462821622195,True,False,False,True,True,True
GA,n0050_i01,50,medium,4,60.0,10.829094999935478,58216,157.3327809306229,0.28304462821622195,True,False,False,True,True,True
GA,n0050_i01,50,medium,4,120.0,10.829094999935478,58216,157.3327809306229,0.28304462821622195,True,False,False,True,True,True
GA,n0050_i01,50,medium,4,150.0,10.829094999935478,58216,157.3327809306229,0.28304462821622195,True,False,False,True,True,True
GA,n0050_i01,50,medium,5,1.0,0.9785659000044689,7685,157.62713116578936,0.4706618405665241,True,False,False,True,True,True
GA,n0050_i01,50,medium,5,5.0,4.86454900004901,11030,157.53745059618078,0.4134999413669687,True,False,False,True,True,True
GA,n0050_i01,50,medium,5,15.0,13.664016399998218,80220,157.15297399810515,0.16843668363224304,True,False,False,True,True,True
GA,n0050_i01,50,medium,5,30.0,13.664016399998218,80220,157.15297399810515,0.16843668363224304,True,False,False,True,True,True
GA,n0050_i01,50,medium,5,60.0,13.664016399998218,80220,157.15297399810515,0.16843668363224304,True,False,False,True,True,True
GA,n0050_i01,50,medium,5,120.0,13.664016399998218,80220,157.15297399810515,0.16843668363224304,True,False,False,True,True,True
GA,n0050_i01,50,medium,5,150.0,13.664016399998218,80220,157.15297399810515,0.16843668363224304,True,False,False,True,True,True
HPSO,n0050_i01,50,medium,1,1.0,0.9830239999573678,5262,157.16007487894103,0.17296274581427512,True,False,False,True,True,True
HPSO,n0050_i01,50,medium,1,5.0,1.7943179999710992,9587,157.15228939892717,0.16800032390153455,True,False,False,True,True,True
HPSO,n0050_i01,50,medium,1,15.0,1.7943179999710992,9587,157.15228939892717,0.16800032390153455,True,False,False,True,True,True
HPSO,n0050_i01,50,medium,1,30.0,1.7943179999710992,9587,157.15228939892717,0.16800032390153455,True,False,False,True,True,True
HPSO,n0050_i01,50,medium,1,60.0,1.7943179999710992,9587,157.15228939892717,0.16800032390153455,True,False,False,True,True,True
HPSO,n0050_i01,50,medium,1,120.0,1.7943179999710992,9587,157.15228939892717,0.16800032390153455,True,False,False,True,True,True
HPSO,n0050_i01,50,medium,1,150.0,1.7943179999710992,9587,157.15228939892717,0.16800032390153455,True,False,False,True,True,True
HPSO,n0050_i01,50,medium,2,1.0,0.8960406000260264,4728,157.3276240650717,0.2797576706276304,True,False,False,True,True,True
HPSO,n0050_i01,50,medium,2,5.0,0.8960406000260264,4728,157.3276240650717,0.2797576706276304,True,False,False,True,True,True
HPSO,n0050_i01,50,medium,2,15.0,0.8960406000260264,4728,157.3276240650717,0.2797576706276304,True,False,False,True,True,True
HPSO,n0050_i01,50,medium,2,30.0,0.8960406000260264,4728,157.3276240650717,0.2797576706276304,True,False,False,True,True,True
HPSO,n0050_i01,50,medium,2,60.0,0.8960406000260264,4728,157.3276240650717,0.2797576706276304,True,False,False,True,True,True
HPSO,n0050_i01,50,medium,2,120.0,0.8960406000260264,4728,157.3276240650717,0.2797576706276304,True,False,False,True,True,True
HPSO,n0050_i01,50,medium,2,150.0,0.8960406000260264,4728,157.3276240650717,0.2797576706276304,True,False,False,True,True,True
HPSO,n0050_i01,50,medium,3,1.0,0.9715993999270722,5230,157.37985432075337,0.313048946803436,True,False,False,True,True,True
HPSO,n0050_i01,50,medium,3,5.0,1.9842534000054002,10632,157.23819518007312,0.22275619380686754,True,False,False,True,True,True
HPSO,n0050_i01,50,medium,3,15.0,1.9842534000054002,10632,157.23819518007312,0.22275619380686754,True,False,False,True,True,True
HPSO,n0050_i01,50,medium,3,30.0,1.9842534000054002,10632,157.23819518007312,0.22275619380686754,True,False,False,True,True,True
HPSO,n0050_i01,50,medium,3,60.0,1.9842534000054002,10632,157.23819518007312,0.22275619380686754,True,False,False,True,True,True
HPSO,n0050_i01,50,medium,3,120.0,1.9842534000054002,10632,157.23819518007312,0.22275619380686754,True,False,False,True,True,True
HPSO,n0050_i01,50,medium,3,150.0,1.9842534000054002,10632,157.23819518007312,0.22275619380686754,True,False,False,True,True,True
HPSO,n0050_i01,50,medium,4,1.0,0.881233699969016,4661,157.3160912757224,0.27240673446442154,True,False,False,True,True,True
HPSO,n0050_i01,50,medium,4,5.0,2.7001593000022694,14407,157.30782002793603,0.26713468685942454,True,False,False,True,True,True
HPSO,n0050_i01,50,medium,4,15.0,2.7001593000022694,14407,157.30782002793603,0.26713468685942454,True,False,False,True,True,True
HPSO,n0050_i01,50,medium,4,30.0,2.7001593000022694,14407,157.30782002793603,0.26713468685942454,True,False,False,True,True,True
HPSO,n0050_i01,50,medium,4,60.0,2.7001593000022694,14407,157.30782002793603,0.26713468685942454,True,False,False,True,True,True
HPSO,n0050_i01,50,medium,4,120.0,2.7001593000022694,14407,157.30782002793603,0.26713468685942454,True,False,False,True,True,True
HPSO,n0050_i01,50,medium,4,150.0,2.7001593000022694,14407,157.30782002793603,0.26713468685942454,True,False,False,True,True,True
HPSO,n0050_i01,50,medium,5,1.0,0.9752597999759018,5203,157.31675237532176,0.272828115693637,True,False,False,True,True,True
HPSO,n0050_i01,50,medium,5,5.0,3.040249799960293,13977,157.18081616453188,0.18618312656550853,True,False,False,True,True,True
HPSO,n0050_i01,50,medium,5,15.0,3.040249799960293,13977,157.18081616453188,0.18618312656550853,True,False,False,True,True,True
HPSO,n0050_i01,50,medium,5,30.0,3.040249799960293,13977,157.18081616453188,0.18618312656550853,True,False,False,True,True,True
HPSO,n0050_i01,50,medium,5,60.0,3.040249799960293,13977,157.18081616453188,0.18618312656550853,True,False,False,True,True,True
HPSO,n0050_i01,50,medium,5,120.0,3.040249799960293,13977,157.18081616453188,0.18618312656550853,True,False,False,True,True,True
HPSO,n0050_i01,50,medium,5,150.0,3.040249799960293,13977,157.18081616453188,0.18618312656550853,True,False,False,True,True,True
TS,n0050_i01,50,medium,1,1.0,0.7478641999186948,6196,157.29046030125596,0.2560696930603336,True,False,False,True,True,True
TS,n0050_i01,50,medium,1,5.0,4.011814699973911,33137,157.14985268058842,0.16644717310571744,True,False,False,True,True,True
TS,n0050_i01,50,medium,1,15.0,4.011814699973911,33137,157.14985268058842,0.16644717310571744,True,False,False,True,True,True
TS,n0050_i01,50,medium,1,30.0,4.011814699973911,33137,157.14985268058842,0.16644717310571744,True,False,False,True,True,True
TS,n0050_i01,50,medium,1,60.0,4.011814699973911,33137,157.14985268058842,0.16644717310571744,True,False,False,True,True,True
TS,n0050_i01,50,medium,1,120.0,98.85921389993746,776700,156.99612849569183,0.06846422763665731,True,False,True,True,True,True
TS,n0050_i01,50,medium,1,150.0,98.85921389993746,776700,156.99612849569183,0.06846422763665731,True,False,True,True,True,True
TS,n0050_i01,50,medium,2,1.0,0.7814896000782028,6520,157.26890474235248,0.2423302990019672,True,False,False,True,True,True
TS,n0050_i01,50,medium,2,5.0,4.374856800073758,36176,157.04472561432954,0.09943976234926323,True,False,True,True,True,True
TS,n0050_i01,50,medium,2,15.0,5.348100200062618,44211,157.01510248248877,0.08055814190854328,True,False,True,True,True,True
TS,n0050_i01,50,medium,2,30.0,5.348100200062618,44211,157.01510248248877,0.08055814190854328,True,False,True,True,True,True
TS,n0050_i01,50,medium,2,60.0,59.47063600004185,456028,156.9729684821328,0.05370216305233158,True,False,True,True,True,True
TS,n0050_i01,50,medium,2,120.0,93.04697050002869,729591,156.88871584813734,0.0,True,True,True,True,True,True
TS,n0050_i01,50,medium,2,150.0,93.04697050002869,729591,156.88871584813734,0.0,True,True,True,True,True,True
TS,n0050_i01,50,medium,3,1.0,0.9289208999834955,7655,157.1833689261437,0.1878102427019429,True,False,False,True,True,True
TS,n0050_i01,50,medium,3,5.0,3.217902199947275,26492,157.11639978521285,0.14512448256374358,True,False,False,True,True,True
TS,n0050_i01,50,medium,3,15.0,3.217902199947275,26492,157.11639978521285,0.14512448256374358,True,False,False,True,True,True
TS,n0050_i01,50,medium,3,30.0,26.567057200009003,188268,157.032985918138,0.09195694490884006,True,False,True,True,True,True
TS,n0050_i01,50,medium,3,60.0,26.567057200009003,188268,157.032985918138,0.09195694490884006,True,False,True,True,True,True
TS,n0050_i01,50,medium,3,120.0,26.567057200009003,188268,157.032985918138,0.09195694490884006,True,False,True,True,True,True
TS,n0050_i01,50,medium,3,150.0,26.567057200009003,188268,157.032985918138,0.09195694490884006,True,False,True,True,True,True
TS,n0050_i01,50,medium,4,1.0,0.859757800004445,3387,158.07269928900584,0.7546644986338952,True,False,False,True,True,True
TS,n0050_i01,50,medium,4,5.0,4.8584395999787375,9382,157.22473064984936,0.21417397669139923,True,False,False,True,True,True
TS,n0050_i01,50,medium,4,15.0,7.949027399998158,34715,157.06821438424228,0.1144113744156669,True,False,False,True,True,True
TS,n0050_i01,50,medium,4,30.0,7.949027399998158,34715,157.06821438424228,0.1144113744156669,True,False,False,True,True,True
TS,n0050_i01,50,medium,4,60.0,7.949027399998158,34715,157.06821438424228,0.1144113744156669,True,False,False,True,True,True
TS,n0050_i01,50,medium,4,120.0,116.76507750002202,920924,157.02415660901377,0.08632919209278031,True,False,True,True,True,True
TS,n0050_i01,50,medium,4,150.0,116.76507750002202,920924,157.02415660901377,0.08632919209278031,True,False,True,True,True,True
TS,n0050_i01,50,medium,5,1.0,0.9984241999918595,8160,157.24251091929924,0.22550702212666368,True,False,False,True,True,True
TS,n0050_i01,50,medium,5,5.0,4.994988799910061,10170,157.22652109760008,0.21531519818782263,True,False,False,True,True,True
TS,n0050_i01,50,medium,5,15.0,10.483509399928153,55086,157.1005199256552,0.13500274788587918,True,False,False,True,True,True
TS,n0050_i01,50,medium,5,30.0,10.483509399928153,55086,157.1005199256552,0.13500274788587918,True,False,False,True,True,True
TS,n0050_i01,50,medium,5,60.0,44.70810299995355,334605,156.92896433931494,0.025654165731438704,True,False,True,True,True,True
TS,n0050_i01,50,medium,5,120.0,44.70810299995355,334605,156.92896433931494,0.025654165731438704,True,False,True,True,True,True
TS,n0050_i01,50,medium,5,150.0,44.70810299995355,334605,156.92896433931494,0.025654165731438704,True,False,True,True,True,True
2PGA,n0050_i02,50,high,1,1.0,0.9049064999999246,13319,358.29390537247303,0.9096764916360087,True,False,False,True,True,True
2PGA,n0050_i02,50,high,1,5.0,3.0943358999938937,44612,356.61932242747713,0.4380479746444096,True,False,False,True,True,True
2PGA,n0050_i02,50,high,1,15.0,14.518358899993473,205323,356.43258192740427,0.38545449435439794,True,False,False,True,True,True
2PGA,n0050_i02,50,high,1,30.0,23.8502593000012,339243,356.36610248784353,0.3667312656339837,True,False,False,True,True,True
2PGA,n0050_i02,50,high,1,60.0,57.79719479999039,823045,356.3052553712241,0.3495943209038443,True,False,False,True,True,True
2PGA,n0050_i02,50,high,1,120.0,116.42934629999218,1675334,356.1953469260979,0.31863977360319695,True,False,False,True,True,True
2PGA,n0050_i02,50,high,1,150.0,140.97585889999755,2041470,356.17552210965937,0.3130563244199396,True,False,False,True,True,True
2PGA,n0050_i02,50,high,2,1.0,0.9175275000015972,13505,357.3152857433434,0.6340586574973663,True,False,False,True,True,True
2PGA,n0050_i02,50,high,2,5.0,4.539234399999259,66879,356.51337376166424,0.4082086571690405,True,False,False,True,True,True
2PGA,n0050_i02,50,high,2,15.0,14.002181899995776,168810,356.2726899774574,0.34042262330991685,True,False,False,True,True,True
2PGA,n0050_i02,50,high,2,30.0,28.923319399997126,297772,356.2653876473442,0.33836599952059726,True,False,False,True,True,True
2PGA,n0050_i02,50,high,2,60.0,57.18300900000031,543456,356.05724722642475,0.2797454586046697,True,False,False,True,True,True
2PGA,n0050_i02,50,high,2,120.0,112.77966379999998,1030166,355.97496392540944,0.2565712400047553,True,False,False,True,True,True
2PGA,n0050_i02,50,high,2,150.0,126.24506879999535,1146919,355.9635657902639,0.25336107618979953,True,False,False,True,True,True
2PGA,n0050_i02,50,high,3,1.0,0.8549438000045484,7419,358.4305087634648,0.9481493871721693,True,False,False,True,True,True
2PGA,n0050_i02,50,high,3,5.0,4.939567900000839,43172,356.67229448894545,0.4529669936556504,True,False,False,True,True,True
2PGA,n0050_i02,50,high,3,15.0,13.56705630000215,112299,356.14714367020855,0.30506383808014925,True,False,False,True,True,True
2PGA,n0050_i02,50,high,3,30.0,27.732088600008865,234115,355.9843519876633,0.2592152881192016,True,False,False,True,True,True
2PGA,n0050_i02,50,high,3,60.0,53.81496170000173,456939,355.8672357007457,0.22623072866244162,True,False,False,True,True,True
2PGA,n0050_i02,50,high,3,120.0,89.65927780000493,766214,355.7412356607435,0.1907441544173678,True,False,False,True,True,True
2PGA,n0050_i02,50,high,3,150.0,121.93122740001127,1042156,355.7114085787834,0.18234367328678996,True,False,False,True,True,True
2PGA,n0050_i02,50,high,4,1.0,0.8343116000032751,12122,357.79993552812584,0.7705551266273578,True,False,False,True,True,True
2PGA,n0050_i02,50,high,4,5.0,4.390914200004772,63707,356.52009383869614,0.4101012955564643,True,False,False,True,True,True
2PGA,n0050_i02,50,high,4,15.0,14.811814500004402,210670,356.3362461252649,0.35832253792789653,True,False,False,True,True,True
2PGA,n0050_i02,50,high,4,30.0,29.057027000002563,415532,356.2515416083708,0.3344664095679235,True,False,False,True,True,True
2PGA,n0050_i02,50,high,4,60.0,50.0233939000027,723468,356.1049728905838,0.2931868854847328,True,False,False,True,True,True
2PGA,n0050_i02,50,high,4,120.0,119.72204920000513,1741524,356.02523356835246,0.27072915151446103,True,False,False,True,True,True
2PGA,n0050_i02,50,high,4,150.0,141.0231480999937,2046161,355.9436503615777,0.24775210702849632,True,False,False,True,True,True
2PGA,n0050_i02,50,high,5,1.0,0.8811736000061501,13140,358.3655713786613,0.929860461810958,True,False,False,True,True,True
2PGA,n0050_i02,50,high,5,5.0,4.930919000005815,73020,356.74816622269634,0.47433546237046814,True,False,False,True,True,True
2PGA,n0050_i02,50,high,5,15.0,14.94842630000494,215889,355.8100564945118,0.2101268119711592,True,False,False,True,True,True
2PGA,n0050_i02,50,high,5,30.0,26.53983240001253,381940,355.53843615012005,0.13362782421242417,True,False,False,True,True,True
2PGA,n0050_i02,50,high,5,60.0,26.53983240001253,381940,355.53843615012005,0.13362782421242417,True,False,False,True,True,True
2PGA,n0050_i02,50,high,5,120.0,26.53983240001253,381940,355.53843615012005,0.13362782421242417,True,False,False,True,True,True
2PGA,n0050_i02,50,high,5,150.0,144.97147270001005,2095253,355.4970227997382,0.12196419352598438,True,False,False,True,True,True
ACO,n0050_i02,50,high,1,1.0,0.975473200000124,1792,360.0979327189093,1.417761650722655,True,False,False,False,True,True
ACO,n0050_i02,50,high,1,5.0,4.1198592000000644,7585,358.4067931470068,0.9414701354497941,True,False,False,True,True,True
ACO,n0050_i02,50,high,1,15.0,4.1198592000000644,7585,358.4067931470068,0.9414701354497941,True,False,False,True,True,True
ACO,n0050_i02,50,high,1,30.0,4.1198592000000644,7585,358.4067931470068,0.9414701354497941,True,False,False,True,True,True
ACO,n0050_i02,50,high,1,60.0,39.063732399999935,71176,358.0587443913083,0.8434458966497012,True,False,False,True,True,True
ACO,n0050_i02,50,high,1,120.0,39.063732399999935,71176,358.0587443913083,0.8434458966497012,True,False,False,True,True,True
ACO,n0050_i02,50,high,1,150.0,39.063732399999935,71176,358.0587443913083,0.8434458966497012,True,False,False,True,True,True
ACO,n0050_i02,50,high,2,1.0,0.17872360000001208,352,359.86603978048106,1.3524514652949602,True,False,False,False,True,True
ACO,n0050_i02,50,high,2,5.0,2.9541715000013937,5645,358.9272375643214,1.088047783005639,True,False,False,False,True,True
ACO,n0050_i02,50,high,2,15.0,6.968874600001072,13143,357.7416056590887,0.7541271379675465,True,False,False,True,True,True
ACO,n0050_i02,50,high,2,30.0,6.968874600001072,13143,357.7416056590887,0.7541271379675465,True,False,False,True,True,True
ACO,n0050_i02,50,high,2,60.0,6.968874600001072,13143,357.7416056590887,0.7541271379675465,True,False,False,True,True,True
ACO,n0050_i02,50,high,2,120.0,6.968874600001072,13143,357.7416056590887,0.7541271379675465,True,False,False,True,True,True
ACO,n0050_i02,50,high,2,150.0,6.968874600001072,13143,357.7416056590887,0.7541271379675465,True,False,False,True,True,True
ACO,n0050_i02,50,high,3,1.0,0.7072117000006983,1344,360.1656577323007,1.436835682095343,True,False,False,False,True,True
ACO,n0050_i02,50,high,3,5.0,2.2489356999994925,4286,359.31898313720427,1.1983787666866117,True,False,False,False,True,True
ACO,n0050_i02,50,high,3,15.0,14.224172600001111,25878,358.39453062264636,0.9380165255847416,True,False,False,True,True,True
ACO,n0050_i02,50,high,3,30.0,24.902474300000904,45578,357.9850008102289,0.8226767995523749,True,False,False,True,True,True
ACO,n0050_i02,50,high,3,60.0,53.92685090000123,99347,357.8539513004762,0.7857680957334112,True,False,False,True,True,True
ACO,n0050_i02,50,high,3,120.0,53.92685090000123,99347,357.8539513004762,0.7857680957334112,True,False,False,True,True,True
ACO,n0050_i02,50,high,3,150.0,53.92685090000123,99347,357.8539513004762,0.7857680957334112,True,False,False,True,True,True
ACO,n0050_i02,50,high,4,1.0,0.4950987000011082,963,359.42304871557724,1.2276877325664928,True,False,False,False,True,True
ACO,n0050_i02,50,high,4,5.0,4.442029100000582,8451,359.07335503329875,1.1292002176499136,True,False,False,False,True,True
ACO,n0050_i02,50,high,4,15.0,4.442029100000582,8451,359.07335503329875,1.1292002176499136,True,False,False,False,True,True
ACO,n0050_i02,50,high,4,30.0,4.442029100000582,8451,359.07335503329875,1.1292002176499136,True,False,False,False,True,True
ACO,n0050_i02,50,high,4,60.0,49.979895399999805,94050,359.07019248820154,1.1283095203819318,True,False,False,False,True,True
ACO,n0050_i02,50,high,4,120.0,115.63562220000131,218302,358.48880728733485,0.9645685477982827,True,False,False,True,True,True
ACO,n0050_i02,50,high,4,150.0,115.63562220000131,218302,358.48880728733485,0.9645685477982827,True,False,False,True,True,True
ACO,n0050_i02,50,high,5,1.0,0.7760455000006914,1492,360.4123256889919,1.5063070946349681,True,False,False,False,True,True
ACO,n0050_i02,50,high,5,5.0,4.183959500000128,8007,359.1597054827216,1.153519905441171,True,False,False,False,True,True
ACO,n0050_i02,50,high,5,15.0,7.6200072999999975,14530,358.91464179214296,1.0845003174288348,True,False,False,False,True,True
ACO,n0050_i02,50,high,5,30.0,7.6200072999999975,14530,358.91464179214296,1.0845003174288348,True,False,False,False,True,True
ACO,n0050_i02,50,high,5,60.0,38.12514220000048,72150,358.18422458319503,0.8787860611892931,True,False,False,True,True,True
ACO,n0050_i02,50,high,5,120.0,97.10984009999993,184324,357.94732931805123,0.8120670235232457,True,False,False,True,True,True
ACO,n0050_i02,50,high,5,150.0,149.40969420000147,283223,357.7157802729027,0.7468536919886325,True,False,False,True,True,True
BRKGA-R-LS,n0050_i02,50,high,1,1.0,0.9980511999456212,9637,357.2499586470242,0.6156599740230934,True,False,False,True,True,True
BRKGA-R-LS,n0050_i02,50,high,1,5.0,1.3347064000554383,12858,356.45637387761025,0.39215524466689416,True,False,False,True,True,True
BRKGA-R-LS,n0050_i02,50,high,1,15.0,1.3347064000554383,12858,356.45637387761025,0.39215524466689416,True,False,False,True,True,True
BRKGA-R-LS,n0050_i02,50,high,1,30.0,21.33717610000167,155410,356.4287015973847,0.38436164057964983,True,False,False,True,True,True
BRKGA-R-LS,n0050_i02,50,high,1,60.0,21.33717610000167,155410,356.4287015973847,0.38436164057964983,True,False,False,True,True,True
BRKGA-R-LS,n0050_i02,50,high,1,120.0,21.33717610000167,155410,356.4287015973847,0.38436164057964983,True,False,False,True,True,True
BRKGA-R-LS,n0050_i02,50,high,1,150.0,120.75171690003481,1035156,356.3172158650278,0.3529628670675097,True,False,False,True,True,True
BRKGA-R-LS,n0050_i02,50,high,2,1.0,0.6887468999484554,6801,358.38055721413775,0.9340810633540265,True,False,False,True,True,True
BRKGA-R-LS,n0050_i02,50,high,2,5.0,1.5764013000298291,14937,357.19532482392157,0.6002729374809691,True,False,False,True,True,True
BRKGA-R-LS,n0050_i02,50,high,2,15.0,1.5764013000298291,14937,357.19532482392157,0.6002729374809691,True,False,False,True,True,True
BRKGA-R-LS,n0050_i02,50,high,2,30.0,1.5764013000298291,14937,357.19532482392157,0.6002729374809691,True,False,False,True,True,True
BRKGA-R-LS,n0050_i02,50,high,2,60.0,1.5764013000298291,14937,357.19532482392157,0.6002729374809691,True,False,False,True,True,True
BRKGA-R-LS,n0050_i02,50,high,2,120.0,108.02156290004496,922450,355.93534572298546,0.24541319369183248,True,False,False,True,True,True
BRKGA-R-LS,n0050_i02,50,high,2,150.0,108.02156290004496,922450,355.93534572298546,0.24541319369183248,True,False,False,True,True,True
BRKGA-R-LS,n0050_i02,50,high,3,1.0,0.9866610000608489,9565,357.60784268459184,0.7164542155967246,True,False,False,True,True,True
BRKGA-R-LS,n0050_i02,50,high,3,5.0,3.1184562999987975,28983,356.27999728833254,0.34248064987798954,True,False,False,True,True,True
BRKGA-R-LS,n0050_i02,50,high,3,15.0,3.1184562999987975,28983,356.27999728833254,0.34248064987798954,True,False,False,True,True,True
BRKGA-R-LS,n0050_i02,50,high,3,30.0,28.702117200009525,222146,355.79246839135214,0.205173309348509,True,False,False,True,True,True
BRKGA-R-LS,n0050_i02,50,high,3,60.0,28.702117200009525,222146,355.79246839135214,0.205173309348509,True,False,False,True,True,True
BRKGA-R-LS,n0050_i02,50,high,3,120.0,90.841022000066,767806,355.7738711612536,0.1999355968316539,True,False,False,True,True,True
BRKGA-R-LS,n0050_i02,50,high,3,150.0,90.841022000066,767806,355.7738711612536,0.1999355968316539,True,False,False,True,True,True
BRKGA-R-LS,n0050_i02,50,high,4,1.0,0.6809550999896601,6801,358.38055721413775,0.9340810633540265,True,False,False,True,True,True
BRKGA-R-LS,n0050_i02,50,high,4,5.0,2.960603000014089,27588,357.12411233023005,0.5802166942883772,True,False,False,True,True,True
BRKGA-R-LS,n0050_i02,50,high,4,15.0,14.925092599936761,97294,356.38936131733226,0.3732818681535589,True,False,False,True,True,True
BRKGA-R-LS,n0050_i02,50,high,4,30.0,14.925092599936761,97294,356.38936131733226,0.3732818681535589,True,False,False,True,True,True
BRKGA-R-LS,n0050_i02,50,high,4,60.0,14.925092599936761,97294,356.38936131733226,0.3732818681535589,True,False,False,True,True,True
BRKGA-R-LS,n0050_i02,50,high,4,120.0,14.925092599936761,97294,356.38936131733226,0.3732818681535589,True,False,False,True,True,True
BRKGA-R-LS,n0050_i02,50,high,4,150.0,136.50601439992897,1174717,356.0949182819888,0.2903551116662064,True,False,False,True,True,True
BRKGA-R-LS,n0050_i02,50,high,5,1.0,0.9938296000473201,9634,357.4160363681608,0.6624340018842205,True,False,False,True,True,True
BRKGA-R-LS,n0050_i02,50,high,5,5.0,1.115053900051862,10811,357.1947441900372,0.6001094081087128,True,False,False,True,True,True
BRKGA-R-LS,n0050_i02,50,high,5,15.0,9.121191700105555,51368,356.66876493974405,0.4519729335761059,True,False,False,True,True,True
BRKGA-R-LS,n0050_i02,50,high,5,30.0,9.121191700105555,51368,356.66876493974405,0.4519729335761059,True,False,False,True,True,True
BRKGA-R-LS,n0050_i02,50,high,5,60.0,9.121191700105555,51368,356.66876493974405,0.4519729335761059,True,False,False,True,True,True
BRKGA-R-LS,n0050_i02,50,high,5,120.0,9.121191700105555,51368,356.66876493974405,0.4519729335761059,True,False,False,True,True,True
BRKGA-R-LS,n0050_i02,50,high,5,150.0,140.79086080007255,1206999,356.51381118525745,0.4083318528824449,True,False,False,True,True,True
GA,n0050_i02,50,high,1,1.0,0.8824432999826968,7966,356.36885666984955,0.36750695177058473,True,False,False,True,True,True
GA,n0050_i02,50,high,1,5.0,1.7466500999871641,15675,356.1832269780381,0.3152263188402967,True,False,False,True,True,True
GA,n0050_i02,50,high,1,15.0,9.21457139996346,50560,356.1154785368402,0.2961456892745159,True,False,False,True,True,True
GA,n0050_i02,50,high,1,30.0,9.21457139996346,50560,356.1154785368402,0.2961456892745159,True,False,False,True,True,True
GA,n0050_i02,50,high,1,60.0,9.21457139996346,50560,356.1154785368402,0.2961456892745159,True,False,False,True,True,True
GA,n0050_i02,50,high,1,120.0,9.21457139996346,50560,356.1154785368402,0.2961456892745159,True,False,False,True,True,True
GA,n0050_i02,50,high,1,150.0,9.21457139996346,50560,356.1154785368402,0.2961456892745159,True,False,False,True,True,True
GA,n0050_i02,50,high,2,1.0,0.9790434999158606,8928,357.5471741159796,0.6993675570181821,True,False,False,True,True,True
GA,n0050_i02,50,high,2,5.0,2.40497619996313,21816,357.35985394667875,0.6466108190411393,True,False,False,True,True,True
GA,n0050_i02,50,high,2,15.0,6.484814199968241,24829,357.3128116439085,0.633361853644888,True,False,False,True,True,True
GA,n0050_i02,50,high,2,30.0,6.484814199968241,24829,357.3128116439085,0.633361853644888,True,False,False,True,True,True
GA,n0050_i02,50,high,2,60.0,6.484814199968241,24829,357.3128116439085,0.633361853644888,True,False,False,True,True,True
GA,n0050_i02,50,high,2,120.0,6.484814199968241,24829,357.3128116439085,0.633361853644888,True,False,False,True,True,True
GA,n0050_i02,50,high,2,150.0,6.484814199968241,24829,357.3128116439085,0.633361853644888,True,False,False,True,True,True
GA,n0050_i02,50,high,3,1.0,0.9718013999518007,8750,357.9424197520512,0.8106842963561087,True,False,False,True,True,True
GA,n0050_i02,50,high,3,5.0,2.576846299925819,23255,357.66488736986065,0.7325202458856247,True,False,False,True,True,True
GA,n0050_i02,50,high,3,15.0,7.709575399989262,35686,357.6018858841565,0.7147765459633807,True,False,False,True,True,True
GA,n0050_i02,50,high,3,30.0,7.709575399989262,35686,357.6018858841565,0.7147765459633807,True,False,False,True,True,True
GA,n0050_i02,50,high,3,60.0,7.709575399989262,35686,357.6018858841565,0.7147765459633807,True,False,False,True,True,True
GA,n0050_i02,50,high,3,120.0,7.709575399989262,35686,357.6018858841565,0.7147765459633807,True,False,False,True,True,True
GA,n0050_i02,50,high,3,150.0,7.709575399989262,35686,357.6018858841565,0.7147765459633807,True,False,False,True,True,True
GA,n0050_i02,50,high,4,1.0,0.9931062998948619,9098,357.4408520716043,0.6694230814327328,True,False,False,True,True,True
GA,n0050_i02,50,high,4,5.0,2.83484059991315,25907,357.1128501377892,0.5770448172936828,True,False,False,True,True,True
GA,n0050_i02,50,high,4,15.0,8.720942899934016,42532,357.01578956742657,0.5497087375878127,True,False,False,True,True,True
GA,n0050_i02,50,high,4,30.0,8.720942899934016,42532,357.01578956742657,0.5497087375878127,True,False,False,True,True,True
GA,n0050_i02,50,high,4,60.0,8.720942899934016,42532,357.01578956742657,0.5497087375878127,True,False,False,True,True,True
GA,n0050_i02,50,high,4,120.0,83.3715441999957,718252,356.0922440451104,0.2896019412264886,True,False,False,True,True,True
GA,n0050_i02,50,high,4,150.0,83.3715441999957,718252,356.0922440451104,0.2896019412264886,True,False,False,True,True,True
GA,n0050_i02,50,high,5,1.0,0.924012599978596,8398,358.14310020690766,0.8672038169901772,True,False,False,True,True,True
GA,n0050_i02,50,high,5,5.0,3.6922743000322953,33447,356.4881664501105,0.4011092853517394,True,False,False,True,True,True
GA,n0050_i02,50,high,5,15.0,9.528020899975672,53316,356.31204232079955,0.35150579323354947,True,False,False,True,True,True
GA,n0050_i02,50,high,5,30.0,9.528020899975672,53316,356.31204232079955,0.35150579323354947,True,False,False,True,True,True
GA,n0050_i02,50,high,5,60.0,9.528020899975672,53316,356.31204232079955,0.35150579323354947,True,False,False,True,True,True
GA,n0050_i02,50,high,5,120.0,9.528020899975672,53316,356.31204232079955,0.35150579323354947,True,False,False,True,True,True
GA,n0050_i02,50,high,5,150.0,9.528020899975672,53316,356.31204232079955,0.35150579323354947,True,False,False,True,True,True
HPSO,n0050_i02,50,high,1,1.0,0.8154767999658361,4764,356.83831903969366,0.49972604664108716,True,False,False,True,True,True
HPSO,n0050_i02,50,high,1,5.0,2.565845499979332,9509,356.70690732249193,0.46271533093758854,True,False,False,True,True,True
HPSO,n0050_i02,50,high,1,15.0,5.417757899966091,10055,356.63384914304794,0.4421392699378992,True,False,False,True,True,True
HPSO,n0050_i02,50,high,1,30.0,5.417757899966091,10055,356.63384914304794,0.4421392699378992,True,False,False,True,True,True
HPSO,n0050_i02,50,high,1,60.0,5.417757899966091,10055,356.63384914304794,0.4421392699378992,True,False,False,True,True,True
HPSO,n0050_i02,50,high,1,120.0,5.417757899966091,10055,356.63384914304794,0.4421392699378992,True,False,False,True,True,True
HPSO,n0050_i02,50,high,1,150.0,5.417757899966091,10055,356.63384914304794,0.4421392699378992,True,False,False,True,True,True
HPSO,n0050_i02,50,high,2,1.0,0.97047639999073,5628,357.5363635649089,0.6963228800228974,True,False,False,True,True,True
HPSO,n0050_i02,50,high,2,5.0,2.1206330000422895,12357,356.793024625893,0.48696935562578364,True,False,False,True,True,True
HPSO,n0050_i02,50,high,2,15.0,5.481315699988045,13941,356.7910841859254,0.4864228512994592,True,False,False,True,True,True
HPSO,n0050_i02,50,high,2,30.0,28.39328319998458,144395,355.7827970868622,0.2024494890638292,True,False,False,True,True,True
HPSO,n0050_i02,50,high,2,60.0,28.39328319998458,144395,355.7827970868622,0.2024494890638292,True,False,False,True,True,True
HPSO,n0050_i02,50,high,2,120.0,28.39328319998458,144395,355.7827970868622,0.2024494890638292,True,False,False,True,True,True
HPSO,n0050_i02,50,high,2,150.0,28.39328319998458,144395,355.7827970868622,0.2024494890638292,True,False,False,True,True,True
HPSO,n0050_i02,50,high,3,1.0,0.8953115000622347,5645,357.89605219557586,0.7976253660939004,True,False,False,True,True,True
HPSO,n0050_i02,50,high,3,5.0,2.7772573000984266,16643,357.78986132982203,0.7677178355752161,True,False,False,True,True,True
HPSO,n0050_i02,50,high,3,15.0,2.7772573000984266,16643,357.78986132982203,0.7677178355752161,True,False,False,True,True,True
HPSO,n0050_i02,50,high,3,30.0,2.7772573000984266,16643,357.78986132982203,0.7677178355752161,True,False,False,True,True,True
HPSO,n0050_i02,50,high,3,60.0,58.50196430005599,321478,357.24300724434534,0.6137021852218668,True,False,False,True,True,True
HPSO,n0050_i02,50,high,3,120.0,60.26645610004198,331834,357.17178367687364,0.5936428232165963,True,False,False,True,True,True
HPSO,n0050_i02,50,high,3,150.0,60.26645610004198,331834,357.17178367687364,0.5936428232165963,True,False,False,True,True,True
HPSO,n0050_i02,50,high,4,1.0,0.6761765000410378,3960,356.74162882226415,0.4724942729089193,True,False,False,True,True,True
HPSO,n0050_i02,50,high,4,5.0,2.3808487000642344,14002,356.3035606345814,0.3491170163117455,True,False,False,True,True,True
HPSO,n0050_i02,50,high,4,15.0,2.3808487000642344,14002,356.3035606345814,0.3491170163117455,True,False,False,True,True,True
HPSO,n0050_i02,50,high,4,30.0,2.3808487000642344,14002,356.3035606345814,0.3491170163117455,True,False,False,True,True,True
HPSO,n0050_i02,50,high,4,60.0,2.3808487000642344,14002,356.3035606345814,0.3491170163117455,True,False,False,True,True,True
HPSO,n0050_i02,50,high,4,120.0,2.3808487000642344,14002,356.3035606345814,0.3491170163117455,True,False,False,True,True,True
HPSO,n0050_i02,50,high,4,150.0,2.3808487000642344,14002,356.3035606345814,0.3491170163117455,True,False,False,True,True,True
HPSO,n0050_i02,50,high,5,1.0,0.7540580999338999,4435,358.06239679883885,0.8444745584739586,True,False,False,True,True,True
HPSO,n0050_i02,50,high,5,5.0,1.901705599972047,11156,357.9397801452393,0.8099408791071417,True,False,False,True,True,True
HPSO,n0050_i02,50,high,5,15.0,1.901705599972047,11156,357.9397801452393,0.8099408791071417,True,False,False,True,True,True
HPSO,n0050_i02,50,high,5,30.0,1.901705599972047,11156,357.9397801452393,0.8099408791071417,True,False,False,True,True,True
HPSO,n0050_i02,50,high,5,60.0,1.901705599972047,11156,357.9397801452393,0.8099408791071417,True,False,False,True,True,True
HPSO,n0050_i02,50,high,5,120.0,71.61967819998972,400617,357.8304694049003,0.7791546690174121,True,False,False,True,True,True
HPSO,n0050_i02,50,high,5,150.0,144.5032126000151,829284,357.8217761341955,0.7767063015701133,True,False,False,True,True,True
TS,n0050_i02,50,high,1,1.0,0.7825875000562519,7360,357.8927374763571,0.7966918105993532,True,False,False,True,True,True
TS,n0050_i02,50,high,1,5.0,3.224644000059925,16497,357.2447093718944,0.6141815713843033,True,False,False,True,True,True
TS,n0050_i02,50,high,1,15.0,11.03086549998261,68186,356.10635860059443,0.29357715600507767,True,False,False,True,True,True
TS,n0050_i02,50,high,1,30.0,29.990539000020362,244663,355.87016975230904,0.2270570731512142,True,False,False,True,True,True
TS,n0050_i02,50,high,1,60.0,33.14200370002072,273949,355.3090879214746,0.06903432929242907,True,False,True,True,True,True
TS,n0050_i02,50,high,1,120.0,76.00156500004232,671603,355.29502436395217,0.06507347754856536,True,False,True,True,True,True
TS,n0050_i02,50,high,1,150.0,148.0856374000432,1341520,355.0890460037896,0.0070618581025777725,True,False,True,True,True,True
TS,n0050_i02,50,high,2,1.0,0.9428802001057193,8983,357.32586211959375,0.637037381639402,True,False,False,True,True,True
TS,n0050_i02,50,high,2,5.0,2.0622027000645176,19496,356.98133040235706,0.5400036794017937,True,False,False,True,True,True
TS,n0050_i02,50,high,2,15.0,10.123708500061184,60602,355.5813526730817,0.14571480750538598,True,False,False,True,True,True
TS,n0050_i02,50,high,2,30.0,22.505280100042,176417,355.14991790448175,0.024205783003820418,True,False,True,True,True,True
TS,n0050_i02,50,high,2,60.0,22.505280100042,176417,355.14991790448175,0.024205783003820418,True,False,True,True,True,True
TS,n0050_i02,50,high,2,120.0,22.505280100042,176417,355.14991790448175,0.024205783003820418,True,False,True,True,True,True
TS,n0050_i02,50,high,2,150.0,22.505280100042,176417,355.14991790448175,0.024205783003820418,True,False,True,True,True,True
TS,n0050_i02,50,high,3,1.0,0.9598022999707609,9185,357.73579161534064,0.7524896742403484,True,False,False,True,True,True
TS,n0050_i02,50,high,3,5.0,3.0112197999842465,28506,356.1550514576679,0.30729098250634446,True,False,False,True,True,True
TS,n0050_i02,50,high,3,15.0,14.33565969998017,97423,355.9865973025692,0.2598476572367876,True,False,False,True,True,True
TS,n0050_i02,50,high,3,30.0,27.796251000021584,224428,355.2826654287508,0.06159271459321269,True,False,True,True,True,True
TS,n0050_i02,50,high,3,60.0,27.796251000021584,224428,355.2826654287508,0.06159271459321269,True,False,True,True,True,True
TS,n0050_i02,50,high,3,120.0,99.93987440003548,897227,355.06397188992133,0.0,True,True,True,True,True,True
TS,n0050_i02,50,high,3,150.0,99.93987440003548,897227,355.06397188992133,0.0,True,True,True,True,True,True
TS,n0050_i02,50,high,4,1.0,0.9408898999681696,8902,357.2956875156467,0.6285390246288516,True,False,False,True,True,True
TS,n0050_i02,50,high,4,5.0,3.136346700019203,29399,355.50105435536744,0.12309963838899902,True,False,False,True,True,True
TS,n0050_i02,50,high,4,15.0,3.136346700019203,29399,355.50105435536744,0.12309963838899902,True,False,False,True,True,True
TS,n0050_i02,50,high,4,30.0,3.136346700019203,29399,355.50105435536744,0.12309963838899902,True,False,False,True,True,True
TS,n0050_i02,50,high,4,60.0,57.42708459997084,501386,355.31040551349724,0.0694054151042706,True,False,True,True,True,True
TS,n0050_i02,50,high,4,120.0,69.52691430004779,613267,355.12319185304057,0.01667867421299298,True,False,True,True,True,True
TS,n0050_i02,50,high,4,150.0,69.52691430004779,613267,355.12319185304057,0.01667867421299298,True,False,True,True,True,True
TS,n0050_i02,50,high,5,1.0,0.5891568000661209,5534,356.10893136698934,0.29430174835986134,True,False,False,True,True,True
TS,n0050_i02,50,high,5,5.0,3.3522619999712333,31468,355.71195043671554,0.18249628182357402,True,False,False,True,True,True
TS,n0050_i02,50,high,5,15.0,11.828083000029437,77804,355.42829133321754,0.10260670530919384,True,False,False,True,True,True
TS,n0050_i02,50,high,5,30.0,11.828083000029437,77804,355.42829133321754,0.10260670530919384,True,False,False,True,True,True
TS,n0050_i02,50,high,5,60.0,11.828083000029437,77804,355.42829133321754,0.10260670530919384,True,False,False,True,True,True
TS,n0050_i02,50,high,5,120.0,102.32292299997061,924240,355.3711553387151,0.08651495874354308,True,False,True,True,True,True
TS,n0050_i02,50,high,5,150.0,102.32292299997061,924240,355.3711553387151,0.08651495874354308,True,False,True,True,True,True
2PGA,n0050_i03,50,medium,1,1.0,0.80568599999242,10213,314.1579163173827,0.5782904199920856,True,False,False,True,True,True
2PGA,n0050_i03,50,medium,1,5.0,4.954276499993284,61027,313.79732689512923,0.4628469893158087,True,False,False,True,True,True
2PGA,n0050_i03,50,medium,1,15.0,14.455491400003666,175473,313.445987344009,0.35036492353554666,True,False,False,True,True,True
2PGA,n0050_i03,50,medium,1,30.0,25.484457099999418,308512,313.44267628193705,0.34930488033633994,True,False,False,True,True,True
2PGA,n0050_i03,50,medium,1,60.0,25.484457099999418,308512,313.44267628193705,0.34930488033633994,True,False,False,True,True,True
2PGA,n0050_i03,50,medium,1,120.0,25.484457099999418,308512,313.44267628193705,0.34930488033633994,True,False,False,True,True,True
2PGA,n0050_i03,50,medium,1,150.0,25.484457099999418,308512,313.44267628193705,0.34930488033633994,True,False,False,True,True,True
2PGA,n0050_i03,50,medium,2,1.0,0.9989545999997063,12617,314.82157445559807,0.7907619112327484,True,False,False,True,True,True
2PGA,n0050_i03,50,medium,2,5.0,3.4194445999892196,43651,313.87611830382673,0.4880722176960835,True,False,False,True,True,True
2PGA,n0050_i03,50,medium,2,15.0,13.263087799990899,164728,313.5657475255143,0.3887063871452884,True,False,False,True,True,True
2PGA,n0050_i03,50,medium,2,30.0,26.437835999997333,328197,313.5498615592882,0.38362046302336533,True,False,False,True,True,True
2PGA,n0050_i03,50,medium,2,60.0,43.76332189999812,542331,313.5014384751923,0.36811771500312496,True,False,False,True,True,True
2PGA,n0050_i03,50,medium,2,120.0,43.76332189999812,542331,313.5014384751923,0.36811771500312496,True,False,False,True,True,True
2PGA,n0050_i03,50,medium,2,150.0,43.76332189999812,542331,313.5014384751923,0.36811771500312496,True,False,False,True,True,True
2PGA,n0050_i03,50,medium,3,1.0,0.9427127000089968,11762,314.880710476869,0.8096944276926012,True,False,False,True,True,True
2PGA,n0050_i03,50,medium,3,5.0,4.953008500000578,61379,313.3822954776242,0.32997384407547287,True,False,False,True,True,True
2PGA,n0050_i03,50,medium,3,15.0,5.883601800000179,72865,313.34116068529585,0.3168044573617268,True,False,False,True,True,True
2PGA,n0050_i03,50,medium,3,30.0,29.65068330000213,361041,313.2943860767144,0.30182947210165145,True,False,False,True,True,True
2PGA,n0050_i03,50,medium,3,60.0,29.65068330000213,361041,313.2943860767144,0.30182947210165145,True,False,False,True,True,True
2PGA,n0050_i03,50,medium,3,120.0,93.12844680000853,1143848,313.2253767195996,0.2797359872614458,True,False,False,True,True,True
2PGA,n0050_i03,50,medium,3,150.0,139.64998840000771,1725200,313.19523715215934,0.27008674396790633,True,False,False,True,True,True
2PGA,n0050_i03,50,medium,4,1.0,0.9656042999995407,12563,314.91036329975003,0.8191878387339664,True,False,False,True,True,True
2PGA,n0050_i03,50,medium,4,5.0,4.796818199989502,61071,314.21626253016854,0.5969700776727438,True,False,False,True,True,True
2PGA,n0050_i03,50,medium,4,15.0,14.231521699999576,178331,313.7072432125619,0.4340065166848144,True,False,False,True,True,True
2PGA,n0050_i03,50,medium,4,30.0,29.99373289999494,375963,313.4632756699369,0.3558998159439062,True,False,False,True,True,True
2PGA,n0050_i03,50,medium,4,60.0,46.35188129999733,582301,313.271534635005,0.29451353695763144,True,False,False,True,True,True
2PGA,n0050_i03,50,medium,4,120.0,91.48171330000332,1155415,313.2323231019102,0.28195988556582474,True,False,False,True,True,True
2PGA,n0050_i03,50,medium,4,150.0,91.48171330000332,1155415,313.2323231019102,0.28195988556582474,True,False,False,True,True,True
2PGA,n0050_i03,50,medium,5,1.0,0.8081502999993972,10424,315.10679290739967,0.8820751737305182,True,False,False,True,True,True
2PGA,n0050_i03,50,medium,5,5.0,4.972654599987436,63513,313.9554292706793,0.5134637836674142,True,False,False,True,True,True
2PGA,n0050_i03,50,medium,5,15.0,13.680288599993219,169311,313.6999947983439,0.4316859222562289,True,False,False,True,True,True
2PGA,n0050_i03,50,medium,5,30.0,22.327704399998765,277152,313.69640440372507,0.4305364501788538,True,False,False,True,True,True
2PGA,n0050_i03,50,medium,5,60.0,44.78382779999811,561134,313.68441890698585,0.42669926922859974,True,False,False,True,True,True
2PGA,n0050_i03,50,medium,5,120.0,117.74039169999014,1471079,313.5070675983031,0.3699198901183791,True,False,False,True,True,True
2PGA,n0050_i03,50,medium,5,150.0,134.1389807999949,1674850,313.5009157017729,0.3679503480387152,True,False,False,True,True,True
ACO,n0050_i03,50,medium,1,1.0,0.4673646000010194,880,316.0978438904072,1.1993621444311056,True,False,False,False,True,True
ACO,n0050_i03,50,medium,1,5.0,3.2530455000014626,6049,315.3272620416054,0.9526588116306017,True,False,False,True,True,True
ACO,n0050_i03,50,medium,1,15.0,12.654618300002767,22263,315.0527119389621,0.8647610426289688,True,False,False,True,True,True
ACO,n0050_i03,50,medium,1,30.0,12.654618300002767,22263,315.0527119389621,0.8647610426289688,True,False,False,True,True,True
ACO,n0050_i03,50,medium,1,60.0,12.654618300002767,22263,315.0527119389621,0.8647610426289688,True,False,False,True,True,True
ACO,n0050_i03,50,medium,1,120.0,113.47531990000061,203155,314.69362680048863,0.7497992114383141,True,False,False,True,True,True
ACO,n0050_i03,50,medium,1,150.0,113.47531990000061,203155,314.69362680048863,0.7497992114383141,True,False,False,True,True,True
ACO,n0050_i03,50,medium,2,1.0,0.664951499999006,1194,315.8478507522733,1.1193263371371878,True,False,False,False,True,True
ACO,n0050_i03,50,medium,2,5.0,4.097460799999681,7395,315.3490530157809,0.9596352359551799,True,False,False,True,True,True
ACO,n0050_i03,50,medium,2,15.0,13.403509600000689,24187,315.1317715868933,0.890072148340833,True,False,False,True,True,True
ACO,n0050_i03,50,medium,2,30.0,13.403509600000689,24187,315.1317715868933,0.890072148340833,True,False,False,True,True,True
ACO,n0050_i03,50,medium,2,60.0,58.38411410000117,105188,314.8898724325791,0.8126276462886142,True,False,False,True,True,True
ACO,n0050_i03,50,medium,2,120.0,97.1369956999988,175201,314.8174698262431,0.789447805867619,True,False,False,True,True,True
ACO,n0050_i03,50,medium,2,150.0,97.1369956999988,175201,314.8174698262431,0.789447805867619,True,False,False,True,True,True
ACO,n0050_i03,50,medium,3,1.0,0.7953944000000774,1565,315.86247292391243,1.1240076548736024,True,False,False,False,True,True
ACO,n0050_i03,50,medium,3,5.0,3.173817999999301,5898,315.288555871328,0.9402669531638751,True,False,False,True,True,True
ACO,n0050_i03,50,medium,3,15.0,6.113867699998082,11287,315.06098935317505,0.8674110734809563,True,False,False,True,True,True
ACO,n0050_i03,50,medium,3,30.0,6.113867699998082,11287,315.06098935317505,0.8674110734809563,True,False,False,True,True,True
ACO,n0050_i03,50,medium,3,60.0,6.113867699998082,11287,315.06098935317505,0.8674110734809563,True,False,False,True,True,True
ACO,n0050_i03,50,medium,3,120.0,6.113867699998082,11287,315.06098935317505,0.8674110734809563,True,False,False,True,True,True
ACO,n0050_i03,50,medium,3,150.0,125.70855780000056,227618,314.8491556543058,0.7995920876175218,True,False,False,True,True,True
ACO,n0050_i03,50,medium,4,1.0,0.2623079000004509,494,316.1431091153485,1.213853897475058,True,False,False,False,True,True
ACO,n0050_i03,50,medium,4,5.0,3.6859151999997266,6757,314.72255112751833,0.7590593930638405,True,False,False,True,True,True
ACO,n0050_i03,50,medium,4,15.0,3.6859151999997266,6757,314.72255112751833,0.7590593930638405,True,False,False,True,True,True
ACO,n0050_i03,50,medium,4,30.0,26.70413019999978,48259,314.7051464425348,0.7534872480691713,True,False,False,True,True,True
ACO,n0050_i03,50,medium,4,60.0,26.70413019999978,48259,314.7051464425348,0.7534872480691713,True,False,False,True,True,True
ACO,n0050_i03,50,medium,4,120.0,26.70413019999978,48259,314.7051464425348,0.7534872480691713,True,False,False,True,True,True
ACO,n0050_i03,50,medium,4,150.0,26.70413019999978,48259,314.7051464425348,0.7534872480691713,True,False,False,True,True,True
ACO,n0050_i03,50,medium,5,1.0,0.7223584000021219,1300,315.73401339794776,1.0828810785926581,True,False,False,False,True,True
ACO,n0050_i03,50,medium,5,5.0,1.2439340999990236,2269,315.58295816273085,1.0345204404295303,True,False,False,False,True,True
ACO,n0050_i03,50,medium,5,15.0,14.32914510000046,25625,314.69509638896733,0.7502697031532486,True,False,False,True,True,True
ACO,n0050_i03,50,medium,5,30.0,14.32914510000046,25625,314.69509638896733,0.7502697031532486,True,False,False,True,True,True
ACO,n0050_i03,50,medium,5,60.0,14.32914510000046,25625,314.69509638896733,0.7502697031532486,True,False,False,True,True,True
ACO,n0050_i03,50,medium,5,120.0,14.32914510000046,25625,314.69509638896733,0.7502697031532486,True,False,False,True,True,True
ACO,n0050_i03,50,medium,5,150.0,14.32914510000046,25625,314.69509638896733,0.7502697031532486,True,False,False,True,True,True
BRKGA-R-LS,n0050_i03,50,medium,1,1.0,0.9445596999721602,7828,315.3842607039448,0.9709070483184473,True,False,False,True,True,True
BRKGA-R-LS,n0050_i03,50,medium,1,5.0,4.76447419996839,38027,313.7502760822767,0.44778357670137287,True,False,False,True,True,True
BRKGA-R-LS,n0050_i03,50,medium,1,15.0,5.167286799987778,41167,313.6583631624556,0.4183574700748727,True,False,False,True,True,True
BRKGA-R-LS,n0050_i03,50,medium,1,30.0,5.167286799987778,41167,313.6583631624556,0.4183574700748727,True,False,False,True,True,True
BRKGA-R-LS,n0050_i03,50,medium,1,60.0,5.167286799987778,41167,313.6583631624556,0.4183574700748727,True,False,False,True,True,True
BRKGA-R-LS,n0050_i03,50,medium,1,120.0,110.74315480003133,818299,313.5932573783801,0.3975137220148913,True,False,False,True,True,True
BRKGA-R-LS,n0050_i03,50,medium,1,150.0,110.74315480003133,818299,313.5932573783801,0.3975137220148913,True,False,False,True,True,True
BRKGA-R-LS,n0050_i03,50,medium,2,1.0,0.9894623999716714,8220,315.48525141917816,1.0032394294518974,True,False,False,False,True,True
BRKGA-R-LS,n0050_i03,50,medium,2,5.0,2.3180864000460133,18993,313.83536465262534,0.475024854082725,True,False,False,True,True,True
BRKGA-R-LS,n0050_i03,50,medium,2,15.0,2.3180864000460133,18993,313.83536465262534,0.475024854082725,True,False,False,True,True,True
BRKGA-R-LS,n0050_i03,50,medium,2,30.0,2.3180864000460133,18993,313.83536465262534,0.475024854082725,True,False,False,True,True,True
BRKGA-R-LS,n0050_i03,50,medium,2,60.0,2.3180864000460133,18993,313.83536465262534,0.475024854082725,True,False,False,True,True,True
BRKGA-R-LS,n0050_i03,50,medium,2,120.0,2.3180864000460133,18993,313.83536465262534,0.475024854082725,True,False,False,True,True,True
BRKGA-R-LS,n0050_i03,50,medium,2,150.0,137.17868770007044,1016065,313.7993440230847,0.4634927768983647,True,False,False,True,True,True
BRKGA-R-LS,n0050_i03,50,medium,3,1.0,0.9992896999465302,8326,315.292807385975,0.941628084151437,True,False,False,True,True,True
BRKGA-R-LS,n0050_i03,50,medium,3,5.0,2.8221792998956516,23171,313.8021021828731,0.46437580731655587,True,False,False,True,True,True
BRKGA-R-LS,n0050_i03,50,medium,3,15.0,2.8221792998956516,23171,313.8021021828731,0.46437580731655587,True,False,False,True,True,True
BRKGA-R-LS,n0050_i03,50,medium,3,30.0,2.8221792998956516,23171,313.8021021828731,0.46437580731655587,True,False,False,True,True,True
BRKGA-R-LS,n0050_i03,50,medium,3,60.0,2.8221792998956516,23171,313.8021021828731,0.46437580731655587,True,False,False,True,True,True
BRKGA-R-LS,n0050_i03,50,medium,3,120.0,2.8221792998956516,23171,313.8021021828731,0.46437580731655587,True,False,False,True,True,True
BRKGA-R-LS,n0050_i03,50,medium,3,150.0,127.55014179996215,939931,313.77133423803923,0.45452538773329687,True,False,False,True,True,True
BRKGA-R-LS,n0050_i03,50,medium,4,1.0,0.9992762999609113,8329,314.896683541262,0.8148082364682898,True,False,False,True,True,True
BRKGA-R-LS,n0050_i03,50,medium,4,5.0,3.289603400044143,26319,313.91528369339613,0.5006110961451756,True,False,False,True,True,True
BRKGA-R-LS,n0050_i03,50,medium,4,15.0,3.289603400044143,26319,313.91528369339613,0.5006110961451756,True,False,False,True,True,True
BRKGA-R-LS,n0050_i03,50,medium,4,30.0,3.289603400044143,26319,313.91528369339613,0.5006110961451756,True,False,False,True,True,True
BRKGA-R-LS,n0050_i03,50,medium,4,60.0,3.289603400044143,26319,313.91528369339613,0.5006110961451756,True,False,False,True,True,True
BRKGA-R-LS,n0050_i03,50,medium,4,120.0,3.289603400044143,26319,313.91528369339613,0.5006110961451756,True,False,False,True,True,True
BRKGA-R-LS,n0050_i03,50,medium,4,150.0,3.289603400044143,26319,313.91528369339613,0.5006110961451756,True,False,False,True,True,True
BRKGA-R-LS,n0050_i03,50,medium,5,1.0,0.9942903999472037,8329,315.08267414382965,0.8743535029372048,True,False,False,True,True,True
BRKGA-R-LS,n0050_i03,50,medium,5,5.0,3.0780790999997407,24740,313.39968354024813,0.33554066738818883,True,False,False,True,True,True
BRKGA-R-LS,n0050_i03,50,medium,5,15.0,3.0780790999997407,24740,313.39968354024813,0.33554066738818883,True,False,False,True,True,True
BRKGA-R-LS,n0050_i03,50,medium,5,30.0,3.0780790999997407,24740,313.39968354024813,0.33554066738818883,True,False,False,True,True,True
BRKGA-R-LS,n0050_i03,50,medium,5,60.0,3.0780790999997407,24740,313.39968354024813,0.33554066738818883,True,False,False,True,True,True
BRKGA-R-LS,n0050_i03,50,medium,5,120.0,3.0780790999997407,24740,313.39968354024813,0.33554066738818883,True,False,False,True,True,True
BRKGA-R-LS,n0050_i03,50,medium,5,150.0,3.0780790999997407,24740,313.39968354024813,0.33554066738818883,True,False,False,True,True,True
GA,n0050_i03,50,medium,1,1.0,0.9706607999978587,7633,313.8844881122113,0.4907518287284212,True,False,False,True,True,True
GA,n0050_i03,50,medium,1,5.0,4.813220900017768,37420,313.48913892579856,0.3641799894622287,True,False,False,True,True,True
GA,n0050_i03,50,medium,1,15.0,10.470199699979275,51562,313.3431166144277,0.31743065201748794,True,False,False,True,True,True
GA,n0050_i03,50,medium,1,30.0,10.470199699979275,51562,313.3431166144277,0.31743065201748794,True,False,False,True,True,True
GA,n0050_i03,50,medium,1,60.0,10.470199699979275,51562,313.3431166144277,0.31743065201748794,True,False,False,True,True,True
GA,n0050_i03,50,medium,1,120.0,10.470199699979275,51562,313.3431166144277,0.31743065201748794,True,False,False,True,True,True
GA,n0050_i03,50,medium,1,150.0,10.470199699979275,51562,313.3431166144277,0.31743065201748794,True,False,False,True,True,True
GA,n0050_i03,50,medium,2,1.0,0.9837397000519559,7725,314.219937120227,0.5981465050898985,True,False,False,True,True,True
GA,n0050_i03,50,medium,2,5.0,4.248602599953301,32946,313.2409423829081,0.2847193657583964,True,False,False,True,True,True
GA,n0050_i03,50,medium,2,15.0,14.397701999987476,84988,313.22375926774123,0.2792181567873436,True,False,False,True,True,True
GA,n0050_i03,50,medium,2,30.0,14.397701999987476,84988,313.22375926774123,0.2792181567873436,True,False,False,True,True,True
GA,n0050_i03,50,medium,2,60.0,14.397701999987476,84988,313.22375926774123,0.2792181567873436,True,False,False,True,True,True
GA,n0050_i03,50,medium,2,120.0,14.397701999987476,84988,313.22375926774123,0.2792181567873436,True,False,False,True,True,True
GA,n0050_i03,50,medium,2,150.0,14.397701999987476,84988,313.22375926774123,0.2792181567873436,True,False,False,True,True,True
GA,n0050_i03,50,medium,3,1.0,0.9106273999204859,7065,314.04968759840506,0.5436407773641957,True,False,False,True,True,True
GA,n0050_i03,50,medium,3,5.0,4.654992899973877,36221,313.324832139707,0.31157684056434026,True,False,False,True,True,True
GA,n0050_i03,50,medium,3,15.0,11.377073899959214,58487,313.2289894335157,0.2808926049068686,True,False,False,True,True,True
GA,n0050_i03,50,medium,3,30.0,11.377073899959214,58487,313.2289894335157,0.2808926049068686,True,False,False,True,True,True
GA,n0050_i03,50,medium,3,60.0,11.377073899959214,58487,313.2289894335157,0.2808926049068686,True,False,False,True,True,True
GA,n0050_i03,50,medium,3,120.0,11.377073899959214,58487,313.2289894335157,0.2808926049068686,True,False,False,True,True,True
GA,n0050_i03,50,medium,3,150.0,11.377073899959214,58487,313.2289894335157,0.2808926049068686,True,False,False,True,True,True
GA,n0050_i03,50,medium,4,1.0,0.881364299915731,6822,313.5620302967822,0.3875163088707737,True,False,False,True,True,True
GA,n0050_i03,50,medium,4,5.0,4.050391099997796,31328,313.26973757606106,0.29393820491288586,True,False,False,True,True,True
GA,n0050_i03,50,medium,4,15.0,4.050391099997796,31328,313.26973757606106,0.29393820491288586,True,False,False,True,True,True
GA,n0050_i03,50,medium,4,30.0,4.050391099997796,31328,313.26973757606106,0.29393820491288586,True,False,False,True,True,True
GA,n0050_i03,50,medium,4,60.0,4.050391099997796,31328,313.26973757606106,0.29393820491288586,True,False,False,True,True,True
GA,n0050_i03,50,medium,4,120.0,4.050391099997796,31328,313.26973757606106,0.29393820491288586,True,False,False,True,True,True
GA,n0050_i03,50,medium,4,150.0,4.050391099997796,31328,313.26973757606106,0.29393820491288586,True,False,False,True,True,True
GA,n0050_i03,50,medium,5,1.0,0.986408400000073,7652,314.31619307313736,0.6289630425178235,True,False,False,True,True,True
GA,n0050_i03,50,medium,5,5.0,4.992762699956074,38474,313.5115097670925,0.3713420594141053,True,False,False,True,True,True
GA,n0050_i03,50,medium,5,15.0,4.992762699956074,38474,313.5115097670925,0.3713420594141053,True,False,False,True,True,True
GA,n0050_i03,50,medium,5,30.0,4.992762699956074,38474,313.5115097670925,0.3713420594141053,True,False,False,True,True,True
GA,n0050_i03,50,medium,5,60.0,4.992762699956074,38474,313.5115097670925,0.3713420594141053,True,False,False,True,True,True
GA,n0050_i03,50,medium,5,120.0,4.992762699956074,38474,313.5115097670925,0.3713420594141053,True,False,False,True,True,True
GA,n0050_i03,50,medium,5,150.0,4.992762699956074,38474,313.5115097670925,0.3713420594141053,True,False,False,True,True,True
HPSO,n0050_i03,50,medium,1,1.0,0.9965023000258952,5253,313.5230149284435,0.3750254600212119,True,False,False,True,True,True
HPSO,n0050_i03,50,medium,1,5.0,2.7354512000456452,14407,313.20458862252207,0.2730806360621182,True,False,False,True,True,True
HPSO,n0050_i03,50,medium,1,15.0,2.7354512000456452,14407,313.20458862252207,0.2730806360621182,True,False,False,True,True,True
HPSO,n0050_i03,50,medium,1,30.0,2.7354512000456452,14407,313.20458862252207,0.2730806360621182,True,False,False,True,True,True
HPSO,n0050_i03,50,medium,1,60.0,2.7354512000456452,14407,313.20458862252207,0.2730806360621182,True,False,False,True,True,True
HPSO,n0050_i03,50,medium,1,120.0,2.7354512000456452,14407,313.20458862252207,0.2730806360621182,True,False,False,True,True,True
HPSO,n0050_i03,50,medium,1,150.0,2.7354512000456452,14407,313.20458862252207,0.2730806360621182,True,False,False,True,True,True
HPSO,n0050_i03,50,medium,2,1.0,0.9866812999825925,5256,313.3229948514728,0.31098862903120666,True,False,False,True,True,True
HPSO,n0050_i03,50,medium,2,5.0,1.2762572000501677,6751,313.2290563005712,0.2809140125295159,True,False,False,True,True,True
HPSO,n0050_i03,50,medium,2,15.0,1.2762572000501677,6751,313.2290563005712,0.2809140125295159,True,False,False,True,True,True
HPSO,n0050_i03,50,medium,2,30.0,1.2762572000501677,6751,313.2290563005712,0.2809140125295159,True,False,False,True,True,True
HPSO,n0050_i03,50,medium,2,60.0,1.2762572000501677,6751,313.2290563005712,0.2809140125295159,True,False,False,True,True,True
HPSO,n0050_i03,50,medium,2,120.0,1.2762572000501677,6751,313.2290563005712,0.2809140125295159,True,False,False,True,True,True
HPSO,n0050_i03,50,medium,2,150.0,1.2762572000501677,6751,313.2290563005712,0.2809140125295159,True,False,False,True,True,True
HPSO,n0050_i03,50,medium,3,1.0,0.9656896000960842,5050,313.469766600966,0.3579779006020844,True,False,False,True,True,True
HPSO,n0050_i03,50,medium,3,5.0,2.735227100085467,14460,313.06947198664426,0.22982277261817705,True,False,False,True,True,True
HPSO,n0050_i03,50,medium,3,15.0,2.735227100085467,14460,313.06947198664426,0.22982277261817705,True,False,False,True,True,True
HPSO,n0050_i03,50,medium,3,30.0,2.735227100085467,14460,313.06947198664426,0.22982277261817705,True,False,False,True,True,True
HPSO,n0050_i03,50,medium,3,60.0,2.735227100085467,14460,313.06947198664426,0.22982277261817705,True,False,False,True,True,True
HPSO,n0050_i03,50,medium,3,120.0,2.735227100085467,14460,313.06947198664426,0.22982277261817705,True,False,False,True,True,True
HPSO,n0050_i03,50,medium,3,150.0,2.735227100085467,14460,313.06947198664426,0.22982277261817705,True,False,False,True,True,True
HPSO,n0050_i03,50,medium,4,1.0,0.9188003999879584,4854,314.19724148988826,0.5908804532703857,True,False,False,True,True,True
HPSO,n0050_i03,50,medium,4,5.0,1.67752509994898,8872,314.1816155749949,0.5858777851070487,True,False,False,True,True,True
HPSO,n0050_i03,50,medium,4,15.0,1.67752509994898,8872,314.1816155749949,0.5858777851070487,True,False,False,True,True,True
HPSO,n0050_i03,50,medium,4,30.0,1.67752509994898,8872,314.1816155749949,0.5858777851070487,True,False,False,True,True,True
HPSO,n0050_i03,50,medium,4,60.0,1.67752509994898,8872,314.1816155749949,0.5858777851070487,True,False,False,True,True,True
HPSO,n0050_i03,50,medium,4,120.0,1.67752509994898,8872,314.1816155749949,0.5858777851070487,True,False,False,True,True,True
HPSO,n0050_i03,50,medium,4,150.0,1.67752509994898,8872,314.1816155749949,0.5858777851070487,True,False,False,True,True,True
HPSO,n0050_i03,50,medium,5,1.0,0.9694615999469534,5135,315.1968739410343,0.9109147983003648,True,False,False,True,True,True
HPSO,n0050_i03,50,medium,5,5.0,1.7877934999996796,9527,315.16431684254616,0.9004915775667965,True,False,False,True,True,True
HPSO,n0050_i03,50,medium,5,15.0,1.7877934999996796,9527,315.16431684254616,0.9004915775667965,True,False,False,True,True,True
HPSO,n0050_i03,50,medium,5,30.0,19.69282629992813,85015,313.1509283858329,0.2559012030782464,True,False,False,True,True,True
HPSO,n0050_i03,50,medium,5,60.0,19.69282629992813,85015,313.1509283858329,0.2559012030782464,True,False,False,True,True,True
HPSO,n0050_i03,50,medium,5,120.0,19.69282629992813,85015,313.1509283858329,0.2559012030782464,True,False,False,True,True,True
HPSO,n0050_i03,50,medium,5,150.0,19.69282629992813,85015,313.1509283858329,0.2559012030782464,True,False,False,True,True,True
TS,n0050_i03,50,medium,1,1.0,0.9592462000437081,7637,313.1886181520945,0.2679676577496849,True,False,False,True,True,True
TS,n0050_i03,50,medium,1,5.0,3.8926285000052303,31170,313.0355961901508,0.2189773680590024,True,False,False,True,True,True
TS,n0050_i03,50,medium,1,15.0,14.664887099992484,86384,312.79748002340386,0.14274399710497612,True,False,False,True,True,True
TS,n0050_i03,50,medium,1,30.0,27.66770470002666,189939,312.36216142917226,0.0033758713257872964,True,False,True,True,True,True
TS,n0050_i03,50,medium,1,60.0,27.66770470002666,189939,312.36216142917226,0.0033758713257872964,True,False,True,True,True,True
TS,n0050_i03,50,medium,1,120.0,27.66770470002666,189939,312.36216142917226,0.0033758713257872964,True,False,True,True,True,True
TS,n0050_i03,50,medium,1,150.0,27.66770470002666,189939,312.36216142917226,0.0033758713257872964,True,False,True,True,True,True
TS,n0050_i03,50,medium,2,1.0,0.935967699973844,7487,313.1558133553724,0.25746513592703446,True,False,False,True,True,True
TS,n0050_i03,50,medium,2,5.0,4.003391799982637,31996,313.036173365033,0.21916215176143625,True,False,False,True,True,True
TS,n0050_i03,50,medium,2,15.0,14.333003599895164,84330,312.7801978302316,0.1372110681106983,True,False,False,True,True,True
TS,n0050_i03,50,medium,2,30.0,15.305379399913363,92172,312.7790170188669,0.13683302897114305,True,False,False,True,True,True
TS,n0050_i03,50,medium,2,60.0,15.305379399913363,92172,312.7790170188669,0.13683302897114305,True,False,False,True,True,True
TS,n0050_i03,50,medium,2,120.0,94.3227695999667,721962,312.5906635783785,0.07653129517714381,True,False,True,True,True,True
TS,n0050_i03,50,medium,2,150.0,127.18471959989984,984107,312.462069682161,0.03536169998878669,True,False,True,True,True,True
TS,n0050_i03,50,medium,3,1.0,0.8265836999053136,6645,313.31803611365626,0.30940107911976533,True,False,False,True,True,True
TS,n0050_i03,50,medium,3,5.0,4.904685999965295,39489,312.95568551501793,0.19339380427240746,True,False,False,True,True,True
TS,n0050_i03,50,medium,3,15.0,5.4103068999247625,43579,312.92687045170345,0.18416860364564194,True,False,False,True,True,True
TS,n0050_i03,50,medium,3,30.0,25.765323199913837,177197,312.4892057575515,0.04404936924594886,True,False,True,True,True,True
TS,n0050_i03,50,medium,3,60.0,25.765323199913837,177197,312.4892057575515,0.04404936924594886,True,False,True,True,True,True
TS,n0050_i03,50,medium,3,120.0,68.54174869996496,517647,312.3516168405037,0.0,True,True,True,True,True,True
TS,n0050_i03,50,medium,3,150.0,68.54174869996496,517647,312.3516168405037,0.0,True,True,True,True,True,True
TS,n0050_i03,50,medium,4,1.0,0.9258298000786453,7486,313.31092934111734,0.30712583156036266,True,False,False,True,True,True
TS,n0050_i03,50,medium,4,5.0,2.2030489000026137,17717,313.0529907417537,0.22454626883143403,True,False,False,True,True,True
TS,n0050_i03,50,medium,4,15.0,2.2030489000026137,17717,313.0529907417537,0.22454626883143403,True,False,False,True,True,True
TS,n0050_i03,50,medium,4,30.0,2.2030489000026137,17717,313.0529907417537,0.22454626883143403,True,False,False,True,True,True
TS,n0050_i03,50,medium,4,60.0,35.67643190000672,254436,312.8048773728626,0.14511227345122393,True,False,False,True,True,True
TS,n0050_i03,50,medium,4,120.0,35.67643190000672,254436,312.8048773728626,0.14511227345122393,True,False,False,True,True,True
TS,n0050_i03,50,medium,4,150.0,133.44232480006758,1031893,312.70045617795495,0.11168161733235607,True,False,False,True,True,True
TS,n0050_i03,50,medium,5,1.0,0.9874255999457091,8002,313.38832336409513,0.3319036840845917,True,False,False,True,True,True
TS,n0050_i03,50,medium,5,5.0,1.8727600999409333,15156,313.07476017399426,0.231515796462105,True,False,False,True,True,True
TS,n0050_i03,50,medium,5,15.0,7.049281599931419,56879,312.87483091656577,0.16750804153167873,True,False,False,True,True,True
TS,n0050_i03,50,medium,5,30.0,7.049281599931419,56879,312.87483091656577,0.16750804153167873,True,False,False,True,True,True
TS,n0050_i03,50,medium,5,60.0,41.836306900018826,305334,312.4702860546667,0.03799218821511273,True,False,True,True,True,True
TS,n0050_i03,50,medium,5,120.0,41.836306900018826,305334,312.4702860546667,0.03799218821511273,True,False,True,True,True,True
TS,n0050_i03,50,medium,5,150.0,41.836306900018826,305334,312.4702860546667,0.03799218821511273,True,False,True,True,True,True
2PGA,n0050_i04,50,low,1,1.0,0.9107156000100076,9991,171.49873226290234,1.3080659702089052,True,False,False,False,True,True
2PGA,n0050_i04,50,low,1,5.0,2.08475080000062,22595,170.31113322352726,0.6065251469057343,True,False,False,True,True,True
2PGA,n0050_i04,50,low,1,15.0,8.650851300000795,91641,169.84683033482605,0.33225123794998934,True,False,False,True,True,True
2PGA,n0050_i04,50,low,1,30.0,29.085332300004666,304456,169.81841888244483,0.31546796932655835,True,False,False,True,True,True
2PGA,n0050_i04,50,low,1,60.0,59.46692580000672,621192,169.723175201761,0.2592054363116084,True,False,False,True,True,True
2PGA,n0050_i04,50,low,1,120.0,92.0602130000043,966199,169.71633663258194,0.2551657433739881,True,False,False,True,True,True
2PGA,n0050_i04,50,low,1,150.0,92.0602130000043,966199,169.71633663258194,0.2551657433739881,True,False,False,True,True,True
2PGA,n0050_i04,50,low,2,1.0,0.9151705000112997,9829,170.787994205878,0.8882173974615503,True,False,False,True,True,True
2PGA,n0050_i04,50,low,2,5.0,4.780350000000908,51180,170.1130466239503,0.4895110440434865,True,False,False,True,True,True
2PGA,n0050_i04,50,low,2,15.0,10.48718410001311,109798,169.75540029218072,0.27824150464319947,True,False,False,True,True,True
2PGA,n0050_i04,50,low,2,30.0,23.809358300000895,252973,169.65292186827256,0.21770524998508062,True,False,False,True,True,True
2PGA,n0050_i04,50,low,2,60.0,50.58826830000908,543796,169.61681722601998,0.19637744522003892,True,False,False,True,True,True
2PGA,n0050_i04,50,low,2,120.0,106.9867435000051,1161151,169.56675649539676,0.16680547268371118,True,False,False,True,True,True
2PGA,n0050_i04,50,low,2,150.0,137.65241320000496,1494163,169.51777354148504,0.13787016651073677,True,False,False,True,True,True
2PGA,n0050_i04,50,low,3,1.0,0.9902124000072945,10357,170.78434795191006,0.8860634751983767,True,False,False,True,True,True
2PGA,n0050_i04,50,low,3,5.0,4.704846100008581,46052,169.92538042421612,0.3786525001219763,True,False,False,True,True,True
2PGA,n0050_i04,50,low,3,15.0,13.3511748000019,135443,169.7396732753421,0.2689512105496076,True,False,False,True,True,True
2PGA,n0050_i04,50,low,3,30.0,28.02523260000453,279734,169.68036414645692,0.23391600613465272,True,False,False,True,True,True
2PGA,n0050_i04,50,low,3,60.0,56.14280570000119,447330,169.67017437604304,0.22789668506043664,True,False,False,True,True,True
2PGA,n0050_i04,50,low,3,120.0,62.63206109999737,486465,169.64133633158093,0.21086141913007286,True,False,False,True,True,True
2PGA,n0050_i04,50,low,3,150.0,62.63206109999737,486465,169.64133633158093,0.21086141913007286,True,False,False,True,True,True
2PGA,n0050_i04,50,low,4,1.0,0.7290006999974139,4543,171.30378605611412,1.1929069663063745,True,False,False,False,True,True
2PGA,n0050_i04,50,low,4,5.0,4.954847800006974,27855,170.4581128579756,0.6933492435418752,True,False,False,True,True,True
2PGA,n0050_i04,50,low,4,15.0,14.679769499998656,86175,169.91440623515908,0.37216980573531694,True,False,False,True,True,True
2PGA,n0050_i04,50,low,4,30.0,18.642888899994432,109966,169.77127392328902,0.287618407004439,True,False,False,True,True,True
2PGA,n0050_i04,50,low,4,60.0,59.49883399999817,352277,169.70576300565924,0.24891966983341038,True,False,False,True,True,True
2PGA,n0050_i04,50,low,4,120.0,101.89875039999606,606722,169.63781024559842,0.20877848273386915,True,False,False,True,True,True
2PGA,n0050_i04,50,low,4,150.0,149.87661380000645,894351,169.5633190309461,0.16477488697183887,True,False,False,True,True,True
2PGA,n0050_i04,50,low,5,1.0,0.7061833999905502,4508,171.7967474419614,1.4841100786513912,True,False,False,False,True,True
2PGA,n0050_i04,50,low,5,5.0,4.959400899999309,28062,170.52116535453402,0.7305957374176077,True,False,False,True,True,True
2PGA,n0050_i04,50,low,5,15.0,14.479188499986776,84777,169.7395972109802,0.2689062776612283,True,False,False,True,True,True
2PGA,n0050_i04,50,low,5,30.0,27.93335819999629,165002,169.67758541527337,0.23227454862448635,True,False,False,True,True,True
2PGA,n0050_i04,50,low,5,60.0,27.93335819999629,165002,169.67758541527337,0.23227454862448635,True,False,False,True,True,True
2PGA,n0050_i04,50,low,5,120.0,109.08065689999785,646350,169.64581955096403,0.2135097552374569,True,False,False,True,True,True
2PGA,n0050_i04,50,low,5,150.0,149.95274470000004,888258,169.62170526238984,0.19926491560823822,True,False,False,True,True,True
ACO,n0050_i04,50,low,1,1.0,0.9282149999999092,1654,171.48962345400645,1.3026851968331576,True,False,False,False,True,True
ACO,n0050_i04,50,low,1,5.0,3.348785800000769,5953,170.90815865058534,0.9592011728577621,True,False,False,True,True,True
ACO,n0050_i04,50,low,1,15.0,3.348785800000769,5953,170.90815865058534,0.9592011728577621,True,False,False,True,True,True
ACO,n0050_i04,50,low,1,30.0,26.109983499998634,44860,170.86154755004452,0.9316669725390441,True,False,False,True,True,True
ACO,n0050_i04,50,low,1,60.0,52.350837999998475,90145,170.86093360682148,0.9313043027996155,True,False,False,True,True,True
ACO,n0050_i04,50,low,1,120.0,60.473835699998745,104122,170.8102157313878,0.9013441403977985,True,False,False,True,True,True
ACO,n0050_i04,50,low,1,150.0,60.473835699998745,104122,170.8102157313878,0.9013441403977985,True,False,False,True,True,True
ACO,n0050_i04,50,low,2,1.0,0.09660280000025523,315,171.3908904636152,1.2443614519750332,True,False,False,False,True,True
ACO,n0050_i04,50,low,2,5.0,4.362359999999171,13556,170.86397632716478,0.933101704501662,True,False,False,True,True,True
ACO,n0050_i04,50,low,2,15.0,4.362359999999171,13556,170.86397632716478,0.933101704501662,True,False,False,True,True,True
ACO,n0050_i04,50,low,2,30.0,4.362359999999171,13556,170.86397632716478,0.933101704501662,True,False,False,True,True,True
ACO,n0050_i04,50,low,2,60.0,4.362359999999171,13556,170.86397632716478,0.933101704501662,True,False,False,True,True,True
ACO,n0050_i04,50,low,2,120.0,4.362359999999171,13556,170.86397632716478,0.933101704501662,True,False,False,True,True,True
ACO,n0050_i04,50,low,2,150.0,124.14599810000072,384870,170.70936572135727,0.8417698255649164,True,False,False,True,True,True
ACO,n0050_i04,50,low,3,1.0,0.4495126000001619,781,171.5921361596638,1.3632417024730865,True,False,False,False,True,True
ACO,n0050_i04,50,low,3,5.0,3.233566199996858,5587,171.33687021449876,1.2124505049435106,True,False,False,False,True,True
ACO,n0050_i04,50,low,3,15.0,11.991612599998916,20494,170.9402411897425,0.9781530330291992,True,False,False,True,True,True
ACO,n0050_i04,50,low,3,30.0,11.991612599998916,20494,170.9402411897425,0.9781530330291992,True,False,False,True,True,True
ACO,n0050_i04,50,low,3,60.0,39.40877029999683,67930,170.62173514692074,0.7900045215368133,True,False,False,True,True,True
ACO,n0050_i04,50,low,3,120.0,39.40877029999683,67930,170.62173514692074,0.7900045215368133,True,False,False,True,True,True
ACO,n0050_i04,50,low,3,150.0,39.40877029999683,67930,170.62173514692074,0.7900045215368133,True,False,False,True,True,True
ACO,n0050_i04,50,low,4,1.0,0.6435160000000906,1175,171.52360305346468,1.3227576921696187,True,False,False,False,True,True
ACO,n0050_i04,50,low,4,5.0,4.616359300001932,8272,170.69090811268734,0.830866510933299,True,False,False,True,True,True
ACO,n0050_i04,50,low,4,15.0,4.616359300001932,8272,170.69090811268734,0.830866510933299,True,False,False,True,True,True
ACO,n0050_i04,50,low,4,30.0,4.616359300001932,8272,170.69090811268734,0.830866510933299,True,False,False,True,True,True
ACO,n0050_i04,50,low,4,60.0,4.616359300001932,8272,170.69090811268734,0.830866510933299,True,False,False,True,True,True
ACO,n0050_i04,50,low,4,120.0,4.616359300001932,8272,170.69090811268734,0.830866510933299,True,False,False,True,True,True
ACO,n0050_i04,50,low,4,150.0,4.616359300001932,8272,170.69090811268734,0.830866510933299,True,False,False,True,True,True
ACO,n0050_i04,50,low,5,1.0,0.14130570000270382,260,171.70324384427164,1.428875450860179,True,False,False,False,True,True
ACO,n0050_i04,50,low,5,5.0,4.045449900000676,7150,171.20807755000362,1.1363698507078248,True,False,False,False,True,True
ACO,n0050_i04,50,low,5,15.0,4.045449900000676,7150,171.20807755000362,1.1363698507078248,True,False,False,False,True,True
ACO,n0050_i04,50,low,5,30.0,25.12939390000247,43115,171.06708799617357,1.0530842261900333,True,False,False,False,True,True
ACO,n0050_i04,50,low,5,60.0,35.604276500002015,61563,170.99116589678246,1.0082353754013278,True,False,False,False,True,True
ACO,n0050_i04,50,low,5,120.0,115.80281889999969,200708,170.75645819286697,0.8695883822822413,True,False,False,True,True,True
ACO,n0050_i04,50,low,5,150.0,115.80281889999969,200708,170.75645819286697,0.8695883822822413,True,False,False,True,True,True
BRKGA-R-LS,n0050_i04,50,low,1,1.0,0.9978233999572694,7184,171.98407317105173,1.5947674990893965,True,False,False,False,True,True
BRKGA-R-LS,n0050_i04,50,low,1,5.0,2.652661200030707,18503,170.37798251133893,0.6460144887237466,True,False,False,True,True,True
BRKGA-R-LS,n0050_i04,50,low,1,15.0,8.533509599976242,55959,169.94724505209146,0.3915684157907518,True,False,False,True,True,True
BRKGA-R-LS,n0050_i04,50,low,1,30.0,23.18344509997405,122938,169.57926476843926,0.17419438415753094,True,False,False,True,True,True
BRKGA-R-LS,n0050_i04,50,low,1,60.0,23.18344509997405,122938,169.57926476843926,0.17419438415753094,True,False,False,True,True,True
BRKGA-R-LS,n0050_i04,50,low,1,120.0,23.18344509997405,122938,169.57926476843926,0.17419438415753094,True,False,False,True,True,True
BRKGA-R-LS,n0050_i04,50,low,1,150.0,23.18344509997405,122938,169.57926476843926,0.17419438415753094,True,False,False,True,True,True
BRKGA-R-LS,n0050_i04,50,low,2,1.0,0.9983125999569893,7184,171.98407317105173,1.5947674990893965,True,False,False,False,True,True
BRKGA-R-LS,n0050_i04,50,low,2,5.0,4.389716499950737,30065,170.35514308768515,0.6325227397894659,True,False,False,True,True,True
BRKGA-R-LS,n0050_i04,50,low,2,15.0,10.140089499996975,66785,169.85727002086364,0.3384181896693915,True,False,False,True,True,True
BRKGA-R-LS,n0050_i04,50,low,2,30.0,10.140089499996975,66785,169.85727002086364,0.3384181896693915,True,False,False,True,True,True
BRKGA-R-LS,n0050_i04,50,low,2,60.0,10.140089499996975,66785,169.85727002086364,0.3384181896693915,True,False,False,True,True,True
BRKGA-R-LS,n0050_i04,50,low,2,120.0,10.140089499996975,66785,169.85727002086364,0.3384181896693915,True,False,False,True,True,True
BRKGA-R-LS,n0050_i04,50,low,2,150.0,141.74143970001023,860141,169.76485205088414,0.28382486599885504,True,False,False,True,True,True
BRKGA-R-LS,n0050_i04,50,low,3,1.0,0.9738195999525487,6982,171.99324095710494,1.6001831115666698,True,False,False,False,True,True
BRKGA-R-LS,n0050_i04,50,low,3,5.0,4.72538540000096,32578,170.46734347130666,0.6988019694713856,True,False,False,True,True,True
BRKGA-R-LS,n0050_i04,50,low,3,15.0,7.753201300045475,52091,170.4284731795022,0.6758404348031759,True,False,False,True,True,True
BRKGA-R-LS,n0050_i04,50,low,3,30.0,26.68151120003313,146079,169.799987593367,0.3045802022557802,True,False,False,True,True,True
BRKGA-R-LS,n0050_i04,50,low,3,60.0,57.64874570001848,341033,169.77172102894679,0.2878825221315618,True,False,False,True,True,True
BRKGA-R-LS,n0050_i04,50,low,3,120.0,65.26708639995195,389286,169.43847775561972,0.09102840506092462,True,False,True,True,True,True
BRKGA-R-LS,n0050_i04,50,low,3,150.0,65.26708639995195,389286,169.43847775561972,0.09102840506092462,True,False,True,True,True,True
BRKGA-R-LS,n0050_i04,50,low,4,1.0,0.9917343000415713,7184,171.98407317105173,1.5947674990893965,True,False,False,False,True,True
BRKGA-R-LS,n0050_i04,50,low,4,5.0,3.2858251000288874,22825,170.13925940384502,0.5049955085628194,True,False,False,True,True,True
BRKGA-R-LS,n0050_i04,50,low,4,15.0,8.628227600012906,57007,169.98148383956243,0.41179401917615466,True,False,False,True,True,True
BRKGA-R-LS,n0050_i04,50,low,4,30.0,8.628227600012906,57007,169.98148383956243,0.41179401917615466,True,False,False,True,True,True
BRKGA-R-LS,n0050_i04,50,low,4,60.0,59.99382189998869,356454,169.85653934751375,0.337986564881518,True,False,False,True,True,True
BRKGA-R-LS,n0050_i04,50,low,4,120.0,108.7313773999922,663236,169.49616055844967,0.12510290297316426,True,False,False,True,True,True
BRKGA-R-LS,n0050_i04,50,low,4,150.0,108.7313773999922,663236,169.49616055844967,0.12510290297316426,True,False,False,True,True,True
BRKGA-R-LS,n0050_i04,50,low,5,1.0,0.9911058000288904,7184,171.98407317105173,1.5947674990893965,True,False,False,False,True,True
BRKGA-R-LS,n0050_i04,50,low,5,5.0,4.83811789995525,33422,169.58735404496542,0.17897289738121808,True,False,False,True,True,True
BRKGA-R-LS,n0050_i04,50,low,5,15.0,11.29774119996,74219,169.54457808846914,0.15370420084052716,True,False,False,True,True,True
BRKGA-R-LS,n0050_i04,50,low,5,30.0,19.803733399952762,105523,169.4130051351892,0.07598116898542255,True,False,True,True,True,True
BRKGA-R-LS,n0050_i04,50,low,5,60.0,37.679481599945575,217668,169.3431386143673,0.03470948139251368,True,False,True,True,True,True
BRKGA-R-LS,n0050_i04,50,low,5,120.0,37.679481599945575,217668,169.3431386143673,0.03470948139251368,True,False,True,True,True,True
BRKGA-R-LS,n0050_i04,50,low,5,150.0,37.679481599945575,217668,169.3431386143673,0.03470948139251368,True,False,True,True,True,True
GA,n0050_i04,50,low,1,1.0,0.9978313000174239,6545,170.12670004096276,0.49757641719910595,True,False,False,True,True,True
GA,n0050_i04,50,low,1,5.0,4.774518399965018,30745,169.8281329969607,0.32120631001999045,True,False,False,True,True,True
GA,n0050_i04,50,low,1,15.0,14.54995949997101,67396,169.54309944112686,0.152830731395465,True,False,False,True,True,True
GA,n0050_i04,50,low,1,30.0,19.661312100011855,99640,169.49589079157198,0.12494354575645887,True,False,False,True,True,True
GA,n0050_i04,50,low,1,60.0,19.661312100011855,99640,169.49589079157198,0.12494354575645887,True,False,False,True,True,True
GA,n0050_i04,50,low,1,120.0,19.661312100011855,99640,169.49589079157198,0.12494354575645887,True,False,False,True,True,True
GA,n0050_i04,50,low,1,150.0,19.661312100011855,99640,169.49589079157198,0.12494354575645887,True,False,False,True,True,True
GA,n0050_i04,50,low,2,1.0,0.9873402999946848,6336,169.56726035730324,0.16710311497288774,True,False,False,True,True,True
GA,n0050_i04,50,low,2,5.0,4.636150400037877,29291,169.42452008545797,0.08278330289090534,True,False,True,True,True,True
GA,n0050_i04,50,low,2,15.0,6.800453800009564,42869,169.41658704569295,0.0780970821518096,True,False,True,True,True,True
GA,n0050_i04,50,low,2,30.0,6.800453800009564,42869,169.41658704569295,0.0780970821518096,True,False,True,True,True,True
GA,n0050_i04,50,low,2,60.0,6.800453800009564,42869,169.41658704569295,0.0780970821518096,True,False,True,True,True,True
GA,n0050_i04,50,low,2,120.0,6.800453800009564,42869,169.41658704569295,0.0780970821518096,True,False,True,True,True,True
GA,n0050_i04,50,low,2,150.0,6.800453800009564,42869,169.41658704569295,0.0780970821518096,True,False,True,True,True,True
GA,n0050_i04,50,low,3,1.0,0.9867660999298096,6367,169.70882159040823,0.2507264429881649,True,False,False,True,True,True
GA,n0050_i04,50,low,3,5.0,4.845963699975982,30940,169.40084841538945,0.06879992772956163,True,False,True,True,True,True
GA,n0050_i04,50,low,3,15.0,8.19360479991883,52035,169.3824025379911,0.05790354301760798,True,False,True,True,True,True
GA,n0050_i04,50,low,3,30.0,8.19360479991883,52035,169.3824025379911,0.05790354301760798,True,False,True,True,True,True
GA,n0050_i04,50,low,3,60.0,8.19360479991883,52035,169.3824025379911,0.05790354301760798,True,False,True,True,True,True
GA,n0050_i04,50,low,3,120.0,8.19360479991883,52035,169.3824025379911,0.05790354301760798,True,False,True,True,True,True
GA,n0050_i04,50,low,3,150.0,8.19360479991883,52035,169.3824025379911,0.05790354301760798,True,False,True,True,True,True
GA,n0050_i04,50,low,4,1.0,0.9386021998943761,6157,169.99521431085518,0.41990490998667795,True,False,False,True,True,True
GA,n0050_i04,50,low,4,5.0,3.9522403998998925,25221,169.47715236125333,0.1138743436122136,True,False,False,True,True,True
GA,n0050_i04,50,low,4,15.0,7.262373199919239,46051,169.47328082610483,0.11158734281019313,True,False,False,True,True,True
GA,n0050_i04,50,low,4,30.0,7.262373199919239,46051,169.47328082610483,0.11158734281019313,True,False,False,True,True,True
GA,n0050_i04,50,low,4,60.0,7.262373199919239,46051,169.47328082610483,0.11158734281019313,True,False,False,True,True,True
GA,n0050_i04,50,low,4,120.0,7.262373199919239,46051,169.47328082610483,0.11158734281019313,True,False,False,True,True,True
GA,n0050_i04,50,low,4,150.0,7.262373199919239,46051,169.47328082610483,0.11158734281019313,True,False,False,True,True,True
GA,n0050_i04,50,low,5,1.0,0.9713624999858439,6421,170.33580110813585,0.6210970078652751,True,False,False,True,True,True
GA,n0050_i04,50,low,5,5.0,3.825649500009604,24695,169.79678743203957,0.3026897967081824,True,False,False,True,True,True
GA,n0050_i04,50,low,5,15.0,11.281970800017007,72265,169.79230460830897,0.3000416943214194,True,False,False,True,True,True
GA,n0050_i04,50,low,5,30.0,11.281970800017007,72265,169.79230460830897,0.3000416943214194,True,False,False,True,True,True
GA,n0050_i04,50,low,5,60.0,11.281970800017007,72265,169.79230460830897,0.3000416943214194,True,False,False,True,True,True
GA,n0050_i04,50,low,5,120.0,11.281970800017007,72265,169.79230460830897,0.3000416943214194,True,False,False,True,True,True
GA,n0050_i04,50,low,5,150.0,11.281970800017007,72265,169.79230460830897,0.3000416943214194,True,False,False,True,True,True
HPSO,n0050_i04,50,low,1,1.0,0.9594610999338329,4428,170.46174156489766,0.6954928003798514,True,False,False,True,True,True
HPSO,n0050_i04,50,low,1,5.0,3.990832700044848,18409,170.2971763401209,0.5982805094893887,True,False,False,True,True,True
HPSO,n0050_i04,50,low,1,15.0,8.624132000026293,39513,170.21377351809133,0.5490126316177286,True,False,False,True,True,True
HPSO,n0050_i04,50,low,1,30.0,29.34571559994947,116501,169.4414502227976,0.09278430667593557,True,False,True,True,True,True
HPSO,n0050_i04,50,low,1,60.0,29.34571559994947,116501,169.4414502227976,0.09278430667593557,True,False,True,True,True,True
HPSO,n0050_i04,50,low,1,120.0,29.34571559994947,116501,169.4414502227976,0.09278430667593557,True,False,True,True,True,True
HPSO,n0050_i04,50,low,1,150.0,29.34571559994947,116501,169.4414502227976,0.09278430667593557,True,False,True,True,True,True
HPSO,n0050_i04,50,low,2,1.0,0.9526723999297246,4444,170.20510218504353,0.5438902848291265,True,False,False,True,True,True
HPSO,n0050_i04,50,low,2,5.0,4.327835200005211,19989,169.6516123395312,0.2169316826101561,True,False,False,True,True,True
HPSO,n0050_i04,50,low,2,15.0,5.113526199944317,23581,169.6500770365386,0.2160247454287144,True,False,False,True,True,True
HPSO,n0050_i04,50,low,2,30.0,5.113526199944317,23581,169.6500770365386,0.2160247454287144,True,False,False,True,True,True
HPSO,n0050_i04,50,low,2,60.0,5.113526199944317,23581,169.6500770365386,0.2160247454287144,True,False,False,True,True,True
HPSO,n0050_i04,50,low,2,120.0,5.113526199944317,23581,169.6500770365386,0.2160247454287144,True,False,False,True,True,True
HPSO,n0050_i04,50,low,2,150.0,5.113526199944317,23581,169.6500770365386,0.2160247454287144,True,False,False,True,True,True
HPSO,n0050_i04,50,low,3,1.0,0.9562000000150874,4452,170.25771028316765,0.574967043269276,True,False,False,True,True,True
HPSO,n0050_i04,50,low,3,5.0,2.7511460999958217,12811,170.12217845995187,0.4949054200360551,True,False,False,True,True,True
HPSO,n0050_i04,50,low,3,15.0,11.23722660006024,52564,170.07574148742614,0.4674740809583922,True,False,False,True,True,True
HPSO,n0050_i04,50,low,3,30.0,16.13514030002989,56759,170.0595308343079,0.45789809229740974,True,False,False,True,True,True
HPSO,n0050_i04,50,low,3,60.0,16.13514030002989,56759,170.0595308343079,0.45789809229740974,True,False,False,True,True,True
HPSO,n0050_i04,50,low,3,120.0,16.13514030002989,56759,170.0595308343079,0.45789809229740974,True,False,False,True,True,True
HPSO,n0050_i04,50,low,3,150.0,16.13514030002989,56759,170.0595308343079,0.45789809229740974,True,False,False,True,True,True
HPSO,n0050_i04,50,low,4,1.0,0.9302425000350922,4316,169.96372640833923,0.40130431473295286,True,False,False,True,True,True
HPSO,n0050_i04,50,low,4,5.0,4.303956700023264,19957,169.7595936057475,0.28071858702073366,True,False,False,True,True,True
HPSO,n0050_i04,50,low,4,15.0,4.303956700023264,19957,169.7595936057475,0.28071858702073366,True,False,False,True,True,True
HPSO,n0050_i04,50,low,4,30.0,4.303956700023264,19957,169.7595936057475,0.28071858702073366,True,False,False,True,True,True
HPSO,n0050_i04,50,low,4,60.0,4.303956700023264,19957,169.7595936057475,0.28071858702073366,True,False,False,True,True,True
HPSO,n0050_i04,50,low,4,120.0,4.303956700023264,19957,169.7595936057475,0.28071858702073366,True,False,False,True,True,True
HPSO,n0050_i04,50,low,4,150.0,4.303956700023264,19957,169.7595936057475,0.28071858702073366,True,False,False,True,True,True
HPSO,n0050_i04,50,low,5,1.0,0.8930572000099346,4268,171.3387215880124,1.2135441519202526,True,False,False,False,True,True
HPSO,n0050_i04,50,low,5,5.0,4.839424200006761,23079,170.59997203360365,0.7771485727460941,True,False,False,True,True,True
HPSO,n0050_i04,50,low,5,15.0,6.470205900026485,30715,170.5704236918002,0.7596937185834027,True,False,False,True,True,True
HPSO,n0050_i04,50,low,5,30.0,6.470205900026485,30715,170.5704236918002,0.7596937185834027,True,False,False,True,True,True
HPSO,n0050_i04,50,low,5,60.0,6.470205900026485,30715,170.5704236918002,0.7596937185834027,True,False,False,True,True,True
HPSO,n0050_i04,50,low,5,120.0,6.470205900026485,30715,170.5704236918002,0.7596937185834027,True,False,False,True,True,True
HPSO,n0050_i04,50,low,5,150.0,6.470205900026485,30715,170.5704236918002,0.7596937185834027,True,False,False,True,True,True
TS,n0050_i04,50,low,1,1.0,0.8516893999185413,5699,170.12954809359994,0.49925882441370506,True,False,False,True,True,True
TS,n0050_i04,50,low,1,5.0,4.408781199948862,29270,169.99947750184177,0.42242327049007317,True,False,False,True,True,True
TS,n0050_i04,50,low,1,15.0,8.553056199918501,56544,169.9220896544181,0.3767085701617311,True,False,False,True,True,True
TS,n0050_i04,50,low,1,30.0,29.923339499975555,171472,169.58279083377727,0.17627730835857142,True,False,False,True,True,True
TS,n0050_i04,50,low,1,60.0,56.63190679997206,344420,169.43515803010644,0.08906737032402229,True,False,True,True,True,True
TS,n0050_i04,50,low,1,120.0,110.61407089990098,694336,169.31790135142884,0.01980127615425997,True,False,True,True,True,True
TS,n0050_i04,50,low,1,150.0,110.61407089990098,694336,169.31790135142884,0.01980127615425997,True,False,True,True,True,True
TS,n0050_i04,50,low,2,1.0,0.9928832000587136,6628,169.98614304998117,0.4145463170517267,True,False,False,True,True,True
TS,n0050_i04,50,low,2,5.0,4.350108399987221,28298,169.57908153039958,0.17408614142496134,True,False,False,True,True,True
TS,n0050_i04,50,low,2,15.0,4.350108399987221,28298,169.57908153039958,0.17408614142496134,True,False,False,True,True,True
TS,n0050_i04,50,low,2,30.0,27.605323800002225,154324,169.4443412047609,0.09449207318586672,True,False,True,True,True,True
TS,n0050_i04,50,low,2,60.0,27.605323800002225,154324,169.4443412047609,0.09449207318586672,True,False,True,True,True,True
TS,n0050_i04,50,low,2,120.0,76.43501330004074,467970,169.31811240262337,0.01992594872796371,True,False,True,True,True,True
TS,n0050_i04,50,low,2,150.0,76.43501330004074,467970,169.31811240262337,0.01992594872796371,True,False,True,True,True,True
TS,n0050_i04,50,low,3,1.0,0.9951383000006899,6628,169.54420855585187,0.15348590981134813,True,False,False,True,True,True
TS,n0050_i04,50,low,3,5.0,4.54547679994721,29633,169.39141869578506,0.06322958535351976,True,False,True,True,True,True
TS,n0050_i04,50,low,3,15.0,11.30366309999954,73144,169.35360206880185,0.0408904736257822,True,False,True,True,True,True
TS,n0050_i04,50,low,3,30.0,15.7725440999493,80200,169.35030096412802,0.0389404386275197,True,False,True,True,True,True
TS,n0050_i04,50,low,3,60.0,15.7725440999493,80200,169.35030096412802,0.0389404386275197,True,False,True,True,True,True
TS,n0050_i04,50,low,3,120.0,71.61472989991307,438261,169.33292541401224,0.028676319737705597,True,False,True,True,True,True
TS,n0050_i04,50,low,3,150.0,71.61472989991307,438261,169.33292541401224,0.028676319737705597,True,False,True,True,True,True
TS,n0050_i04,50,low,4,1.0,0.9460767999989912,6220,169.5104871332363,0.13356592520347044,True,False,False,True,True,True
TS,n0050_i04,50,low,4,5.0,4.988265399937518,32285,169.3124876897244,0.016603307342147558,True,False,True,True,True,True
TS,n0050_i04,50,low,4,15.0,7.903192800004035,50995,169.28438088368404,0.0,True,True,True,True,True,True
TS,n0050_i04,50,low,4,30.0,7.903192800004035,50995,169.28438088368404,0.0,True,True,True,True,True,True
TS,n0050_i04,50,low,4,60.0,7.903192800004035,50995,169.28438088368404,0.0,True,True,True,True,True,True
TS,n0050_i04,50,low,4,120.0,7.903192800004035,50995,169.28438088368404,0.0,True,True,True,True,True,True
TS,n0050_i04,50,low,4,150.0,7.903192800004035,50995,169.28438088368404,0.0,True,True,True,True,True,True
TS,n0050_i04,50,low,5,1.0,0.9935173999983817,6624,170.00653398375957,0.42659168926619684,True,False,False,True,True,True
TS,n0050_i04,50,low,5,5.0,3.340623499942012,22036,169.83769703853963,0.3268559993350949,True,False,False,True,True,True
TS,n0050_i04,50,low,5,15.0,10.943464999902062,71632,169.79277492617558,0.3003195214098724,True,False,False,True,True,True
TS,n0050_i04,50,low,5,30.0,23.058975899941288,125768,169.34923435283386,0.03831036792129407,True,False,True,True,True,True
TS,n0050_i04,50,low,5,60.0,23.058975899941288,125768,169.34923435283386,0.03831036792129407,True,False,True,True,True,True
TS,n0050_i04,50,low,5,120.0,23.058975899941288,125768,169.34923435283386,0.03831036792129407,True,False,True,True,True,True
TS,n0050_i04,50,low,5,150.0,23.058975899941288,125768,169.34923435283386,0.03831036792129407,True,False,True,True,True,True
2PGA,n0050_i05,50,high,1,1.0,0.9022465999878477,7550,304.9488652235269,1.7434455475990327,True,False,False,False,True,True
2PGA,n0050_i05,50,high,1,5.0,4.479409499996109,33489,302.948361429645,1.0759954533958664,True,False,False,False,True,True
2PGA,n0050_i05,50,high,1,15.0,14.951194299996132,120739,301.46614329483515,0.5814667068201138,True,False,False,True,True,True
2PGA,n0050_i05,50,high,1,30.0,20.273382200000924,165206,301.12508155214607,0.4676745245792656,True,False,False,True,True,True
2PGA,n0050_i05,50,high,1,60.0,32.415594899997814,267338,301.11916876228236,0.46570177543297103,True,False,False,True,True,True
2PGA,n0050_i05,50,high,1,120.0,92.36208299999998,772342,301.0520723258831,0.44331565303103476,True,False,False,True,True,True
2PGA,n0050_i05,50,high,1,150.0,140.12851209999644,1177325,300.94954838367477,0.4091094620233948,True,False,False,True,True,True
2PGA,n0050_i05,50,high,2,1.0,0.8923835000023246,7538,303.5022414043551,1.2607925242277855,True,False,False,False,True,True
2PGA,n0050_i05,50,high,2,5.0,4.88817000000563,37091,302.54299593405244,0.9407489024783391,True,False,False,True,True,True
2PGA,n0050_i05,50,high,2,15.0,14.6642722000106,120127,301.9181023799049,0.7322587897086015,True,False,False,True,True,True
2PGA,n0050_i05,50,high,2,30.0,27.403003900006297,229268,301.13449932765934,0.47081668065652005,True,False,False,True,True,True
2PGA,n0050_i05,50,high,2,60.0,27.403003900006297,229268,301.13449932765934,0.47081668065652005,True,False,False,True,True,True
2PGA,n0050_i05,50,high,2,120.0,108.62223510000331,919379,301.1078163025185,0.46191412936000914,True,False,False,True,True,True
2PGA,n0050_i05,50,high,2,150.0,139.31545190000907,1180095,301.06460496313076,0.44749705470452644,True,False,False,True,True,True
2PGA,n0050_i05,50,high,3,1.0,0.9042590000026394,7788,302.4214316037841,0.9001900572826887,True,False,False,True,True,True
2PGA,n0050_i05,50,high,3,5.0,4.8485783000069205,37093,300.96949833175984,0.41576558273131403,True,False,False,True,True,True
2PGA,n0050_i05,50,high,3,15.0,13.166817599994829,108150,300.30758720119945,0.19492488860327958,True,False,False,True,True,True
2PGA,n0050_i05,50,high,3,30.0,16.701202099997317,138186,300.2994486639541,0.19220953886602216,True,False,False,True,True,True
2PGA,n0050_i05,50,high,3,60.0,35.7183398000052,300739,300.25048440307654,0.1758730537090082,True,False,False,True,True,True
2PGA,n0050_i05,50,high,3,120.0,117.29750260000583,978188,300.2419835304853,0.17303681404318716,True,False,False,True,True,True
2PGA,n0050_i05,50,high,3,150.0,121.45923670000047,1012449,300.2380274819585,0.17171691404102146,True,False,False,True,True,True
2PGA,n0050_i05,50,high,4,1.0,0.9146357999998145,7750,302.54002287033626,0.9397569665152545,True,False,False,True,True,True
2PGA,n0050_i05,50,high,4,5.0,4.779427000001306,36582,301.05152495160974,0.4431330265289304,True,False,False,True,True,True
2PGA,n0050_i05,50,high,4,15.0,13.046824499993818,106185,300.4252239035829,0.23417331608824546,True,False,False,True,True,True
2PGA,n0050_i05,50,high,4,30.0,29.84651689999737,247466,300.2112386352795,0.16277905634029446,True,False,False,True,True,True
2PGA,n0050_i05,50,high,4,60.0,47.845699099998455,399705,300.0372875815073,0.10474185212099743,True,False,False,True,True,True
2PGA,n0050_i05,50,high,4,120.0,79.11424939999415,664060,300.0265302289329,0.10115275820819913,True,False,False,True,True,True
2PGA,n0050_i05,50,high,4,150.0,142.10806420000154,1185164,299.9564708606503,0.07777808023805342,True,False,True,True,True,True
2PGA,n0050_i05,50,high,5,1.0,0.8655430000071647,7201,304.46733032579874,1.5827857608824496,True,False,False,False,True,True
2PGA,n0050_i05,50,high,5,5.0,4.533862600001157,33574,302.6092204169663,0.9628441054440103,True,False,False,True,True,True
2PGA,n0050_i05,50,high,5,15.0,14.368572999999742,114961,301.8517047602617,0.7101058212307448,True,False,False,True,True,True
2PGA,n0050_i05,50,high,5,30.0,23.88584850000916,192673,301.7324289730197,0.6703105278279924,True,False,False,True,True,True
2PGA,n0050_i05,50,high,5,60.0,49.39546450000489,402815,301.48730956148785,0.5885286412760637,True,False,False,True,True,True
2PGA,n0050_i05,50,high,5,120.0,108.31943450000836,885880,301.3339766114742,0.5373704818943925,True,False,False,True,True,True
2PGA,n0050_i05,50,high,5,150.0,149.98271979999845,1227897,301.2116386394442,0.49655351808467896,True,False,False,True,True,True
ACO,n0050_i05,50,high,1,1.0,0.5713679000000411,1082,304.68170785662966,1.6543108954939072,True,False,False,False,True,True
ACO,n0050_i05,50,high,1,5.0,4.655256099998951,8588,302.8895592664377,1.0563766406287554,True,False,False,False,True,True
ACO,n0050_i05,50,high,1,15.0,4.655256099998951,8588,302.8895592664377,1.0563766406287554,True,False,False,False,True,True
ACO,n0050_i05,50,high,1,30.0,4.655256099998951,8588,302.8895592664377,1.0563766406287554,True,False,False,False,True,True
ACO,n0050_i05,50,high,1,60.0,4.655256099998951,8588,302.8895592664377,1.0563766406287554,True,False,False,False,True,True
ACO,n0050_i05,50,high,1,120.0,4.655256099998951,8588,302.8895592664377,1.0563766406287554,True,False,False,False,True,True
ACO,n0050_i05,50,high,1,150.0,4.655256099998951,8588,302.8895592664377,1.0563766406287554,True,False,False,False,True,True
ACO,n0050_i05,50,high,2,1.0,0.748563599998306,1304,304.86460650288643,1.715333383452718,True,False,False,False,True,True
ACO,n0050_i05,50,high,2,5.0,4.839991199998622,8883,303.3790496353143,1.2196906987262193,True,False,False,False,True,True
ACO,n0050_i05,50,high,2,15.0,6.303344500000094,11508,303.2350430941952,1.1716442117714005,True,False,False,False,True,True
ACO,n0050_i05,50,high,2,30.0,15.743089299998246,28715,303.1607052441971,1.146842056866313,True,False,False,False,True,True
ACO,n0050_i05,50,high,2,60.0,15.743089299998246,28715,303.1607052441971,1.146842056866313,True,False,False,False,True,True
ACO,n0050_i05,50,high,2,120.0,113.86073530000067,212782,302.7485405971611,1.0093270302351498,True,False,False,False,True,True
ACO,n0050_i05,50,high,2,150.0,132.11677419999978,246842,302.4226930387366,0.9006109237066757,True,False,False,True,True,True
ACO,n0050_i05,50,high,3,1.0,0.46546180000223103,887,304.7898200261398,1.6903815482688438,True,False,False,False,True,True
ACO,n0050_i05,50,high,3,5.0,2.1152474000009533,3872,304.0999107389219,1.4601995210447485,True,False,False,False,True,True
ACO,n0050_i05,50,high,3,15.0,2.1152474000009533,3872,304.0999107389219,1.4601995210447485,True,False,False,False,True,True
ACO,n0050_i05,50,high,3,30.0,2.1152474000009533,3872,304.0999107389219,1.4601995210447485,True,False,False,False,True,True
ACO,n0050_i05,50,high,3,60.0,56.62137460000304,106432,303.53735009854165,1.27250622420367,True,False,False,False,True,True
ACO,n0050_i05,50,high,3,120.0,83.34886010000264,192930,302.9584701014162,1.0793681207942463,True,False,False,False,True,True
ACO,n0050_i05,50,high,3,150.0,83.34886010000264,192930,302.9584701014162,1.0793681207942463,True,False,False,False,True,True
ACO,n0050_i05,50,high,4,1.0,0.23217850000219187,783,304.50871183875813,1.5965923304113272,True,False,False,False,True,True
ACO,n0050_i05,50,high,4,5.0,2.255952100000286,7557,303.30200756778623,1.1939863059695206,True,False,False,False,True,True
ACO,n0050_i05,50,high,4,15.0,14.1321695000006,46836,302.9903853681965,1.0900163624442591,True,False,False,False,True,True
ACO,n0050_i05,50,high,4,30.0,17.52119490000041,58128,302.9298357557418,1.0698145289558965,True,False,False,False,True,True
ACO,n0050_i05,50,high,4,60.0,53.39076349999959,175030,302.88328949187377,1.0542847867486889,True,False,False,False,True,True
ACO,n0050_i05,50,high,4,120.0,53.39076349999959,175030,302.88328949187377,1.0542847867486889,True,False,False,False,True,True
ACO,n0050_i05,50,high,4,150.0,138.78815110000141,458561,302.8554195281353,1.044986224066849,True,False,False,False,True,True
ACO,n0050_i05,50,high,5,1.0,0.9295597000018461,3048,304.42597634794686,1.5689883781944842,True,False,False,False,True,True
ACO,n0050_i05,50,high,5,5.0,2.2022007000014128,7236,303.41788181144204,1.232646704955175,True,False,False,False,True,True
ACO,n0050_i05,50,high,5,15.0,10.21955380000145,33683,303.41254341223055,1.2308655960827481,True,False,False,False,True,True
ACO,n0050_i05,50,high,5,30.0,27.792008800002804,91770,303.30042502822056,1.193458305880033,True,False,False,False,True,True
ACO,n0050_i05,50,high,5,60.0,45.73769690000336,151727,303.01509273388706,1.0982597527383038,True,False,False,False,True,True
ACO,n0050_i05,50,high,5,120.0,99.34199160000207,330162,302.71213909086407,0.9971819951288023,True,False,False,True,True,True
ACO,n0050_i05,50,high,5,150.0,99.34199160000207,330162,302.71213909086407,0.9971819951288023,True,False,False,True,True,True
BRKGA-R-LS,n0050_i05,50,high,1,1.0,0.9949125000275671,9669,304.36294305035295,1.5479578855027665,True,False,False,False,True,True
BRKGA-R-LS,n0050_i05,50,high,1,5.0,2.0545501000015065,19536,300.84994965808215,0.37587924322420524,True,False,False,True,True,True
BRKGA-R-LS,n0050_i05,50,high,1,15.0,2.0545501000015065,19536,300.84994965808215,0.37587924322420524,True,False,False,True,True,True
BRKGA-R-LS,n0050_i05,50,high,1,30.0,24.193820500047877,177664,300.7600555924639,0.3458868969218916,True,False,False,True,True,True
BRKGA-R-LS,n0050_i05,50,high,1,60.0,50.87142970005516,403476,300.64904327354805,0.30884863538761664,True,False,False,True,True,True
BRKGA-R-LS,n0050_i05,50,high,1,120.0,115.28394920006394,952141,300.459106008506,0.2454777755908474,True,False,False,True,True,True
BRKGA-R-LS,n0050_i05,50,high,1,150.0,143.51955080009066,1193303,300.44541135861033,0.24090867885086265,True,False,False,True,True,True
BRKGA-R-LS,n0050_i05,50,high,2,1.0,0.992597300093621,9669,304.36294305035295,1.5479578855027665,True,False,False,False,True,True
BRKGA-R-LS,n0050_i05,50,high,2,5.0,1.864434700109996,17696,302.08098320388666,0.7866025113466196,True,False,False,True,True,True
BRKGA-R-LS,n0050_i05,50,high,2,15.0,11.162750200019218,98627,301.4588544970016,0.5790348649933146,True,False,False,True,True,True
BRKGA-R-LS,n0050_i05,50,high,2,30.0,11.162750200019218,98627,301.4588544970016,0.5790348649933146,True,False,False,True,True,True
BRKGA-R-LS,n0050_i05,50,high,2,60.0,49.86505050002597,399397,301.4267843490056,0.5683349486189901,True,False,False,True,True,True
BRKGA-R-LS,n0050_i05,50,high,2,120.0,109.85145640000701,918473,301.2930170221433,0.5237046833885173,True,False,False,True,True,True
BRKGA-R-LS,n0050_i05,50,high,2,150.0,109.85145640000701,918473,301.2930170221433,0.5237046833885173,True,False,False,True,True,True
BRKGA-R-LS,n0050_i05,50,high,3,1.0,0.5961511000059545,4873,305.1328697806655,1.8048370127747269,True,False,False,False,True,True
BRKGA-R-LS,n0050_i05,50,high,3,5.0,4.997841200092807,16528,302.61773779605875,0.9656858523554624,True,False,False,True,True,True
BRKGA-R-LS,n0050_i05,50,high,3,15.0,9.494226100039668,55864,301.3680103309757,0.5487255262371409,True,False,False,True,True,True
BRKGA-R-LS,n0050_i05,50,high,3,30.0,22.74461880000308,169863,301.3096560895397,0.529256158539498,True,False,False,True,True,True
BRKGA-R-LS,n0050_i05,50,high,3,60.0,47.437831600080244,381361,301.184450581401,0.48748246710361165,True,False,False,True,True,True
BRKGA-R-LS,n0050_i05,50,high,3,120.0,113.58013210003264,952300,300.95774669890704,0.41184475614821764,True,False,False,True,True,True
BRKGA-R-LS,n0050_i05,50,high,3,150.0,135.70181420003064,1142121,300.9331741765483,0.40364635511877356,True,False,False,True,True,True
BRKGA-R-LS,n0050_i05,50,high,4,1.0,0.9958666000748053,9669,304.36294305035295,1.5479578855027665,True,False,False,False,True,True
BRKGA-R-LS,n0050_i05,50,high,4,5.0,1.1654321000678465,11307,304.1472911679822,1.4760075749641643,True,False,False,False,True,True
BRKGA-R-LS,n0050_i05,50,high,4,15.0,7.013556999969296,28649,301.5922746698071,0.6235493053957749,True,False,False,True,True,True
BRKGA-R-LS,n0050_i05,50,high,4,30.0,24.87917650002055,183254,301.07801102332775,0.45196986608770695,True,False,False,True,True,True
BRKGA-R-LS,n0050_i05,50,high,4,60.0,24.87917650002055,183254,301.07801102332775,0.45196986608770695,True,False,False,True,True,True
BRKGA-R-LS,n0050_i05,50,high,4,120.0,24.87917650002055,183254,301.07801102332775,0.45196986608770695,True,False,False,True,True,True
BRKGA-R-LS,n0050_i05,50,high,4,150.0,24.87917650002055,183254,301.07801102332775,0.45196986608770695,True,False,False,True,True,True
BRKGA-R-LS,n0050_i05,50,high,5,1.0,0.9982852000975981,9669,304.36294305035295,1.5479578855027665,True,False,False,False,True,True
BRKGA-R-LS,n0050_i05,50,high,5,5.0,4.080495600006543,18351,301.793471153742,0.690676702287688,True,False,False,True,True,True
BRKGA-R-LS,n0050_i05,50,high,5,15.0,5.865760700078681,21407,301.263867641359,0.5139792547190248,True,False,False,True,True,True
BRKGA-R-LS,n0050_i05,50,high,5,30.0,5.865760700078681,21407,301.263867641359,0.5139792547190248,True,False,False,True,True,True
BRKGA-R-LS,n0050_i05,50,high,5,60.0,58.624397900071926,473112,300.964041732341,0.4139450374230429,True,False,False,True,True,True
BRKGA-R-LS,n0050_i05,50,high,5,120.0,58.624397900071926,473112,300.964041732341,0.4139450374230429,True,False,False,True,True,True
BRKGA-R-LS,n0050_i05,50,high,5,150.0,145.57443700009026,1218146,300.9463274960317,0.40803484183654104,True,False,False,True,True,True
GA,n0050_i05,50,high,1,1.0,0.9654168999986723,8646,301.7531298973019,0.6772172049882702,True,False,False,True,True,True
GA,n0050_i05,50,high,1,5.0,3.3536210999591276,29934,301.314335956335,0.5308175539954496,True,False,False,True,True,True
GA,n0050_i05,50,high,1,15.0,3.3536210999591276,29934,301.314335956335,0.5308175539954496,True,False,False,True,True,True
GA,n0050_i05,50,high,1,30.0,3.3536210999591276,29934,301.314335956335,0.5308175539954496,True,False,False,True,True,True
GA,n0050_i05,50,high,1,60.0,3.3536210999591276,29934,301.314335956335,0.5308175539954496,True,False,False,True,True,True
GA,n0050_i05,50,high,1,120.0,3.3536210999591276,29934,301.314335956335,0.5308175539954496,True,False,False,True,True,True
GA,n0050_i05,50,high,1,150.0,3.3536210999591276,29934,301.314335956335,0.5308175539954496,True,False,False,True,True,True
GA,n0050_i05,50,high,2,1.0,0.9752767999889329,8642,301.3613298689043,0.546496650164762,True,False,False,True,True,True
GA,n0050_i05,50,high,2,5.0,3.3715811000438407,29523,300.80648775101594,0.36137856891690745,True,False,False,True,True,True
GA,n0050_i05,50,high,2,15.0,8.226919000037014,72127,300.6680181600211,0.31517943556039324,True,False,False,True,True,True
GA,n0050_i05,50,high,2,30.0,8.226919000037014,72127,300.6680181600211,0.31517943556039324,True,False,False,True,True,True
GA,n0050_i05,50,high,2,60.0,8.226919000037014,72127,300.6680181600211,0.31517943556039324,True,False,False,True,True,True
GA,n0050_i05,50,high,2,120.0,8.226919000037014,72127,300.6680181600211,0.31517943556039324,True,False,False,True,True,True
GA,n0050_i05,50,high,2,150.0,8.226919000037014,72127,300.6680181600211,0.31517943556039324,True,False,False,True,True,True
GA,n0050_i05,50,high,3,1.0,0.9729656999697909,8624,301.8220598736086,0.7002150714857218,True,False,False,True,True,True
GA,n0050_i05,50,high,3,5.0,4.1629148999927565,37056,300.89349231080274,0.3904068575926928,True,False,False,True,True,True
GA,n0050_i05,50,high,3,15.0,7.4440045999363065,66211,300.8857888994007,0.3878366836786577,True,False,False,True,True,True
GA,n0050_i05,50,high,3,30.0,7.4440045999363065,66211,300.8857888994007,0.3878366836786577,True,False,False,True,True,True
GA,n0050_i05,50,high,3,60.0,7.4440045999363065,66211,300.8857888994007,0.3878366836786577,True,False,False,True,True,True
GA,n0050_i05,50,high,3,120.0,7.4440045999363065,66211,300.8857888994007,0.3878366836786577,True,False,False,True,True,True
GA,n0050_i05,50,high,3,150.0,7.4440045999363065,66211,300.8857888994007,0.3878366836786577,True,False,False,True,True,True
GA,n0050_i05,50,high,4,1.0,0.8634120000060648,7622,302.46357183721796,0.9142497670723964,True,False,False,True,True,True
GA,n0050_i05,50,high,4,5.0,4.984756299993023,13010,302.31471868178147,0.8645862508509503,True,False,False,True,True,True
GA,n0050_i05,50,high,4,15.0,7.928391599911265,38966,301.4160518631843,0.564754151274664,True,False,False,True,True,True
GA,n0050_i05,50,high,4,30.0,7.928391599911265,38966,301.4160518631843,0.564754151274664,True,False,False,True,True,True
GA,n0050_i05,50,high,4,60.0,7.928391599911265,38966,301.4160518631843,0.564754151274664,True,False,False,True,True,True
GA,n0050_i05,50,high,4,120.0,7.928391599911265,38966,301.4160518631843,0.564754151274664,True,False,False,True,True,True
GA,n0050_i05,50,high,4,150.0,7.928391599911265,38966,301.4160518631843,0.564754151274664,True,False,False,True,True,True
GA,n0050_i05,50,high,5,1.0,0.9108306000707671,8039,301.76561689177265,0.6813833783598501,True,False,False,True,True,True
GA,n0050_i05,50,high,5,5.0,1.6113716000691056,14160,301.62944292689735,0.6359501600065537,True,False,False,True,True,True
GA,n0050_i05,50,high,5,15.0,12.887194300070405,81432,300.3079732594269,0.19505369345786516,True,False,False,True,True,True
GA,n0050_i05,50,high,5,30.0,12.887194300070405,81432,300.3079732594269,0.19505369345786516,True,False,False,True,True,True
GA,n0050_i05,50,high,5,60.0,12.887194300070405,81432,300.3079732594269,0.19505369345786516,True,False,False,True,True,True
GA,n0050_i05,50,high,5,120.0,12.887194300070405,81432,300.3079732594269,0.19505369345786516,True,False,False,True,True,True
GA,n0050_i05,50,high,5,150.0,12.887194300070405,81432,300.3079732594269,0.19505369345786516,True,False,False,True,True,True
HPSO,n0050_i05,50,high,1,1.0,0.9034636000869796,5127,300.8696407013967,0.3824489826845556,True,False,False,True,True,True
HPSO,n0050_i05,50,high,1,5.0,2.3111224999884143,13226,300.8241404366374,0.36726822867011755,True,False,False,True,True,True
HPSO,n0050_i05,50,high,1,15.0,2.3111224999884143,13226,300.8241404366374,0.36726822867011755,True,False,False,True,True,True
HPSO,n0050_i05,50,high,1,30.0,2.3111224999884143,13226,300.8241404366374,0.36726822867011755,True,False,False,True,True,True
HPSO,n0050_i05,50,high,1,60.0,2.3111224999884143,13226,300.8241404366374,0.36726822867011755,True,False,False,True,True,True
HPSO,n0050_i05,50,high,1,120.0,78.31239700003061,430910,300.71157679574554,0.32971238251432616,True,False,False,True,True,True
HPSO,n0050_i05,50,high,1,150.0,78.31239700003061,430910,300.71157679574554,0.32971238251432616,True,False,False,True,True,True
HPSO,n0050_i05,50,high,2,1.0,0.8944869000697508,5081,301.21741874332577,0.4984819977466874,True,False,False,True,True,True
HPSO,n0050_i05,50,high,2,5.0,3.479455800028518,19890,300.7758105074734,0.35114338258285854,True,False,False,True,True,True
HPSO,n0050_i05,50,high,2,15.0,3.479455800028518,19890,300.7758105074734,0.35114338258285854,True,False,False,True,True,True
HPSO,n0050_i05,50,high,2,30.0,3.479455800028518,19890,300.7758105074734,0.35114338258285854,True,False,False,True,True,True
HPSO,n0050_i05,50,high,2,60.0,3.479455800028518,19890,300.7758105074734,0.35114338258285854,True,False,False,True,True,True
HPSO,n0050_i05,50,high,2,120.0,3.479455800028518,19890,300.7758105074734,0.35114338258285854,True,False,False,True,True,True
HPSO,n0050_i05,50,high,2,150.0,3.479455800028518,19890,300.7758105074734,0.35114338258285854,True,False,False,True,True,True
HPSO,n0050_i05,50,high,3,1.0,0.9824153999798,5644,301.7305981106769,0.6696996770778452,True,False,False,True,True,True
HPSO,n0050_i05,50,high,3,5.0,1.4679645999567583,8431,301.43199222972015,0.5700725111690713,True,False,False,True,True,True
HPSO,n0050_i05,50,high,3,15.0,1.4679645999567583,8431,301.43199222972015,0.5700725111690713,True,False,False,True,True,True
HPSO,n0050_i05,50,high,3,30.0,1.4679645999567583,8431,301.43199222972015,0.5700725111690713,True,False,False,True,True,True
HPSO,n0050_i05,50,high,3,60.0,1.4679645999567583,8431,301.43199222972015,0.5700725111690713,True,False,False,True,True,True
HPSO,n0050_i05,50,high,3,120.0,1.4679645999567583,8431,301.43199222972015,0.5700725111690713,True,False,False,True,True,True
HPSO,n0050_i05,50,high,3,150.0,1.4679645999567583,8431,301.43199222972015,0.5700725111690713,True,False,False,True,True,True
HPSO,n0050_i05,50,high,4,1.0,0.6313808000413701,3595,301.64444690150947,0.6409561011594292,True,False,False,True,True,True
HPSO,n0050_i05,50,high,4,5.0,4.729598000063561,7018,301.37351547874147,0.5505622692646156,True,False,False,True,True,True
HPSO,n0050_i05,50,high,4,15.0,6.074863100075163,14641,301.2336771965935,0.5039064844176541,True,False,False,True,True,True
HPSO,n0050_i05,50,high,4,30.0,6.074863100075163,14641,301.2336771965935,0.5039064844176541,True,False,False,True,True,True
HPSO,n0050_i05,50,high,4,60.0,6.074863100075163,14641,301.2336771965935,0.5039064844176541,True,False,False,True,True,True
HPSO,n0050_i05,50,high,4,120.0,91.05030980007723,503527,301.20278989476463,0.4936012140260708,True,False,False,True,True,True
HPSO,n0050_i05,50,high,4,150.0,91.05030980007723,503527,301.20278989476463,0.4936012140260708,True,False,False,True,True,True
HPSO,n0050_i05,50,high,5,1.0,0.949886699905619,5475,302.0120088313056,0.763589832431623,True,False,False,True,True,True
HPSO,n0050_i05,50,high,5,5.0,1.3006031999830157,7521,301.9823103506251,0.7536812015214902,True,False,False,True,True,True
HPSO,n0050_i05,50,high,5,15.0,9.833818799932487,38429,301.41236222989056,0.5635231383183238,True,False,False,True,True,True
HPSO,n0050_i05,50,high,5,30.0,9.833818799932487,38429,301.41236222989056,0.5635231383183238,True,False,False,True,True,True
HPSO,n0050_i05,50,high,5,60.0,9.833818799932487,38429,301.41236222989056,0.5635231383183238,True,False,False,True,True,True
HPSO,n0050_i05,50,high,5,120.0,9.833818799932487,38429,301.41236222989056,0.5635231383183238,True,False,False,True,True,True
HPSO,n0050_i05,50,high,5,150.0,9.833818799932487,38429,301.41236222989056,0.5635231383183238,True,False,False,True,True,True
TS,n0050_i05,50,high,1,1.0,0.7755523999221623,7051,300.95580885698286,0.41119821262312845,True,False,False,True,True,True
TS,n0050_i05,50,high,1,5.0,3.2863282000180334,29748,300.4279468322012,0.23508179672615206,True,False,False,True,True,True
TS,n0050_i05,50,high,1,15.0,13.72309210000094,124041,300.10135436346235,0.1261171575725327,True,False,False,True,True,True
TS,n0050_i05,50,high,1,30.0,18.830461099976674,134379,299.9843769231395,0.08708868694333183,True,False,True,True,True,True
TS,n0050_i05,50,high,1,60.0,45.793179699918255,377236,299.73208627652895,0.002914182320155431,True,False,True,True,True,True
TS,n0050_i05,50,high,1,120.0,45.793179699918255,377236,299.73208627652895,0.002914182320155431,True,False,True,True,True,True
TS,n0050_i05,50,high,1,150.0,45.793179699918255,377236,299.73208627652895,0.002914182320155431,True,False,True,True,True,True
TS,n0050_i05,50,high,2,1.0,0.6966332000447437,6412,301.10440136144973,0.46077476499339315,True,False,False,True,True,True
TS,n0050_i05,50,high,2,5.0,3.7132849000627175,34064,300.64978593162743,0.309096416574818,True,False,False,True,True,True
TS,n0050_i05,50,high,2,15.0,10.78194820007775,98510,300.22568753539343,0.16759980188031878,True,False,False,True,True,True
TS,n0050_i05,50,high,2,30.0,10.78194820007775,98510,300.22568753539343,0.16759980188031878,True,False,False,True,True,True
TS,n0050_i05,50,high,2,60.0,41.31174260005355,341827,300.10435137899384,0.12711708484332312,True,False,False,True,True,True
TS,n0050_i05,50,high,2,120.0,71.79773089999799,616431,299.72335179160166,0.0,True,True,True,True,True,True
TS,n0050_i05,50,high,2,150.0,71.79773089999799,616431,299.72335179160166,0.0,True,True,True,True,True,True
TS,n0050_i05,50,high,3,1.0,0.7442709000315517,6914,301.10770278682764,0.46187625587095693,True,False,False,True,True,True
TS,n0050_i05,50,high,3,5.0,4.9944106000475585,46116,300.45424185539025,0.24385489466192217,True,False,False,True,True,True
TS,n0050_i05,50,high,3,15.0,10.343016099999659,95021,300.01604341641746,0.09765392755226873,True,False,True,True,True,True
TS,n0050_i05,50,high,3,30.0,10.343016099999659,95021,300.01604341641746,0.09765392755226873,True,False,True,True,True,True
TS,n0050_i05,50,high,3,60.0,10.343016099999659,95021,300.01604341641746,0.09765392755226873,True,False,True,True,True,True
TS,n0050_i05,50,high,3,120.0,10.343016099999659,95021,300.01604341641746,0.09765392755226873,True,False,True,True,True,True
TS,n0050_i05,50,high,3,150.0,149.98486150009558,1321248,299.9195762833974,0.06546853644296487,True,False,True,True,True,True
TS,n0050_i05,50,high,4,1.0,0.711117499973625,6620,300.9369601266256,0.40490950330348613,True,False,False,True,True,True
TS,n0050_i05,50,high,4,5.0,4.26491329993587,8684,300.8875223447598,0.3884150321285638,True,False,False,True,True,True
TS,n0050_i05,50,high,4,15.0,9.870464099920355,53111,299.92369365674824,0.06684226102138406,True,False,True,True,True,True
TS,n0050_i05,50,high,4,30.0,9.870464099920355,53111,299.92369365674824,0.06684226102138406,True,False,True,True,True,True
TS,n0050_i05,50,high,4,60.0,9.870464099920355,53111,299.92369365674824,0.06684226102138406,True,False,True,True,True,True
TS,n0050_i05,50,high,4,120.0,87.22131900000386,752218,299.7506276159127,0.009100333406796583,True,False,True,True,True,True
TS,n0050_i05,50,high,4,150.0,87.22131900000386,752218,299.7506276159127,0.009100333406796583,True,False,True,True,True,True
TS,n0050_i05,50,high,5,1.0,0.898411100031808,8309,300.8453954091238,0.3743597590294858,True,False,False,True,True,True
TS,n0050_i05,50,high,5,5.0,2.7942208000458777,14607,300.6781776769464,0.3185690669870258,True,False,False,True,True,True
TS,n0050_i05,50,high,5,15.0,14.962469600024633,101029,299.91166826626613,0.06283009766800289,True,False,True,True,True,True
TS,n0050_i05,50,high,5,30.0,15.54076950007584,106267,299.80144494359644,0.02605507763341605,True,False,True,True,True,True
TS,n0050_i05,50,high,5,60.0,15.54076950007584,106267,299.80144494359644,0.02605507763341605,True,False,True,True,True,True
TS,n0050_i05,50,high,5,120.0,15.54076950007584,106267,299.80144494359644,0.02605507763341605,True,False,True,True,True,True
TS,n0050_i05,50,high,5,150.0,15.54076950007584,106267,299.80144494359644,0.02605507763341605,True,False,True,True,True,True
2PGA,n0050_i06,50,low,1,1.0,0.984194300006493,6555,238.55194221067194,1.2707161773984146,True,False,False,False,True,True
2PGA,n0050_i06,50,low,1,5.0,4.852570600007311,37838,236.88267356554675,0.562073734089309,True,False,False,True,True,True
2PGA,n0050_i06,50,low,1,15.0,13.075119600005564,129726,236.46219751327473,0.3835721023087235,True,False,False,True,True,True
2PGA,n0050_i06,50,low,1,30.0,22.068857200007187,226188,236.4555615711458,0.3807549941951607,True,False,False,True,True,True
2PGA,n0050_i06,50,low,1,60.0,22.068857200007187,226188,236.4555615711458,0.3807549941951607,True,False,False,True,True,True
2PGA,n0050_i06,50,low,1,120.0,76.80761450000864,840723,236.4508440286815,0.3787522902996056,True,False,False,True,True,True
2PGA,n0050_i06,50,low,1,150.0,123.47014030000719,1363246,236.44302818073257,0.3754342853737723,True,False,False,True,True,True
2PGA,n0050_i06,50,low,2,1.0,0.9260001999937231,10593,238.56856904685742,1.2777746468984486,True,False,False,False,True,True
2PGA,n0050_i06,50,low,2,5.0,4.91479920000711,52406,237.26724673887648,0.7253337785257611,True,False,False,True,True,True
2PGA,n0050_i06,50,low,2,15.0,14.790107799999532,163401,236.81048373970947,0.531427513834237,True,False,False,True,True,True
2PGA,n0050_i06,50,low,2,30.0,27.451107100001536,304227,236.59841695494038,0.4414003483792687,True,False,False,True,True,True
2PGA,n0050_i06,50,low,2,60.0,27.451107100001536,304227,236.59841695494038,0.4414003483792687,True,False,False,True,True,True
2PGA,n0050_i06,50,low,2,120.0,27.451107100001536,304227,236.59841695494038,0.4414003483792687,True,False,False,True,True,True
2PGA,n0050_i06,50,low,2,150.0,27.451107100001536,304227,236.59841695494038,0.4414003483792687,True,False,False,True,True,True
2PGA,n0050_i06,50,low,3,1.0,0.9013467000040691,10580,238.56341747721655,1.2755876886111495,True,False,False,False,True,True
2PGA,n0050_i06,50,low,3,5.0,4.6811136000033,55514,237.33047986682428,0.7521776771503851,True,False,False,True,True,True
2PGA,n0050_i06,50,low,3,15.0,5.116606600000523,60776,237.31652917080706,0.7462552899178837,True,False,False,True,True,True
2PGA,n0050_i06,50,low,3,30.0,23.490504100002,270438,237.29332086963757,0.736402839089295,True,False,False,True,True,True
2PGA,n0050_i06,50,low,3,60.0,49.81766040000366,568594,237.27801101771956,0.7299034593150695,True,False,False,True,True,True
2PGA,n0050_i06,50,low,3,120.0,117.3410453999968,1335197,236.43756234612454,0.3731139144720182,True,False,False,True,True,True
2PGA,n0050_i06,50,low,3,150.0,147.02592290000757,1669118,236.42611566307232,0.36825453760083937,True,False,False,True,True,True
2PGA,n0050_i06,50,low,4,1.0,0.9261659999901894,10551,238.3249861713722,1.1743681853104957,True,False,False,False,True,True
2PGA,n0050_i06,50,low,4,5.0,4.0134759999928065,46093,237.3431780423285,0.7575683409846106,True,False,False,True,True,True
2PGA,n0050_i06,50,low,4,15.0,14.639614999992773,163297,236.77440517201194,0.5161113426242081,True,False,False,True,True,True
2PGA,n0050_i06,50,low,4,30.0,25.26961579998897,282530,236.67745637721043,0.4749543778512551,True,False,False,True,True,True
2PGA,n0050_i06,50,low,4,60.0,57.28986239999358,636409,236.52933633104496,0.41207405494799526,True,False,False,True,True,True
2PGA,n0050_i06,50,low,4,120.0,83.05283239998971,927709,236.52697547836,0.41107181937623294,True,False,False,True,True,True
2PGA,n0050_i06,50,low,4,150.0,83.05283239998971,927709,236.52697547836,0.41107181937623294,True,False,False,True,True,True
2PGA,n0050_i06,50,low,5,1.0,0.9021589999902062,10124,238.64384234365906,1.3097298705931015,True,False,False,False,True,True
2PGA,n0050_i06,50,low,5,5.0,4.837515499995789,54299,236.4132266524466,0.3627828599243217,True,False,False,True,True,True
2PGA,n0050_i06,50,low,5,15.0,14.514208399996278,158498,236.16628033546303,0.2579485410479214,True,False,False,True,True,True
2PGA,n0050_i06,50,low,5,30.0,25.385936299993773,279051,236.14539677280612,0.24908299450488525,True,False,False,True,True,True
2PGA,n0050_i06,50,low,5,60.0,56.88271609999356,627513,236.09798731425713,0.22895660284214356,True,False,False,True,True,True
2PGA,n0050_i06,50,low,5,120.0,88.01618409999355,978499,236.06122468195437,0.21335003067440006,True,False,False,True,True,True
2PGA,n0050_i06,50,low,5,150.0,88.01618409999355,978499,236.06122468195437,0.21335003067440006,True,False,False,True,True,True
ACO,n0050_i06,50,low,1,1.0,0.1117277000012109,364,238.90061466586556,1.4187355518020253,True,False,False,False,True,True
ACO,n0050_i06,50,low,1,5.0,3.082978300000832,9916,238.2748385686877,1.1530793892882316,True,False,False,False,True,True
ACO,n0050_i06,50,low,1,15.0,8.696857900002215,27336,237.7435069454755,0.9275170504879083,True,False,False,True,True,True
ACO,n0050_i06,50,low,1,30.0,8.696857900002215,27336,237.7435069454755,0.9275170504879083,True,False,False,True,True,True
ACO,n0050_i06,50,low,1,60.0,50.01463259999946,157537,237.7420453764857,0.9268965812644379,True,False,False,True,True,True
ACO,n0050_i06,50,low,1,120.0,50.01463259999946,157537,237.7420453764857,0.9268965812644379,True,False,False,True,True,True
ACO,n0050_i06,50,low,1,150.0,50.01463259999946,157537,237.7420453764857,0.9268965812644379,True,False,False,True,True,True
ACO,n0050_i06,50,low,2,1.0,0.3149457999970764,1005,238.8785848595718,1.409383398807817,True,False,False,False,True,True
ACO,n0050_i06,50,low,2,5.0,3.4849516999966,11023,237.55800442224725,0.8487670172416936,True,False,False,True,True,True
ACO,n0050_i06,50,low,2,15.0,3.4849516999966,11023,237.55800442224725,0.8487670172416936,True,False,False,True,True,True
ACO,n0050_i06,50,low,2,30.0,3.4849516999966,11023,237.55800442224725,0.8487670172416936,True,False,False,True,True,True
ACO,n0050_i06,50,low,2,60.0,3.4849516999966,11023,237.55800442224725,0.8487670172416936,True,False,False,True,True,True
ACO,n0050_i06,50,low,2,120.0,75.95660889999999,162625,237.5197016734718,0.8325066306604405,True,False,False,True,True,True
ACO,n0050_i06,50,low,2,150.0,75.95660889999999,162625,237.5197016734718,0.8325066306604405,True,False,False,True,True,True
ACO,n0050_i06,50,low,3,1.0,0.15386880000005476,311,238.66380657217172,1.3182051389169331,True,False,False,False,True,True
ACO,n0050_i06,50,low,3,5.0,4.791985300002125,8493,238.56662491331068,1.2769493180631488,True,False,False,False,True,True
ACO,n0050_i06,50,low,3,15.0,11.803057200002513,20509,237.89021030075048,0.9897959559398878,True,False,False,True,True,True
ACO,n0050_i06,50,low,3,30.0,11.803057200002513,20509,237.89021030075048,0.9897959559398878,True,False,False,True,True,True
ACO,n0050_i06,50,low,3,60.0,11.803057200002513,20509,237.89021030075048,0.9897959559398878,True,False,False,True,True,True
ACO,n0050_i06,50,low,3,120.0,86.02750659999947,243933,237.54524709102313,0.8433512404611456,True,False,False,True,True,True
ACO,n0050_i06,50,low,3,150.0,86.02750659999947,243933,237.54524709102313,0.8433512404611456,True,False,False,True,True,True
ACO,n0050_i06,50,low,4,1.0,0.76519769999868,2478,238.95428787659944,1.441521048495906,True,False,False,False,True,True
ACO,n0050_i06,50,low,4,5.0,2.748167599998851,8910,237.81289725206992,0.9569748112567544,True,False,False,True,True,True
ACO,n0050_i06,50,low,4,15.0,11.732317899997724,37883,237.67104907131727,0.896757037634122,True,False,False,True,True,True
ACO,n0050_i06,50,low,4,30.0,11.732317899997724,37883,237.67104907131727,0.896757037634122,True,False,False,True,True,True
ACO,n0050_i06,50,low,4,60.0,11.732317899997724,37883,237.67104907131727,0.896757037634122,True,False,False,True,True,True
ACO,n0050_i06,50,low,4,120.0,11.732317899997724,37883,237.67104907131727,0.896757037634122,True,False,False,True,True,True
ACO,n0050_i06,50,low,4,150.0,11.732317899997724,37883,237.67104907131727,0.896757037634122,True,False,False,True,True,True
ACO,n0050_i06,50,low,5,1.0,0.6775758000003407,2228,238.9258405405616,1.429444508404919,True,False,False,False,True,True
ACO,n0050_i06,50,low,5,5.0,1.2402098000020487,4097,238.91885679456772,1.4264797496532255,True,False,False,False,True,True
ACO,n0050_i06,50,low,5,15.0,10.69620489999943,35114,238.4791938666914,1.2398328535094656,True,False,False,False,True,True
ACO,n0050_i06,50,low,5,30.0,21.486317099999724,70343,238.28891406945834,1.159054758972457,True,False,False,False,True,True
ACO,n0050_i06,50,low,5,60.0,59.94128500000079,195301,238.13030372009806,1.0917210641636408,True,False,False,False,True,True
ACO,n0050_i06,50,low,5,120.0,90.74380100000053,295517,238.05023347196342,1.0577294257055683,True,False,False,False,True,True
ACO,n0050_i06,50,low,5,150.0,90.74380100000053,295517,238.05023347196342,1.0577294257055683,True,False,False,False,True,True
BRKGA-R-LS,n0050_i06,50,low,1,1.0,0.9808768999064341,7774,239.2918901149835,1.5848408644966163,True,False,False,False,True,True
BRKGA-R-LS,n0050_i06,50,low,1,5.0,2.4663095999276266,18796,237.19648041936662,0.6952918690297031,True,False,False,True,True,True
BRKGA-R-LS,n0050_i06,50,low,1,15.0,7.759987199911848,30445,236.31054244705285,0.3191910831231532,True,False,False,True,True,True
BRKGA-R-LS,n0050_i06,50,low,1,30.0,16.027389399940148,86328,236.16337064992268,0.2567133134669129,True,False,False,True,True,True
BRKGA-R-LS,n0050_i06,50,low,1,60.0,56.82567779999226,362818,236.02512314946514,0.198024110388843,True,False,False,True,True,True
BRKGA-R-LS,n0050_i06,50,low,1,120.0,83.39535399992019,542542,235.97574292296738,0.17706108298236725,True,False,False,True,True,True
BRKGA-R-LS,n0050_i06,50,low,1,150.0,83.39535399992019,542542,235.97574292296738,0.17706108298236725,True,False,False,True,True,True
BRKGA-R-LS,n0050_i06,50,low,2,1.0,0.9822867999318987,7774,239.2918901149835,1.5848408644966163,True,False,False,False,True,True
BRKGA-R-LS,n0050_i06,50,low,2,5.0,4.741588199976832,24536,236.6046727607523,0.44405607999465074,True,False,False,True,True,True
BRKGA-R-LS,n0050_i06,50,low,2,15.0,11.575857299962081,56805,236.24026778770423,0.2893578945294794,True,False,False,True,True,True
BRKGA-R-LS,n0050_i06,50,low,2,30.0,11.575857299962081,56805,236.24026778770423,0.2893578945294794,True,False,False,True,True,True
BRKGA-R-LS,n0050_i06,50,low,2,60.0,11.575857299962081,56805,236.24026778770423,0.2893578945294794,True,False,False,True,True,True
BRKGA-R-LS,n0050_i06,50,low,2,120.0,11.575857299962081,56805,236.24026778770423,0.2893578945294794,True,False,False,True,True,True
BRKGA-R-LS,n0050_i06,50,low,2,150.0,11.575857299962081,56805,236.24026778770423,0.2893578945294794,True,False,False,True,True,True
BRKGA-R-LS,n0050_i06,50,low,3,1.0,0.9809424999402836,7774,239.2918901149835,1.5848408644966163,True,False,False,False,True,True
BRKGA-R-LS,n0050_i06,50,low,3,5.0,3.044473099987954,22793,236.94317397478645,0.5877575315715305,True,False,False,True,True,True
BRKGA-R-LS,n0050_i06,50,low,3,15.0,13.365890300017782,67428,236.7606249972123,0.5102613455205258,True,False,False,True,True,True
BRKGA-R-LS,n0050_i06,50,low,3,30.0,18.602115700021386,103190,236.7159715601067,0.4913049475404542,True,False,False,True,True,True
BRKGA-R-LS,n0050_i06,50,low,3,60.0,38.51628919993527,238225,236.38580586391038,0.3511421125571888,True,False,False,True,True,True
BRKGA-R-LS,n0050_i06,50,low,3,120.0,38.51628919993527,238225,236.38580586391038,0.3511421125571888,True,False,False,True,True,True
BRKGA-R-LS,n0050_i06,50,low,3,150.0,131.33792850002646,858684,236.09198000966262,0.22640636563617692,True,False,False,True,True,True
BRKGA-R-LS,n0050_i06,50,low,4,1.0,0.992399699985981,7774,239.2918901149835,1.5848408644966163,True,False,False,False,True,True
BRKGA-R-LS,n0050_i06,50,low,4,5.0,4.14110490004532,30554,236.47226627591454,0.3878465206769156,True,False,False,True,True,True
BRKGA-R-LS,n0050_i06,50,low,4,15.0,12.74025310005527,64935,236.30586810957865,0.31720672072693773,True,False,False,True,True,True
BRKGA-R-LS,n0050_i06,50,low,4,30.0,19.29893920000177,109523,236.26193313269152,0.2985553254234037,True,False,False,True,True,True
BRKGA-R-LS,n0050_i06,50,low,4,60.0,19.29893920000177,109523,236.26193313269152,0.2985553254234037,True,False,False,True,True,True
BRKGA-R-LS,n0050_i06,50,low,4,120.0,19.29893920000177,109523,236.26193313269152,0.2985553254234037,True,False,False,True,True,True
BRKGA-R-LS,n0050_i06,50,low,4,150.0,149.5647227000445,991069,235.91448608576027,0.15105616465205274,True,False,False,True,True,True
BRKGA-R-LS,n0050_i06,50,low,5,1.0,0.9895635000430048,7774,239.2918901149835,1.5848408644966163,True,False,False,False,True,True
BRKGA-R-LS,n0050_i06,50,low,5,5.0,3.446965800016187,25782,236.8363105819635,0.5423915948114334,True,False,False,True,True,True
BRKGA-R-LS,n0050_i06,50,low,5,15.0,14.999889899976552,75815,236.57509248457956,0.4314985810911506,True,False,False,True,True,True
BRKGA-R-LS,n0050_i06,50,low,5,30.0,15.478740600054152,79291,236.27391158380325,0.3036404499105042,True,False,False,True,True,True
BRKGA-R-LS,n0050_i06,50,low,5,60.0,35.60371060005855,214314,236.06381638612817,0.21445026794502534,True,False,False,True,True,True
BRKGA-R-LS,n0050_i06,50,low,5,120.0,62.819137100013904,396156,236.02451578426317,0.19776627006939324,True,False,False,True,True,True
BRKGA-R-LS,n0050_i06,50,low,5,150.0,62.819137100013904,396156,236.02451578426317,0.19776627006939324,True,False,False,True,True,True
GA,n0050_i06,50,low,1,1.0,0.9414553000824526,6607,237.78752617019612,0.9462042109097404,True,False,False,True,True,True
GA,n0050_i06,50,low,1,5.0,4.960976800066419,22710,236.5809872827257,0.4340010567551408,True,False,False,True,True,True
GA,n0050_i06,50,low,1,15.0,14.872044200077653,85184,236.23450761936184,0.2869125722741646,True,False,False,True,True,True
GA,n0050_i06,50,low,1,30.0,22.466408700100146,136441,236.22694865627247,0.2837036208042052,True,False,False,True,True,True
GA,n0050_i06,50,low,1,60.0,22.466408700100146,136441,236.22694865627247,0.2837036208042052,True,False,False,True,True,True
GA,n0050_i06,50,low,1,120.0,22.466408700100146,136441,236.22694865627247,0.2837036208042052,True,False,False,True,True,True
GA,n0050_i06,50,low,1,150.0,22.466408700100146,136441,236.22694865627247,0.2837036208042052,True,False,False,True,True,True
GA,n0050_i06,50,low,2,1.0,0.9051556999329478,6424,237.08471650251923,0.6478455485468825,True,False,False,True,True,True
GA,n0050_i06,50,low,2,5.0,2.990493700024672,20898,236.54011968401005,0.41665183313520493,True,False,False,True,True,True
GA,n0050_i06,50,low,2,15.0,9.993332399986684,45594,236.4012824710077,0.35771228369148345,True,False,False,True,True,True
GA,n0050_i06,50,low,2,30.0,9.993332399986684,45594,236.4012824710077,0.35771228369148345,True,False,False,True,True,True
GA,n0050_i06,50,low,2,60.0,9.993332399986684,45594,236.4012824710077,0.35771228369148345,True,False,False,True,True,True
GA,n0050_i06,50,low,2,120.0,109.65126740001142,731329,235.95096638872033,0.166542881603076,True,False,False,True,True,True
GA,n0050_i06,50,low,2,150.0,109.65126740001142,731329,235.95096638872033,0.166542881603076,True,False,False,True,True,True
GA,n0050_i06,50,low,3,1.0,0.9561706999083981,6710,237.58390010005655,0.8597603204751304,True,False,False,True,True,True
GA,n0050_i06,50,low,3,5.0,3.534930399968289,24380,236.67389737538383,0.47344350076295055,True,False,False,True,True,True
GA,n0050_i06,50,low,3,15.0,3.534930399968289,24380,236.67389737538383,0.47344350076295055,True,False,False,True,True,True
GA,n0050_i06,50,low,3,30.0,3.534930399968289,24380,236.67389737538383,0.47344350076295055,True,False,False,True,True,True
GA,n0050_i06,50,low,3,60.0,3.534930399968289,24380,236.67389737538383,0.47344350076295055,True,False,False,True,True,True
GA,n0050_i06,50,low,3,120.0,3.534930399968289,24380,236.67389737538383,0.47344350076295055,True,False,False,True,True,True
GA,n0050_i06,50,low,3,150.0,3.534930399968289,24380,236.67389737538383,0.47344350076295055,True,False,False,True,True,True
GA,n0050_i06,50,low,4,1.0,0.9680372000439093,6845,237.9838089535111,1.0295307093460726,True,False,False,False,True,True
GA,n0050_i06,50,low,4,5.0,2.939859200036153,20581,237.3126405212597,0.7446044698869355,True,False,False,True,True,True
GA,n0050_i06,50,low,4,15.0,2.939859200036153,20581,237.3126405212597,0.7446044698869355,True,False,False,True,True,True
GA,n0050_i06,50,low,4,30.0,2.939859200036153,20581,237.3126405212597,0.7446044698869355,True,False,False,True,True,True
GA,n0050_i06,50,low,4,60.0,2.939859200036153,20581,237.3126405212597,0.7446044698869355,True,False,False,True,True,True
GA,n0050_i06,50,low,4,120.0,97.32213530002628,651149,236.2310731558381,0.28545456452326673,True,False,False,True,True,True
GA,n0050_i06,50,low,4,150.0,97.32213530002628,651149,236.2310731558381,0.28545456452326673,True,False,False,True,True,True
GA,n0050_i06,50,low,5,1.0,0.9944354000035673,6986,236.75405019191336,0.5074701913795083,True,False,False,True,True,True
GA,n0050_i06,50,low,5,5.0,3.446310899918899,24018,236.34756893701575,0.33490966885894424,True,False,False,True,True,True
GA,n0050_i06,50,low,5,15.0,14.739965899963863,75014,236.04912196814755,0.20821215385164538,True,False,False,True,True,True
GA,n0050_i06,50,low,5,30.0,17.502951700007543,93926,236.02975480779827,0.19999035452057312,True,False,False,True,True,True
GA,n0050_i06,50,low,5,60.0,17.502951700007543,93926,236.02975480779827,0.19999035452057312,True,False,False,True,True,True
GA,n0050_i06,50,low,5,120.0,17.502951700007543,93926,236.02975480779827,0.19999035452057312,True,False,False,True,True,True
GA,n0050_i06,50,low,5,150.0,17.502951700007543,93926,236.02975480779827,0.19999035452057312,True,False,False,True,True,True
HPSO,n0050_i06,50,low,1,1.0,0.994389700004831,4856,236.29351413858038,0.3119621795212099,True,False,False,True,True,True
HPSO,n0050_i06,50,low,1,5.0,2.0458892000606284,9913,236.05207029342642,0.20946378487903963,True,False,False,True,True,True
HPSO,n0050_i06,50,low,1,15.0,7.5572147000348195,17973,235.90455848385642,0.146841672221555,True,False,False,True,True,True
HPSO,n0050_i06,50,low,1,30.0,7.5572147000348195,17973,235.90455848385642,0.146841672221555,True,False,False,True,True,True
HPSO,n0050_i06,50,low,1,60.0,7.5572147000348195,17973,235.90455848385642,0.146841672221555,True,False,False,True,True,True
HPSO,n0050_i06,50,low,1,120.0,7.5572147000348195,17973,235.90455848385642,0.146841672221555,True,False,False,True,True,True
HPSO,n0050_i06,50,low,1,150.0,7.5572147000348195,17973,235.90455848385642,0.146841672221555,True,False,False,True,True,True
HPSO,n0050_i06,50,low,2,1.0,0.9765003999928012,4780,237.87111688552972,0.9816903676316954,True,False,False,True,True,True
HPSO,n0050_i06,50,low,2,5.0,2.4206482999725267,11910,237.71313588100816,0.9146238439972153,True,False,False,True,True,True
HPSO,n0050_i06,50,low,2,15.0,8.630018000025302,25898,237.57746399120808,0.8570280461266565,True,False,False,True,True,True
HPSO,n0050_i06,50,low,2,30.0,8.630018000025302,25898,237.57746399120808,0.8570280461266565,True,False,False,True,True,True
HPSO,n0050_i06,50,low,2,60.0,8.630018000025302,25898,237.57746399120808,0.8570280461266565,True,False,False,True,True,True
HPSO,n0050_i06,50,low,2,120.0,8.630018000025302,25898,237.57746399120808,0.8570280461266565,True,False,False,True,True,True
HPSO,n0050_i06,50,low,2,150.0,8.630018000025302,25898,237.57746399120808,0.8570280461266565,True,False,False,True,True,True
HPSO,n0050_i06,50,low,3,1.0,0.9865816999226809,4793,236.77226859489417,0.5152043171232653,True,False,False,True,True,True
HPSO,n0050_i06,50,low,3,5.0,1.7988616999937221,8771,236.59468777232658,0.43981722568256937,True,False,False,True,True,True
HPSO,n0050_i06,50,low,3,15.0,1.7988616999937221,8771,236.59468777232658,0.43981722568256937,True,False,False,True,True,True
HPSO,n0050_i06,50,low,3,30.0,1.7988616999937221,8771,236.59468777232658,0.43981722568256937,True,False,False,True,True,True
HPSO,n0050_i06,50,low,3,60.0,1.7988616999937221,8771,236.59468777232658,0.43981722568256937,True,False,False,True,True,True
HPSO,n0050_i06,50,low,3,120.0,1.7988616999937221,8771,236.59468777232658,0.43981722568256937,True,False,False,True,True,True
HPSO,n0050_i06,50,low,3,150.0,1.7988616999937221,8771,236.59468777232658,0.43981722568256937,True,False,False,True,True,True
HPSO,n0050_i06,50,low,4,1.0,0.8069897999521345,3909,237.39672954111305,0.780302168192332,True,False,False,True,True,True
HPSO,n0050_i06,50,low,4,5.0,4.200716299936175,20287,235.9891201578758,0.18274002295281183,True,False,False,True,True,True
HPSO,n0050_i06,50,low,4,15.0,5.469277099939063,24800,235.9757187551965,0.17705082321486265,True,False,False,True,True,True
HPSO,n0050_i06,50,low,4,30.0,5.469277099939063,24800,235.9757187551965,0.17705082321486265,True,False,False,True,True,True
HPSO,n0050_i06,50,low,4,60.0,5.469277099939063,24800,235.9757187551965,0.17705082321486265,True,False,False,True,True,True
HPSO,n0050_i06,50,low,4,120.0,5.469277099939063,24800,235.9757187551965,0.17705082321486265,True,False,False,True,True,True
HPSO,n0050_i06,50,low,4,150.0,5.469277099939063,24800,235.9757187551965,0.17705082321486265,True,False,False,True,True,True
HPSO,n0050_i06,50,low,5,1.0,0.9995827000821009,4755,236.2320778130768,0.285881064333478,True,False,False,True,True,True
HPSO,n0050_i06,50,low,5,5.0,2.8565354000311345,13619,236.11071396878614,0.23435935666905564,True,False,False,True,True,True
HPSO,n0050_i06,50,low,5,15.0,2.8565354000311345,13619,236.11071396878614,0.23435935666905564,True,False,False,True,True,True
HPSO,n0050_i06,50,low,5,30.0,2.8565354000311345,13619,236.11071396878614,0.23435935666905564,True,False,False,True,True,True
HPSO,n0050_i06,50,low,5,60.0,2.8565354000311345,13619,236.11071396878614,0.23435935666905564,True,False,False,True,True,True
HPSO,n0050_i06,50,low,5,120.0,2.8565354000311345,13619,236.11071396878614,0.23435935666905564,True,False,False,True,True,True
HPSO,n0050_i06,50,low,5,150.0,2.8565354000311345,13619,236.11071396878614,0.23435935666905564,True,False,False,True,True,True
TS,n0050_i06,50,low,1,1.0,0.9926491999067366,7221,237.10036265635665,0.6544876961221819,True,False,False,True,True,True
TS,n0050_i06,50,low,1,5.0,4.141484499908984,16145,236.56280363774715,0.42628168657258514,True,False,False,True,True,True
TS,n0050_i06,50,low,1,15.0,12.116781999939121,58197,235.90131964174057,0.145466710200211,True,False,False,True,True,True
TS,n0050_i06,50,low,1,30.0,12.116781999939121,58197,235.90131964174057,0.145466710200211,True,False,False,True,True,True
TS,n0050_i06,50,low,1,60.0,12.116781999939121,58197,235.90131964174057,0.145466710200211,True,False,False,True,True,True
TS,n0050_i06,50,low,1,120.0,12.116781999939121,58197,235.90131964174057,0.145466710200211,True,False,False,True,True,True
TS,n0050_i06,50,low,1,150.0,12.116781999939121,58197,235.90131964174057,0.145466710200211,True,False,False,True,True,True
TS,n0050_i06,50,low,2,1.0,0.992851399932988,7181,236.33578518294578,0.32990719768698457,True,False,False,True,True,True
TS,n0050_i06,50,low,2,5.0,4.3262339000357315,20929,236.11923697934563,0.23797756818034327,True,False,False,True,True,True
TS,n0050_i06,50,low,2,15.0,13.652714299969375,70194,235.846481103997,0.12218650573007724,True,False,False,True,True,True
TS,n0050_i06,50,low,2,30.0,23.651228499948047,138845,235.67941716866824,0.05126407172525276,True,False,True,True,True,True
TS,n0050_i06,50,low,2,60.0,23.651228499948047,138845,235.67941716866824,0.05126407172525276,True,False,True,True,True,True
TS,n0050_i06,50,low,2,120.0,23.651228499948047,138845,235.67941716866824,0.05126407172525276,True,False,True,True,True,True
TS,n0050_i06,50,low,2,150.0,23.651228499948047,138845,235.67941716866824,0.05126407172525276,True,False,True,True,True,True
TS,n0050_i06,50,low,3,1.0,0.985932799987495,7137,236.80639852533588,0.5296932475712267,True,False,False,True,True,True
TS,n0050_i06,50,low,3,5.0,4.822519000037573,25813,236.24099533514516,0.2896667549383,True,False,False,True,True,True
TS,n0050_i06,50,low,3,15.0,14.901641600066796,78373,235.95524699704723,0.16836009703600124,True,False,False,True,True,True
TS,n0050_i06,50,low,3,30.0,16.192082899971865,87345,235.91866069288648,0.15282838016835504,True,False,False,True,True,True
TS,n0050_i06,50,low,3,60.0,51.82788460003212,334077,235.86120980935013,0.128439175591634,True,False,False,True,True,True
TS,n0050_i06,50,low,3,120.0,99.03584310004953,661437,235.5586602081441,0.0,True,True,True,True,True,True
TS,n0050_i06,50,low,3,150.0,99.03584310004953,661437,235.5586602081441,0.0,True,True,True,True,True,True
TS,n0050_i06,50,low,4,1.0,0.9994930999819189,7271,237.2901942389218,0.7350755133552267,True,False,False,True,True,True
TS,n0050_i06,50,low,4,5.0,2.431869799969718,17725,237.21986171322453,0.7052177591826055,True,False,False,True,True,True
TS,n0050_i06,50,low,4,15.0,14.69847339997068,77852,236.2793768399962,0.3059605752619157,True,False,False,True,True,True
TS,n0050_i06,50,low,4,30.0,16.38658409996424,89802,236.20545762779108,0.2745801912251769,True,False,False,True,True,True
TS,n0050_i06,50,low,4,60.0,58.96888969989959,386540,236.08070145255823,0.22161836204742152,True,False,False,True,True,True
TS,n0050_i06,50,low,4,120.0,94.72250639996491,634214,235.80319912760743,0.10381232396518923,True,False,False,True,True,True
TS,n0050_i06,50,low,4,150.0,94.72250639996491,634214,235.80319912760743,0.10381232396518923,True,False,False,True,True,True
TS,n0050_i06,50,low,5,1.0,0.9912504999665543,7212,237.10311079545312,0.6556543435695905,True,False,False,True,True,True
TS,n0050_i06,50,low,5,5.0,4.942574299988337,35269,236.433220409571,0.37127066381432317,True,False,False,True,True,True
TS,n0050_i06,50,low,5,15.0,14.765935699921101,76282,236.00174351169787,0.1880989232840179,True,False,False,True,True,True
TS,n0050_i06,50,low,5,30.0,27.940817399998195,168502,235.8472059986893,0.12249423998686769,True,False,False,True,True,True
TS,n0050_i06,50,low,5,60.0,32.96175059990492,203687,235.6982413667959,0.059255371264416906,True,False,True,True,True,True
TS,n0050_i06,50,low,5,120.0,32.96175059990492,203687,235.6982413667959,0.059255371264416906,True,False,True,True,True,True
TS,n0050_i06,50,low,5,150.0,32.96175059990492,203687,235.6982413667959,0.059255371264416906,True,False,True,True,True,True
2PGA,n0100_i01,100,medium,1,1.0,0.9963576000009198,6606,449.0327968354127,0.9582608666338275,True,False,False,True,True,True
2PGA,n0100_i01,100,medium,1,5.0,4.347279300010996,28848,447.4394056651879,0.6000108622692077,True,False,False,True,True,True
2PGA,n0100_i01,100,medium,1,15.0,14.535092100006295,94348,446.93471152190835,0.4865379860468606,True,False,False,True,True,True
2PGA,n0100_i01,100,medium,1,30.0,28.6226161000086,187359,446.62482965510486,0.4168657158539692,True,False,False,True,True,True
2PGA,n0100_i01,100,medium,1,60.0,58.76546130000497,387934,446.5173280415998,0.3926955972873148,True,False,False,True,True,True
2PGA,n0100_i01,100,medium,1,120.0,117.64361920001102,774381,446.39801392075225,0.36586961436915605,True,False,False,True,True,True
2PGA,n0100_i01,100,medium,1,150.0,141.58029850000457,933139,446.2713399185357,0.33738887298249787,True,False,False,True,True,True
2PGA,n0100_i01,100,medium,2,1.0,0.9941940999997314,6572,448.5463853679143,0.8488985746802983,True,False,False,True,True,True
2PGA,n0100_i01,100,medium,2,5.0,4.275588100004825,28382,447.3282952231559,0.5750293529658153,True,False,False,True,True,True
2PGA,n0100_i01,100,medium,2,15.0,14.931421699991915,97484,446.6306893429258,0.41818317839967123,True,False,False,True,True,True
2PGA,n0100_i01,100,medium,2,30.0,26.45318939999561,174317,446.0897759093452,0.29656694030177877,True,False,False,True,True,True
2PGA,n0100_i01,100,medium,2,60.0,57.82694630000333,376567,445.6408240919459,0.1956268864416141,True,False,False,True,True,True
2PGA,n0100_i01,100,medium,2,120.0,118.36245329999656,766326,445.3904946999477,0.1393440932067933,True,False,False,True,True,True
2PGA,n0100_i01,100,medium,2,150.0,148.94312759999593,967044,445.3544603791288,0.13124231893323524,True,False,False,True,True,True
2PGA,n0100_i01,100,medium,3,1.0,0.9492417000001296,6252,448.9395845462784,0.9373034874207381,True,False,False,True,True,True
2PGA,n0100_i01,100,medium,3,5.0,4.811882800000603,31544,447.2942045624708,0.5673645813971863,True,False,False,True,True,True
2PGA,n0100_i01,100,medium,3,15.0,13.888971599997603,90542,446.28812727762113,0.3411632578153015,True,False,False,True,True,True
2PGA,n0100_i01,100,medium,3,30.0,26.995629500001087,174428,445.99480315717005,0.27521374749071376,True,False,False,True,True,True
2PGA,n0100_i01,100,medium,3,60.0,56.201980099998764,364110,445.7012862196946,0.20922088516248252,True,False,False,True,True,True
2PGA,n0100_i01,100,medium,3,120.0,117.92146810000122,769612,445.62989581993463,0.19316982908564925,True,False,False,True,True,True
2PGA,n0100_i01,100,medium,3,150.0,147.08593219998875,958151,445.5693980960023,0.17956782709906619,True,False,False,True,True,True
2PGA,n0100_i01,100,medium,4,1.0,0.9357073999999557,6241,449.0395741761176,0.9597846496084554,True,False,False,True,True,True
2PGA,n0100_i01,100,medium,4,5.0,4.999156299993047,33188,446.8986218347058,0.4784237634758854,True,False,False,True,True,True
2PGA,n0100_i01,100,medium,4,15.0,14.190738799996325,93401,445.9269721996023,0.2599629783771382,True,False,False,True,True,True
2PGA,n0100_i01,100,medium,4,30.0,26.62746899999911,174924,445.76813852294873,0.22425161859449394,True,False,False,True,True,True
2PGA,n0100_i01,100,medium,4,60.0,54.21114449999004,354899,445.660927250862,0.20014677892252314,True,False,False,True,True,True
2PGA,n0100_i01,100,medium,4,120.0,88.32868189999135,579851,445.6061352594652,0.18782762495464345,True,False,False,True,True,True
2PGA,n0100_i01,100,medium,4,150.0,149.4849807999999,976170,445.47951738136084,0.15935950222924572,True,False,False,True,True,True
2PGA,n0100_i01,100,medium,5,1.0,0.658259799994994,4276,449.648578661584,1.096710135109695,True,False,False,False,True,True
2PGA,n0100_i01,100,medium,5,5.0,4.597898699998041,29764,447.7154831539571,0.6620827272354157,True,False,False,True,True,True
2PGA,n0100_i01,100,medium,5,15.0,14.998134900000878,97234,446.41755687504826,0.37026355327924615,True,False,False,True,True,True
2PGA,n0100_i01,100,medium,5,30.0,29.680152400003863,192214,446.0133319768847,0.27937967351545545,True,False,False,True,True,True
2PGA,n0100_i01,100,medium,5,60.0,59.61459339999419,387509,445.4673638078977,0.1566269542977791,True,False,False,True,True,True
2PGA,n0100_i01,100,medium,5,120.0,103.85471060000418,672655,445.35161234327757,0.13060198097027934,True,False,False,True,True,True
2PGA,n0100_i01,100,medium,5,150.0,143.30987490000552,927826,445.34216058706335,0.128476895951439,True,False,False,True,True,True
ACO,n0100_i01,100,medium,1,1.0,0.08121209999808343,99,449.18507345707513,0.9924979713665637,True,False,False,True,True,True
ACO,n0100_i01,100,medium,1,5.0,3.018521800000599,3332,448.5627866120997,0.8525861473936497,True,False,False,True,True,True
ACO,n0100_i01,100,medium,1,15.0,3.018521800000599,3332,448.5627866120997,0.8525861473936497,True,False,False,True,True,True
ACO,n0100_i01,100,medium,1,30.0,3.018521800000599,3332,448.5627866120997,0.8525861473936497,True,False,False,True,True,True
ACO,n0100_i01,100,medium,1,60.0,31.26388170000064,34213,448.358108073462,0.8065672609265155,True,False,False,True,True,True
ACO,n0100_i01,100,medium,1,120.0,94.7479671000001,104990,448.2279108579951,0.7772943781084778,True,False,False,True,True,True
ACO,n0100_i01,100,medium,1,150.0,138.87687540000115,154491,447.9914188761437,0.7241227181208678,True,False,False,True,True,True
ACO,n0100_i01,100,medium,2,1.0,0.2105690999997023,245,449.03044209366857,0.9577314384206742,True,False,False,True,True,True
ACO,n0100_i01,100,medium,2,5.0,0.2105690999997023,245,449.03044209366857,0.9577314384206742,True,False,False,True,True,True
ACO,n0100_i01,100,medium,2,15.0,0.2105690999997023,245,449.03044209366857,0.9577314384206742,True,False,False,True,True,True
ACO,n0100_i01,100,medium,2,30.0,20.917535900000075,23364,448.90664592076973,0.9298977336091466,True,False,False,True,True,True
ACO,n0100_i01,100,medium,2,60.0,20.917535900000075,23364,448.90664592076973,0.9298977336091466,True,False,False,True,True,True
ACO,n0100_i01,100,medium,2,120.0,117.63933229999748,131650,448.70198306228207,0.8838823725875724,True,False,False,True,True,True
ACO,n0100_i01,100,medium,2,150.0,121.59116709999944,136093,448.4684087712844,0.8313667114410489,True,False,False,True,True,True
ACO,n0100_i01,100,medium,3,1.0,0.03789930000129971,48,449.4727801738051,1.0571844930759238,True,False,False,False,True,True
ACO,n0100_i01,100,medium,3,5.0,2.266109600001073,2496,448.9840456035064,0.9472998864491897,True,False,False,True,True,True
ACO,n0100_i01,100,medium,3,15.0,11.697622400002729,12924,448.7977170520655,0.9054067182088121,True,False,False,True,True,True
ACO,n0100_i01,100,medium,3,30.0,27.885479399999895,31120,448.4116152897378,0.8185975525602055,True,False,False,True,True,True
ACO,n0100_i01,100,medium,3,60.0,27.885479399999895,31120,448.4116152897378,0.8185975525602055,True,False,False,True,True,True
ACO,n0100_i01,100,medium,3,120.0,83.3632030000008,93577,448.2837368741118,0.7898460169597555,True,False,False,True,True,True
ACO,n0100_i01,100,medium,3,150.0,83.3632030000008,93577,448.2837368741118,0.7898460169597555,True,False,False,True,True,True
ACO,n0100_i01,100,medium,4,1.0,0.2688812999986112,171,449.43484322225095,1.0486549409396801,True,False,False,False,True,True
ACO,n0100_i01,100,medium,4,5.0,3.90979470000093,2299,449.00542573548654,0.9521068870892931,True,False,False,True,True,True
ACO,n0100_i01,100,medium,4,15.0,3.90979470000093,2299,449.00542573548654,0.9521068870892931,True,False,False,True,True,True
ACO,n0100_i01,100,medium,4,30.0,3.90979470000093,2299,449.00542573548654,0.9521068870892931,True,False,False,True,True,True
ACO,n0100_i01,100,medium,4,60.0,49.03528390000065,28412,448.6668439285362,0.875981867643735,True,False,False,True,True,True
ACO,n0100_i01,100,medium,4,120.0,95.18607390000034,55019,448.64002517489195,0.8699520748410356,True,False,False,True,True,True
ACO,n0100_i01,100,medium,4,150.0,146.49748969999928,84584,448.29292797083036,0.7919124966171472,True,False,False,True,True,True
ACO,n0100_i01,100,medium,5,1.0,0.26582499999858555,163,449.60637978350485,1.0872223529890597,True,False,False,False,True,True
ACO,n0100_i01,100,medium,5,5.0,3.1813765999977477,1860,449.26361181173877,1.0101561374382813,True,False,False,False,True,True
ACO,n0100_i01,100,medium,5,15.0,3.1813765999977477,1860,449.26361181173877,1.0101561374382813,True,False,False,False,True,True
ACO,n0100_i01,100,medium,5,30.0,23.142140600000857,13400,449.21533502493764,0.9993018290892692,True,False,False,True,True,True
ACO,n0100_i01,100,medium,5,60.0,52.55358419999902,30400,448.5988011368073,0.8606834708097577,True,False,False,True,True,True
ACO,n0100_i01,100,medium,5,120.0,80.93233309999778,46764,448.1858634658278,0.7678406553133919,True,False,False,True,True,True
ACO,n0100_i01,100,medium,5,150.0,145.6301534999984,84072,448.08870977446156,0.7459971111753311,True,False,False,True,True,True
BRKGA-R-LS,n0100_i01,100,medium,1,1.0,0.958243599976413,4266,450.0354689115388,1.1836965803247734,True,False,False,False,True,True
BRKGA-R-LS,n0100_i01,100,medium,1,5.0,4.910487900022417,21107,448.78920028902246,0.9034918523212953,True,False,False,True,True,True
BRKGA-R-LS,n0100_i01,100,medium,1,15.0,14.844740299973637,62842,446.7283402813616,0.44013852105160245,True,False,False,True,True,True
BRKGA-R-LS,n0100_i01,100,medium,1,30.0,21.13185819995124,73729,446.3306526637379,0.35072445035021055,True,False,False,True,True,True
BRKGA-R-LS,n0100_i01,100,medium,1,60.0,35.79161790001672,130304,446.1161946988068,0.3025068071824247,True,False,False,True,True,True
BRKGA-R-LS,n0100_i01,100,medium,1,120.0,107.3317213000264,401847,445.79580236976113,0.23047141786693945,True,False,False,True,True,True
BRKGA-R-LS,n0100_i01,100,medium,1,150.0,107.3317213000264,401847,445.79580236976113,0.23047141786693945,True,False,False,True,True,True
BRKGA-R-LS,n0100_i01,100,medium,2,1.0,0.9992389000253752,4266,450.0354689115388,1.1836965803247734,True,False,False,False,True,True
BRKGA-R-LS,n0100_i01,100,medium,2,5.0,4.9165809999685735,20731,448.7919535610786,0.9041108840722996,True,False,False,True,True,True
BRKGA-R-LS,n0100_i01,100,medium,2,15.0,14.959363200003281,45098,447.51057225653693,0.6160115983959226,True,False,False,True,True,True
BRKGA-R-LS,n0100_i01,100,medium,2,30.0,27.22594409994781,94659,446.07797899366454,0.29391458150059374,True,False,False,True,True,True
BRKGA-R-LS,n0100_i01,100,medium,2,60.0,45.733491500024684,165573,445.86328210349177,0.24564321959100285,True,False,False,True,True,True
BRKGA-R-LS,n0100_i01,100,medium,2,120.0,45.733491500024684,165573,445.86328210349177,0.24564321959100285,True,False,False,True,True,True
BRKGA-R-LS,n0100_i01,100,medium,2,150.0,45.733491500024684,165573,445.86328210349177,0.24564321959100285,True,False,False,True,True,True
BRKGA-R-LS,n0100_i01,100,medium,3,1.0,0.9873756999149919,4266,450.0354689115388,1.1836965803247734,True,False,False,False,True,True
BRKGA-R-LS,n0100_i01,100,medium,3,5.0,4.978710099938326,21107,448.78920028902246,0.9034918523212953,True,False,False,True,True,True
BRKGA-R-LS,n0100_i01,100,medium,3,15.0,14.980710699921474,47421,447.1890879770638,0.5437307004741952,True,False,False,True,True,True
BRKGA-R-LS,n0100_i01,100,medium,3,30.0,26.477873499970883,92444,446.04000065962015,0.2853757251347419,True,False,False,True,True,True
BRKGA-R-LS,n0100_i01,100,medium,3,60.0,26.477873499970883,92444,446.04000065962015,0.2853757251347419,True,False,False,True,True,True
BRKGA-R-LS,n0100_i01,100,medium,3,120.0,26.477873499970883,92444,446.04000065962015,0.2853757251347419,True,False,False,True,True,True
BRKGA-R-LS,n0100_i01,100,medium,3,150.0,26.477873499970883,92444,446.04000065962015,0.2853757251347419,True,False,False,True,True,True
BRKGA-R-LS,n0100_i01,100,medium,4,1.0,0.9876149999909103,4166,450.03601054027934,1.1838183573888594,True,False,False,False,True,True
BRKGA-R-LS,n0100_i01,100,medium,4,5.0,4.94874250004068,21107,448.78920028902246,0.9034918523212953,True,False,False,True,True,True
BRKGA-R-LS,n0100_i01,100,medium,4,15.0,13.85013080004137,45982,447.2613555166931,0.5599789682388192,True,False,False,True,True,True
BRKGA-R-LS,n0100_i01,100,medium,4,30.0,23.407465300057083,79306,446.2985290736256,0.3435019449711251,True,False,False,True,True,True
BRKGA-R-LS,n0100_i01,100,medium,4,60.0,23.407465300057083,79306,446.2985290736256,0.3435019449711251,True,False,False,True,True,True
BRKGA-R-LS,n0100_i01,100,medium,4,120.0,67.24131539999507,245619,446.1466700195122,0.30935872401223236,True,False,False,True,True,True
BRKGA-R-LS,n0100_i01,100,medium,4,150.0,67.24131539999507,245619,446.1466700195122,0.30935872401223236,True,False,False,True,True,True
BRKGA-R-LS,n0100_i01,100,medium,5,1.0,0.9915114000905305,4166,450.03601054027934,1.1838183573888594,True,False,False,False,True,True
BRKGA-R-LS,n0100_i01,100,medium,5,5.0,4.958470500074327,21107,448.78920028902246,0.9034918523212953,True,False,False,True,True,True
BRKGA-R-LS,n0100_i01,100,medium,5,15.0,11.008210200001486,46378,447.7245077784991,0.6641117781313782,True,False,False,True,True,True
BRKGA-R-LS,n0100_i01,100,medium,5,30.0,28.814829100039788,100256,446.89273685988945,0.4771006155301446,True,False,False,True,True,True
BRKGA-R-LS,n0100_i01,100,medium,5,60.0,36.735666800057516,130876,446.77222089859407,0.4500044168898657,True,False,False,True,True,True
BRKGA-R-LS,n0100_i01,100,medium,5,120.0,36.735666800057516,130876,446.77222089859407,0.4500044168898657,True,False,False,True,True,True
BRKGA-R-LS,n0100_i01,100,medium,5,150.0,36.735666800057516,130876,446.77222089859407,0.4500044168898657,True,False,False,True,True,True
GA,n0100_i01,100,medium,1,1.0,0.903129699989222,3636,448.5229723207338,0.8436345036779348,True,False,False,True,True,True
GA,n0100_i01,100,medium,1,5.0,4.959841699921526,19842,446.6486569108993,0.422222915424215,True,False,False,True,True,True
GA,n0100_i01,100,medium,1,15.0,13.538630199967884,54142,446.2788740140522,0.3390828008779783,True,False,False,True,True,True
GA,n0100_i01,100,medium,1,30.0,29.786279799998738,102786,446.2173337808888,0.32524640639345753,True,False,False,True,True,True
GA,n0100_i01,100,medium,1,60.0,59.77268739999272,221920,445.75928228796823,0.22226042755508946,True,False,False,True,True,True
GA,n0100_i01,100,medium,1,120.0,99.1128969999263,376025,445.691156618313,0.2069433968677152,True,False,False,True,True,True
GA,n0100_i01,100,medium,1,150.0,99.1128969999263,376025,445.691156618313,0.2069433968677152,True,False,False,True,True,True
GA,n0100_i01,100,medium,2,1.0,0.6366514000110328,1739,448.6983645134138,0.8830687963784988,True,False,False,True,True,True
GA,n0100_i01,100,medium,2,5.0,4.924093700014055,5929,447.9923558484286,0.7243333822260912,True,False,False,True,True,True
GA,n0100_i01,100,medium,2,15.0,14.967860199976712,46437,447.3504246495337,0.5800048211650682,True,False,False,True,True,True
GA,n0100_i01,100,medium,2,30.0,29.407727899961174,103529,446.95706995078007,0.4915649420075535,True,False,False,True,True,True
GA,n0100_i01,100,medium,2,60.0,57.07580610003788,212997,446.6392320695602,0.4201038818096373,True,False,False,True,True,True
GA,n0100_i01,100,medium,2,120.0,77.52125059999526,293616,446.6099603680786,0.4135225806329366,True,False,False,True,True,True
GA,n0100_i01,100,medium,2,150.0,77.52125059999526,293616,446.6099603680786,0.4135225806329366,True,False,False,True,True,True
GA,n0100_i01,100,medium,3,1.0,0.9853965999791399,3922,448.12910554985643,0.7550794928164211,True,False,False,True,True,True
GA,n0100_i01,100,medium,3,5.0,4.924440799979493,19411,446.99218081719397,0.4994590914675706,True,False,False,True,True,True
GA,n0100_i01,100,medium,3,15.0,14.751711799995974,42535,446.611427403927,0.4138524215464021,True,False,False,True,True,True
GA,n0100_i01,100,medium,3,30.0,29.245827700011432,99632,446.3417461745034,0.35321865915117334,True,False,False,True,True,True
GA,n0100_i01,100,medium,3,60.0,49.09106120001525,178038,446.16956269976913,0.314505798349792,True,False,False,True,True,True
GA,n0100_i01,100,medium,3,120.0,101.48977790004574,383280,446.05731633543525,0.28926889402650885,True,False,False,True,True,True
GA,n0100_i01,100,medium,3,150.0,101.48977790004574,383280,446.05731633543525,0.28926889402650885,True,False,False,True,True,True
GA,n0100_i01,100,medium,4,1.0,0.9998123999685049,3957,447.7996822520748,0.681013626208513,True,False,False,True,True,True
GA,n0100_i01,100,medium,4,5.0,4.939423999981955,19650,446.3214521576197,0.3486558551310381,True,False,False,True,True,True
GA,n0100_i01,100,medium,4,15.0,14.92132500000298,42770,445.7981159548142,0.2309915926180268,True,False,False,True,True,True
GA,n0100_i01,100,medium,4,30.0,29.00747660000343,98573,445.3920508943687,0.13969398008237244,True,False,False,True,True,True
GA,n0100_i01,100,medium,4,60.0,56.64033880003262,207807,445.32870591433414,0.1254518154476452,True,False,False,True,True,True
GA,n0100_i01,100,medium,4,120.0,96.15281260001939,364871,445.2519119277271,0.10818584425912736,True,False,False,True,True,True
GA,n0100_i01,100,medium,4,150.0,96.15281260001939,364871,445.2519119277271,0.10818584425912736,True,False,False,True,True,True
GA,n0100_i01,100,medium,5,1.0,0.9636230999603868,3825,447.7257991016899,0.664402112700431,True,False,False,True,True,True
GA,n0100_i01,100,medium,5,5.0,4.945901899947785,19263,446.65682512283985,0.4240594148463454,True,False,False,True,True,True
GA,n0100_i01,100,medium,5,15.0,13.833719599992037,44357,446.46755719625315,0.3815053723784179,True,False,False,True,True,True
GA,n0100_i01,100,medium,5,30.0,29.95881240000017,101768,445.8087012169571,0.23337152937163858,True,False,False,True,True,True
GA,n0100_i01,100,medium,5,60.0,57.352652200032026,209045,445.51504144744854,0.16734655341214721,True,False,False,True,True,True
GA,n0100_i01,100,medium,5,120.0,74.8284929000074,277534,445.48975220399296,0.1616606479373105,True,False,False,True,True,True
GA,n0100_i01,100,medium,5,150.0,74.8284929000074,277534,445.48975220399296,0.1616606479373105,True,False,False,True,True,True
HPSO,n0100_i01,100,medium,1,1.0,0.9972154999850318,2939,446.8433741149845,0.4660021458585983,True,False,False,True,True,True
HPSO,n0100_i01,100,medium,1,5.0,4.893143099965528,14728,446.0800940425465,0.29439011838403023,True,False,False,True,True,True
HPSO,n0100_i01,100,medium,1,15.0,14.320007000002079,43221,445.60119990134905,0.18671798402045925,True,False,False,True,True,True
HPSO,n0100_i01,100,medium,1,30.0,21.69444910006132,54621,445.54967113052857,0.1751325160473079,True,False,False,True,True,True
HPSO,n0100_i01,100,medium,1,60.0,21.69444910006132,54621,445.54967113052857,0.1751325160473079,True,False,False,True,True,True
HPSO,n0100_i01,100,medium,1,120.0,106.185507300077,307018,445.52387733895984,0.16933317052892252,True,False,False,True,True,True
HPSO,n0100_i01,100,medium,1,150.0,106.185507300077,307018,445.52387733895984,0.16933317052892252,True,False,False,True,True,True
HPSO,n0100_i01,100,medium,2,1.0,0.9879879000363871,2915,447.28447560791267,0.5651771725059874,True,False,False,True,True,True
HPSO,n0100_i01,100,medium,2,5.0,4.6026826000306755,13959,445.91946847691554,0.2582758793549316,True,False,False,True,True,True
HPSO,n0100_i01,100,medium,2,15.0,14.519094099989161,43859,445.71528743768306,0.2123688481355419,True,False,False,True,True,True
HPSO,n0100_i01,100,medium,2,30.0,22.868501399992965,56534,445.6952774031943,0.20786989327945715,True,False,False,True,True,True
HPSO,n0100_i01,100,medium,2,60.0,22.868501399992965,56534,445.6952774031943,0.20786989327945715,True,False,False,True,True,True
HPSO,n0100_i01,100,medium,2,120.0,22.868501399992965,56534,445.6952774031943,0.20786989327945715,True,False,False,True,True,True
HPSO,n0100_i01,100,medium,2,150.0,22.868501399992965,56534,445.6952774031943,0.20786989327945715,True,False,False,True,True,True
HPSO,n0100_i01,100,medium,3,1.0,0.9840823999838904,2877,446.56803381793014,0.40409602734561334,True,False,False,True,True,True
HPSO,n0100_i01,100,medium,3,5.0,4.930751499952748,14780,445.7453522251894,0.21912846275913794,True,False,False,True,True,True
HPSO,n0100_i01,100,medium,3,15.0,14.808770899893716,33587,445.40467220990695,0.14253169277411779,True,False,False,True,True,True
HPSO,n0100_i01,100,medium,3,30.0,17.345767099992372,41354,445.2542600391047,0.10871378173422952,True,False,False,True,True,True
HPSO,n0100_i01,100,medium,3,60.0,17.345767099992372,41354,445.2542600391047,0.10871378173422952,True,False,False,True,True,True
HPSO,n0100_i01,100,medium,3,120.0,17.345767099992372,41354,445.2542600391047,0.10871378173422952,True,False,False,True,True,True
HPSO,n0100_i01,100,medium,3,150.0,17.345767099992372,41354,445.2542600391047,0.10871378173422952,True,False,False,True,True,True
HPSO,n0100_i01,100,medium,4,1.0,0.9938382999971509,3044,447.34627776606345,0.5790724568787116,True,False,False,True,True,True
HPSO,n0100_i01,100,medium,4,5.0,4.906251100008376,14933,446.0104039230163,0.2787213447066128,True,False,False,True,True,True
HPSO,n0100_i01,100,medium,4,15.0,14.977423300035298,32755,445.6106959809985,0.18885303449609864,True,False,False,True,True,True
HPSO,n0100_i01,100,medium,4,30.0,18.597706100088544,43825,445.5650086880773,0.17858093484204493,True,False,False,True,True,True
HPSO,n0100_i01,100,medium,4,60.0,18.597706100088544,43825,445.5650086880773,0.17858093484204493,True,False,False,True,True,True
HPSO,n0100_i01,100,medium,4,120.0,18.597706100088544,43825,445.5650086880773,0.17858093484204493,True,False,False,True,True,True
HPSO,n0100_i01,100,medium,4,150.0,18.597706100088544,43825,445.5650086880773,0.17858093484204493,True,False,False,True,True,True
HPSO,n0100_i01,100,medium,5,1.0,0.8520521000027657,2568,447.57962742420773,0.6315376127116493,True,False,False,True,True,True
HPSO,n0100_i01,100,medium,5,5.0,4.930153500055894,14833,446.49905251487723,0.3885866203766421,True,False,False,True,True,True
HPSO,n0100_i01,100,medium,5,15.0,10.32725880004,30916,446.28611458971903,0.3407107352563818,True,False,False,True,True,True
HPSO,n0100_i01,100,medium,5,30.0,29.74029900005553,77031,445.8093449228976,0.2335162569566155,True,False,False,True,True,True
HPSO,n0100_i01,100,medium,5,60.0,34.38029000000097,91101,445.7979604205642,0.23095662308463355,True,False,False,True,True,True
HPSO,n0100_i01,100,medium,5,120.0,34.38029000000097,91101,445.7979604205642,0.23095662308463355,True,False,False,True,True,True
HPSO,n0100_i01,100,medium,5,150.0,34.38029000000097,91101,445.7979604205642,0.23095662308463355,True,False,False,True,True,True
TS,n0100_i01,100,medium,1,1.0,0.9808466000249609,4213,446.65536296598134,0.4237306709002694,True,False,False,True,True,True
TS,n0100_i01,100,medium,1,5.0,4.52499980002176,18815,445.7302533564204,0.21573370954130605,True,False,False,True,True,True
TS,n0100_i01,100,medium,1,15.0,12.265093500027433,50875,445.35368329205136,0.13106760260865274,True,False,False,True,True,True
TS,n0100_i01,100,medium,1,30.0,12.265093500027433,50875,445.35368329205136,0.13106760260865274,True,False,False,True,True,True
TS,n0100_i01,100,medium,1,60.0,12.265093500027433,50875,445.35368329205136,0.13106760260865274,True,False,False,True,True,True
TS,n0100_i01,100,medium,1,120.0,12.265093500027433,50875,445.35368329205136,0.13106760260865274,True,False,False,True,True,True
TS,n0100_i01,100,medium,1,150.0,12.265093500027433,50875,445.35368329205136,0.13106760260865274,True,False,False,True,True,True
TS,n0100_i01,100,medium,2,1.0,0.9944251000415534,4068,446.7369691057272,0.44207858223958874,True,False,False,True,True,True
TS,n0100_i01,100,medium,2,5.0,4.860124800004996,19992,445.7224083745854,0.21396988353979454,True,False,False,True,True,True
TS,n0100_i01,100,medium,2,15.0,13.979009100003168,57167,445.37853375544296,0.13665485499517635,True,False,False,True,True,True
TS,n0100_i01,100,medium,2,30.0,13.979009100003168,57167,445.37853375544296,0.13665485499517635,True,False,False,True,True,True
TS,n0100_i01,100,medium,2,60.0,13.979009100003168,57167,445.37853375544296,0.13665485499517635,True,False,False,True,True,True
TS,n0100_i01,100,medium,2,120.0,13.979009100003168,57167,445.37853375544296,0.13665485499517635,True,False,False,True,True,True
TS,n0100_i01,100,medium,2,150.0,13.979009100003168,57167,445.37853375544296,0.13665485499517635,True,False,False,True,True,True
TS,n0100_i01,100,medium,3,1.0,0.9821511999471113,4083,447.7135538402073,0.6616489500988206,True,False,False,True,True,True
TS,n0100_i01,100,medium,3,5.0,4.971405299962498,20382,446.3834779198136,0.36260141350483827,True,False,False,True,True,True
TS,n0100_i01,100,medium,3,15.0,14.63731519994326,43109,446.05493620842384,0.28873375831836734,True,False,False,True,True,True
TS,n0100_i01,100,medium,3,30.0,20.02010620001238,64887,445.77107377825695,0.22491156653862082,True,False,False,True,True,True
TS,n0100_i01,100,medium,3,60.0,49.422045700019225,184256,445.1836044398455,0.09282793448216317,True,False,True,True,True,True
TS,n0100_i01,100,medium,3,120.0,79.42669500003103,304731,444.77073295526196,0.0,True,True,True,True,True,True
TS,n0100_i01,100,medium,3,150.0,79.42669500003103,304731,444.77073295526196,0.0,True,True,True,True,True,True
TS,n0100_i01,100,medium,4,1.0,0.9867372000589967,4090,447.3659814048004,0.5835025232650514,True,False,False,True,True,True
TS,n0100_i01,100,medium,4,5.0,4.959058300009929,20406,445.8334164216611,0.23892837087957772,True,False,False,True,True,True
TS,n0100_i01,100,medium,4,15.0,14.982398999971338,44456,445.390609279343,0.13936985465798865,True,False,False,True,True,True
TS,n0100_i01,100,medium,4,30.0,16.26145049999468,49715,445.27004474651943,0.11226273544120384,True,False,False,True,True,True
TS,n0100_i01,100,medium,4,60.0,16.26145049999468,49715,445.27004474651943,0.11226273544120384,True,False,False,True,True,True
TS,n0100_i01,100,medium,4,120.0,16.26145049999468,49715,445.27004474651943,0.11226273544120384,True,False,False,True,True,True
TS,n0100_i01,100,medium,4,150.0,16.26145049999468,49715,445.27004474651943,0.11226273544120384,True,False,False,True,True,True
TS,n0100_i01,100,medium,5,1.0,0.9867893999908119,4105,447.6484742966023,0.647016794971933,True,False,False,True,True,True
TS,n0100_i01,100,medium,5,5.0,4.945449999999255,20203,445.45008298001954,0.1527416204397414,True,False,False,True,True,True
TS,n0100_i01,100,medium,5,15.0,13.275858200038783,45339,445.15261132487973,0.08585959941212634,True,False,True,True,True,True
TS,n0100_i01,100,medium,5,30.0,15.637268100050278,46318,445.13104640225043,0.08101105137794971,True,False,True,True,True,True
TS,n0100_i01,100,medium,5,60.0,15.637268100050278,46318,445.13104640225043,0.08101105137794971,True,False,True,True,True,True
TS,n0100_i01,100,medium,5,120.0,15.637268100050278,46318,445.13104640225043,0.08101105137794971,True,False,True,True,True,True
TS,n0100_i01,100,medium,5,150.0,15.637268100050278,46318,445.13104640225043,0.08101105137794971,True,False,True,True,True,True
2PGA,n0100_i02,100,high,1,1.0,0.8612399999983609,7323,769.6594341855892,1.5549187451422344,True,False,False,False,True,True
2PGA,n0100_i02,100,high,1,5.0,4.984232500006328,42657,765.075481542691,0.9500759828707633,True,False,False,True,True,True
2PGA,n0100_i02,100,high,1,15.0,14.797461499998462,126913,763.4554969353379,0.7363224733822339,True,False,False,True,True,True
2PGA,n0100_i02,100,high,1,30.0,25.87750600000436,219957,762.3914451321206,0.5959231102136356,True,False,False,True,True,True
2PGA,n0100_i02,100,high,1,60.0,35.53111490000447,300239,762.2199602957203,0.5732960522537961,True,False,False,True,True,True
2PGA,n0100_i02,100,high,1,120.0,106.65462560000014,891526,761.180998267079,0.4362072312616852,True,False,False,True,True,True
2PGA,n0100_i02,100,high,1,150.0,149.21777719999955,1248843,761.1550691990928,0.4327859461120355,True,False,False,True,True,True
2PGA,n0100_i02,100,high,2,1.0,0.9209273000014946,7555,769.8567894843862,1.5809593553693533,True,False,False,False,True,True
2PGA,n0100_i02,100,high,2,5.0,4.863967199999024,40468,764.952145292129,0.933802027991731,True,False,False,True,True,True
2PGA,n0100_i02,100,high,2,15.0,13.451291700010188,111522,763.2869967992873,0.7140892402597507,True,False,False,True,True,True
2PGA,n0100_i02,100,high,2,30.0,29.52739719999954,243948,762.2862547255814,0.5820434607032612,True,False,False,True,True,True
2PGA,n0100_i02,100,high,2,60.0,54.548735100004706,451437,761.716513238521,0.5068672881596391,True,False,False,True,True,True
2PGA,n0100_i02,100,high,2,120.0,73.05456119999872,603420,761.5051960635143,0.4789844381820189,True,False,False,True,True,True
2PGA,n0100_i02,100,high,2,150.0,73.05456119999872,603420,761.5051960635143,0.4789844381820189,True,False,False,True,True,True
2PGA,n0100_i02,100,high,3,1.0,0.9105079000000842,7475,768.942742940592,1.4603528658477547,True,False,False,False,True,True
2PGA,n0100_i02,100,high,3,5.0,4.893901600007666,40145,764.8600876077477,0.9216552131253588,True,False,False,True,True,True
2PGA,n0100_i02,100,high,3,15.0,14.984516099997563,123566,763.0975132467594,0.6890872901428456,True,False,False,True,True,True
2PGA,n0100_i02,100,high,3,30.0,29.94773700000951,247401,761.2507879072525,0.4454158252479039,True,False,False,True,True,True
2PGA,n0100_i02,100,high,3,60.0,58.8425314000051,485681,760.6046438262525,0.36015849359050284,True,False,False,True,True,True
2PGA,n0100_i02,100,high,3,120.0,115.10585659999924,951439,760.1672333837938,0.30244311979121286,True,False,False,True,True,True
2PGA,n0100_i02,100,high,3,150.0,143.73224320000736,1188143,760.1382977019936,0.2986251183693645,True,False,False,True,True,True
2PGA,n0100_i02,100,high,4,1.0,0.9031195999996271,7536,768.8702609110969,1.4507890168401179,True,False,False,False,True,True
2PGA,n0100_i02,100,high,4,5.0,3.2680127000057837,27441,764.6714747876824,0.8967681542974659,True,False,False,True,True,True
2PGA,n0100_i02,100,high,4,15.0,14.795864100000472,123286,762.7201134092963,0.6392901875210304,True,False,False,True,True,True
2PGA,n0100_i02,100,high,4,30.0,26.85794450000685,222390,761.9920880365609,0.5432287942753441,True,False,False,True,True,True
2PGA,n0100_i02,100,high,4,60.0,58.96691760000249,489119,760.6192641245364,0.3620876107276367,True,False,False,True,True,True
2PGA,n0100_i02,100,high,4,120.0,116.99628500000108,964463,760.4645379754197,0.34167182576695976,True,False,False,True,True,True
2PGA,n0100_i02,100,high,4,150.0,144.6780534999998,1191476,760.4427530302937,0.3387973487789925,True,False,False,True,True,True
2PGA,n0100_i02,100,high,5,1.0,0.9099268999998458,7580,767.9682514502371,1.3317707947067112,True,False,False,False,True,True
2PGA,n0100_i02,100,high,5,5.0,4.692418399994494,39572,765.1312170267064,0.95743016096434,True,False,False,True,True,True
2PGA,n0100_i02,100,high,5,15.0,14.38283990000491,121058,763.2573112912811,0.7101723008712698,True,False,False,True,True,True
2PGA,n0100_i02,100,high,5,30.0,29.93234919999668,249819,761.5829720845135,0.48924681806338827,True,False,False,True,True,True
2PGA,n0100_i02,100,high,5,60.0,58.949318500002846,487566,760.1150171363734,0.2955532974510602,True,False,False,True,True,True
2PGA,n0100_i02,100,high,5,120.0,74.19685039999604,613391,760.043773831848,0.28615289555789136,True,False,False,True,True,True
2PGA,n0100_i02,100,high,5,150.0,140.8238498999999,1167208,759.8623248843065,0.26221109441118273,True,False,False,True,True,True
ACO,n0100_i02,100,high,1,1.0,0.8345321999986481,506,772.6528776369508,1.9498972160978723,True,False,False,False,True,True
ACO,n0100_i02,100,high,1,5.0,4.139907500000845,2494,771.7697154015732,1.8333658451188881,True,False,False,False,True,True
ACO,n0100_i02,100,high,1,15.0,11.666962999999669,6925,768.5780806220879,1.4122364516518,True,False,False,False,True,True
ACO,n0100_i02,100,high,1,30.0,20.28463710000142,12069,767.8820715459179,1.3203995403676365,True,False,False,False,True,True
ACO,n0100_i02,100,high,1,60.0,43.130632700002025,25518,767.1220731094227,1.2201193696368233,True,False,False,False,True,True
ACO,n0100_i02,100,high,1,120.0,43.130632700002025,25518,767.1220731094227,1.2201193696368233,True,False,False,False,True,True
ACO,n0100_i02,100,high,1,150.0,43.130632700002025,25518,767.1220731094227,1.2201193696368233,True,False,False,False,True,True
ACO,n0100_i02,100,high,2,1.0,0.16774049999730778,112,770.7547669053159,1.6994455584443324,True,False,False,False,True,True
ACO,n0100_i02,100,high,2,5.0,0.16774049999730778,112,770.7547669053159,1.6994455584443324,True,False,False,False,True,True
ACO,n0100_i02,100,high,2,15.0,11.659725299999991,6932,770.2544799912572,1.6334337684891382,True,False,False,False,True,True
ACO,n0100_i02,100,high,2,30.0,28.064820699997654,16645,768.9290009075494,1.458539633933679,True,False,False,False,True,True
ACO,n0100_i02,100,high,2,60.0,55.130476199999976,32804,767.778494457964,1.3067327647993645,True,False,False,False,True,True
ACO,n0100_i02,100,high,2,120.0,95.98217400000067,57206,767.7720857651902,1.305887151473526,True,False,False,False,True,True
ACO,n0100_i02,100,high,2,150.0,95.98217400000067,57206,767.7720857651902,1.305887151473526,True,False,False,False,True,True
ACO,n0100_i02,100,high,3,1.0,0.2989556000029552,191,773.169223027011,2.0180278876688242,True,False,False,False,True,True
ACO,n0100_i02,100,high,3,5.0,4.03969920000236,2461,770.3737415872429,1.6491700813981813,True,False,False,False,True,True
ACO,n0100_i02,100,high,3,15.0,13.773031500000798,8239,769.6710183500755,1.5564472509083993,True,False,False,False,True,True
ACO,n0100_i02,100,high,3,30.0,23.177610300001106,13841,769.2315199103564,1.4984563703294789,True,False,False,False,True,True
ACO,n0100_i02,100,high,3,60.0,35.95155530000193,21452,769.0462082305432,1.47400488990832,True,False,False,False,True,True
ACO,n0100_i02,100,high,3,120.0,62.659776300002704,37411,768.0046787363692,1.3365772973219507,True,False,False,False,True,True
ACO,n0100_i02,100,high,3,150.0,122.38450070000181,72901,767.9827136294747,1.3336790483733592,True,False,False,False,True,True
ACO,n0100_i02,100,high,4,1.0,0.6172028000000864,381,772.551162011944,1.9364760565903438,True,False,False,False,True,True
ACO,n0100_i02,100,high,4,5.0,2.3790466000027664,1394,771.9756943050226,1.860544321564315,True,False,False,False,True,True
ACO,n0100_i02,100,high,4,15.0,9.137510200001998,5500,770.0054216252059,1.600571048948908,True,False,False,False,True,True
ACO,n0100_i02,100,high,4,30.0,21.939958300001308,13091,769.1424102217379,1.4866985372086146,True,False,False,False,True,True
ACO,n0100_i02,100,high,4,60.0,56.49933360000068,33489,768.2047431087308,1.3629753640207312,True,False,False,False,True,True
ACO,n0100_i02,100,high,4,120.0,56.49933360000068,33489,768.2047431087308,1.3629753640207312,True,False,False,False,True,True
ACO,n0100_i02,100,high,4,150.0,148.99215340000228,88125,767.9561643082119,1.3301759221283929,True,False,False,False,True,True
ACO,n0100_i02,100,high,5,1.0,0.42393649999939953,268,772.2971392067034,1.902958289900555,True,False,False,False,True,True
ACO,n0100_i02,100,high,5,5.0,2.622485699997924,1587,770.8310597125223,1.709512231433126,True,False,False,False,True,True
ACO,n0100_i02,100,high,5,15.0,13.789047399997798,8221,769.7842788114738,1.571391726923957,True,False,False,False,True,True
ACO,n0100_i02,100,high,5,30.0,21.847808599999553,13015,769.7608894586064,1.568305551760698,True,False,False,False,True,True
ACO,n0100_i02,100,high,5,60.0,50.15055219999704,29782,769.489831714405,1.532540061252889,True,False,False,False,True,True
ACO,n0100_i02,100,high,5,120.0,97.59373889999915,58034,766.4285824534583,1.1286147585207347,True,False,False,False,True,True
ACO,n0100_i02,100,high,5,150.0,97.59373889999915,58034,766.4285824534583,1.1286147585207347,True,False,False,False,True,True
BRKGA-R-LS,n0100_i02,100,high,1,1.0,0.9765844000503421,5397,771.9591901476186,1.8583666332392377,True,False,False,False,True,True
BRKGA-R-LS,n0100_i02,100,high,1,5.0,4.964286700007506,27243,766.1475922359828,1.0915386993750427,True,False,False,False,True,True
BRKGA-R-LS,n0100_i02,100,high,1,15.0,13.743638799991459,52283,763.8394628061014,0.7869859500763872,True,False,False,True,True,True
BRKGA-R-LS,n0100_i02,100,high,1,30.0,16.575252100010403,66895,762.9617206303701,0.6711697443932836,True,False,False,True,True,True
BRKGA-R-LS,n0100_i02,100,high,1,60.0,16.575252100010403,66895,762.9617206303701,0.6711697443932836,True,False,False,True,True,True
BRKGA-R-LS,n0100_i02,100,high,1,120.0,118.39902340003755,569107,762.1631525210321,0.5658003876958002,True,False,False,True,True,True
BRKGA-R-LS,n0100_i02,100,high,1,150.0,127.59559140005149,614893,761.6083327291697,0.4925931009685136,True,False,False,True,True,True
BRKGA-R-LS,n0100_i02,100,high,2,1.0,0.9758621999062598,5397,771.9591901476186,1.8583666332392377,True,False,False,False,True,True
BRKGA-R-LS,n0100_i02,100,high,2,5.0,4.941775799961761,27240,766.3353571341003,1.1163138767126537,True,False,False,False,True,True
BRKGA-R-LS,n0100_i02,100,high,2,15.0,13.824020499945618,51559,763.0841879287007,0.6873290428810053,True,False,False,True,True,True
BRKGA-R-LS,n0100_i02,100,high,2,30.0,17.645035499939695,70547,762.6821690591427,0.6342835115478168,True,False,False,True,True,True
BRKGA-R-LS,n0100_i02,100,high,2,60.0,54.27986150002107,251868,760.3698673739597,0.32918024207189,True,False,False,True,True,True
BRKGA-R-LS,n0100_i02,100,high,2,120.0,96.47006779990625,460128,760.3401396540614,0.3252577329143976,True,False,False,True,True,True
BRKGA-R-LS,n0100_i02,100,high,2,150.0,96.47006779990625,460128,760.3401396540614,0.3252577329143976,True,False,False,True,True,True
BRKGA-R-LS,n0100_i02,100,high,3,1.0,0.9632877999683842,5397,771.9591901476186,1.8583666332392377,True,False,False,False,True,True
BRKGA-R-LS,n0100_i02,100,high,3,5.0,4.967436200007796,27383,766.1417834509058,1.0907722425887065,True,False,False,False,True,True
BRKGA-R-LS,n0100_i02,100,high,3,15.0,14.873922499944456,58011,763.0718631919889,0.6857028201911683,True,False,False,True,True,True
BRKGA-R-LS,n0100_i02,100,high,3,30.0,27.476391899981536,120086,762.7236679745026,0.6397592048092817,True,False,False,True,True,True
BRKGA-R-LS,n0100_i02,100,high,3,60.0,45.48707979999017,209120,762.3119647275272,0.5854358405566976,True,False,False,True,True,True
BRKGA-R-LS,n0100_i02,100,high,3,120.0,109.48946459998842,525034,761.7533452675002,0.511727195729229,True,False,False,True,True,True
BRKGA-R-LS,n0100_i02,100,high,3,150.0,127.76817930000834,615489,761.4647246659231,0.47364432369589404,True,False,False,True,True,True
BRKGA-R-LS,n0100_i02,100,high,4,1.0,0.9769505999283865,5397,771.9591901476186,1.8583666332392377,True,False,False,False,True,True
BRKGA-R-LS,n0100_i02,100,high,4,5.0,4.9021660999860615,26896,766.6944947655634,1.1637013202514341,True,False,False,False,True,True
BRKGA-R-LS,n0100_i02,100,high,4,15.0,11.47247709997464,47574,765.2096614206649,0.9677807312303961,True,False,False,True,True,True
BRKGA-R-LS,n0100_i02,100,high,4,30.0,28.73975009995047,132830,762.703279512461,0.6370689907821284,True,False,False,True,True,True
BRKGA-R-LS,n0100_i02,100,high,4,60.0,39.120627199998125,184388,762.2157899895327,0.5727457892579689,True,False,False,True,True,True
BRKGA-R-LS,n0100_i02,100,high,4,120.0,103.6543177999556,503558,761.875668758905,0.5278675192001974,True,False,False,True,True,True
BRKGA-R-LS,n0100_i02,100,high,4,150.0,143.67749989998993,701723,761.6406366612556,0.49685553582271297,True,False,False,True,True,True
BRKGA-R-LS,n0100_i02,100,high,5,1.0,0.9604680000338703,5397,771.9591901476186,1.8583666332392377,True,False,False,False,True,True
BRKGA-R-LS,n0100_i02,100,high,5,5.0,4.986757500097156,27515,765.9659147189626,1.0675667389737213,True,False,False,False,True,True
BRKGA-R-LS,n0100_i02,100,high,5,15.0,7.57621269999072,41491,763.8675554246624,0.7906927111041655,True,False,False,True,True,True
BRKGA-R-LS,n0100_i02,100,high,5,30.0,18.918434499995783,79800,763.0455149765119,0.6822262294251771,True,False,False,True,True,True
BRKGA-R-LS,n0100_i02,100,high,5,60.0,48.31282970006578,225209,762.5094058461887,0.6114877745316659,True,False,False,True,True,True
BRKGA-R-LS,n0100_i02,100,high,5,120.0,89.98676890006755,431352,761.840946736622,0.523286022508281,True,False,False,True,True,True
BRKGA-R-LS,n0100_i02,100,high,5,150.0,130.4552616000874,632368,761.4090557391066,0.466298927682583,True,False,False,True,True,True
GA,n0100_i02,100,high,1,1.0,0.9969114999985322,5123,764.6770010658054,0.897497334894508,True,False,False,True,True,True
GA,n0100_i02,100,high,1,5.0,4.8868156999815255,25158,762.2646768839429,0.5791963105781992,True,False,False,True,True,True
GA,n0100_i02,100,high,1,15.0,14.984505099942908,62918,760.3874331284743,0.3314980058687029,True,False,False,True,True,True
GA,n0100_i02,100,high,1,30.0,29.670148400007747,138398,759.6355295939488,0.23228594016626855,True,False,False,True,True,True
GA,n0100_i02,100,high,1,60.0,55.83076089993119,272048,759.3829696150092,0.1989611902830551,True,False,False,True,True,True
GA,n0100_i02,100,high,1,120.0,98.38072389992885,489681,759.1482273380511,0.1679874481268887,True,False,False,True,True,True
GA,n0100_i02,100,high,1,150.0,98.38072389992885,489681,759.1482273380511,0.1679874481268887,True,False,False,True,True,True
GA,n0100_i02,100,high,2,1.0,0.9544225001009181,4962,766.0568500642933,1.0795654635990974,True,False,False,False,True,True
GA,n0100_i02,100,high,2,5.0,4.879444700083695,25328,761.896722195647,0.5306454752190234,True,False,False,True,True,True
GA,n0100_i02,100,high,2,15.0,14.694459300022572,54959,760.0215957534483,0.28322654547399817,True,False,False,True,True,True
GA,n0100_i02,100,high,2,30.0,29.461556900059804,131315,758.7872935569594,0.12036300648026338,True,False,False,True,True,True
GA,n0100_i02,100,high,2,60.0,59.63276410009712,286415,758.3123240658779,0.057691796421950714,True,False,True,True,True,True
GA,n0100_i02,100,high,2,120.0,100.73666640010197,497149,757.8750923104894,0.0,True,True,True,True,True,True
GA,n0100_i02,100,high,2,150.0,100.73666640010197,497149,757.8750923104894,0.0,True,True,True,True,True,True
GA,n0100_i02,100,high,3,1.0,0.9823279000120237,5109,767.0541844859549,1.2111616107453438,True,False,False,False,True,True
GA,n0100_i02,100,high,3,5.0,4.984515200019814,25968,761.6770149097636,0.5016555680281591,True,False,False,True,True,True
GA,n0100_i02,100,high,3,15.0,14.177577499998733,55808,759.9486748673474,0.2736047902743979,True,False,False,True,True,True
GA,n0100_i02,100,high,3,30.0,28.933827999979258,131631,759.4859704164962,0.21255192608267467,True,False,False,True,True,True
GA,n0100_i02,100,high,3,60.0,59.14119280001614,286568,758.9195901121874,0.13781925442537743,True,False,False,True,True,True
GA,n0100_i02,100,high,3,120.0,65.016541399993,316758,758.8996236188568,0.1351847182685418,True,False,False,True,True,True
GA,n0100_i02,100,high,3,150.0,65.016541399993,316758,758.8996236188568,0.1351847182685418,True,False,False,True,True,True
GA,n0100_i02,100,high,4,1.0,0.9924603999825194,5143,766.4848044850075,1.1360331355223963,True,False,False,False,True,True
GA,n0100_i02,100,high,4,5.0,4.723371100029908,24464,762.8560275485986,0.6572237679594513,True,False,False,True,True,True
GA,n0100_i02,100,high,4,15.0,14.088403600035235,53057,761.8231971620787,0.5209440040512378,True,False,False,True,True,True
GA,n0100_i02,100,high,4,30.0,29.55499430000782,132575,760.9113758102735,0.40063112386073235,True,False,False,True,True,True
GA,n0100_i02,100,high,4,60.0,58.647631200030446,282608,759.9337280376444,0.2716325880138027,True,False,False,True,True,True
GA,n0100_i02,100,high,4,120.0,75.0945632000221,367311,759.9294871073361,0.2710730063160553,True,False,False,True,True,True
GA,n0100_i02,100,high,4,150.0,75.0945632000221,367311,759.9294871073361,0.2710730063160553,True,False,False,True,True,True
GA,n0100_i02,100,high,5,1.0,0.975225800066255,5042,768.0188982632073,1.338453533522666,True,False,False,False,True,True
GA,n0100_i02,100,high,5,5.0,4.955352600081824,25514,763.4874986443863,0.7405450305520173,True,False,False,True,True,True
GA,n0100_i02,100,high,5,15.0,14.967968600103632,56148,760.818909762902,0.3884304263698504,True,False,False,True,True,True
GA,n0100_i02,100,high,5,30.0,28.12133090000134,123459,759.7246681076451,0.2440475766945976,True,False,False,True,True,True
GA,n0100_i02,100,high,5,60.0,44.39618070004508,207361,759.205072248264,0.175488012638056,True,False,False,True,True,True
GA,n0100_i02,100,high,5,120.0,64.62537250004243,311872,759.0810590453274,0.1591247353388252,True,False,False,True,True,True
GA,n0100_i02,100,high,5,150.0,64.62537250004243,311872,759.0810590453274,0.1591247353388252,True,False,False,True,True,True
HPSO,n0100_i02,100,high,1,1.0,0.9988090000115335,3630,763.3684886857143,0.724841920649147,True,False,False,True,True,True
HPSO,n0100_i02,100,high,1,5.0,4.818708500009961,17936,761.030495414478,0.41634870125746454,True,False,False,True,True,True
HPSO,n0100_i02,100,high,1,15.0,14.560089700040407,38935,760.4095625485576,0.3344179355916616,True,False,False,True,True,True
HPSO,n0100_i02,100,high,1,30.0,19.71680809999816,58232,760.2819439454578,0.3175789334401689,True,False,False,True,True,True
HPSO,n0100_i02,100,high,1,60.0,19.71680809999816,58232,760.2819439454578,0.3175789334401689,True,False,False,True,True,True
HPSO,n0100_i02,100,high,1,120.0,19.71680809999816,58232,760.2819439454578,0.3175789334401689,True,False,False,True,True,True
HPSO,n0100_i02,100,high,1,150.0,19.71680809999816,58232,760.2819439454578,0.3175789334401689,True,False,False,True,True,True
HPSO,n0100_i02,100,high,2,1.0,0.998857400030829,3572,763.0600298801943,0.684141439969724,True,False,False,True,True,True
HPSO,n0100_i02,100,high,2,5.0,4.858993100002408,18075,759.6090095679133,0.22878667936397837,True,False,False,True,True,True
HPSO,n0100_i02,100,high,2,15.0,14.968534599989653,46119,758.9846447221637,0.14640307128865135,True,False,False,True,True,True
HPSO,n0100_i02,100,high,2,30.0,14.968534599989653,46119,758.9846447221637,0.14640307128865135,True,False,False,True,True,True
HPSO,n0100_i02,100,high,2,60.0,14.968534599989653,46119,758.9846447221637,0.14640307128865135,True,False,False,True,True,True
HPSO,n0100_i02,100,high,2,120.0,14.968534599989653,46119,758.9846447221637,0.14640307128865135,True,False,False,True,True,True
HPSO,n0100_i02,100,high,2,150.0,14.968534599989653,46119,758.9846447221637,0.14640307128865135,True,False,False,True,True,True
HPSO,n0100_i02,100,high,3,1.0,0.992614500108175,3588,762.9458248224055,0.6690723264775998,True,False,False,True,True,True
HPSO,n0100_i02,100,high,3,5.0,4.544688199996017,16846,760.2985775623085,0.31977370366279806,True,False,False,True,True,True
HPSO,n0100_i02,100,high,3,15.0,14.774602400022559,40907,759.9408162147784,0.27256785784993465,True,False,False,True,True,True
HPSO,n0100_i02,100,high,3,30.0,15.458594000083394,43420,759.9108749712186,0.2686171747012837,True,False,False,True,True,True
HPSO,n0100_i02,100,high,3,60.0,15.458594000083394,43420,759.9108749712186,0.2686171747012837,True,False,False,True,True,True
HPSO,n0100_i02,100,high,3,120.0,15.458594000083394,43420,759.9108749712186,0.2686171747012837,True,False,False,True,True,True
HPSO,n0100_i02,100,high,3,150.0,15.458594000083394,43420,759.9108749712186,0.2686171747012837,True,False,False,True,True,True
HPSO,n0100_i02,100,high,4,1.0,0.9899885000195354,3587,763.9838806276166,0.8060415732233208,True,False,False,True,True,True
HPSO,n0100_i02,100,high,4,5.0,4.8319678999250755,17926,760.2861844255348,0.3181384557308487,True,False,False,True,True,True
HPSO,n0100_i02,100,high,4,15.0,14.125863099936396,39035,758.9561025282039,0.1426369897470677,True,False,False,True,True,True
HPSO,n0100_i02,100,high,4,30.0,24.389983500004746,77184,758.909938917486,0.1365457998945019,True,False,False,True,True,True
HPSO,n0100_i02,100,high,4,60.0,24.389983500004746,77184,758.909938917486,0.1365457998945019,True,False,False,True,True,True
HPSO,n0100_i02,100,high,4,120.0,24.389983500004746,77184,758.909938917486,0.1365457998945019,True,False,False,True,True,True
HPSO,n0100_i02,100,high,4,150.0,24.389983500004746,77184,758.909938917486,0.1365457998945019,True,False,False,True,True,True
HPSO,n0100_i02,100,high,5,1.0,0.9988602999364957,3668,764.1017984737745,0.8216005812121409,True,False,False,True,True,True
HPSO,n0100_i02,100,high,5,5.0,4.694844000041485,17446,760.1730651493151,0.3032126087981037,True,False,False,True,True,True
HPSO,n0100_i02,100,high,5,15.0,14.608645800035447,40837,759.3032843589622,0.1884468909142656,True,False,False,True,True,True
HPSO,n0100_i02,100,high,5,30.0,29.87397219997365,97303,758.4321521544292,0.07350285681529749,True,False,True,True,True,True
HPSO,n0100_i02,100,high,5,60.0,30.2447877000086,98706,758.4128391436071,0.07095454627995451,True,False,True,True,True,True
HPSO,n0100_i02,100,high,5,120.0,30.2447877000086,98706,758.4128391436071,0.07095454627995451,True,False,True,True,True,True
HPSO,n0100_i02,100,high,5,150.0,30.2447877000086,98706,758.4128391436071,0.07095454627995451,True,False,True,True,True,True
TS,n0100_i02,100,high,1,1.0,0.9985308999894187,5408,763.3251497872133,0.7191234455414752,True,False,False,True,True,True
TS,n0100_i02,100,high,1,5.0,4.856488800025545,26160,760.1938469606142,0.3059547244197901,True,False,False,True,True,True
TS,n0100_i02,100,high,1,15.0,5.522963900002651,29737,759.9454476824909,0.27317897012417985,True,False,False,True,True,True
TS,n0100_i02,100,high,1,30.0,5.522963900002651,29737,759.9454476824909,0.27317897012417985,True,False,False,True,True,True
TS,n0100_i02,100,high,1,60.0,5.522963900002651,29737,759.9454476824909,0.27317897012417985,True,False,False,True,True,True
TS,n0100_i02,100,high,1,120.0,5.522963900002651,29737,759.9454476824909,0.27317897012417985,True,False,False,True,True,True
TS,n0100_i02,100,high,1,150.0,5.522963900002651,29737,759.9454476824909,0.27317897012417985,True,False,False,True,True,True
TS,n0100_i02,100,high,2,1.0,0.9947534999810159,5404,763.3084416845415,0.7169188470738337,True,False,False,True,True,True
TS,n0100_i02,100,high,2,5.0,4.257503699976951,22858,760.032674618022,0.2846883779957608,True,False,False,True,True,True
TS,n0100_i02,100,high,2,15.0,8.81339379993733,34320,759.5159332041663,0.2165054519306834,True,False,False,True,True,True
TS,n0100_i02,100,high,2,30.0,8.81339379993733,34320,759.5159332041663,0.2165054519306834,True,False,False,True,True,True
TS,n0100_i02,100,high,2,60.0,8.81339379993733,34320,759.5159332041663,0.2165054519306834,True,False,False,True,True,True
TS,n0100_i02,100,high,2,120.0,8.81339379993733,34320,759.5159332041663,0.2165054519306834,True,False,False,True,True,True
TS,n0100_i02,100,high,2,150.0,8.81339379993733,34320,759.5159332041663,0.2165054519306834,True,False,False,True,True,True
TS,n0100_i02,100,high,3,1.0,0.982665800023824,5284,763.9549436858106,0.8022234055464013,True,False,False,True,True,True
TS,n0100_i02,100,high,3,5.0,4.970534300082363,26891,759.7366717157843,0.24563142715504013,True,False,False,True,True,True
TS,n0100_i02,100,high,3,15.0,12.049206900061108,44543,758.844598840485,0.12792431626692968,True,False,False,True,True,True
TS,n0100_i02,100,high,3,30.0,12.049206900061108,44543,758.844598840485,0.12792431626692968,True,False,False,True,True,True
TS,n0100_i02,100,high,3,60.0,12.049206900061108,44543,758.844598840485,0.12792431626692968,True,False,False,True,True,True
TS,n0100_i02,100,high,3,120.0,12.049206900061108,44543,758.844598840485,0.12792431626692968,True,False,False,True,True,True
TS,n0100_i02,100,high,3,150.0,12.049206900061108,44543,758.844598840485,0.12792431626692968,True,False,False,True,True,True
TS,n0100_i02,100,high,4,1.0,0.9842207999899983,5316,763.3442967640977,0.7216498482533144,True,False,False,True,True,True
TS,n0100_i02,100,high,4,5.0,4.7369306000182405,25552,760.5971304670989,0.3591671218948358,True,False,False,True,True,True
TS,n0100_i02,100,high,4,15.0,12.496127199963666,47173,759.3887511571023,0.19972405241585142,True,False,False,True,True,True
TS,n0100_i02,100,high,4,30.0,29.925628099939786,140350,759.0203009805541,0.15110783843988662,True,False,False,True,True,True
TS,n0100_i02,100,high,4,60.0,31.355953700025566,147979,758.6098320018796,0.09694733325384453,True,False,True,True,True,True
TS,n0100_i02,100,high,4,120.0,31.355953700025566,147979,758.6098320018796,0.09694733325384453,True,False,True,True,True,True
TS,n0100_i02,100,high,4,150.0,31.355953700025566,147979,758.6098320018796,0.09694733325384453,True,False,True,True,True,True
TS,n0100_i02,100,high,5,1.0,0.9545248999493197,5155,764.1469147483168,0.8275535772929077,True,False,False,True,True,True
TS,n0100_i02,100,high,5,5.0,4.995329699944705,26933,759.6139225488174,0.2294349367026838,True,False,False,True,True,True
TS,n0100_i02,100,high,5,15.0,7.884691299987026,42507,758.8357918775035,0.12676225630865828,True,False,False,True,True,True
TS,n0100_i02,100,high,5,30.0,7.884691299987026,42507,758.8357918775035,0.12676225630865828,True,False,False,True,True,True
TS,n0100_i02,100,high,5,60.0,7.884691299987026,42507,758.8357918775035,0.12676225630865828,True,False,False,True,True,True
TS,n0100_i02,100,high,5,120.0,7.884691299987026,42507,758.8357918775035,0.12676225630865828,True,False,False,True,True,True
TS,n0100_i02,100,high,5,150.0,7.884691299987026,42507,758.8357918775035,0.12676225630865828,True,False,False,True,True,True
2PGA,n0100_i03,100,high,1,1.0,0.9278664000012213,6102,457.6987584961102,1.1411232692498368,True,False,False,False,True,True
2PGA,n0100_i03,100,high,1,5.0,4.757163899994339,31285,455.39434270945975,0.6318992505807989,True,False,False,True,True,True
2PGA,n0100_i03,100,high,1,15.0,14.348074800000177,94822,455.02476097329924,0.5502300058183807,True,False,False,True,True,True
2PGA,n0100_i03,100,high,1,30.0,29.71199589999742,195684,454.5724538562478,0.45028031394774976,True,False,False,True,True,True
2PGA,n0100_i03,100,high,1,60.0,59.8433631999942,397585,453.75517159105675,0.26967932957745017,True,False,False,True,True,True
2PGA,n0100_i03,100,high,1,120.0,118.95722199999727,789483,453.3842374313153,0.18771122964539386,True,False,False,True,True,True
2PGA,n0100_i03,100,high,1,150.0,142.73706579999998,945572,453.33020130264657,0.1757704615108397,True,False,False,True,True,True
2PGA,n0100_i03,100,high,2,1.0,0.9700301999982912,6332,458.1014492332516,1.2301088579773016,True,False,False,False,True,True
2PGA,n0100_i03,100,high,2,5.0,4.795275500000571,31315,456.16987599793464,0.8032746508260938,True,False,False,True,True,True
2PGA,n0100_i03,100,high,2,15.0,14.38790400000289,93917,454.6731840237772,0.47253941363265206,True,False,False,True,True,True
2PGA,n0100_i03,100,high,2,30.0,26.825304199999664,175353,454.23063318414734,0.37474563946777406,True,False,False,True,True,True
2PGA,n0100_i03,100,high,2,60.0,57.61136979999719,375742,454.2169594546082,0.3717240530221059,True,False,False,True,True,True
2PGA,n0100_i03,100,high,2,120.0,103.2040863000002,673285,454.1230529075487,0.3509728198679248,True,False,False,True,True,True
2PGA,n0100_i03,100,high,2,150.0,149.94977210000798,979002,454.1117850968644,0.3484828873342704,True,False,False,True,True,True
2PGA,n0100_i03,100,high,3,1.0,0.9579116999957478,6314,458.6476213885929,1.3508006104983454,True,False,False,False,True,True
2PGA,n0100_i03,100,high,3,5.0,4.724056699997163,31249,455.34390326803026,0.6207532693681462,True,False,False,True,True,True
2PGA,n0100_i03,100,high,3,15.0,14.58940789999906,96506,454.885232749007,0.5193974088957906,True,False,False,True,True,True
2PGA,n0100_i03,100,high,3,30.0,28.862366999994265,190420,454.14744415162676,0.35636273578575534,True,False,False,True,True,True
2PGA,n0100_i03,100,high,3,60.0,56.529151199996704,375192,453.6595745450573,0.2485545342090372,True,False,False,True,True,True
2PGA,n0100_i03,100,high,3,120.0,116.24719470000127,772165,453.53257792736827,0.22049114027135577,True,False,False,True,True,True
2PGA,n0100_i03,100,high,3,150.0,145.6305418999982,966605,453.4909153674814,0.21128465232047422,True,False,False,True,True,True
2PGA,n0100_i03,100,high,4,1.0,0.9816588999965461,6617,457.8770409895599,1.1805196873349335,True,False,False,False,True,True
2PGA,n0100_i03,100,high,4,5.0,4.6004775000037625,30921,455.7318856207491,0.706488636209791,True,False,False,True,True,True
2PGA,n0100_i03,100,high,4,15.0,13.061053600002197,87635,455.2159980260314,0.5924890899102508,True,False,False,True,True,True
2PGA,n0100_i03,100,high,4,30.0,26.63832870000624,179458,454.16452240036733,0.36013664434248577,True,False,False,True,True,True
2PGA,n0100_i03,100,high,4,60.0,50.91616750000685,340057,454.0897146333084,0.3436058116732757,True,False,False,True,True,True
2PGA,n0100_i03,100,high,4,120.0,117.27494970000407,780568,453.97216392038405,0.3176297500703656,True,False,False,True,True,True
2PGA,n0100_i03,100,high,4,150.0,140.6869679000083,937574,453.9574869027009,0.3143864595279287,True,False,False,True,True,True
2PGA,n0100_i03,100,high,5,1.0,0.6056075999949826,4025,457.37354570365255,1.0692585623435462,True,False,False,False,True,True
2PGA,n0100_i03,100,high,5,5.0,4.73084160000144,31253,455.5765247629656,0.6721573836629727,True,False,False,True,True,True
2PGA,n0100_i03,100,high,5,15.0,14.670486000002711,96286,454.4073495323149,0.4137959746979527,True,False,False,True,True,True
2PGA,n0100_i03,100,high,5,30.0,29.22277789999498,190334,454.1778334379526,0.36307808403018643,True,False,False,True,True,True
2PGA,n0100_i03,100,high,5,60.0,38.74248939999961,252514,453.99016644134446,0.32160790198320144,True,False,False,True,True,True
2PGA,n0100_i03,100,high,5,120.0,115.96502119999786,759574,453.81482496929976,0.2828613834290448,True,False,False,True,True,True
2PGA,n0100_i03,100,high,5,150.0,115.96502119999786,759574,453.81482496929976,0.2828613834290448,True,False,False,True,True,True
ACO,n0100_i03,100,high,1,1.0,0.31592880000243895,194,459.562309013861,1.5529259869448002,True,False,False,False,True,True
ACO,n0100_i03,100,high,1,5.0,2.3513987000005727,1373,458.60565014609347,1.3415259106382345,True,False,False,False,True,True
ACO,n0100_i03,100,high,1,15.0,2.3513987000005727,1373,458.60565014609347,1.3415259106382345,True,False,False,False,True,True
ACO,n0100_i03,100,high,1,30.0,2.3513987000005727,1373,458.60565014609347,1.3415259106382345,True,False,False,False,True,True
ACO,n0100_i03,100,high,1,60.0,2.3513987000005727,1373,458.60565014609347,1.3415259106382345,True,False,False,False,True,True
ACO,n0100_i03,100,high,1,120.0,69.3744157000001,39980,458.1285642398686,1.236100664106955,True,False,False,False,True,True
ACO,n0100_i03,100,high,1,150.0,69.3744157000001,39980,458.1285642398686,1.236100664106955,True,False,False,False,True,True
ACO,n0100_i03,100,high,2,1.0,0.5291871000008541,301,459.5992631120785,1.561092010849697,True,False,False,False,True,True
ACO,n0100_i03,100,high,2,5.0,3.6733750000021246,2129,459.21542129181836,1.4762716084820209,True,False,False,False,True,True
ACO,n0100_i03,100,high,2,15.0,9.534962699999596,5580,458.8239270579346,1.3897601949519944,True,False,False,False,True,True
ACO,n0100_i03,100,high,2,30.0,25.138339500001166,14566,458.3699471471926,1.2894408533287158,True,False,False,False,True,True
ACO,n0100_i03,100,high,2,60.0,50.003706300001795,28951,457.9256573149634,1.1912628009424384,True,False,False,False,True,True
ACO,n0100_i03,100,high,2,120.0,50.003706300001795,28951,457.9256573149634,1.1912628009424384,True,False,False,False,True,True
ACO,n0100_i03,100,high,2,150.0,50.003706300001795,28951,457.9256573149634,1.1912628009424384,True,False,False,False,True,True
ACO,n0100_i03,100,high,3,1.0,0.6260142999999516,374,459.7430142627705,1.5928577794526209,True,False,False,False,True,True
ACO,n0100_i03,100,high,3,5.0,2.3885391000003438,1400,459.2425004663861,1.4822554965353443,True,False,False,False,True,True
ACO,n0100_i03,100,high,3,15.0,10.592627699999866,6169,458.26340881293856,1.2658982795339073,True,False,False,False,True,True
ACO,n0100_i03,100,high,3,30.0,10.592627699999866,6169,458.26340881293856,1.2658982795339073,True,False,False,False,True,True
ACO,n0100_i03,100,high,3,60.0,54.469297800002096,31340,458.225048835459,1.2574215879570856,True,False,False,False,True,True
ACO,n0100_i03,100,high,3,120.0,111.41254850000041,64202,457.5553520075595,1.1094336632221244,True,False,False,False,True,True
ACO,n0100_i03,100,high,3,150.0,111.41254850000041,64202,457.5553520075595,1.1094336632221244,True,False,False,False,True,True
ACO,n0100_i03,100,high,4,1.0,0.24745350000011967,157,459.4685995609048,1.5322183071510436,True,False,False,False,True,True
ACO,n0100_i03,100,high,4,5.0,4.624872000000323,2774,458.6190519489972,1.3444874074182782,True,False,False,False,True,True
ACO,n0100_i03,100,high,4,15.0,4.624872000000323,2774,458.6190519489972,1.3444874074182782,True,False,False,False,True,True
ACO,n0100_i03,100,high,4,30.0,15.543631299999106,9094,458.6031185637253,1.3409664879183458,True,False,False,False,True,True
ACO,n0100_i03,100,high,4,60.0,35.64534640000056,20736,457.9912298588887,1.2057528571750915,True,False,False,False,True,True
ACO,n0100_i03,100,high,4,120.0,116.3551277000006,68124,457.85925924162825,1.176590321292071,True,False,False,False,True,True
ACO,n0100_i03,100,high,4,150.0,116.3551277000006,68124,457.85925924162825,1.176590321292071,True,False,False,False,True,True
ACO,n0100_i03,100,high,5,1.0,0.6135768000021926,371,459.49344500477093,1.537708590998437,True,False,False,False,True,True
ACO,n0100_i03,100,high,5,5.0,0.6135768000021926,371,459.49344500477093,1.537708590998437,True,False,False,False,True,True
ACO,n0100_i03,100,high,5,15.0,12.80862640000123,7383,458.64067740152035,1.3492661456577795,True,False,False,False,True,True
ACO,n0100_i03,100,high,5,30.0,12.80862640000123,7383,458.64067740152035,1.3492661456577795,True,False,False,False,True,True
ACO,n0100_i03,100,high,5,60.0,36.39921260000119,21087,457.3743193861291,1.069429528756019,True,False,False,False,True,True
ACO,n0100_i03,100,high,5,120.0,36.39921260000119,21087,457.3743193861291,1.069429528756019,True,False,False,False,True,True
ACO,n0100_i03,100,high,5,150.0,36.39921260000119,21087,457.3743193861291,1.069429528756019,True,False,False,False,True,True
BRKGA-R-LS,n0100_i03,100,high,1,1.0,0.9962780999485403,4272,460.2505473839584,1.7050111751532357,True,False,False,False,True,True
BRKGA-R-LS,n0100_i03,100,high,1,5.0,4.961752499919385,21226,458.99424530960675,1.4273966948716719,True,False,False,False,True,True
BRKGA-R-LS,n0100_i03,100,high,1,15.0,14.99920569988899,47401,456.2507399929869,0.8211437735619678,True,False,False,True,True,True
BRKGA-R-LS,n0100_i03,100,high,1,30.0,27.38554639997892,96896,455.42260465986266,0.6381445054705478,True,False,False,True,True,True
BRKGA-R-LS,n0100_i03,100,high,1,60.0,27.38554639997892,96896,455.42260465986266,0.6381445054705478,True,False,False,True,True,True
BRKGA-R-LS,n0100_i03,100,high,1,120.0,81.62014349992387,308624,455.41379812337215,0.6361984591328026,True,False,False,True,True,True
BRKGA-R-LS,n0100_i03,100,high,1,150.0,81.62014349992387,308624,455.41379812337215,0.6361984591328026,True,False,False,True,True,True
BRKGA-R-LS,n0100_i03,100,high,2,1.0,0.9948172000003979,4272,460.2505473839584,1.7050111751532357,True,False,False,False,True,True
BRKGA-R-LS,n0100_i03,100,high,2,5.0,4.935404499992728,21226,458.99424530960675,1.4273966948716719,True,False,False,False,True,True
BRKGA-R-LS,n0100_i03,100,high,2,15.0,14.953750499989837,47929,455.2222231393465,0.5938646998315831,True,False,False,True,True,True
BRKGA-R-LS,n0100_i03,100,high,2,30.0,26.50454980006907,93704,454.74672547919675,0.48879041993301725,True,False,False,True,True,True
BRKGA-R-LS,n0100_i03,100,high,2,60.0,49.59467709995806,184231,454.51916760609055,0.438505252085181,True,False,False,True,True,True
BRKGA-R-LS,n0100_i03,100,high,2,120.0,74.56082730006892,281614,454.44948809402814,0.4231076483381194,True,False,False,True,True,True
BRKGA-R-LS,n0100_i03,100,high,2,150.0,74.56082730006892,281614,454.44948809402814,0.4231076483381194,True,False,False,True,True,True
BRKGA-R-LS,n0100_i03,100,high,3,1.0,0.981064899940975,4272,460.2505473839584,1.7050111751532357,True,False,False,False,True,True
BRKGA-R-LS,n0100_i03,100,high,3,5.0,4.971362299984321,21605,458.90883877072406,1.408523772197559,True,False,False,False,True,True
BRKGA-R-LS,n0100_i03,100,high,3,15.0,12.962687299936078,47083,456.4052687794445,0.8552911570748922,True,False,False,True,True,True
BRKGA-R-LS,n0100_i03,100,high,3,30.0,29.462023700005375,105042,456.03033492545256,0.7724392147427495,True,False,False,True,True,True
BRKGA-R-LS,n0100_i03,100,high,3,60.0,59.844443499925546,225973,454.52287275171864,0.43932400586972786,True,False,False,True,True,True
BRKGA-R-LS,n0100_i03,100,high,3,120.0,61.30966999998782,231887,454.16844193852154,0.36100277404953535,True,False,False,True,True,True
BRKGA-R-LS,n0100_i03,100,high,3,150.0,61.30966999998782,231887,454.16844193852154,0.36100277404953535,True,False,False,True,True,True
BRKGA-R-LS,n0100_i03,100,high,4,1.0,0.9130501999752596,2107,460.4187426816189,1.7421785500219855,True,False,False,False,True,True
BRKGA-R-LS,n0100_i03,100,high,4,5.0,4.977838699938729,3126,460.3523479656432,1.7275068122724972,True,False,False,False,True,True
BRKGA-R-LS,n0100_i03,100,high,4,15.0,14.954670399893075,45602,455.7532954012917,0.7112197157961643,True,False,False,True,True,True
BRKGA-R-LS,n0100_i03,100,high,4,30.0,20.57757539988961,68427,454.6549787957207,0.4685164680143211,True,False,False,True,True,True
BRKGA-R-LS,n0100_i03,100,high,4,60.0,20.57757539988961,68427,454.6549787957207,0.4685164680143211,True,False,False,True,True,True
BRKGA-R-LS,n0100_i03,100,high,4,120.0,72.39929869992193,268048,454.53208696072346,0.44136013865682056,True,False,False,True,True,True
BRKGA-R-LS,n0100_i03,100,high,4,150.0,148.44088139990345,555910,454.38478270543055,0.4088092139140528,True,False,False,True,True,True
BRKGA-R-LS,n0100_i03,100,high,5,1.0,0.9855000999523327,4272,460.2505473839584,1.7050111751532357,True,False,False,False,True,True
BRKGA-R-LS,n0100_i03,100,high,5,5.0,4.912986399955116,21226,458.99424530960675,1.4273966948716719,True,False,False,False,True,True
BRKGA-R-LS,n0100_i03,100,high,5,15.0,14.914831699919887,45945,456.4666861674565,0.8688630173792692,True,False,False,True,True,True
BRKGA-R-LS,n0100_i03,100,high,5,30.0,22.733489400008693,77411,455.3194019449237,0.6153390284627895,True,False,False,True,True,True
BRKGA-R-LS,n0100_i03,100,high,5,60.0,52.23369040002581,193276,454.5479650102173,0.4448688301953512,True,False,False,True,True,True
BRKGA-R-LS,n0100_i03,100,high,5,120.0,103.89113989996258,392984,454.3545873460178,0.40213671915230526,True,False,False,True,True,True
BRKGA-R-LS,n0100_i03,100,high,5,150.0,103.89113989996258,392984,454.3545873460178,0.40213671915230526,True,False,False,True,True,True
GA,n0100_i03,100,high,1,1.0,0.9493635999970138,3830,457.72494784519506,1.1469105259005574,True,False,False,False,True,True
GA,n0100_i03,100,high,1,5.0,4.973700399976224,20013,455.91619653672564,0.7472171999793383,True,False,False,True,True,True
GA,n0100_i03,100,high,1,15.0,14.97950470005162,46386,454.8732219704918,0.5167432971949879,True,False,False,True,True,True
GA,n0100_i03,100,high,1,30.0,28.622173800016753,101238,454.4907327533084,0.4322217896614875,True,False,False,True,True,True
GA,n0100_i03,100,high,1,60.0,45.38256589998491,168478,454.3401058390573,0.39893663207880914,True,False,False,True,True,True
GA,n0100_i03,100,high,1,120.0,74.00189220008906,283439,454.3079371562854,0.3918280772722979,True,False,False,True,True,True
GA,n0100_i03,100,high,1,150.0,74.00189220008906,283439,454.3079371562854,0.3918280772722979,True,False,False,True,True,True
GA,n0100_i03,100,high,2,1.0,0.9948721999535337,4018,457.63205094601983,1.1263824022025926,True,False,False,False,True,True
GA,n0100_i03,100,high,2,5.0,4.951573100057431,19898,455.49236030271794,0.6535589324092043,True,False,False,True,True,True
GA,n0100_i03,100,high,2,15.0,14.589779300033115,42398,454.63892704350656,0.4649693920844844,True,False,False,True,True,True
GA,n0100_i03,100,high,2,30.0,28.878301899996586,99908,454.0366110365815,0.3318711121074694,True,False,False,True,True,True
GA,n0100_i03,100,high,2,60.0,59.43763589998707,221506,453.67118811649567,0.25112087208660616,True,False,False,True,True,True
GA,n0100_i03,100,high,2,120.0,118.35319599998184,456617,453.6311921578033,0.24228266548611466,True,False,False,True,True,True
GA,n0100_i03,100,high,2,150.0,130.8288339000428,506515,453.6010000499356,0.23561088924262835,True,False,False,True,True,True
GA,n0100_i03,100,high,3,1.0,0.9908194999443367,4075,457.2338298288533,1.0383844988827349,True,False,False,False,True,True
GA,n0100_i03,100,high,3,5.0,4.7117921999888495,19451,456.2863739631674,0.829018078885503,True,False,False,True,True,True
GA,n0100_i03,100,high,3,15.0,10.038660899968818,41557,455.7529227850232,0.7111373759880546,True,False,False,True,True,True
GA,n0100_i03,100,high,3,30.0,29.587232899968512,106276,455.62153375991284,0.6821033588791202,True,False,False,True,True,True
GA,n0100_i03,100,high,3,60.0,58.75919219991192,225177,454.99292623743105,0.5431952457607657,True,False,False,True,True,True
GA,n0100_i03,100,high,3,120.0,76.69354429992381,298319,454.9522283984997,0.5342019394261085,True,False,False,True,True,True
GA,n0100_i03,100,high,3,150.0,76.69354429992381,298319,454.9522283984997,0.5342019394261085,True,False,False,True,True,True
GA,n0100_i03,100,high,4,1.0,0.8771649999544024,3451,457.0454929793554,0.9967662944248571,True,False,False,True,True,True
GA,n0100_i03,100,high,4,5.0,4.676957199932076,18594,455.43731434374354,0.6413950145074004,True,False,False,True,True,True
GA,n0100_i03,100,high,4,15.0,10.831067899940535,43039,454.8870139458476,0.5197910133045427,True,False,False,True,True,True
GA,n0100_i03,100,high,4,30.0,23.70275399996899,79138,454.45468826649136,0.42425676940161533,True,False,False,True,True,True
GA,n0100_i03,100,high,4,60.0,59.32326139998622,218407,454.1493141100715,0.35677595451107624,True,False,False,True,True,True
GA,n0100_i03,100,high,4,120.0,115.63570809992962,438955,454.0894819670687,0.3435543976713958,True,False,False,True,True,True
GA,n0100_i03,100,high,4,150.0,135.32369089999702,516263,454.0653764693887,0.33822762527565775,True,False,False,True,True,True
GA,n0100_i03,100,high,5,1.0,0.980166400084272,4025,457.19754643641886,1.030366685858957,True,False,False,False,True,True
GA,n0100_i03,100,high,5,5.0,4.373519100015983,17674,455.9253959225382,0.7492500571745975,True,False,False,True,True,True
GA,n0100_i03,100,high,5,15.0,14.533226000028662,41919,455.03851927391753,0.5532702805689226,True,False,False,True,True,True
GA,n0100_i03,100,high,5,30.0,28.973816200043075,100197,453.5545214688899,0.22534016901964463,True,False,False,True,True,True
GA,n0100_i03,100,high,5,60.0,47.006078400067054,173141,453.40027037268777,0.1912541488026393,True,False,False,True,True,True
GA,n0100_i03,100,high,5,120.0,60.18593120004516,226058,453.3746711329405,0.18559729303272768,True,False,False,True,True,True
GA,n0100_i03,100,high,5,150.0,60.18593120004516,226058,453.3746711329405,0.18559729303272768,True,False,False,True,True,True
HPSO,n0100_i03,100,high,1,1.0,0.9956393999746069,3038,455.30832748598294,0.6128918223122913,True,False,False,True,True,True
HPSO,n0100_i03,100,high,1,5.0,4.957241000025533,15397,453.930746043211,0.30847733149166123,True,False,False,True,True,True
HPSO,n0100_i03,100,high,1,15.0,14.327303900034167,33202,453.40668636954786,0.1926719396908059,True,False,False,True,True,True
HPSO,n0100_i03,100,high,1,30.0,17.447878299979493,42840,453.25646882815164,0.15947724429447246,True,False,False,True,True,True
HPSO,n0100_i03,100,high,1,60.0,17.447878299979493,42840,453.25646882815164,0.15947724429447246,True,False,False,True,True,True
HPSO,n0100_i03,100,high,1,120.0,17.447878299979493,42840,453.25646882815164,0.15947724429447246,True,False,False,True,True,True
HPSO,n0100_i03,100,high,1,150.0,17.447878299979493,42840,453.25646882815164,0.15947724429447246,True,False,False,True,True,True
HPSO,n0100_i03,100,high,2,1.0,0.9538284000009298,2899,456.5424478581241,0.8856046456940948,True,False,False,True,True,True
HPSO,n0100_i03,100,high,2,5.0,4.9719643000280485,15622,454.4975544738,0.43372923633976773,True,False,False,True,True,True
HPSO,n0100_i03,100,high,2,15.0,14.56697859999258,33791,453.1691864689585,0.14018980755466354,True,False,False,True,True,True
HPSO,n0100_i03,100,high,2,30.0,17.60839169996325,43194,453.0716137717974,0.11862843774952662,True,False,False,True,True,True
HPSO,n0100_i03,100,high,2,60.0,17.60839169996325,43194,453.0716137717974,0.11862843774952662,True,False,False,True,True,True
HPSO,n0100_i03,100,high,2,120.0,17.60839169996325,43194,453.0716137717974,0.11862843774952662,True,False,False,True,True,True
HPSO,n0100_i03,100,high,2,150.0,17.60839169996325,43194,453.0716137717974,0.11862843774952662,True,False,False,True,True,True
HPSO,n0100_i03,100,high,3,1.0,0.9989869999699295,3060,456.2171575812471,0.8137228164752245,True,False,False,True,True,True
HPSO,n0100_i03,100,high,3,5.0,4.741851800004952,14669,454.48893462945125,0.43182444476309273,True,False,False,True,True,True
HPSO,n0100_i03,100,high,3,15.0,14.984665199997835,33807,453.6979086048307,0.2570254985561751,True,False,False,True,True,True
HPSO,n0100_i03,100,high,3,30.0,27.341921500046737,72079,453.32782195807215,0.17524467991664808,True,False,False,True,True,True
HPSO,n0100_i03,100,high,3,60.0,30.750067300046794,82600,453.30783345937846,0.17082767162720316,True,False,False,True,True,True
HPSO,n0100_i03,100,high,3,120.0,30.750067300046794,82600,453.30783345937846,0.17082767162720316,True,False,False,True,True,True
HPSO,n0100_i03,100,high,3,150.0,30.750067300046794,82600,453.30783345937846,0.17082767162720316,True,False,False,True,True,True
HPSO,n0100_i03,100,high,4,1.0,0.9910411000018939,3048,455.3540479930709,0.6229950252541293,True,False,False,True,True,True
HPSO,n0100_i03,100,high,4,5.0,4.744252000004053,14760,453.7181548514675,0.2614994633393924,True,False,False,True,True,True
HPSO,n0100_i03,100,high,4,15.0,10.041155499988236,31032,453.2443244691911,0.15679361432202088,True,False,False,True,True,True
HPSO,n0100_i03,100,high,4,30.0,24.65514210006222,64172,453.14837566443816,0.13559108818683935,True,False,False,True,True,True
HPSO,n0100_i03,100,high,4,60.0,24.65514210006222,64172,453.14837566443816,0.13559108818683935,True,False,False,True,True,True
HPSO,n0100_i03,100,high,4,120.0,24.65514210006222,64172,453.14837566443816,0.13559108818683935,True,False,False,True,True,True
HPSO,n0100_i03,100,high,4,150.0,24.65514210006222,64172,453.14837566443816,0.13559108818683935,True,False,False,True,True,True
HPSO,n0100_i03,100,high,5,1.0,0.6352219999535009,1976,456.5663120334142,0.8908780912735971,True,False,False,True,True,True
HPSO,n0100_i03,100,high,5,5.0,4.836579700000584,3478,456.26353485763076,0.8239711506481775,True,False,False,True,True,True
HPSO,n0100_i03,100,high,5,15.0,13.816181699978188,30467,454.3854464757257,0.4089558922084502,True,False,False,True,True,True
HPSO,n0100_i03,100,high,5,30.0,27.791511500021443,73598,454.1311388016011,0.3527596204478118,True,False,False,True,True,True
HPSO,n0100_i03,100,high,5,60.0,27.791511500021443,73598,454.1311388016011,0.3527596204478118,True,False,False,True,True,True
HPSO,n0100_i03,100,high,5,120.0,27.791511500021443,73598,454.1311388016011,0.3527596204478118,True,False,False,True,True,True
HPSO,n0100_i03,100,high,5,150.0,27.791511500021443,73598,454.1311388016011,0.3527596204478118,True,False,False,True,True,True
TS,n0100_i03,100,high,1,1.0,0.9740909999236465,4102,456.0890607631183,0.7854163030048139,True,False,False,True,True,True
TS,n0100_i03,100,high,1,5.0,4.46014149999246,18720,453.78866426600297,0.2770804568526971,True,False,False,True,True,True
TS,n0100_i03,100,high,1,15.0,13.127393699949607,38959,453.50699803110035,0.21483855897498402,True,False,False,True,True,True
TS,n0100_i03,100,high,1,30.0,13.127393699949607,38959,453.50699803110035,0.21483855897498402,True,False,False,True,True,True
TS,n0100_i03,100,high,1,60.0,51.76994679996278,199722,452.9621659803303,0.0944429393997177,True,False,True,True,True,True
TS,n0100_i03,100,high,1,120.0,51.76994679996278,199722,452.9621659803303,0.0944429393997177,True,False,True,True,True,True
TS,n0100_i03,100,high,1,150.0,51.76994679996278,199722,452.9621659803303,0.0944429393997177,True,False,True,True,True,True
TS,n0100_i03,100,high,2,1.0,0.9733499999856576,4105,455.65256024031106,0.6889595126709259,True,False,False,True,True,True
TS,n0100_i03,100,high,2,5.0,4.474859799956903,18767,453.6057575136918,0.23666218164682434,True,False,False,True,True,True
TS,n0100_i03,100,high,2,15.0,14.41221029998269,43793,453.1819628735132,0.14301310537668652,True,False,False,True,True,True
TS,n0100_i03,100,high,2,30.0,16.640107600018382,53006,453.16672177665555,0.1396451660335591,True,False,False,True,True,True
TS,n0100_i03,100,high,2,60.0,16.640107600018382,53006,453.16672177665555,0.1396451660335591,True,False,False,True,True,True
TS,n0100_i03,100,high,2,120.0,16.640107600018382,53006,453.16672177665555,0.1396451660335591,True,False,False,True,True,True
TS,n0100_i03,100,high,2,150.0,16.640107600018382,53006,453.16672177665555,0.1396451660335591,True,False,False,True,True,True
TS,n0100_i03,100,high,3,1.0,0.9895183999324217,4185,455.469023358984,0.6484019931361329,True,False,False,True,True,True
TS,n0100_i03,100,high,3,5.0,3.9177116999635473,16585,454.0354636469951,0.33161756483550203,True,False,False,True,True,True
TS,n0100_i03,100,high,3,15.0,7.912673500017263,33463,453.5831112293922,0.23165786256267273,True,False,False,True,True,True
TS,n0100_i03,100,high,3,30.0,29.658874599961564,109689,453.2360876197773,0.15497345600512621,True,False,False,True,True,True
TS,n0100_i03,100,high,3,60.0,39.94331160001457,152775,452.8086919860257,0.06052864121024071,True,False,True,True,True,True
TS,n0100_i03,100,high,3,120.0,39.94331160001457,152775,452.8086919860257,0.06052864121024071,True,False,True,True,True,True
TS,n0100_i03,100,high,3,150.0,39.94331160001457,152775,452.8086919860257,0.06052864121024071,True,False,True,True,True,True
TS,n0100_i03,100,high,4,1.0,0.9789150999858975,4053,455.62696637912376,0.6833038454417059,True,False,False,True,True,True
TS,n0100_i03,100,high,4,5.0,4.534997300012037,18821,454.0036013790711,0.3245767208132731,True,False,False,True,True,True
TS,n0100_i03,100,high,4,15.0,8.359958500019275,34736,453.84514126211747,0.28956060175119347,True,False,False,True,True,True
TS,n0100_i03,100,high,4,30.0,27.88109899999108,100201,452.86997696645557,0.07407124241934064,True,False,True,True,True,True
TS,n0100_i03,100,high,4,60.0,27.88109899999108,100201,452.86997696645557,0.07407124241934064,True,False,True,True,True,True
TS,n0100_i03,100,high,4,120.0,27.88109899999108,100201,452.86997696645557,0.07407124241934064,True,False,True,True,True,True
TS,n0100_i03,100,high,4,150.0,27.88109899999108,100201,452.86997696645557,0.07407124241934064,True,False,True,True,True,True
TS,n0100_i03,100,high,5,1.0,0.995683699962683,4028,456.06769135292956,0.7806941443579485,True,False,False,True,True,True
TS,n0100_i03,100,high,5,5.0,4.760352800018154,19545,453.8274020906756,0.28564064415421253,True,False,False,True,True,True
TS,n0100_i03,100,high,5,15.0,14.409617500030436,42083,453.51196642767866,0.21593646278496617,True,False,False,True,True,True
TS,n0100_i03,100,high,5,30.0,16.15922919998411,49268,453.3657490700227,0.18362571795493918,True,False,False,True,True,True
TS,n0100_i03,100,high,5,60.0,45.26599470002111,167943,452.53477883339406,0.0,True,True,True,True,True,True
TS,n0100_i03,100,high,5,120.0,45.26599470002111,167943,452.53477883339406,0.0,True,True,True,True,True,True
TS,n0100_i03,100,high,5,150.0,45.26599470002111,167943,452.53477883339406,0.0,True,True,True,True,True,True
2PGA,n0100_i04,100,low,1,1.0,0.8772863000049256,4531,478.2152285194585,0.6350969800074441,True,False,False,True,True,True
2PGA,n0100_i04,100,low,1,5.0,4.851408200003789,25478,477.06685938150315,0.3934354170229834,True,False,False,True,True,True
2PGA,n0100_i04,100,low,1,15.0,14.977731799997855,78610,476.75854186328155,0.3285534109795406,True,False,False,True,True,True
2PGA,n0100_i04,100,low,1,30.0,29.88497980000102,156109,476.17959324229184,0.20672008751947435,True,False,False,True,True,True
2PGA,n0100_i04,100,low,1,60.0,55.5321166000067,288594,476.1303851213957,0.19636478362436757,True,False,False,True,True,True
2PGA,n0100_i04,100,low,1,120.0,106.6061011999991,553405,476.08296348882004,0.18638542640486422,True,False,False,True,True,True
2PGA,n0100_i04,100,low,1,150.0,144.2718659000093,747809,476.01968501408845,0.1730691724221633,True,False,False,True,True,True
2PGA,n0100_i04,100,low,2,1.0,0.8400934000092093,4471,478.12032370317235,0.6151253128140028,True,False,False,True,True,True
2PGA,n0100_i04,100,low,2,5.0,3.5036515000101645,18773,477.2240033584532,0.42650462606752676,True,False,False,True,True,True
2PGA,n0100_i04,100,low,2,15.0,14.172044500010088,75795,477.0145180678527,0.38242076742350795,True,False,False,True,True,True
2PGA,n0100_i04,100,low,2,30.0,26.11087870001211,138607,476.5674407231438,0.2883382931333548,True,False,False,True,True,True
2PGA,n0100_i04,100,low,2,60.0,55.73122600000352,297158,476.0608006102976,0.18172149414915256,True,False,False,True,True,True
2PGA,n0100_i04,100,low,2,120.0,97.68634550001298,520315,475.8735531823816,0.14231734734705387,True,False,False,True,True,True
2PGA,n0100_i04,100,low,2,150.0,128.66173920000438,685245,475.8517694929682,0.13773321123852628,True,False,False,True,True,True
2PGA,n0100_i04,100,low,3,1.0,0.33262549999926705,1003,479.2788364599486,0.858921488004207,True,False,False,True,True,True
2PGA,n0100_i04,100,low,3,5.0,4.995142500003567,22293,477.5799968609762,0.5014195148333443,True,False,False,True,True,True
2PGA,n0100_i04,100,low,3,15.0,14.644513399995049,75309,477.01484100687566,0.38248872636324166,True,False,False,True,True,True
2PGA,n0100_i04,100,low,3,30.0,29.888109899999108,157434,476.3486514777591,0.2422965202779848,True,False,False,True,True,True
2PGA,n0100_i04,100,low,3,60.0,58.740991600003326,309594,476.19727476596654,0.21044096829373632,True,False,False,True,True,True
2PGA,n0100_i04,100,low,3,120.0,119.96322799999325,636956,476.15328261991385,0.20118330851975294,True,False,False,True,True,True
2PGA,n0100_i04,100,low,3,150.0,130.08516149999923,691405,476.14318286989067,0.199057928016493,True,False,False,True,True,True
2PGA,n0100_i04,100,low,4,1.0,0.8454139999957988,4488,478.34966474078755,0.6633875934472555,True,False,False,True,True,True
2PGA,n0100_i04,100,low,4,5.0,4.791905899997801,25248,477.29898966888186,0.4422846643685284,True,False,False,True,True,True
2PGA,n0100_i04,100,low,4,15.0,14.9956683999917,79186,476.6351601873541,0.3025891041527617,True,False,False,True,True,True
2PGA,n0100_i04,100,low,4,30.0,29.63656839999021,156418,476.1843275281111,0.20771636552180422,True,False,False,True,True,True
2PGA,n0100_i04,100,low,4,60.0,59.46643669999321,313318,475.98768631812743,0.16633540135167516,True,False,False,True,True,True
2PGA,n0100_i04,100,low,4,120.0,117.65405489999102,622336,475.787599574497,0.12422936279660328,True,False,False,True,True,True
2PGA,n0100_i04,100,low,4,150.0,117.65405489999102,622336,475.787599574497,0.12422936279660328,True,False,False,True,True,True
2PGA,n0100_i04,100,low,5,1.0,0.8076833999948576,4309,478.38969461345624,0.6718114366832467,True,False,False,True,True,True
2PGA,n0100_i04,100,low,5,5.0,4.823714899990591,25451,477.2942870346146,0.4412950470846757,True,False,False,True,True,True
2PGA,n0100_i04,100,low,5,15.0,14.930842699992354,78323,476.57484926664097,0.2898973390374856,True,False,False,True,True,True
2PGA,n0100_i04,100,low,5,30.0,26.77489699999569,141816,476.3635061177548,0.2454225146993618,True,False,False,True,True,True
2PGA,n0100_i04,100,low,5,60.0,57.55616329998884,304437,476.1608586397196,0.20277759795765915,True,False,False,True,True,True
2PGA,n0100_i04,100,low,5,120.0,113.32949639999424,601571,476.0495075893857,0.17934500300690848,True,False,False,True,True,True
2PGA,n0100_i04,100,low,5,150.0,136.02906009998696,723717,476.0153235662004,0.17215135403200388,True,False,False,True,True,True
ACO,n0100_i04,100,low,1,1.0,0.3525111000017205,208,478.280307285873,0.6487920854304536,True,False,False,True,True,True
ACO,n0100_i04,100,low,1,5.0,0.3525111000017205,208,478.280307285873,0.6487920854304536,True,False,False,True,True,True
ACO,n0100_i04,100,low,1,15.0,0.3525111000017205,208,478.280307285873,0.6487920854304536,True,False,False,True,True,True
ACO,n0100_i04,100,low,1,30.0,0.3525111000017205,208,478.280307285873,0.6487920854304536,True,False,False,True,True,True
ACO,n0100_i04,100,low,1,60.0,0.3525111000017205,208,478.280307285873,0.6487920854304536,True,False,False,True,True,True
ACO,n0100_i04,100,low,1,120.0,0.3525111000017205,208,478.280307285873,0.6487920854304536,True,False,False,True,True,True
ACO,n0100_i04,100,low,1,150.0,0.3525111000017205,208,478.280307285873,0.6487920854304536,True,False,False,True,True,True
ACO,n0100_i04,100,low,2,1.0,0.3382430000019667,201,478.76319741051856,0.7504109625098081,True,False,False,True,True,True
ACO,n0100_i04,100,low,2,5.0,2.511073199999373,1405,478.7175382433945,0.7408024966192833,True,False,False,True,True,True
ACO,n0100_i04,100,low,2,15.0,6.057712100002391,3442,478.52618872403343,0.700535110117198,True,False,False,True,True,True
ACO,n0100_i04,100,low,2,30.0,6.057712100002391,3442,478.52618872403343,0.700535110117198,True,False,False,True,True,True
ACO,n0100_i04,100,low,2,60.0,44.42038750000211,24909,478.45966324972284,0.6865355610446714,True,False,False,True,True,True
ACO,n0100_i04,100,low,2,120.0,98.80253390000144,55316,477.68932996700266,0.5244274557601953,True,False,False,True,True,True
ACO,n0100_i04,100,low,2,150.0,137.98241899999994,77223,477.31458852023667,0.4455672698257574,True,False,False,True,True,True
ACO,n0100_i04,100,low,3,1.0,0.9039510000002338,530,478.7619755307661,0.7501538314523837,True,False,False,True,True,True
ACO,n0100_i04,100,low,3,5.0,3.268478400001186,1843,478.4291817476141,0.6801210666123108,True,False,False,True,True,True
ACO,n0100_i04,100,low,3,15.0,3.268478400001186,1843,478.4291817476141,0.6801210666123108,True,False,False,True,True,True
ACO,n0100_i04,100,low,3,30.0,17.674354400001903,9622,478.21476102437214,0.6349986008456207,True,False,False,True,True,True
ACO,n0100_i04,100,low,3,60.0,17.674354400001903,9622,478.21476102437214,0.6349986008456207,True,False,False,True,True,True
ACO,n0100_i04,100,low,3,120.0,104.12519520000205,57530,477.5655760418414,0.4983848132060898,True,False,False,True,True,True
ACO,n0100_i04,100,low,3,150.0,104.12519520000205,57530,477.5655760418414,0.4983848132060898,True,False,False,True,True,True
ACO,n0100_i04,100,low,4,1.0,0.5649357000002055,324,478.80724901552793,0.7596811347625153,True,False,False,True,True,True
ACO,n0100_i04,100,low,4,5.0,3.3004499999988184,1847,478.7607622822129,0.7498985167352216,True,False,False,True,True,True
ACO,n0100_i04,100,low,4,15.0,10.086122599997907,5553,478.0738310081887,0.6053414402195877,True,False,False,True,True,True
ACO,n0100_i04,100,low,4,30.0,10.086122599997907,5553,478.0738310081887,0.6053414402195877,True,False,False,True,True,True
ACO,n0100_i04,100,low,4,60.0,10.086122599997907,5553,478.0738310081887,0.6053414402195877,True,False,False,True,True,True
ACO,n0100_i04,100,low,4,120.0,10.086122599997907,5553,478.0738310081887,0.6053414402195877,True,False,False,True,True,True
ACO,n0100_i04,100,low,4,150.0,10.086122599997907,5553,478.0738310081887,0.6053414402195877,True,False,False,True,True,True
ACO,n0100_i04,100,low,5,1.0,0.2894186000012269,176,478.9288561894119,0.7852720172928851,True,False,False,True,True,True
ACO,n0100_i04,100,low,5,5.0,1.6003650999991805,926,478.2133700492735,0.6347058855459022,True,False,False,True,True,True
ACO,n0100_i04,100,low,5,15.0,1.6003650999991805,926,478.2133700492735,0.6347058855459022,True,False,False,True,True,True
ACO,n0100_i04,100,low,5,30.0,1.6003650999991805,926,478.2133700492735,0.6347058855459022,True,False,False,True,True,True
ACO,n0100_i04,100,low,5,60.0,1.6003650999991805,926,478.2133700492735,0.6347058855459022,True,False,False,True,True,True
ACO,n0100_i04,100,low,5,120.0,1.6003650999991805,926,478.2133700492735,0.6347058855459022,True,False,False,True,True,True
ACO,n0100_i04,100,low,5,150.0,1.6003650999991805,926,478.2133700492735,0.6347058855459022,True,False,False,True,True,True
BRKGA-R-LS,n0100_i04,100,low,1,1.0,0.9732748001115397,3304,479.2771028385443,0.8585566665854322,True,False,False,True,True,True
BRKGA-R-LS,n0100_i04,100,low,1,5.0,4.9102612000424415,16583,478.94935954681034,0.7895867217128983,True,False,False,True,True,True
BRKGA-R-LS,n0100_i04,100,low,1,15.0,14.956550700007938,37415,478.06399577472774,0.6032717242964326,True,False,False,True,True,True
BRKGA-R-LS,n0100_i04,100,low,1,30.0,25.74653030000627,72593,476.6742876601077,0.31082304732378263,True,False,False,True,True,True
BRKGA-R-LS,n0100_i04,100,low,1,60.0,33.54084030003287,97243,476.37064287180203,0.2469243655247493,True,False,False,True,True,True
BRKGA-R-LS,n0100_i04,100,low,1,120.0,106.25252500001807,323184,476.0592845354959,0.1814024530028343,True,False,False,True,True,True
BRKGA-R-LS,n0100_i04,100,low,1,150.0,106.25252500001807,323184,476.0592845354959,0.1814024530028343,True,False,False,True,True,True
BRKGA-R-LS,n0100_i04,100,low,2,1.0,0.9768787999637425,5694,479.2364499528424,0.8500017171585963,True,False,False,True,True,True
BRKGA-R-LS,n0100_i04,100,low,2,5.0,4.928969000000507,29094,478.4284146244345,0.6799596340376591,True,False,False,True,True,True
BRKGA-R-LS,n0100_i04,100,low,2,15.0,13.146788300015032,75873,476.91593953195263,0.3616760066362717,True,False,False,True,True,True
BRKGA-R-LS,n0100_i04,100,low,2,30.0,13.146788300015032,75873,476.91593953195263,0.3616760066362717,True,False,False,True,True,True
BRKGA-R-LS,n0100_i04,100,low,2,60.0,37.65916549996473,207454,476.46806911704255,0.26742663950822626,True,False,False,True,True,True
BRKGA-R-LS,n0100_i04,100,low,2,120.0,37.65916549996473,207454,476.46806911704255,0.26742663950822626,True,False,False,True,True,True
BRKGA-R-LS,n0100_i04,100,low,2,150.0,37.65916549996473,207454,476.46806911704255,0.26742663950822626,True,False,False,True,True,True
BRKGA-R-LS,n0100_i04,100,low,3,1.0,0.9825132000260055,3304,479.2771028385443,0.8585566665854322,True,False,False,True,True,True
BRKGA-R-LS,n0100_i04,100,low,3,5.0,4.902270600083284,16583,478.94935954681034,0.7895867217128983,True,False,False,True,True,True
BRKGA-R-LS,n0100_i04,100,low,3,15.0,12.68602240004111,42792,477.6596753755216,0.5181869755085762,True,False,False,True,True,True
BRKGA-R-LS,n0100_i04,100,low,3,30.0,28.844371000071988,82852,476.56337538733345,0.28748278824949913,True,False,False,True,True,True
BRKGA-R-LS,n0100_i04,100,low,3,60.0,39.34309730003588,115983,476.13663680424105,0.1976803810204969,True,False,False,True,True,True
BRKGA-R-LS,n0100_i04,100,low,3,120.0,66.32118600001559,198748,476.01516560705153,0.17211811327906365,True,False,False,True,True,True
BRKGA-R-LS,n0100_i04,100,low,3,150.0,66.32118600001559,198748,476.01516560705153,0.17211811327906365,True,False,False,True,True,True
BRKGA-R-LS,n0100_i04,100,low,4,1.0,0.9961871999548748,3304,479.2771028385443,0.8585566665854322,True,False,False,True,True,True
BRKGA-R-LS,n0100_i04,100,low,4,5.0,4.958129500038922,16583,478.94935954681034,0.7895867217128983,True,False,False,True,True,True
BRKGA-R-LS,n0100_i04,100,low,4,15.0,14.84747439995408,46757,477.48548043436335,0.48152957994390594,True,False,False,True,True,True
BRKGA-R-LS,n0100_i04,100,low,4,30.0,26.9642496999586,76998,476.6541936922245,0.306594494391872,True,False,False,True,True,True
BRKGA-R-LS,n0100_i04,100,low,4,60.0,39.446024899953045,115900,476.1949320413734,0.20994796785676567,True,False,False,True,True,True
BRKGA-R-LS,n0100_i04,100,low,4,120.0,39.446024899953045,115900,476.1949320413734,0.20994796785676567,True,False,False,True,True,True
BRKGA-R-LS,n0100_i04,100,low,4,150.0,39.446024899953045,115900,476.1949320413734,0.20994796785676567,True,False,False,True,True,True
BRKGA-R-LS,n0100_i04,100,low,5,1.0,0.9625463000265881,3304,479.2771028385443,0.8585566665854322,True,False,False,True,True,True
BRKGA-R-LS,n0100_i04,100,low,5,5.0,4.9323683000402525,16923,478.9087917417047,0.7810496765549861,True,False,False,True,True,True
BRKGA-R-LS,n0100_i04,100,low,5,15.0,14.585872500087135,49818,477.51020090474356,0.4867317290720403,True,False,False,True,True,True
BRKGA-R-LS,n0100_i04,100,low,5,30.0,29.943078099982813,87919,476.210534155767,0.21323125998435322,True,False,False,True,True,True
BRKGA-R-LS,n0100_i04,100,low,5,60.0,30.116533100022934,88491,476.2016328356975,0.2113580757881609,True,False,False,True,True,True
BRKGA-R-LS,n0100_i04,100,low,5,120.0,104.87340490007773,321508,475.9065255865295,0.14925602451833067,True,False,False,True,True,True
BRKGA-R-LS,n0100_i04,100,low,5,150.0,104.87340490007773,321508,475.9065255865295,0.14925602451833067,True,False,False,True,True,True
GA,n0100_i04,100,low,1,1.0,0.992092699976638,3213,477.87596832177576,0.5637034298669362,True,False,False,True,True,True
GA,n0100_i04,100,low,1,5.0,4.983090699999593,15951,476.1438889304093,0.19920651063061015,True,False,False,True,True,True
GA,n0100_i04,100,low,1,15.0,14.573837399948388,33762,475.8622857975394,0.13994625103166408,True,False,False,True,True,True
GA,n0100_i04,100,low,1,30.0,29.02673479996156,79361,475.7091050203433,0.10771105346941198,True,False,False,True,True,True
GA,n0100_i04,100,low,1,60.0,59.628112499951385,175552,475.54418133172345,0.0730046902907552,True,False,True,True,True,True
GA,n0100_i04,100,low,1,120.0,85.37717180000618,256153,475.5361426285238,0.07131303425839848,True,False,True,True,True,True
GA,n0100_i04,100,low,1,150.0,126.1185078000417,383998,475.5354766028159,0.07117287652667027,True,False,True,True,True,True
GA,n0100_i04,100,low,2,1.0,0.9773467999184504,5322,476.9386881928511,0.3664632103034766,True,False,False,True,True,True
GA,n0100_i04,100,low,2,5.0,4.946226499974728,26866,475.8724932351909,0.14209429320329578,True,False,False,True,True,True
GA,n0100_i04,100,low,2,15.0,14.860320399980992,81345,475.4754279910208,0.05853631141722806,True,False,True,True,True,True
GA,n0100_i04,100,low,2,30.0,28.99099349998869,158415,475.4455772369378,0.05225455091920282,True,False,True,True,True,True
GA,n0100_i04,100,low,2,60.0,56.69803079997655,312312,475.34392689094625,0.030863361728963614,True,False,True,True,True,True
GA,n0100_i04,100,low,2,120.0,60.89630229992326,335994,475.341451688114,0.030342482714210996,True,False,True,True,True,True
GA,n0100_i04,100,low,2,150.0,60.89630229992326,335994,475.341451688114,0.030342482714210996,True,False,True,True,True,True
GA,n0100_i04,100,low,3,1.0,0.9581502000801265,3060,477.9748210160475,0.5845058842462524,True,False,False,True,True,True
GA,n0100_i04,100,low,3,5.0,4.920651599997655,15648,477.0513728440485,0.39017644678178437,True,False,False,True,True,True
GA,n0100_i04,100,low,3,15.0,12.710215100087225,40179,476.0454134509832,0.17848343693661756,True,False,False,True,True,True
GA,n0100_i04,100,low,3,30.0,29.57005570002366,80009,475.81024252465795,0.1289943208102076,True,False,False,True,True,True
GA,n0100_i04,100,low,3,60.0,58.650384600041434,170780,475.74980894870095,0.11627674425767731,True,False,False,True,True,True
GA,n0100_i04,100,low,3,120.0,119.10243050009012,360840,475.7078181226154,0.10744024009934174,True,False,False,True,True,True
GA,n0100_i04,100,low,3,150.0,143.55912200000603,437332,475.7036746782384,0.10656829813295489,True,False,False,True,True,True
GA,n0100_i04,100,low,4,1.0,0.991774299996905,3175,478.25724751928664,0.6439394130177851,True,False,False,True,True,True
GA,n0100_i04,100,low,4,5.0,4.869113399996422,15465,477.07945183658137,0.39608535968987924,True,False,False,True,True,True
GA,n0100_i04,100,low,4,15.0,12.921290599973872,40810,476.55383286363474,0.285474669853046,True,False,False,True,True,True
GA,n0100_i04,100,low,4,30.0,29.878207299974747,80909,475.9356103564821,0.15537659214199634,True,False,False,True,True,True
GA,n0100_i04,100,low,4,60.0,59.10897419997491,172298,475.84655819427536,0.13663655116150042,True,False,False,True,True,True
GA,n0100_i04,100,low,4,120.0,95.67307040002197,287046,475.7202014278813,0.11004616950528699,True,False,False,True,True,True
GA,n0100_i04,100,low,4,150.0,95.67307040002197,287046,475.7202014278813,0.11004616950528699,True,False,False,True,True,True
GA,n0100_i04,100,low,5,1.0,0.9595486000180244,3119,477.9912515465079,0.5879635073575774,True,False,False,True,True,True
GA,n0100_i04,100,low,5,5.0,4.952040700009093,15966,477.12121567112416,0.40487409599274216,True,False,False,True,True,True
GA,n0100_i04,100,low,5,15.0,14.071227900101803,45346,476.8520563894441,0.3482325070186681,True,False,False,True,True,True
GA,n0100_i04,100,low,5,30.0,29.819687200011685,84076,476.3119229786141,0.2345674145261032,True,False,False,True,True,True
GA,n0100_i04,100,low,5,60.0,58.359204800101,175524,476.0872290902053,0.18728307496033528,True,False,False,True,True,True
GA,n0100_i04,100,low,5,120.0,117.02304610004649,362735,475.5099723856492,0.06580579656997901,True,False,True,True,True,True
GA,n0100_i04,100,low,5,150.0,145.7251597000286,454429,475.49383191636076,0.06240921361888527,True,False,True,True,True,True
HPSO,n0100_i04,100,low,1,1.0,0.9895989000797272,2541,477.0983348049943,0.40005907119921014,True,False,False,True,True,True
HPSO,n0100_i04,100,low,1,5.0,4.90895170008298,12586,476.3794861275892,0.2487853307359883,True,False,False,True,True,True
HPSO,n0100_i04,100,low,1,15.0,11.450699400040321,18563,476.3193681031305,0.23613415850047173,True,False,False,True,True,True
HPSO,n0100_i04,100,low,1,30.0,23.14756790001411,48663,476.30866887008534,0.23388262343655342,True,False,False,True,True,True
HPSO,n0100_i04,100,low,1,60.0,38.90048180008307,89133,476.07939901022434,0.18563532137313488,True,False,False,True,True,True
HPSO,n0100_i04,100,low,1,120.0,38.90048180008307,89133,476.07939901022434,0.18563532137313488,True,False,False,True,True,True
HPSO,n0100_i04,100,low,1,150.0,38.90048180008307,89133,476.07939901022434,0.18563532137313488,True,False,False,True,True,True
HPSO,n0100_i04,100,low,2,1.0,0.9937141999835148,2625,477.1318414283613,0.4071101688868628,True,False,False,True,True,True
HPSO,n0100_i04,100,low,2,5.0,4.968427399988286,13062,476.6602617923296,0.30787145883411987,True,False,False,True,True,True
HPSO,n0100_i04,100,low,2,15.0,14.983540100045502,28398,476.4231516812728,0.25797426276402774,True,False,False,True,True,True
HPSO,n0100_i04,100,low,2,30.0,22.92017310007941,48784,476.29697163114594,0.23142106908850438,True,False,False,True,True,True
HPSO,n0100_i04,100,low,2,60.0,22.92017310007941,48784,476.29697163114594,0.23142106908850438,True,False,False,True,True,True
HPSO,n0100_i04,100,low,2,120.0,22.92017310007941,48784,476.29697163114594,0.23142106908850438,True,False,False,True,True,True
HPSO,n0100_i04,100,low,2,150.0,22.92017310007941,48784,476.29697163114594,0.23142106908850438,True,False,False,True,True,True
HPSO,n0100_i04,100,low,3,1.0,0.9428487999830395,4479,476.2499121415903,0.22151792085559865,True,False,False,True,True,True
HPSO,n0100_i04,100,low,3,5.0,4.587936799973249,21785,475.8822484710932,0.14414717452647685,True,False,False,True,True,True
HPSO,n0100_i04,100,low,3,15.0,9.879914800054394,47185,475.8374506260588,0.13471996432765257,True,False,False,True,True,True
HPSO,n0100_i04,100,low,3,30.0,9.879914800054394,47185,475.8374506260588,0.13471996432765257,True,False,False,True,True,True
HPSO,n0100_i04,100,low,3,60.0,9.879914800054394,47185,475.8374506260588,0.13471996432765257,True,False,False,True,True,True
HPSO,n0100_i04,100,low,3,120.0,9.879914800054394,47185,475.8374506260588,0.13471996432765257,True,False,False,True,True,True
HPSO,n0100_i04,100,low,3,150.0,9.879914800054394,47185,475.8374506260588,0.13471996432765257,True,False,False,True,True,True
HPSO,n0100_i04,100,low,4,1.0,0.9760049000615254,2412,476.75166922801924,0.327107141026423,True,False,False,True,True,True
HPSO,n0100_i04,100,low,4,5.0,4.858061000006273,12305,476.2498270694662,0.22150001836954958,True,False,False,True,True,True
HPSO,n0100_i04,100,low,4,15.0,13.778370199957862,33827,475.6061961061947,0.08605501255345399,True,False,True,True,True,True
HPSO,n0100_i04,100,low,4,30.0,28.906424100045115,62263,475.49368582090125,0.06237846944793537,True,False,True,True,True,True
HPSO,n0100_i04,100,low,4,60.0,34.091705100028776,75426,475.47352271089846,0.05813536632294537,True,False,True,True,True,True
HPSO,n0100_i04,100,low,4,120.0,34.091705100028776,75426,475.47352271089846,0.05813536632294537,True,False,True,True,True,True
HPSO,n0100_i04,100,low,4,150.0,34.091705100028776,75426,475.47352271089846,0.05813536632294537,True,False,True,True,True,True
HPSO,n0100_i04,100,low,5,1.0,0.9840033000800759,2570,477.10177578622773,0.4007831875792041,True,False,False,True,True,True
HPSO,n0100_i04,100,low,5,5.0,4.9202596000395715,12878,476.0677339185941,0.18318053207016277,True,False,False,True,True,True
HPSO,n0100_i04,100,low,5,15.0,13.623089700005949,35540,475.86589132857705,0.1407049950950019,True,False,False,True,True,True
HPSO,n0100_i04,100,low,5,30.0,26.61873159999959,59524,475.8206653952554,0.13118769845865808,True,False,False,True,True,True
HPSO,n0100_i04,100,low,5,60.0,26.61873159999959,59524,475.8206653952554,0.13118769845865808,True,False,False,True,True,True
HPSO,n0100_i04,100,low,5,120.0,26.61873159999959,59524,475.8206653952554,0.13118769845865808,True,False,False,True,True,True
HPSO,n0100_i04,100,low,5,150.0,26.61873159999959,59524,475.8206653952554,0.13118769845865808,True,False,False,True,True,True
TS,n0100_i04,100,low,1,1.0,0.979560500010848,3250,477.21173944334555,0.423923820997735,True,False,False,True,True,True
TS,n0100_i04,100,low,1,5.0,4.965910500031896,16374,475.8312864037932,0.13342277204160177,True,False,False,True,True,True
TS,n0100_i04,100,low,1,15.0,14.916089299949817,36781,475.50973795858226,0.0657564639908249,True,False,True,True,True,True
TS,n0100_i04,100,low,1,30.0,28.626608000020497,81397,475.3819116792625,0.03885683961925213,True,False,True,True,True,True
TS,n0100_i04,100,low,1,60.0,31.44430029997602,90440,475.35913620164064,0.034063992669696036,True,False,True,True,True,True
TS,n0100_i04,100,low,1,120.0,31.44430029997602,90440,475.35913620164064,0.034063992669696036,True,False,True,True,True,True
TS,n0100_i04,100,low,1,150.0,31.44430029997602,90440,475.35913620164064,0.034063992669696036,True,False,True,True,True,True
TS,n0100_i04,100,low,2,1.0,0.9756471000146121,5226,476.4913106187045,0.2723175560542231,True,False,False,True,True,True
TS,n0100_i04,100,low,2,5.0,4.967798399971798,26501,475.9296426986088,0.15412076465469654,True,False,False,True,True,True
TS,n0100_i04,100,low,2,15.0,14.201928699971177,75831,475.581542210603,0.08086687335201505,True,False,True,True,True,True
TS,n0100_i04,100,low,2,30.0,14.201928699971177,75831,475.581542210603,0.08086687335201505,True,False,True,True,True,True
TS,n0100_i04,100,low,2,60.0,14.201928699971177,75831,475.581542210603,0.08086687335201505,True,False,True,True,True,True
TS,n0100_i04,100,low,2,120.0,73.17229030001909,394814,475.1972650401108,0.0,True,True,True,True,True,True
TS,n0100_i04,100,low,2,150.0,73.17229030001909,394814,475.1972650401108,0.0,True,True,True,True,True,True
TS,n0100_i04,100,low,3,1.0,0.9975758000509813,5754,476.85152517617985,0.34812071907220166,True,False,False,True,True,True
TS,n0100_i04,100,low,3,5.0,4.9379797000437975,27997,475.7895737896294,0.12464481450006375,True,False,False,True,True,True
TS,n0100_i04,100,low,3,15.0,12.82300109998323,72759,475.49350174388303,0.062339732478731036,True,False,True,True,True,True
TS,n0100_i04,100,low,3,30.0,12.82300109998323,72759,475.49350174388303,0.062339732478731036,True,False,True,True,True,True
TS,n0100_i04,100,low,3,60.0,12.82300109998323,72759,475.49350174388303,0.062339732478731036,True,False,True,True,True,True
TS,n0100_i04,100,low,3,120.0,12.82300109998323,72759,475.49350174388303,0.062339732478731036,True,False,True,True,True,True
TS,n0100_i04,100,low,3,150.0,12.82300109998323,72759,475.49350174388303,0.062339732478731036,True,False,True,True,True,True
TS,n0100_i04,100,low,4,1.0,0.9962509999750182,3245,476.77362554205234,0.33172760407375373,True,False,False,True,True,True
TS,n0100_i04,100,low,4,5.0,4.861611599917524,15712,475.9901855084894,0.16686132827630684,True,False,False,True,True,True
TS,n0100_i04,100,low,4,15.0,13.102921899990179,42158,475.7248823818496,0.11103122441041635,True,False,False,True,True,True
TS,n0100_i04,100,low,4,30.0,13.102921899990179,42158,475.7248823818496,0.11103122441041635,True,False,False,True,True,True
TS,n0100_i04,100,low,4,60.0,13.102921899990179,42158,475.7248823818496,0.11103122441041635,True,False,False,True,True,True
TS,n0100_i04,100,low,4,120.0,13.102921899990179,42158,475.7248823818496,0.11103122441041635,True,False,False,True,True,True
TS,n0100_i04,100,low,4,150.0,13.102921899990179,42158,475.7248823818496,0.11103122441041635,True,False,False,True,True,True
TS,n0100_i04,100,low,5,1.0,0.9979946999810636,3316,477.2938126845812,0.44119522537518535,True,False,False,True,True,True
TS,n0100_i04,100,low,5,5.0,4.830961500061676,16077,475.8996480357098,0.1478087201406183,True,False,False,True,True,True
TS,n0100_i04,100,low,5,15.0,12.978589500067756,43112,475.49983393923776,0.06367227284051019,True,False,True,True,True,True
TS,n0100_i04,100,low,5,30.0,23.081647400045767,62680,475.33054351980434,0.02804697953855197,True,False,True,True,True,True
TS,n0100_i04,100,low,5,60.0,23.081647400045767,62680,475.33054351980434,0.02804697953855197,True,False,True,True,True,True
TS,n0100_i04,100,low,5,120.0,23.081647400045767,62680,475.33054351980434,0.02804697953855197,True,False,True,True,True,True
TS,n0100_i04,100,low,5,150.0,23.081647400045767,62680,475.33054351980434,0.02804697953855197,True,False,True,True,True,True
2PGA,n0100_i05,100,medium,1,1.0,0.9125396000017645,6124,523.4316323442473,1.0572198339606127,True,False,False,False,True,True
2PGA,n0100_i05,100,medium,1,5.0,4.006295600003796,27120,520.8360158527815,0.5560927140577839,True,False,False,True,True,True
2PGA,n0100_i05,100,medium,1,15.0,14.175667000003159,94327,520.1958437087119,0.4324967884445662,True,False,False,True,True,True
2PGA,n0100_i05,100,medium,1,30.0,29.09652140000253,193585,519.7231274879973,0.34123102595733895,True,False,False,True,True,True
2PGA,n0100_i05,100,medium,1,60.0,54.945143000004464,367236,519.5380024928708,0.3054895533881735,True,False,False,True,True,True
2PGA,n0100_i05,100,medium,1,120.0,118.43339649999689,783275,519.3552541168012,0.2702069268261406,True,False,False,True,True,True
2PGA,n0100_i05,100,medium,1,150.0,145.5831537000049,961422,519.2931903077837,0.25822447180421054,True,False,False,True,True,True
2PGA,n0100_i05,100,medium,2,1.0,0.9998513000027742,6771,522.0767599528752,0.7956390875150078,True,False,False,True,True,True
2PGA,n0100_i05,100,medium,2,5.0,4.973590300010983,33490,520.5331271448189,0.49761498964376416,True,False,False,True,True,True
2PGA,n0100_i05,100,medium,2,15.0,14.897473500008346,100600,519.7529255991923,0.3469840490602411,True,False,False,True,True,True
2PGA,n0100_i05,100,medium,2,30.0,28.086777100004838,189822,519.4590123231517,0.29023918170109764,True,False,False,True,True,True
2PGA,n0100_i05,100,medium,2,60.0,58.256597900006454,390693,519.2897605307688,0.25756229606175823,True,False,False,True,True,True
2PGA,n0100_i05,100,medium,2,120.0,111.72864000000118,747705,518.9765771957373,0.19709702193441425,True,False,False,True,True,True
2PGA,n0100_i05,100,medium,2,150.0,146.29389990000345,960196,518.9620735025192,0.19429684169429037,True,False,False,True,True,True
2PGA,n0100_i05,100,medium,3,1.0,0.9923782999976538,6302,522.5941246626835,0.8955249866137461,True,False,False,True,True,True
2PGA,n0100_i05,100,medium,3,5.0,4.734247999993386,31275,520.7407186919112,0.537694005342957,True,False,False,True,True,True
2PGA,n0100_i05,100,medium,3,15.0,14.901661600000807,83417,519.9518850184512,0.38539648829330436,True,False,False,True,True,True
2PGA,n0100_i05,100,medium,3,30.0,28.853002499992726,175852,519.6731852039429,0.33158883380305226,True,False,False,True,True,True
2PGA,n0100_i05,100,medium,3,60.0,56.21266919998743,357497,519.0661858477999,0.21439746900515502,True,False,False,True,True,True
2PGA,n0100_i05,100,medium,3,120.0,108.6859262999933,706383,518.9761847599874,0.1970212556578012,True,False,False,True,True,True
2PGA,n0100_i05,100,medium,3,150.0,108.6859262999933,706383,518.9761847599874,0.1970212556578012,True,False,False,True,True,True
2PGA,n0100_i05,100,medium,4,1.0,0.933747700008098,6231,522.4890407878303,0.8752367892908487,True,False,False,True,True,True
2PGA,n0100_i05,100,medium,4,5.0,4.7665866000024835,31517,520.5306269320976,0.4971322818152784,True,False,False,True,True,True
2PGA,n0100_i05,100,medium,4,15.0,14.869419700000435,88359,519.4043343354709,0.2796826828582882,True,False,False,True,True,True
2PGA,n0100_i05,100,medium,4,30.0,26.787589300001855,166438,519.0921413603875,0.219408614261535,True,False,False,True,True,True
2PGA,n0100_i05,100,medium,4,60.0,57.286628700006986,363293,519.0036828694101,0.20233022500018397,True,False,False,True,True,True
2PGA,n0100_i05,100,medium,4,120.0,101.34467590000713,654161,518.474096383551,0.10008470788676405,True,False,False,True,True,True
2PGA,n0100_i05,100,medium,4,150.0,149.47935760000837,972310,518.432015016323,0.09196019703168704,True,False,True,True,True,True
2PGA,n0100_i05,100,medium,5,1.0,0.9185837999975774,6294,522.9415823719899,0.962607501201408,True,False,False,True,True,True
2PGA,n0100_i05,100,medium,5,5.0,4.999706699993112,33796,521.0600266587917,0.5993417419523405,True,False,False,True,True,True
2PGA,n0100_i05,100,medium,5,15.0,14.769988899992313,90420,520.3699468283202,0.46611030383956337,True,False,False,True,True,True
2PGA,n0100_i05,100,medium,5,30.0,28.308039199997438,180208,520.0318203442066,0.400829338140732,True,False,False,True,True,True
2PGA,n0100_i05,100,medium,5,60.0,56.414374899992254,369792,519.403104746385,0.279445290146643,True,False,False,True,True,True
2PGA,n0100_i05,100,medium,5,120.0,98.22449529998994,648584,519.3785976244488,0.27471378089889714,True,False,False,True,True,True
2PGA,n0100_i05,100,medium,5,150.0,149.42550039998605,990556,519.34025253415,0.26731062071437955,True,False,False,True,True,True
ACO,n0100_i05,100,medium,1,1.0,0.5281479000004765,322,523.7647941078266,1.121542277431427,True,False,False,False,True,True
ACO,n0100_i05,100,medium,1,5.0,3.5731555000020307,2128,523.2178406982503,1.0159437856036828,True,False,False,False,True,True
ACO,n0100_i05,100,medium,1,15.0,9.489040500000556,5605,522.8018037074202,0.9356208951947108,True,False,False,True,True,True
ACO,n0100_i05,100,medium,1,30.0,28.088775399999577,16412,522.6978773463167,0.9155561752358813,True,False,False,True,True,True
ACO,n0100_i05,100,medium,1,60.0,53.157195700001466,31012,522.071026976885,0.79453224073857,True,False,False,True,True,True
ACO,n0100_i05,100,medium,1,120.0,53.157195700001466,31012,522.071026976885,0.79453224073857,True,False,False,True,True,True
ACO,n0100_i05,100,medium,1,150.0,147.808907300001,86156,521.4463454857656,0.6739270444275773,True,False,False,True,True,True
ACO,n0100_i05,100,medium,2,1.0,0.5503018999988853,340,523.7582405486744,1.120277003368854,True,False,False,False,True,True
ACO,n0100_i05,100,medium,2,5.0,1.0107123000016145,608,523.3911150122968,1.0493972862409306,True,False,False,False,True,True
ACO,n0100_i05,100,medium,2,15.0,6.826202700001886,4084,523.0144771501348,0.9766810557299104,True,False,False,True,True,True
ACO,n0100_i05,100,medium,2,30.0,25.931877999999415,15219,522.5925844316926,0.8952276192934918,True,False,False,True,True,True
ACO,n0100_i05,100,medium,2,60.0,25.931877999999415,15219,522.5925844316926,0.8952276192934918,True,False,False,True,True,True
ACO,n0100_i05,100,medium,2,120.0,77.56950359999973,45426,522.5152503125904,0.880296975840076,True,False,False,True,True,True
ACO,n0100_i05,100,medium,2,150.0,134.88717960000213,78981,522.4658602149733,0.8707613925010277,True,False,False,True,True,True
ACO,n0100_i05,100,medium,3,1.0,0.3676716000009037,224,523.574822291748,1.0848650451179545,True,False,False,False,True,True
ACO,n0100_i05,100,medium,3,5.0,0.3676716000009037,224,523.574822291748,1.0848650451179545,True,False,False,False,True,True
ACO,n0100_i05,100,medium,3,15.0,14.852076000002853,8640,523.2749564370572,1.0269709330207042,True,False,False,False,True,True
ACO,n0100_i05,100,medium,3,30.0,27.347981300001265,15842,522.9666688214062,0.9674508592960767,True,False,False,True,True,True
ACO,n0100_i05,100,medium,3,60.0,33.675670500000706,19524,522.4294242464684,0.8637268201681172,True,False,False,True,True,True
ACO,n0100_i05,100,medium,3,120.0,112.7792225000012,66055,522.2901099041659,0.8368298593309591,True,False,False,True,True,True
ACO,n0100_i05,100,medium,3,150.0,139.3310300000012,81813,522.107498294038,0.8015736377184494,True,False,False,True,True,True
ACO,n0100_i05,100,medium,4,1.0,0.9779219000010926,509,524.053895761828,1.1773581807843452,True,False,False,False,True,True
ACO,n0100_i05,100,medium,4,5.0,3.700270700002875,2152,523.4019944026224,1.0514977342686338,True,False,False,False,True,True
ACO,n0100_i05,100,medium,4,15.0,14.592385600000853,8720,523.0882258068511,0.9909194657795023,True,False,False,True,True,True
ACO,n0100_i05,100,medium,4,30.0,25.53885799999989,15263,522.1903006417583,0.8175600140458843,True,False,False,True,True,True
ACO,n0100_i05,100,medium,4,60.0,25.53885799999989,15263,522.1903006417583,0.8175600140458843,True,False,False,True,True,True
ACO,n0100_i05,100,medium,4,120.0,25.53885799999989,15263,522.1903006417583,0.8175600140458843,True,False,False,True,True,True
ACO,n0100_i05,100,medium,4,150.0,25.53885799999989,15263,522.1903006417583,0.8175600140458843,True,False,False,True,True,True
ACO,n0100_i05,100,medium,5,1.0,0.8710422000003746,479,523.76789571657,1.1221410948074868,True,False,False,False,True,True
ACO,n0100_i05,100,medium,5,5.0,2.696823800000857,1575,523.6855007502644,1.1062333702669045,True,False,False,False,True,True
ACO,n0100_i05,100,medium,5,15.0,9.908924900002603,5934,522.6403567418905,0.9044508617483459,True,False,False,True,True,True
ACO,n0100_i05,100,medium,5,30.0,9.908924900002603,5934,522.6403567418905,0.9044508617483459,True,False,False,True,True,True
ACO,n0100_i05,100,medium,5,60.0,9.908924900002603,5934,522.6403567418905,0.9044508617483459,True,False,False,True,True,True
ACO,n0100_i05,100,medium,5,120.0,107.62664270000096,63875,522.4429188783396,0.8663321842602194,True,False,False,True,True,True
ACO,n0100_i05,100,medium,5,150.0,120.26967910000167,71363,522.3229040866103,0.8431613240338353,True,False,False,True,True,True
BRKGA-R-LS,n0100_i05,100,medium,1,1.0,0.9985044000204653,4265,524.1342241304943,1.192866914130967,True,False,False,False,True,True
BRKGA-R-LS,n0100_i05,100,medium,1,5.0,4.966704999911599,21142,523.0199051117705,0.9777290143903704,True,False,False,True,True,True
BRKGA-R-LS,n0100_i05,100,medium,1,15.0,12.55396159994416,53140,520.2945894173506,0.451561296909351,True,False,False,True,True,True
BRKGA-R-LS,n0100_i05,100,medium,1,30.0,25.068405699916184,87965,520.1267841692874,0.41916369081345695,True,False,False,True,True,True
BRKGA-R-LS,n0100_i05,100,medium,1,60.0,58.70033949997742,218098,519.7189543354124,0.3404253291440069,True,False,False,True,True,True
BRKGA-R-LS,n0100_i05,100,medium,1,120.0,58.70033949997742,218098,519.7189543354124,0.3404253291440069,True,False,False,True,True,True
BRKGA-R-LS,n0100_i05,100,medium,1,150.0,58.70033949997742,218098,519.7189543354124,0.3404253291440069,True,False,False,True,True,True
BRKGA-R-LS,n0100_i05,100,medium,2,1.0,0.9237732000183314,6977,523.8958639477153,1.1468474993644493,True,False,False,False,True,True
BRKGA-R-LS,n0100_i05,100,medium,2,5.0,4.990535099990666,22372,522.9597214595431,0.966109555042217,True,False,False,True,True,True
BRKGA-R-LS,n0100_i05,100,medium,2,15.0,10.97696470003575,67108,519.9680653350731,0.38852036868723305,True,False,False,True,True,True
BRKGA-R-LS,n0100_i05,100,medium,2,30.0,17.70769139996264,112126,519.5413874538264,0.30614307664179774,True,False,False,True,True,True
BRKGA-R-LS,n0100_i05,100,medium,2,60.0,17.70769139996264,112126,519.5413874538264,0.30614307664179774,True,False,False,True,True,True
BRKGA-R-LS,n0100_i05,100,medium,2,120.0,17.70769139996264,112126,519.5413874538264,0.30614307664179774,True,False,False,True,True,True
BRKGA-R-LS,n0100_i05,100,medium,2,150.0,17.70769139996264,112126,519.5413874538264,0.30614307664179774,True,False,False,True,True,True
BRKGA-R-LS,n0100_i05,100,medium,3,1.0,0.9850998999318108,4157,524.1431218958949,1.1945847763665507,True,False,False,False,True,True
BRKGA-R-LS,n0100_i05,100,medium,3,5.0,4.919171900022775,21142,523.0199051117705,0.9777290143903704,True,False,False,True,True,True
BRKGA-R-LS,n0100_i05,100,medium,3,15.0,14.83159059996251,45818,521.2311076414393,0.6323717833264115,True,False,False,True,True,True
BRKGA-R-LS,n0100_i05,100,medium,3,30.0,28.350759399938397,100207,520.3000294480549,0.4526115857050994,True,False,False,True,True,True
BRKGA-R-LS,n0100_i05,100,medium,3,60.0,43.14694679994136,159219,519.945594538776,0.38418200611815095,True,False,False,True,True,True
BRKGA-R-LS,n0100_i05,100,medium,3,120.0,43.14694679994136,159219,519.945594538776,0.38418200611815095,True,False,False,True,True,True
BRKGA-R-LS,n0100_i05,100,medium,3,150.0,43.14694679994136,159219,519.945594538776,0.38418200611815095,True,False,False,True,True,True
BRKGA-R-LS,n0100_i05,100,medium,4,1.0,0.9859857999254018,4265,524.1342241304943,1.192866914130967,True,False,False,False,True,True
BRKGA-R-LS,n0100_i05,100,medium,4,5.0,4.986958299996331,21536,523.0095526710287,0.9757303027817897,True,False,False,True,True,True
BRKGA-R-LS,n0100_i05,100,medium,4,15.0,12.14058429992292,51995,520.8555603731147,0.5598661101725978,True,False,False,True,True,True
BRKGA-R-LS,n0100_i05,100,medium,4,30.0,28.46726689999923,100310,519.9158503738668,0.3784393982467973,True,False,False,True,True,True
BRKGA-R-LS,n0100_i05,100,medium,4,60.0,28.46726689999923,100310,519.9158503738668,0.3784393982467973,True,False,False,True,True,True
BRKGA-R-LS,n0100_i05,100,medium,4,120.0,28.46726689999923,100310,519.9158503738668,0.3784393982467973,True,False,False,True,True,True
BRKGA-R-LS,n0100_i05,100,medium,4,150.0,28.46726689999923,100310,519.9158503738668,0.3784393982467973,True,False,False,True,True,True
BRKGA-R-LS,n0100_i05,100,medium,5,1.0,0.9939912999980152,4157,524.1431218958949,1.1945847763665507,True,False,False,False,True,True
BRKGA-R-LS,n0100_i05,100,medium,5,5.0,4.10804870002903,15045,523.341045336222,1.03973049892919,True,False,False,False,True,True
BRKGA-R-LS,n0100_i05,100,medium,5,15.0,14.992829199996777,49175,520.9910980901344,0.5860339304155382,True,False,False,True,True,True
BRKGA-R-LS,n0100_i05,100,medium,5,30.0,16.407308600028045,55034,520.8810652422599,0.5647902511850441,True,False,False,True,True,True
BRKGA-R-LS,n0100_i05,100,medium,5,60.0,55.623846500064246,207067,520.3217457358802,0.45680427781066785,True,False,False,True,True,True
BRKGA-R-LS,n0100_i05,100,medium,5,120.0,100.58220920001622,379065,520.1361603122252,0.42097391182326316,True,False,False,True,True,True
BRKGA-R-LS,n0100_i05,100,medium,5,150.0,100.58220920001622,379065,520.1361603122252,0.42097391182326316,True,False,False,True,True,True
GA,n0100_i05,100,medium,1,1.0,0.9818877000361681,3927,521.3259584994719,0.6506843258235303,True,False,False,True,True,True
GA,n0100_i05,100,medium,1,5.0,4.933998599997722,19630,519.9655238869124,0.3880296996683845,True,False,False,True,True,True
GA,n0100_i05,100,medium,1,15.0,14.832604800001718,59154,519.1690765805178,0.23426224360536996,True,False,False,True,True,True
GA,n0100_i05,100,medium,1,30.0,29.87968929996714,103127,518.740760511686,0.15156867208295483,True,False,False,True,True,True
GA,n0100_i05,100,medium,1,60.0,59.48360679997131,221377,518.2188087069572,0.050797157688672864,True,False,True,True,True,True
GA,n0100_i05,100,medium,1,120.0,82.8897104000207,314950,518.2018654331156,0.047525975659311465,True,False,True,True,True,True
GA,n0100_i05,100,medium,1,150.0,82.8897104000207,314950,518.2018654331156,0.047525975659311465,True,False,True,True,True,True
GA,n0100_i05,100,medium,2,1.0,0.7859201999381185,3199,522.2094042979231,0.8212482939689643,True,False,False,True,True,True
GA,n0100_i05,100,medium,2,5.0,4.895465999958105,4358,522.1039064086269,0.8008801642423039,True,False,False,True,True,True
GA,n0100_i05,100,medium,2,15.0,14.967245399951935,44951,520.1393419055483,0.4215881715584588,True,False,False,True,True,True
GA,n0100_i05,100,medium,2,30.0,29.980237999930978,105577,519.4101430222395,0.28080414686512817,True,False,False,True,True,True
GA,n0100_i05,100,medium,2,60.0,58.32859809999354,219627,518.9879833163392,0.19929916404026748,True,False,False,True,True,True
GA,n0100_i05,100,medium,2,120.0,117.99993559997529,459699,518.7821101277149,0.15955190614615078,True,False,False,True,True,True
GA,n0100_i05,100,medium,2,150.0,123.90908469993155,483668,518.7816422749427,0.15946157935363586,True,False,False,True,True,True
GA,n0100_i05,100,medium,3,1.0,0.9701705999905244,6613,521.6241701421659,0.7082590646634549,True,False,False,True,True,True
GA,n0100_i05,100,medium,3,5.0,4.655144799966365,16192,520.0184082890531,0.3982399168633051,True,False,False,True,True,True
GA,n0100_i05,100,medium,3,15.0,14.426303199958056,81740,519.1385078358586,0.22836043683982818,True,False,False,True,True,True
GA,n0100_i05,100,medium,3,30.0,28.375321300001815,175474,518.6126258925436,0.1268301435438741,True,False,False,True,True,True
GA,n0100_i05,100,medium,3,60.0,57.20722579990979,370917,518.423577306436,0.09033115619758017,True,False,True,True,True,True
GA,n0100_i05,100,medium,3,120.0,95.91599409992341,633521,518.3934507520611,0.08451472165260195,True,False,True,True,True,True
GA,n0100_i05,100,medium,3,150.0,95.91599409992341,633521,518.3934507520611,0.08451472165260195,True,False,True,True,True,True
GA,n0100_i05,100,medium,4,1.0,0.9433568998938426,3739,522.2196060827246,0.8232179189317516,True,False,False,True,True,True
GA,n0100_i05,100,medium,4,5.0,4.820305999950506,19041,519.876913680502,0.37092201920848455,True,False,False,True,True,True
GA,n0100_i05,100,medium,4,15.0,11.19157989998348,44422,519.4013720210417,0.27911075857630196,True,False,False,True,True,True
GA,n0100_i05,100,medium,4,30.0,28.578796199988574,97907,519.0927853260575,0.21953294259070727,True,False,False,True,True,True
GA,n0100_i05,100,medium,4,60.0,54.642594999982975,202268,518.8128628484297,0.16548923256231843,True,False,False,True,True,True
GA,n0100_i05,100,medium,4,120.0,97.74026699992828,375700,518.7889523135779,0.16087290441636068,True,False,False,True,True,True
GA,n0100_i05,100,medium,4,150.0,97.74026699992828,375700,518.7889523135779,0.16087290441636068,True,False,False,True,True,True
GA,n0100_i05,100,medium,5,1.0,0.8962067000102252,3636,521.1733989249665,0.6212301516661143,True,False,False,True,True,True
GA,n0100_i05,100,medium,5,5.0,2.989476599963382,12066,520.2067144814602,0.434595572705017,True,False,False,True,True,True
GA,n0100_i05,100,medium,5,15.0,14.928441199939698,44089,518.9289509235729,0.18790197456130522,True,False,False,True,True,True
GA,n0100_i05,100,medium,5,30.0,28.95862319995649,99744,518.6268190810945,0.12957037567142846,True,False,False,True,True,True
GA,n0100_i05,100,medium,5,60.0,56.959816099959426,211425,518.4842413871834,0.10204337029641163,True,False,False,True,True,True
GA,n0100_i05,100,medium,5,120.0,56.959816099959426,211425,518.4842413871834,0.10204337029641163,True,False,False,True,True,True
GA,n0100_i05,100,medium,5,150.0,56.959816099959426,211425,518.4842413871834,0.10204337029641163,True,False,False,True,True,True
HPSO,n0100_i05,100,medium,1,1.0,0.844351000036113,2441,521.2159483512307,0.6294450291364314,True,False,False,True,True,True
HPSO,n0100_i05,100,medium,1,5.0,4.871482799993828,14746,519.9899592406889,0.3927473528741279,True,False,False,True,True,True
HPSO,n0100_i05,100,medium,1,15.0,14.624145800014958,44563,519.8282499485881,0.36152667290139634,True,False,False,True,True,True
HPSO,n0100_i05,100,medium,1,30.0,14.624145800014958,44563,519.8282499485881,0.36152667290139634,True,False,False,True,True,True
HPSO,n0100_i05,100,medium,1,60.0,14.624145800014958,44563,519.8282499485881,0.36152667290139634,True,False,False,True,True,True
HPSO,n0100_i05,100,medium,1,120.0,14.624145800014958,44563,519.8282499485881,0.36152667290139634,True,False,False,True,True,True
HPSO,n0100_i05,100,medium,1,150.0,14.624145800014958,44563,519.8282499485881,0.36152667290139634,True,False,False,True,True,True
HPSO,n0100_i05,100,medium,2,1.0,0.4296767999185249,1328,521.7007246889501,0.7230391986592055,True,False,False,True,True,True
HPSO,n0100_i05,100,medium,2,5.0,4.911384899984114,3903,520.9574220758933,0.5795322133545082,True,False,False,True,True,True
HPSO,n0100_i05,100,medium,2,15.0,13.670832099975087,30814,520.0075308123645,0.3961398382951881,True,False,False,True,True,True
HPSO,n0100_i05,100,medium,2,30.0,18.8981348000234,46777,519.9746192551592,0.3897857124341208,True,False,False,True,True,True
HPSO,n0100_i05,100,medium,2,60.0,18.8981348000234,46777,519.9746192551592,0.3897857124341208,True,False,False,True,True,True
HPSO,n0100_i05,100,medium,2,120.0,18.8981348000234,46777,519.9746192551592,0.3897857124341208,True,False,False,True,True,True
HPSO,n0100_i05,100,medium,2,150.0,18.8981348000234,46777,519.9746192551592,0.3897857124341208,True,False,False,True,True,True
HPSO,n0100_i05,100,medium,3,1.0,0.9425230999477208,5204,519.508676639336,0.29982770751500104,True,False,False,True,True,True
HPSO,n0100_i05,100,medium,3,5.0,4.944939099950716,17868,518.75431978483,0.15418651625254545,True,False,False,True,True,True
HPSO,n0100_i05,100,medium,3,15.0,10.012867499957792,46157,518.4715044142822,0.09958428492412023,True,False,True,True,True,True
HPSO,n0100_i05,100,medium,3,30.0,10.012867499957792,46157,518.4715044142822,0.09958428492412023,True,False,True,True,True,True
HPSO,n0100_i05,100,medium,3,60.0,10.012867499957792,46157,518.4715044142822,0.09958428492412023,True,False,True,True,True,True
HPSO,n0100_i05,100,medium,3,120.0,10.012867499957792,46157,518.4715044142822,0.09958428492412023,True,False,True,True,True,True
HPSO,n0100_i05,100,medium,3,150.0,10.012867499957792,46157,518.4715044142822,0.09958428492412023,True,False,True,True,True,True
HPSO,n0100_i05,100,medium,4,1.0,0.9921858999878168,3060,520.1887341051606,0.4311241607227846,True,False,False,True,True,True
HPSO,n0100_i05,100,medium,4,5.0,4.705234199995175,14226,519.264800444952,0.25274333457070813,True,False,False,True,True,True
HPSO,n0100_i05,100,medium,4,15.0,14.68488429998979,32765,518.9689019022945,0.19561517833001005,True,False,False,True,True,True
HPSO,n0100_i05,100,medium,4,30.0,23.484511099988595,59658,518.8477330086221,0.1722214994458067,True,False,False,True,True,True
HPSO,n0100_i05,100,medium,4,60.0,23.484511099988595,59658,518.8477330086221,0.1722214994458067,True,False,False,True,True,True
HPSO,n0100_i05,100,medium,4,120.0,23.484511099988595,59658,518.8477330086221,0.1722214994458067,True,False,False,True,True,True
HPSO,n0100_i05,100,medium,4,150.0,23.484511099988595,59658,518.8477330086221,0.1722214994458067,True,False,False,True,True,True
HPSO,n0100_i05,100,medium,5,1.0,0.97785359993577,2871,520.3084072033106,0.4542290512961523,True,False,False,True,True,True
HPSO,n0100_i05,100,medium,5,5.0,4.760329799959436,10442,519.4122624823227,0.2812133440368803,True,False,False,True,True,True
HPSO,n0100_i05,100,medium,5,15.0,14.929208899964578,35198,518.8246188926781,0.16775893327311844,True,False,False,True,True,True
HPSO,n0100_i05,100,medium,5,30.0,28.0565766999498,75110,518.4263012313535,0.09085705540234928,True,False,True,True,True,True
HPSO,n0100_i05,100,medium,5,60.0,48.94330849999096,139204,518.2795347501291,0.06252133466853445,True,False,True,True,True,True
HPSO,n0100_i05,100,medium,5,120.0,48.94330849999096,139204,518.2795347501291,0.06252133466853445,True,False,True,True,True,True
HPSO,n0100_i05,100,medium,5,150.0,48.94330849999096,139204,518.2795347501291,0.06252133466853445,True,False,True,True,True,True
TS,n0100_i05,100,medium,1,1.0,0.9930726999882609,4121,520.009593703658,0.3965381139171702,True,False,False,True,True,True
TS,n0100_i05,100,medium,1,5.0,4.519666600041091,19115,518.7666676891516,0.15657048543669022,True,False,False,True,True,True
TS,n0100_i05,100,medium,1,15.0,14.773399900062941,61468,518.3384846620353,0.07390259983972422,True,False,True,True,True,True
TS,n0100_i05,100,medium,1,30.0,18.92772779997904,63365,518.3018866997245,0.06683675189669344,True,False,True,True,True,True
TS,n0100_i05,100,medium,1,60.0,18.92772779997904,63365,518.3018866997245,0.06683675189669344,True,False,True,True,True,True
TS,n0100_i05,100,medium,1,120.0,18.92772779997904,63365,518.3018866997245,0.06683675189669344,True,False,True,True,True,True
TS,n0100_i05,100,medium,1,150.0,18.92772779997904,63365,518.3018866997245,0.06683675189669344,True,False,True,True,True,True
TS,n0100_i05,100,medium,2,1.0,0.7758701000129804,2760,521.7329513987993,0.7292611032987228,True,False,False,True,True,True
TS,n0100_i05,100,medium,2,5.0,4.976391999982297,4690,520.7990512581497,0.5489560816210806,True,False,False,True,True,True
TS,n0100_i05,100,medium,2,15.0,12.371309999958612,35384,518.6459805728381,0.13326982171905738,True,False,False,True,True,True
TS,n0100_i05,100,medium,2,30.0,15.145844400045462,46840,518.5754891526884,0.11966027559635053,True,False,False,True,True,True
TS,n0100_i05,100,medium,2,60.0,35.54173970001284,130237,518.2949152087266,0.06549078911032184,True,False,True,True,True,True
TS,n0100_i05,100,medium,2,120.0,35.54173970001284,130237,518.2949152087266,0.06549078911032184,True,False,True,True,True,True
TS,n0100_i05,100,medium,2,150.0,35.54173970001284,130237,518.2949152087266,0.06549078911032184,True,False,True,True,True,True
TS,n0100_i05,100,medium,3,1.0,0.9806654000421986,6796,519.7228239932263,0.34117243122232044,True,False,False,True,True,True
TS,n0100_i05,100,medium,3,5.0,4.197656100033782,14416,518.7374223811697,0.15092419022789014,True,False,False,True,True,True
TS,n0100_i05,100,medium,3,15.0,10.175327100092545,54985,518.2344606450101,0.05381902577401148,True,False,True,True,True,True
TS,n0100_i05,100,medium,3,30.0,10.175327100092545,54985,518.2344606450101,0.05381902577401148,True,False,True,True,True,True
TS,n0100_i05,100,medium,3,60.0,10.175327100092545,54985,518.2344606450101,0.05381902577401148,True,False,True,True,True,True
TS,n0100_i05,100,medium,3,120.0,10.175327100092545,54985,518.2344606450101,0.05381902577401148,True,False,True,True,True,True
TS,n0100_i05,100,medium,3,150.0,10.175327100092545,54985,518.2344606450101,0.05381902577401148,True,False,True,True,True,True
TS,n0100_i05,100,medium,4,1.0,0.998232499929145,4206,521.3819366833642,0.6614918492629818,True,False,False,True,True,True
TS,n0100_i05,100,medium,4,5.0,4.8411883999360725,19991,519.4318865248351,0.2850020932367075,True,False,False,True,True,True
TS,n0100_i05,100,medium,4,15.0,10.540617999969982,43575,518.8637686401056,0.17531744595700638,True,False,False,True,True,True
TS,n0100_i05,100,medium,4,30.0,28.81522370001767,101411,518.3186275802092,0.07006885850778709,True,False,True,True,True,True
TS,n0100_i05,100,medium,4,60.0,35.95008179999422,130468,517.9557019322892,0.0,True,True,True,True,True,True
TS,n0100_i05,100,medium,4,120.0,35.95008179999422,130468,517.9557019322892,0.0,True,True,True,True,True,True
TS,n0100_i05,100,medium,4,150.0,35.95008179999422,130468,517.9557019322892,0.0,True,True,True,True,True,True
TS,n0100_i05,100,medium,5,1.0,0.9848641999997199,4129,520.4317482333299,0.47804209738468767,True,False,False,True,True,True
TS,n0100_i05,100,medium,5,5.0,4.744534499943256,13749,519.3960643118506,0.2780860166589499,True,False,False,True,True,True
TS,n0100_i05,100,medium,5,15.0,14.96517869993113,44544,518.7521402796209,0.15376572636626537,True,False,False,True,True,True
TS,n0100_i05,100,medium,5,30.0,25.85343609994743,89540,518.4724471863101,0.09976630281182115,True,False,True,True,True,True
TS,n0100_i05,100,medium,5,60.0,25.85343609994743,89540,518.4724471863101,0.09976630281182115,True,False,True,True,True,True
TS,n0100_i05,100,medium,5,120.0,65.01867939997464,251727,518.2170673443433,0.05046095854896114,True,False,True,True,True,True
TS,n0100_i05,100,medium,5,150.0,65.01867939997464,251727,518.2170673443433,0.05046095854896114,True,False,True,True,True,True
2PGA,n0100_i06,100,low,1,1.0,0.8062399999907939,4395,336.76449971484516,0.8297698623683337,True,False,False,True,True,True
2PGA,n0100_i06,100,low,1,5.0,4.441506899995147,24435,336.03896933017626,0.6125407251633589,True,False,False,True,True,True
2PGA,n0100_i06,100,low,1,15.0,14.911674299990409,70431,335.45950036319647,0.43904345145300633,True,False,False,True,True,True
2PGA,n0100_i06,100,low,1,30.0,29.935510700001032,145153,335.1572549289967,0.34854894387242297,True,False,False,True,True,True
2PGA,n0100_i06,100,low,1,60.0,59.92486439998902,301343,334.7498279809501,0.22656231689110942,True,False,False,True,True,True
2PGA,n0100_i06,100,low,1,120.0,118.70709999999963,609812,334.57252915179845,0.17347774249159337,True,False,False,True,True,True
2PGA,n0100_i06,100,low,1,150.0,148.07038869999815,765490,334.5156531850502,0.1564486594297494,True,False,False,True,True,True
2PGA,n0100_i06,100,low,2,1.0,0.9493741000042064,5015,336.7245680696168,0.8178140338828165,True,False,False,True,True,True
2PGA,n0100_i06,100,low,2,5.0,4.736569200002123,25346,336.0364437593735,0.6117845506763623,True,False,False,True,True,True
2PGA,n0100_i06,100,low,2,15.0,14.617770299999393,67135,335.2702013894545,0.3823659454399063,True,False,False,True,True,True
2PGA,n0100_i06,100,low,2,30.0,28.333028400011244,140109,334.9288971454268,0.28017694271692944,True,False,False,True,True,True
2PGA,n0100_i06,100,low,2,60.0,58.7029210000037,303355,334.59755185092973,0.18096972278309992,True,False,False,True,True,True
2PGA,n0100_i06,100,low,2,120.0,119.79031870000472,630199,334.3662243043635,0.11170855272851579,True,False,False,True,True,True
2PGA,n0100_i06,100,low,2,150.0,148.87162660001195,784198,334.3441990986586,0.10511404403094876,True,False,False,True,True,True
2PGA,n0100_i06,100,low,3,1.0,0.8093348999973387,4440,337.40789624972155,1.0224075204254122,True,False,False,False,True,True
2PGA,n0100_i06,100,low,3,5.0,4.715054699991015,26284,336.0639744412493,0.6200274394607723,True,False,False,True,True,True
2PGA,n0100_i06,100,low,3,15.0,14.87839639998856,75156,335.6243311678696,0.4883950075567417,True,False,False,True,True,True
2PGA,n0100_i06,100,low,3,30.0,28.79529409999668,151355,335.27035464477615,0.3824118312111993,True,False,False,True,True,True
2PGA,n0100_i06,100,low,3,60.0,39.68710329999158,210162,335.1667336989319,0.3513869573564989,True,False,False,True,True,True
2PGA,n0100_i06,100,low,3,120.0,112.00598499999614,588815,335.12934311013635,0.3401919398695948,True,False,False,True,True,True
2PGA,n0100_i06,100,low,3,150.0,129.80928049999056,684116,335.1289051984742,0.34006082589483044,True,False,False,True,True,True
2PGA,n0100_i06,100,low,4,1.0,0.8090079999965383,4477,336.9285489585064,0.8788874133526654,True,False,False,True,True,True
2PGA,n0100_i06,100,low,4,5.0,4.510312300000805,24722,335.497270103123,0.4503519895791443,True,False,False,True,True,True
2PGA,n0100_i06,100,low,4,15.0,13.78391090000514,67458,335.1045568497985,0.3327707510930712,True,False,False,True,True,True
2PGA,n0100_i06,100,low,4,30.0,27.346719699999085,139570,334.9635839608082,0.29056243054336917,True,False,False,True,True,True
2PGA,n0100_i06,100,low,4,60.0,50.430764999997336,265070,334.68432037312925,0.20694885696168316,True,False,False,True,True,True
2PGA,n0100_i06,100,low,4,120.0,118.0477239000029,633732,334.62915429388056,0.1904317268022845,True,False,False,True,True,True
2PGA,n0100_i06,100,low,4,150.0,137.12166960000468,738954,334.60209265013026,0.18232927148484254,True,False,False,True,True,True
2PGA,n0100_i06,100,low,5,1.0,0.7587947999854805,4199,336.715673635076,0.8151509747166447,True,False,False,True,True,True
2PGA,n0100_i06,100,low,5,5.0,4.439945399994031,24298,335.82625235502155,0.5488516971665559,True,False,False,True,True,True
2PGA,n0100_i06,100,low,5,15.0,14.975408099999186,75775,335.2778418050098,0.3846535420920149,True,False,False,True,True,True
2PGA,n0100_i06,100,low,5,30.0,29.409470099999453,154244,334.8674244358422,0.2617715610170289,True,False,False,True,True,True
2PGA,n0100_i06,100,low,5,60.0,59.87075649999315,319524,334.60534857729465,0.18330412004207458,True,False,False,True,True,True
2PGA,n0100_i06,100,low,5,120.0,116.5807907999988,630159,334.4260823185556,0.1296304827434498,True,False,False,True,True,True
2PGA,n0100_i06,100,low,5,150.0,116.5807907999988,630159,334.4260823185556,0.1296304827434498,True,False,False,True,True,True
ACO,n0100_i06,100,low,1,1.0,0.3883335000027728,233,337.6278192029574,1.088254071297023,True,False,False,False,True,True
ACO,n0100_i06,100,low,1,5.0,3.8428902000014205,2142,337.37801370140704,1.0134604655190789,True,False,False,False,True,True
ACO,n0100_i06,100,low,1,15.0,3.8428902000014205,2142,337.37801370140704,1.0134604655190789,True,False,False,False,True,True
ACO,n0100_i06,100,low,1,30.0,3.8428902000014205,2142,337.37801370140704,1.0134604655190789,True,False,False,False,True,True
ACO,n0100_i06,100,low,1,60.0,52.36868510000204,29962,336.74917785551867,0.8251823849143212,True,False,False,True,True,True
ACO,n0100_i06,100,low,1,120.0,52.36868510000204,29962,336.74917785551867,0.8251823849143212,True,False,False,True,True,True
ACO,n0100_i06,100,low,1,150.0,52.36868510000204,29962,336.74917785551867,0.8251823849143212,True,False,False,True,True,True
ACO,n0100_i06,100,low,2,1.0,0.5480644999988726,331,337.6708736167037,1.1011448796609495,True,False,False,False,True,True
ACO,n0100_i06,100,low,2,5.0,1.9966190999984974,1151,337.3998198957558,1.0199894006046384,True,False,False,False,True,True
ACO,n0100_i06,100,low,2,15.0,1.9966190999984974,1151,337.3998198957558,1.0199894006046384,True,False,False,False,True,True
ACO,n0100_i06,100,low,2,30.0,26.227959499999997,15130,337.39818305580724,1.0194993186766008,True,False,False,False,True,True
ACO,n0100_i06,100,low,2,60.0,26.227959499999997,15130,337.39818305580724,1.0194993186766008,True,False,False,False,True,True
ACO,n0100_i06,100,low,2,120.0,115.9773189999978,66596,336.76350934947146,0.8294733396861806,True,False,False,True,True,True
ACO,n0100_i06,100,low,2,150.0,115.9773189999978,66596,336.76350934947146,0.8294733396861806,True,False,False,True,True,True
ACO,n0100_i06,100,low,3,1.0,0.17096899999887682,110,337.63591468207267,1.0906779173283194,True,False,False,False,True,True
ACO,n0100_i06,100,low,3,5.0,2.6378559000004316,1438,337.5155359847794,1.0546356493496822,True,False,False,False,True,True
ACO,n0100_i06,100,low,3,15.0,8.030347500000062,4574,337.4378243416572,1.0313682114271199,True,False,False,False,True,True
ACO,n0100_i06,100,low,3,30.0,20.19894959999874,11566,337.4022854489385,1.020727605374466,True,False,False,False,True,True
ACO,n0100_i06,100,low,3,60.0,20.19894959999874,11566,337.4022854489385,1.020727605374466,True,False,False,False,True,True
ACO,n0100_i06,100,low,3,120.0,20.19894959999874,11566,337.4022854489385,1.020727605374466,True,False,False,False,True,True
ACO,n0100_i06,100,low,3,150.0,20.19894959999874,11566,337.4022854489385,1.020727605374466,True,False,False,False,True,True
ACO,n0100_i06,100,low,4,1.0,0.03400579999652109,22,337.59192200127535,1.0775061849035001,True,False,False,False,True,True
ACO,n0100_i06,100,low,4,5.0,2.8285724999986996,1649,337.50319475909873,1.0509405955472402,True,False,False,False,True,True
ACO,n0100_i06,100,low,4,15.0,14.142003199998726,8190,337.08184488492714,0.9247853420088366,True,False,False,True,True,True
ACO,n0100_i06,100,low,4,30.0,18.440417499998148,10592,336.423536043387,0.7276828295793534,True,False,False,True,True,True
ACO,n0100_i06,100,low,4,60.0,18.440417499998148,10592,336.423536043387,0.7276828295793534,True,False,False,True,True,True
ACO,n0100_i06,100,low,4,120.0,18.440417499998148,10592,336.423536043387,0.7276828295793534,True,False,False,True,True,True
ACO,n0100_i06,100,low,4,150.0,18.440417499998148,10592,336.423536043387,0.7276828295793534,True,False,False,True,True,True
ACO,n0100_i06,100,low,5,1.0,0.9932329000002937,585,337.3191144186791,0.9958255867609324,True,False,False,True,True,True
ACO,n0100_i06,100,low,5,5.0,0.9932329000002937,585,337.3191144186791,0.9958255867609324,True,False,False,True,True,True
ACO,n0100_i06,100,low,5,15.0,0.9932329000002937,585,337.3191144186791,0.9958255867609324,True,False,False,True,True,True
ACO,n0100_i06,100,low,5,30.0,0.9932329000002937,585,337.3191144186791,0.9958255867609324,True,False,False,True,True,True
ACO,n0100_i06,100,low,5,60.0,0.9932329000002937,585,337.3191144186791,0.9958255867609324,True,False,False,True,True,True
ACO,n0100_i06,100,low,5,120.0,61.748753700001544,35592,336.9863349466752,0.8961889635257494,True,False,False,True,True,True
ACO,n0100_i06,100,low,5,150.0,61.748753700001544,35592,336.9863349466752,0.8961889635257494,True,False,False,True,True,True
BRKGA-R-LS,n0100_i06,100,low,1,1.0,0.9858115999959409,5980,338.0853054989381,1.225228835495681,True,False,False,False,True,True
BRKGA-R-LS,n0100_i06,100,low,1,5.0,4.911925600026734,29851,337.5477274314908,1.064274005429959,True,False,False,False,True,True
BRKGA-R-LS,n0100_i06,100,low,1,15.0,14.951570200035349,69816,336.00756571864343,0.6031382527341599,True,False,False,True,True,True
BRKGA-R-LS,n0100_i06,100,low,1,30.0,25.599194600014016,103619,335.8818990318752,0.5655127217861659,True,False,False,True,True,True
BRKGA-R-LS,n0100_i06,100,low,1,60.0,53.734662100090645,193327,334.91049516477824,0.2746672542688419,True,False,False,True,True,True
BRKGA-R-LS,n0100_i06,100,low,1,120.0,53.734662100090645,193327,334.91049516477824,0.2746672542688419,True,False,False,True,True,True
BRKGA-R-LS,n0100_i06,100,low,1,150.0,53.734662100090645,193327,334.91049516477824,0.2746672542688419,True,False,False,True,True,True
BRKGA-R-LS,n0100_i06,100,low,2,1.0,0.9842843000078574,5849,338.0855379619322,1.2252984366270732,True,False,False,False,True,True
BRKGA-R-LS,n0100_i06,100,low,2,5.0,4.9971373999724165,29851,337.5477274314908,1.064274005429959,True,False,False,False,True,True
BRKGA-R-LS,n0100_i06,100,low,2,15.0,14.847782299970277,76489,335.50809960465756,0.45359442204568073,True,False,False,True,True,True
BRKGA-R-LS,n0100_i06,100,low,2,30.0,16.16485920001287,80618,335.41935159060614,0.4270226134372204,True,False,False,True,True,True
BRKGA-R-LS,n0100_i06,100,low,2,60.0,16.16485920001287,80618,335.41935159060614,0.4270226134372204,True,False,False,True,True,True
BRKGA-R-LS,n0100_i06,100,low,2,120.0,106.02911949995905,527581,335.0724150669754,0.32314726474649225,True,False,False,True,True,True
BRKGA-R-LS,n0100_i06,100,low,2,150.0,106.02911949995905,527581,335.0724150669754,0.32314726474649225,True,False,False,True,True,True
BRKGA-R-LS,n0100_i06,100,low,3,1.0,0.9636912000132725,3379,338.1397809520683,1.2415391871120638,True,False,False,False,True,True
BRKGA-R-LS,n0100_i06,100,low,3,5.0,4.534948499989696,7081,338.06930001401895,1.2204366755076144,True,False,False,False,True,True
BRKGA-R-LS,n0100_i06,100,low,3,15.0,14.389655599952675,37315,337.0585996278132,0.9178255409396134,True,False,False,True,True,True
BRKGA-R-LS,n0100_i06,100,low,3,30.0,26.815311899990775,79275,335.3889994549578,0.417934960626888,True,False,False,True,True,True
BRKGA-R-LS,n0100_i06,100,low,3,60.0,46.73844550002832,142257,334.97192928249854,0.29306108128053754,True,False,False,True,True,True
BRKGA-R-LS,n0100_i06,100,low,3,120.0,116.81112480000593,361004,334.92833814286115,0.2800095732344174,True,False,False,True,True,True
BRKGA-R-LS,n0100_i06,100,low,3,150.0,116.81112480000593,361004,334.92833814286115,0.2800095732344174,True,False,False,True,True,True
BRKGA-R-LS,n0100_i06,100,low,4,1.0,0.9667254999512807,3379,338.1397809520683,1.2415391871120638,True,False,False,False,True,True
BRKGA-R-LS,n0100_i06,100,low,4,5.0,4.91163129999768,17058,337.73232703683414,1.1195444859563053,True,False,False,False,True,True
BRKGA-R-LS,n0100_i06,100,low,4,15.0,13.799184400006197,40881,336.70247961038285,0.8112005866131117,True,False,False,True,True,True
BRKGA-R-LS,n0100_i06,100,low,4,30.0,27.518344299984165,80812,335.41002828019265,0.4242311456781666,True,False,False,True,True,True
BRKGA-R-LS,n0100_i06,100,low,4,60.0,27.518344299984165,80812,335.41002828019265,0.4242311456781666,True,False,False,True,True,True
BRKGA-R-LS,n0100_i06,100,low,4,120.0,66.74374369997531,203395,335.3404076545377,0.40338621793666257,True,False,False,True,True,True
BRKGA-R-LS,n0100_i06,100,low,4,150.0,66.74374369997531,203395,335.3404076545377,0.40338621793666257,True,False,False,True,True,True
BRKGA-R-LS,n0100_i06,100,low,5,1.0,0.971459100022912,3379,338.1397809520683,1.2415391871120638,True,False,False,False,True,True
BRKGA-R-LS,n0100_i06,100,low,5,5.0,4.974548900034279,17488,337.7238880977379,1.1170178054787794,True,False,False,False,True,True
BRKGA-R-LS,n0100_i06,100,low,5,15.0,14.97370710002724,46932,336.4438094288717,0.7337528304092634,True,False,False,True,True,True
BRKGA-R-LS,n0100_i06,100,low,5,30.0,24.19726420007646,77484,335.7530107914128,0.5269226339509168,True,False,False,True,True,True
BRKGA-R-LS,n0100_i06,100,low,5,60.0,57.51229660003446,182721,335.2237843222439,0.36846833387902733,True,False,False,True,True,True
BRKGA-R-LS,n0100_i06,100,low,5,120.0,87.05228740000166,274665,335.1615849084762,0.34984537159802115,True,False,False,True,True,True
BRKGA-R-LS,n0100_i06,100,low,5,150.0,123.7664721000474,389256,335.1330181137533,0.3412922630011973,True,False,False,True,True,True
GA,n0100_i06,100,low,1,1.0,0.9928828999400139,3294,336.96446713557333,0.8896415799308013,True,False,False,True,True,True
GA,n0100_i06,100,low,1,5.0,4.595056699938141,13153,335.942044616661,0.5835207525534376,True,False,False,True,True,True
GA,n0100_i06,100,low,1,15.0,14.764582499978133,36829,335.16199922916104,0.34996942226054173,True,False,False,True,True,True
GA,n0100_i06,100,low,1,30.0,29.109708399977535,90760,334.62957047865774,0.19055633558776752,True,False,False,True,True,True
GA,n0100_i06,100,low,1,60.0,59.917351500014775,252406,334.52020386625003,0.15781116687481275,True,False,False,True,True,True
GA,n0100_i06,100,low,1,120.0,68.73524529999122,300179,334.51907784917023,0.15747402907343142,True,False,False,True,True,True
GA,n0100_i06,100,low,1,150.0,68.73524529999122,300179,334.51907784917023,0.15747402907343142,True,False,False,True,True,True
GA,n0100_i06,100,low,2,1.0,0.9994655000045896,5626,335.75479045177906,0.5274554773631958,True,False,False,True,True,True
GA,n0100_i06,100,low,2,5.0,4.869287599925883,22130,334.8054992520781,0.2432307052174781,True,False,False,True,True,True
GA,n0100_i06,100,low,2,15.0,14.987688299966976,68297,334.41757875632925,0.12708445362512535,True,False,False,True,True,True
GA,n0100_i06,100,low,2,30.0,19.888130599982105,95308,334.395410079963,0.12044698875560365,True,False,False,True,True,True
GA,n0100_i06,100,low,2,60.0,38.889760199934244,199466,334.37700359346854,0.11493595122407894,True,False,False,True,True,True
GA,n0100_i06,100,low,2,120.0,38.889760199934244,199466,334.37700359346854,0.11493595122407894,True,False,False,True,True,True
GA,n0100_i06,100,low,2,150.0,38.889760199934244,199466,334.37700359346854,0.11493595122407894,True,False,False,True,True,True
GA,n0100_i06,100,low,3,1.0,0.9702491000061855,3151,336.7361207433,0.8212729894133335,True,False,False,True,True,True
GA,n0100_i06,100,low,3,5.0,4.879068200010806,6020,336.1952243282887,0.6593246216633263,True,False,False,True,True,True
GA,n0100_i06,100,low,3,15.0,14.948763100081123,36369,334.76710668144784,0.23173568699449978,True,False,False,True,True,True
GA,n0100_i06,100,low,3,30.0,29.704490500036627,83832,334.5267663175773,0.15977601310303247,True,False,False,True,True,True
GA,n0100_i06,100,low,3,60.0,57.61369780008681,173234,334.2203729836142,0.06803959380401574,True,False,True,True,True,True
GA,n0100_i06,100,low,3,120.0,112.24887160002254,346676,334.1597208834083,0.049879908591916704,True,False,True,True,True,True
GA,n0100_i06,100,low,3,150.0,112.24887160002254,346676,334.1597208834083,0.049879908591916704,True,False,True,True,True,True
GA,n0100_i06,100,low,4,1.0,0.9782044000457972,3231,336.6132805998619,0.7844937463422642,True,False,False,True,True,True
GA,n0100_i06,100,low,4,5.0,4.88792360003572,15894,335.70714768406197,0.5131908820492942,True,False,False,True,True,True
GA,n0100_i06,100,low,4,15.0,14.768717300030403,36936,335.44406028565146,0.4344205785942621,True,False,False,True,True,True
GA,n0100_i06,100,low,4,30.0,29.830152100068517,83255,334.84454400676805,0.2549209921481159,True,False,False,True,True,True
GA,n0100_i06,100,low,4,60.0,59.743894100072794,177893,334.7134496582693,0.2156703793294381,True,False,False,True,True,True
GA,n0100_i06,100,low,4,120.0,113.32251440000255,346490,334.3935982619936,0.11990451712024482,True,False,False,True,True,True
GA,n0100_i06,100,low,4,150.0,139.74728660006076,428812,334.3745382057907,0.1141977960076365,True,False,False,True,True,True
GA,n0100_i06,100,low,5,1.0,0.9997622999362648,5571,336.14978729019214,0.6457204380323804,True,False,False,True,True,True
GA,n0100_i06,100,low,5,5.0,4.852906799991615,26964,335.38744388961095,0.4174692129127988,True,False,False,True,True,True
GA,n0100_i06,100,low,5,15.0,14.593051200034097,77582,335.1778395296176,0.3547121248047133,True,False,False,True,True,True
GA,n0100_i06,100,low,5,30.0,28.00314469996374,150708,334.6905560124335,0.2088158532648068,True,False,False,True,True,True
GA,n0100_i06,100,low,5,60.0,55.535600299946964,297934,334.5724616708079,0.1734575381863541,True,False,False,True,True,True
GA,n0100_i06,100,low,5,120.0,64.04841599997599,344685,334.5716889078969,0.17322616728311774,True,False,False,True,True,True
GA,n0100_i06,100,low,5,150.0,64.04841599997599,344685,334.5716889078969,0.17322616728311774,True,False,False,True,True,True
HPSO,n0100_i06,100,low,1,1.0,0.9788932000519708,2503,335.72359482638734,0.5181152775154597,True,False,False,True,True,True
HPSO,n0100_i06,100,low,1,5.0,3.71915490005631,9605,334.6628911720682,0.20053279644120497,True,False,False,True,True,True
HPSO,n0100_i06,100,low,1,15.0,12.892778300098144,22652,334.4580026252818,0.13918765751651363,True,False,False,True,True,True
HPSO,n0100_i06,100,low,1,30.0,18.454059000010602,37127,334.43174914821225,0.13132717325154736,True,False,False,True,True,True
HPSO,n0100_i06,100,low,1,60.0,18.454059000010602,37127,334.43174914821225,0.13132717325154736,True,False,False,True,True,True
HPSO,n0100_i06,100,low,1,120.0,18.454059000010602,37127,334.43174914821225,0.13132717325154736,True,False,False,True,True,True
HPSO,n0100_i06,100,low,1,150.0,18.454059000010602,37127,334.43174914821225,0.13132717325154736,True,False,False,True,True,True
HPSO,n0100_i06,100,low,2,1.0,0.9320044000633061,4420,336.08088753367946,0.6250913438177911,True,False,False,True,True,True
HPSO,n0100_i06,100,low,2,5.0,4.844279400072992,16515,335.6723152342654,0.5027617902070594,True,False,False,True,True,True
HPSO,n0100_i06,100,low,2,15.0,10.484914000029676,32150,335.59722601517797,0.4802795253420229,True,False,False,True,True,True
HPSO,n0100_i06,100,low,2,30.0,18.76533099997323,59938,335.5818463085146,0.47567472796959126,True,False,False,True,True,True
HPSO,n0100_i06,100,low,2,60.0,18.76533099997323,59938,335.5818463085146,0.47567472796959126,True,False,False,True,True,True
HPSO,n0100_i06,100,low,2,120.0,18.76533099997323,59938,335.5818463085146,0.47567472796959126,True,False,False,True,True,True
HPSO,n0100_i06,100,low,2,150.0,18.76533099997323,59938,335.5818463085146,0.47567472796959126,True,False,False,True,True,True
HPSO,n0100_i06,100,low,3,1.0,0.9934240999864414,2593,335.567036048909,0.47124042723747694,True,False,False,True,True,True
HPSO,n0100_i06,100,low,3,5.0,1.4107059999369085,3621,335.41706833359945,0.4263389894842305,True,False,False,True,True,True
HPSO,n0100_i06,100,low,3,15.0,14.843262000009418,28885,334.72551225200857,0.21928200867784378,True,False,False,True,True,True
HPSO,n0100_i06,100,low,3,30.0,29.342477899976075,66652,334.61962140457223,0.18757750957957714,True,False,False,True,True,True
HPSO,n0100_i06,100,low,3,60.0,29.342477899976075,66652,334.61962140457223,0.18757750957957714,True,False,False,True,True,True
HPSO,n0100_i06,100,low,3,120.0,29.342477899976075,66652,334.61962140457223,0.18757750957957714,True,False,False,True,True,True
HPSO,n0100_i06,100,low,3,150.0,29.342477899976075,66652,334.61962140457223,0.18757750957957714,True,False,False,True,True,True
HPSO,n0100_i06,100,low,4,1.0,0.9983222000300884,2571,335.73195546150106,0.5206185132042963,True,False,False,True,True,True
HPSO,n0100_i06,100,low,4,5.0,4.89095150004141,12574,334.9093746648115,0.27433176833171125,True,False,False,True,True,True
HPSO,n0100_i06,100,low,4,15.0,10.229956299997866,26345,334.6809610126143,0.2059430396980095,True,False,False,True,True,True
HPSO,n0100_i06,100,low,4,30.0,22.101185700041242,46692,334.6788639143326,0.2053151530374467,True,False,False,True,True,True
HPSO,n0100_i06,100,low,4,60.0,22.101185700041242,46692,334.6788639143326,0.2053151530374467,True,False,False,True,True,True
HPSO,n0100_i06,100,low,4,120.0,22.101185700041242,46692,334.6788639143326,0.2053151530374467,True,False,False,True,True,True
HPSO,n0100_i06,100,low,4,150.0,22.101185700041242,46692,334.6788639143326,0.2053151530374467,True,False,False,True,True,True
HPSO,n0100_i06,100,low,5,1.0,0.9801650000736117,4451,335.3915251777591,0.4186911806233731,True,False,False,True,True,True
HPSO,n0100_i06,100,low,5,5.0,4.552517700009048,10840,335.09316724591963,0.3293606198621939,True,False,False,True,True,True
HPSO,n0100_i06,100,low,5,15.0,14.415832999977283,51930,334.93287638144386,0.2813683552683395,True,False,False,True,True,True
HPSO,n0100_i06,100,low,5,30.0,23.14117990003433,91416,334.87439760201187,0.26385937829198686,True,False,False,True,True,True
HPSO,n0100_i06,100,low,5,60.0,23.14117990003433,91416,334.87439760201187,0.26385937829198686,True,False,False,True,True,True
HPSO,n0100_i06,100,low,5,120.0,98.95737630000804,439233,334.8294413495822,0.2503991454283874,True,False,False,True,True,True
HPSO,n0100_i06,100,low,5,150.0,98.95737630000804,439233,334.8294413495822,0.2503991454283874,True,False,False,True,True,True
TS,n0100_i06,100,low,1,1.0,0.986746700014919,3234,336.67377116178415,0.8026050658032748,True,False,False,True,True,True
TS,n0100_i06,100,low,1,5.0,3.8254370000213385,12755,335.69674289120616,0.5100756104871041,True,False,False,True,True,True
TS,n0100_i06,100,low,1,15.0,13.518020000075921,31507,335.26140205145,0.37973135887663445,True,False,False,True,True,True
TS,n0100_i06,100,low,1,30.0,27.30079630005639,76799,335.09914640833205,0.33115082509619004,True,False,False,True,True,True
TS,n0100_i06,100,low,1,60.0,58.18510760006029,177354,334.04066935250535,0.014235003998736489,True,False,True,True,True,True
TS,n0100_i06,100,low,1,120.0,60.82391370006371,185769,333.9931254177466,0.0,True,True,True,True,True,True
TS,n0100_i06,100,low,1,150.0,60.82391370006371,185769,333.9931254177466,0.0,True,True,True,True,True,True
TS,n0100_i06,100,low,2,1.0,0.9766923999413848,5407,335.478020262189,0.44458844552117593,True,False,False,True,True,True
TS,n0100_i06,100,low,2,5.0,4.980362699949183,27516,334.8243403094358,0.24887185646396695,True,False,False,True,True,True
TS,n0100_i06,100,low,2,15.0,10.216664899955504,53058,334.43915183867216,0.13354359326038834,True,False,False,True,True,True
TS,n0100_i06,100,low,2,30.0,10.216664899955504,53058,334.43915183867216,0.13354359326038834,True,False,False,True,True,True
TS,n0100_i06,100,low,2,60.0,41.77513580000959,217738,334.1510359955878,0.04727958925611286,True,False,True,True,True,True
TS,n0100_i06,100,low,2,120.0,41.77513580000959,217738,334.1510359955878,0.04727958925611286,True,False,True,True,True,True
TS,n0100_i06,100,low,2,150.0,41.77513580000959,217738,334.1510359955878,0.04727958925611286,True,False,True,True,True,True
TS,n0100_i06,100,low,3,1.0,0.9494271000148728,3183,336.4263900393014,0.7285373369620496,True,False,False,True,True,True
TS,n0100_i06,100,low,3,5.0,4.418689899961464,5785,336.24772160443655,0.6750426925314571,True,False,False,True,True,True
TS,n0100_i06,100,low,3,15.0,14.068065300001763,32543,334.6545578418911,0.19803773605136255,True,False,False,True,True,True
TS,n0100_i06,100,low,3,30.0,29.81371360004414,84006,334.20355866334995,0.06300526256045655,True,False,True,True,True,True
TS,n0100_i06,100,low,3,60.0,32.41327599994838,92640,334.1829287391631,0.05682851141893773,True,False,True,True,True,True
TS,n0100_i06,100,low,3,120.0,32.41327599994838,92640,334.1829287391631,0.05682851141893773,True,False,True,True,True,True
TS,n0100_i06,100,low,3,150.0,32.41327599994838,92640,334.1829287391631,0.05682851141893773,True,False,True,True,True,True
TS,n0100_i06,100,low,4,1.0,0.9199242000468075,3154,336.641225250194,0.7928605803293776,True,False,False,True,True,True
TS,n0100_i06,100,low,4,5.0,4.907628400018439,16488,334.62951112710834,0.1905385652970402,True,False,False,True,True,True
TS,n0100_i06,100,low,4,15.0,11.054468500078656,36786,334.3291868997025,0.10061928117099621,True,False,False,True,True,True
TS,n0100_i06,100,low,4,30.0,24.201311100041494,66489,334.0939900648558,0.030199617726568068,True,False,True,True,True,True
TS,n0100_i06,100,low,4,60.0,24.201311100041494,66489,334.0939900648558,0.030199617726568068,True,False,True,True,True,True
TS,n0100_i06,100,low,4,120.0,24.201311100041494,66489,334.0939900648558,0.030199617726568068,True,False,True,True,True,True
TS,n0100_i06,100,low,4,150.0,24.201311100041494,66489,334.0939900648558,0.030199617726568068,True,False,True,True,True,True
TS,n0100_i06,100,low,5,1.0,0.9938200999749824,5745,335.9396118932719,0.5827923772654502,True,False,False,True,True,True
TS,n0100_i06,100,low,5,5.0,4.629359600017779,26514,334.3368949184232,0.10292711870838162,True,False,False,True,True,True
TS,n0100_i06,100,low,5,15.0,13.539609599974938,71823,334.19639159891244,0.06085939071697293,True,False,True,True,True,True
TS,n0100_i06,100,low,5,30.0,13.539609599974938,71823,334.19639159891244,0.06085939071697293,True,False,True,True,True,True
TS,n0100_i06,100,low,5,60.0,13.539609599974938,71823,334.19639159891244,0.06085939071697293,True,False,True,True,True,True
TS,n0100_i06,100,low,5,120.0,13.539609599974938,71823,334.19639159891244,0.06085939071697293,True,False,True,True,True,True
TS,n0100_i06,100,low,5,150.0,13.539609599974938,71823,334.19639159891244,0.06085939071697293,True,False,True,True,True,True
2PGA,n0200_i01,200,medium,1,1.0,0.4995855000015581,1551,1046.1544752014736,0.861311307572928,True,False,False,True,True,True
2PGA,n0200_i01,200,medium,1,5.0,4.985865800001193,15886,1043.3345252065353,0.5894357279588543,True,False,False,True,True,True
2PGA,n0200_i01,200,medium,1,15.0,14.896804799995152,42947,1041.8558648141925,0.44687587691817054,True,False,False,True,True,True
2PGA,n0200_i01,200,medium,1,30.0,29.96424479999405,90227,1041.0798761798073,0.37206165676317227,True,False,False,True,True,True
2PGA,n0200_i01,200,medium,1,60.0,59.244001700004446,183875,1040.6529936634847,0.3309052774796214,True,False,False,True,True,True
2PGA,n0200_i01,200,medium,1,120.0,116.68461490000482,366873,1040.14939139094,0.28235223221683264,True,False,False,True,True,True
2PGA,n0200_i01,200,medium,1,150.0,145.26127129999804,457394,1039.8016320551158,0.24882423662714054,True,False,False,True,True,True
2PGA,n0200_i01,200,medium,2,1.0,0.4572344000043813,1435,1046.4432580489513,0.8891532920696503,True,False,False,True,True,True
2PGA,n0200_i01,200,medium,2,5.0,4.899625300007756,15490,1043.3770693784309,0.593537474945171,True,False,False,True,True,True
2PGA,n0200_i01,200,medium,2,15.0,14.900998800003435,42651,1042.086862805967,0.46914673740013524,True,False,False,True,True,True
2PGA,n0200_i01,200,medium,2,30.0,29.320679600001313,88401,1041.1854113866802,0.3822364632632035,True,False,False,True,True,True
2PGA,n0200_i01,200,medium,2,60.0,59.54680530000769,183985,1040.5772320361957,0.32360098613804517,True,False,False,True,True,True
2PGA,n0200_i01,200,medium,2,120.0,116.64647819999664,364283,1039.8281094641086,0.2513769630689308,True,False,False,True,True,True
2PGA,n0200_i01,200,medium,2,150.0,141.1560010000103,444921,1039.6313636808495,0.2324084090320863,True,False,False,True,True,True
2PGA,n0200_i01,200,medium,3,1.0,0.4972452000074554,1570,1046.5667368910833,0.9010580711738837,True,False,False,True,True,True
2PGA,n0200_i01,200,medium,3,5.0,4.989325100003043,16129,1043.3878536940574,0.5945772068790608,True,False,False,True,True,True
2PGA,n0200_i01,200,medium,3,15.0,13.713197600009153,40136,1041.4128927369545,0.40416827909973374,True,False,False,True,True,True
2PGA,n0200_i01,200,medium,3,30.0,28.542213799999445,87581,1040.5709408389919,0.32299444244424574,True,False,False,True,True,True
2PGA,n0200_i01,200,medium,3,60.0,59.49942970000848,189777,1039.7744250661897,0.24620117029720226,True,False,False,True,True,True
2PGA,n0200_i01,200,medium,3,120.0,73.70912050000334,235172,1039.741986268187,0.24307369746087995,True,False,False,True,True,True
2PGA,n0200_i01,200,medium,3,150.0,143.70976900000824,462651,1039.6635717523634,0.2355136371839347,True,False,False,True,True,True
2PGA,n0200_i01,200,medium,4,1.0,0.9999055999942357,3246,1046.3060822326217,0.8759279672800009,True,False,False,True,True,True
2PGA,n0200_i01,200,medium,4,5.0,4.890717999995104,16084,1042.681778629655,0.5265034581494563,True,False,False,True,True,True
2PGA,n0200_i01,200,medium,4,15.0,14.206430499994894,42571,1041.5059792740149,0.4131428907995777,True,False,False,True,True,True
2PGA,n0200_i01,200,medium,4,30.0,29.911917099991115,94104,1040.8954049245967,0.3542765082596371,True,False,False,True,True,True
2PGA,n0200_i01,200,medium,4,60.0,58.09895770000003,183747,1040.0781446812473,0.27548323080613707,True,False,False,True,True,True
2PGA,n0200_i01,200,medium,4,120.0,113.73002819999238,363688,1039.5717804255655,0.2266638986348427,True,False,False,True,True,True
2PGA,n0200_i01,200,medium,4,150.0,113.73002819999238,363688,1039.5717804255655,0.2266638986348427,True,False,False,True,True,True
2PGA,n0200_i01,200,medium,5,1.0,0.4685950999992201,1533,1045.3003337098019,0.7789622540303089,True,False,False,True,True,True
2PGA,n0200_i01,200,medium,5,5.0,4.897697299995343,16382,1043.6169478368463,0.6166645144443426,True,False,False,True,True,True
2PGA,n0200_i01,200,medium,5,15.0,14.079580899997381,42534,1042.0474862352787,0.465350383564671,True,False,False,True,True,True
2PGA,n0200_i01,200,medium,5,30.0,29.254245399992215,93112,1040.9214653677034,0.3567890343992269,True,False,False,True,True,True
2PGA,n0200_i01,200,medium,5,60.0,59.258531200001016,192818,1040.2337176348599,0.29048225100565034,True,False,False,True,True,True
2PGA,n0200_i01,200,medium,5,120.0,118.684213799992,390261,1039.670611986577,0.23619239665160166,True,False,False,True,True,True
2PGA,n0200_i01,200,medium,5,150.0,146.47731839999324,481225,1039.0631895330143,0.17762989308616672,True,False,False,True,True,True
ACO,n0200_i01,200,medium,1,1.0,0.27137819999916246,53,1047.2742005911348,0.9692657003349161,True,False,False,True,True,True
ACO,n0200_i01,200,medium,1,5.0,3.897138399999676,682,1046.5814506862878,0.9024766500872372,True,False,False,True,True,True
ACO,n0200_i01,200,medium,1,15.0,11.369910400000663,1909,1046.1511603232286,0.860991715223483,True,False,False,True,True,True
ACO,n0200_i01,200,medium,1,30.0,29.373580200001015,4867,1046.092170738704,0.8553044415084833,True,False,False,True,True,True
ACO,n0200_i01,200,medium,1,60.0,29.373580200001015,4867,1046.092170738704,0.8553044415084833,True,False,False,True,True,True
ACO,n0200_i01,200,medium,1,120.0,89.7447315999998,14905,1045.7319347964326,0.820573557706055,True,False,False,True,True,True
ACO,n0200_i01,200,medium,1,150.0,138.86168760000146,22967,1045.6875357907913,0.8162929834353512,True,False,False,True,True,True
ACO,n0200_i01,200,medium,2,1.0,0.47728619999907096,94,1046.917577519313,0.9348831387542729,True,False,False,True,True,True
ACO,n0200_i01,200,medium,2,5.0,2.141177699999389,359,1046.3727913087691,0.8823594886813185,True,False,False,True,True,True
ACO,n0200_i01,200,medium,2,15.0,12.346405799999047,2072,1046.3606386207118,0.8811878299230492,True,False,False,True,True,True
ACO,n0200_i01,200,medium,2,30.0,24.30105469999762,4096,1046.129112585516,0.8588660599882574,True,False,False,True,True,True
ACO,n0200_i01,200,medium,2,60.0,37.72255569999834,6330,1045.6038045608298,0.808220330828579,True,False,False,True,True,True
ACO,n0200_i01,200,medium,2,120.0,37.72255569999834,6330,1045.6038045608298,0.808220330828579,True,False,False,True,True,True
ACO,n0200_i01,200,medium,2,150.0,37.72255569999834,6330,1045.6038045608298,0.808220330828579,True,False,False,True,True,True
ACO,n0200_i01,200,medium,3,1.0,0.14742070000284002,29,1047.0156001357502,0.9443336452196333,True,False,False,True,True,True
ACO,n0200_i01,200,medium,3,5.0,1.8885439000005135,336,1046.6354217069627,0.9076800765858248,True,False,False,True,True,True
ACO,n0200_i01,200,medium,3,15.0,13.625960600002145,2299,1045.6143677071507,0.8092387395002587,True,False,False,True,True,True
ACO,n0200_i01,200,medium,3,30.0,15.123547200000758,2552,1045.577605918194,0.8056944806665219,True,False,False,True,True,True
ACO,n0200_i01,200,medium,3,60.0,15.123547200000758,2552,1045.577605918194,0.8056944806665219,True,False,False,True,True,True
ACO,n0200_i01,200,medium,3,120.0,113.1055821000009,18889,1045.1561100311708,0.7650574343376616,True,False,False,True,True,True
ACO,n0200_i01,200,medium,3,150.0,113.1055821000009,18889,1045.1561100311708,0.7650574343376616,True,False,False,True,True,True
ACO,n0200_i01,200,medium,4,1.0,0.9161277000021073,169,1046.3754692642726,0.8826176743604965,True,False,False,True,True,True
ACO,n0200_i01,200,medium,4,5.0,4.8590073000013945,829,1046.2895780425054,0.8743367737262111,True,False,False,True,True,True
ACO,n0200_i01,200,medium,4,15.0,9.138213100002758,1497,1045.850866920392,0.8320399809384689,True,False,False,True,True,True
ACO,n0200_i01,200,medium,4,30.0,9.138213100002758,1497,1045.850866920392,0.8320399809384689,True,False,False,True,True,True
ACO,n0200_i01,200,medium,4,60.0,55.905819300001895,9253,1045.4688327456258,0.7952074970705343,True,False,False,True,True,True
ACO,n0200_i01,200,medium,4,120.0,111.38006670000323,18575,1045.2415884693357,0.7732985378899647,True,False,False,True,True,True
ACO,n0200_i01,200,medium,4,150.0,111.38006670000323,18575,1045.2415884693357,0.7732985378899647,True,False,False,True,True,True
ACO,n0200_i01,200,medium,5,1.0,0.9446122000008472,175,1046.8318419975872,0.926617249392913,True,False,False,True,True,True
ACO,n0200_i01,200,medium,5,5.0,1.4225705999997444,258,1046.0771571094563,0.853856955148383,True,False,False,True,True,True
ACO,n0200_i01,200,medium,5,15.0,1.4225705999997444,258,1046.0771571094563,0.853856955148383,True,False,False,True,True,True
ACO,n0200_i01,200,medium,5,30.0,1.4225705999997444,258,1046.0771571094563,0.853856955148383,True,False,False,True,True,True
ACO,n0200_i01,200,medium,5,60.0,59.79945950000183,9979,1045.4963291730116,0.7978584685935232,True,False,False,True,True,True
ACO,n0200_i01,200,medium,5,120.0,59.79945950000183,9979,1045.4963291730116,0.7978584685935232,True,False,False,True,True,True
ACO,n0200_i01,200,medium,5,150.0,144.52941100000317,24221,1045.0244161199437,0.7523606281847933,True,False,False,True,True,True
BRKGA-R-LS,n0200_i01,200,medium,1,1.0,0.9197216000175104,1838,1046.7138811366194,0.9152444670723238,True,False,False,True,True,True
BRKGA-R-LS,n0200_i01,200,medium,1,5.0,4.955683700041845,9846,1046.5211963600175,0.896667440736576,True,False,False,True,True,True
BRKGA-R-LS,n0200_i01,200,medium,1,15.0,14.926060299971141,29694,1045.8795494336482,0.8348053047670145,True,False,False,True,True,True
BRKGA-R-LS,n0200_i01,200,medium,1,30.0,29.631287200027145,58995,1044.8030054814346,0.7310140987124912,True,False,False,True,True,True
BRKGA-R-LS,n0200_i01,200,medium,1,60.0,59.76009710005019,118813,1043.4897503663108,0.6044012168364551,True,False,False,True,True,True
BRKGA-R-LS,n0200_i01,200,medium,1,120.0,110.58214239997324,217860,1040.3731977745647,0.30392973904443205,True,False,False,True,True,True
BRKGA-R-LS,n0200_i01,200,medium,1,150.0,110.58214239997324,217860,1040.3731977745647,0.30392973904443205,True,False,False,True,True,True
BRKGA-R-LS,n0200_i01,200,medium,2,1.0,0.9206896000541747,1838,1046.7138811366194,0.9152444670723238,True,False,False,True,True,True
BRKGA-R-LS,n0200_i01,200,medium,2,5.0,4.946676000021398,9846,1046.5211963600175,0.896667440736576,True,False,False,True,True,True
BRKGA-R-LS,n0200_i01,200,medium,2,15.0,14.936260999995284,29694,1045.8795494336482,0.8348053047670145,True,False,False,True,True,True
BRKGA-R-LS,n0200_i01,200,medium,2,30.0,29.690582099952735,58995,1044.8030054814346,0.7310140987124912,True,False,False,True,True,True
BRKGA-R-LS,n0200_i01,200,medium,2,60.0,59.75751450005919,118813,1043.4897503663108,0.6044012168364551,True,False,False,True,True,True
BRKGA-R-LS,n0200_i01,200,medium,2,120.0,97.34310569998343,192809,1041.331593411163,0.39633008999657704,True,False,False,True,True,True
BRKGA-R-LS,n0200_i01,200,medium,2,150.0,97.34310569998343,192809,1041.331593411163,0.39633008999657704,True,False,False,True,True,True
BRKGA-R-LS,n0200_i01,200,medium,3,1.0,0.9978341999230906,3401,1046.6498229245901,0.9090685194293632,True,False,False,True,True,True
BRKGA-R-LS,n0200_i01,200,medium,3,5.0,4.993865999975242,17061,1046.2339747059393,0.8689759732210594,True,False,False,True,True,True
BRKGA-R-LS,n0200_i01,200,medium,3,15.0,14.926138099981472,50339,1045.074131971683,0.7571538075078014,True,False,False,True,True,True
BRKGA-R-LS,n0200_i01,200,medium,3,30.0,29.9318480999209,100160,1043.7864846848065,0.6330098144985501,True,False,False,True,True,True
BRKGA-R-LS,n0200_i01,200,medium,3,60.0,59.553831700002775,189203,1041.821592203495,0.44357160346827873,True,False,False,True,True,True
BRKGA-R-LS,n0200_i01,200,medium,3,120.0,77.21284509997349,223650,1040.8926232204267,0.3540083200169718,True,False,False,True,True,True
BRKGA-R-LS,n0200_i01,200,medium,3,150.0,77.21284509997349,223650,1040.8926232204267,0.3540083200169718,True,False,False,True,True,True
BRKGA-R-LS,n0200_i01,200,medium,4,1.0,0.9934061999665573,2022,1046.708747801151,0.9147495545531932,True,False,False,True,True,True
BRKGA-R-LS,n0200_i01,200,medium,4,5.0,4.877993799978867,9846,1046.5211963600175,0.896667440736576,True,False,False,True,True,True
BRKGA-R-LS,n0200_i01,200,medium,4,15.0,14.974572799983434,21845,1046.0829041347101,0.8544110344138864,True,False,False,True,True,True
BRKGA-R-LS,n0200_i01,200,medium,4,30.0,29.73161220003385,51075,1045.0370671500575,0.7535803328430626,True,False,False,True,True,True
BRKGA-R-LS,n0200_i01,200,medium,4,60.0,59.98513330006972,111281,1043.618567048688,0.6168206250699787,True,False,False,True,True,True
BRKGA-R-LS,n0200_i01,200,medium,4,120.0,106.56364130007569,203098,1041.1005845389204,0.3740581805124702,True,False,False,True,True,True
BRKGA-R-LS,n0200_i01,200,medium,4,150.0,106.56364130007569,203098,1041.1005845389204,0.3740581805124702,True,False,False,True,True,True
BRKGA-R-LS,n0200_i01,200,medium,5,1.0,0.9105695999460295,1838,1046.7138811366194,0.9152444670723238,True,False,False,True,True,True
BRKGA-R-LS,n0200_i01,200,medium,5,5.0,4.596647999947891,3867,1046.6387280814786,0.9079988490780823,True,False,False,True,True,True
BRKGA-R-LS,n0200_i01,200,medium,5,15.0,14.917601499939337,21845,1046.0829041347101,0.8544110344138864,True,False,False,True,True,True
BRKGA-R-LS,n0200_i01,200,medium,5,30.0,29.60902289999649,51075,1045.0370671500575,0.7535803328430626,True,False,False,True,True,True
BRKGA-R-LS,n0200_i01,200,medium,5,60.0,59.79744569992181,111281,1043.618567048688,0.6168206250699787,True,False,False,True,True,True
BRKGA-R-LS,n0200_i01,200,medium,5,120.0,119.69214529998135,226674,1040.6273555373805,0.3284334675513174,True,False,False,True,True,True
BRKGA-R-LS,n0200_i01,200,medium,5,150.0,124.37736879999284,235886,1040.3716517474177,0.3037806842642238,True,False,False,True,True,True
GA,n0200_i01,200,medium,1,1.0,0.9496783999493346,1807,1045.3477263663308,0.7835314506424407,True,False,False,True,True,True
GA,n0200_i01,200,medium,1,5.0,4.984348899917677,9528,1042.1876928942243,0.478867916405677,True,False,False,True,True,True
GA,n0200_i01,200,medium,1,15.0,14.944523899932392,28422,1040.3758495792185,0.30418540348124234,True,False,False,True,True,True
GA,n0200_i01,200,medium,1,30.0,29.728042099974118,56453,1039.3865385701167,0.20880445541445689,True,False,False,True,True,True
GA,n0200_i01,200,medium,1,60.0,59.759650499909185,113395,1038.8641973606482,0.15844476132928326,True,False,False,True,True,True
GA,n0200_i01,200,medium,1,120.0,114.66656069993041,217877,1038.44441569743,0.11797298587097711,True,False,False,True,True,True
GA,n0200_i01,200,medium,1,150.0,149.8626884999685,285159,1038.4337951208752,0.11694904026489537,True,False,False,True,True,True
GA,n0200_i01,200,medium,2,1.0,0.9631727000232786,1840,1045.3508015869759,0.7838279372456871,True,False,False,True,True,True
GA,n0200_i01,200,medium,2,5.0,4.837110799970105,9050,1042.3641197086934,0.4958774883943108,True,False,False,True,True,True
GA,n0200_i01,200,medium,2,15.0,14.971159500069916,28376,1041.4943494135543,0.4120216386287204,True,False,False,True,True,True
GA,n0200_i01,200,medium,2,30.0,29.89454270002898,56829,1040.4049388804235,0.30698994634188426,True,False,False,True,True,True
GA,n0200_i01,200,medium,2,60.0,59.392440899973735,113120,1039.5862734883704,0.2280611964087463,True,False,False,True,True,True
GA,n0200_i01,200,medium,2,120.0,118.97649609996006,226365,1038.7392468407875,0.14639809558301622,True,False,False,True,True,True
GA,n0200_i01,200,medium,2,150.0,148.39520869997796,282260,1038.5761348612575,0.13067222666466435,True,False,False,True,True,True
GA,n0200_i01,200,medium,3,1.0,0.9582541999407113,1807,1044.9905737697336,0.74909783678942,True,False,False,True,True,True
GA,n0200_i01,200,medium,3,5.0,3.732162300031632,7092,1042.1980109580677,0.47986269631062783,True,False,False,True,True,True
GA,n0200_i01,200,medium,3,15.0,14.769941999926232,20417,1040.5632800808219,0.3222558573375979,True,False,False,True,True,True
GA,n0200_i01,200,medium,3,30.0,29.909855899983086,50548,1039.8116158401326,0.24978678821247804,True,False,False,True,True,True
GA,n0200_i01,200,medium,3,60.0,59.51213069993537,110789,1039.0770845172517,0.17896952921448236,True,False,False,True,True,True
GA,n0200_i01,200,medium,3,120.0,118.55068540002685,223706,1038.1736599326914,0.09186901927430118,True,False,True,True,True,True
GA,n0200_i01,200,medium,3,150.0,149.31350920000114,282323,1038.1091677049517,0.08565122753018799,True,False,True,True,True,True
GA,n0200_i01,200,medium,4,1.0,0.9721708999713883,1850,1045.7300335805705,0.8203902586527393,True,False,False,True,True,True
GA,n0200_i01,200,medium,4,5.0,4.7451585999224335,8957,1042.8772200026224,0.5453462520470365,True,False,False,True,True,True
GA,n0200_i01,200,medium,4,15.0,14.961413600016385,24651,1041.2478626894854,0.38825748639420776,True,False,False,True,True,True
GA,n0200_i01,200,medium,4,30.0,29.964271300006658,52809,1040.6058682474686,0.3263618459234118,True,False,False,True,True,True
GA,n0200_i01,200,medium,4,60.0,59.2424857999431,107550,1039.7652519631808,0.24531677777185149,True,False,False,True,True,True
GA,n0200_i01,200,medium,4,120.0,117.0919427999761,215434,1039.0916086744237,0.180369824842642,True,False,False,True,True,True
GA,n0200_i01,200,medium,4,150.0,149.61311209993437,276452,1038.8522559912922,0.1572934761217873,True,False,False,True,True,True
GA,n0200_i01,200,medium,5,1.0,0.9978732999879867,1931,1045.3588989876368,0.7846086197053126,True,False,False,True,True,True
GA,n0200_i01,200,medium,5,5.0,4.9469641000032425,9570,1043.0543192502294,0.5624206543161506,True,False,False,True,True,True
GA,n0200_i01,200,medium,5,15.0,14.619557800004259,19124,1041.3706349478055,0.4000941427006016,True,False,False,True,True,True
GA,n0200_i01,200,medium,5,30.0,29.15796469990164,46637,1039.7972704806282,0.24840373073378502,True,False,False,True,True,True
GA,n0200_i01,200,medium,5,60.0,59.48705200001132,104080,1039.2882876148751,0.19933193446483133,True,False,False,True,True,True
GA,n0200_i01,200,medium,5,120.0,119.4904591999948,218166,1038.669801112081,0.1397027294319461,True,False,False,True,True,True
GA,n0200_i01,200,medium,5,150.0,148.05786790000275,272246,1038.5887655105619,0.13188996637873293,True,False,False,True,True,True
HPSO,n0200_i01,200,medium,1,1.0,0.9918728000484407,1479,1041.8973496327394,0.45087549007013056,True,False,False,True,True,True
HPSO,n0200_i01,200,medium,1,5.0,4.98439540003892,5132,1040.7583429055278,0.3410621548333957,True,False,False,True,True,True
HPSO,n0200_i01,200,medium,1,15.0,14.323688400094397,20482,1038.9898782061425,0.17056183885778373,True,False,False,True,True,True
HPSO,n0200_i01,200,medium,1,30.0,29.989850800018758,46368,1038.3325499320044,0.1071878407908707,True,False,False,True,True,True
HPSO,n0200_i01,200,medium,1,60.0,56.184477300033905,89459,1038.1272172392673,0.08739141002017539,True,False,True,True,True,True
HPSO,n0200_i01,200,medium,1,120.0,112.207447300083,183317,1037.9548383343465,0.07077210302086218,True,False,True,True,True,True
HPSO,n0200_i01,200,medium,1,150.0,132.16539270000067,241593,1037.9490818486136,0.07021711165647845,True,False,True,True,True,True
HPSO,n0200_i01,200,medium,2,1.0,0.9585847000125796,1418,1043.040887256376,0.5611256557804272,True,False,False,True,True,True
HPSO,n0200_i01,200,medium,2,5.0,4.96461519994773,8100,1040.5101344856887,0.3171320113450441,True,False,False,True,True,True
HPSO,n0200_i01,200,medium,2,15.0,14.6337487999117,24038,1038.8983848329456,0.16174082645918864,True,False,False,True,True,True
HPSO,n0200_i01,200,medium,2,30.0,29.2069587999722,47710,1038.62582363042,0.13546279491608784,True,False,False,True,True,True
HPSO,n0200_i01,200,medium,2,60.0,57.90901549998671,94189,1038.2803259354835,0.10215284749333338,True,False,False,True,True,True
HPSO,n0200_i01,200,medium,2,120.0,113.26948639994953,184154,1037.890020984417,0.0645229657621395,True,False,True,True,True,True
HPSO,n0200_i01,200,medium,2,150.0,127.99027029995341,208134,1037.8382680879686,0.05953339192433809,True,False,True,True,True,True
HPSO,n0200_i01,200,medium,3,1.0,0.9997290000319481,2155,1042.0600940036202,0.46656591729102403,True,False,False,True,True,True
HPSO,n0200_i01,200,medium,3,5.0,4.753188600065187,6755,1040.4702022470237,0.31328208473222796,True,False,False,True,True,True
HPSO,n0200_i01,200,medium,3,15.0,14.561469400068745,34485,1037.8871774842899,0.0642488196791884,True,False,True,True,True,True
HPSO,n0200_i01,200,medium,3,30.0,27.387448100023903,70841,1037.4879922816046,0.025762779661384214,True,False,True,True,True,True
HPSO,n0200_i01,200,medium,3,60.0,58.71344620001037,161374,1037.311641026138,0.008760492428727052,True,False,True,True,True,True
HPSO,n0200_i01,200,medium,3,120.0,73.02228730008937,203085,1037.2207753786417,0.0,True,True,True,True,True,True
HPSO,n0200_i01,200,medium,3,150.0,73.02228730008937,203085,1037.2207753786417,0.0,True,True,True,True,True,True
HPSO,n0200_i01,200,medium,4,1.0,0.9989718999713659,1503,1043.0677917321352,0.5637195563653259,True,False,False,True,True,True
HPSO,n0200_i01,200,medium,4,5.0,4.880281100049615,8067,1040.1500388417126,0.2824146539102508,True,False,False,True,True,True
HPSO,n0200_i01,200,medium,4,15.0,14.962426100042649,17472,1039.0966849389356,0.18085923506584606,True,False,False,True,True,True
HPSO,n0200_i01,200,medium,4,30.0,28.55978730006609,39664,1038.3221205175264,0.1061823254053702,True,False,False,True,True,True
HPSO,n0200_i01,200,medium,4,60.0,59.82558930001687,90791,1037.868890278821,0.0624857229592883,True,False,True,True,True,True
HPSO,n0200_i01,200,medium,4,120.0,115.02652559999842,179469,1037.5401296107339,0.030789417226581108,True,False,True,True,True,True
HPSO,n0200_i01,200,medium,4,150.0,115.02652559999842,179469,1037.5401296107339,0.030789417226581108,True,False,True,True,True,True
HPSO,n0200_i01,200,medium,5,1.0,0.9595578999724239,1409,1042.3901508534866,0.4983871898398635,True,False,False,True,True,True
HPSO,n0200_i01,200,medium,5,5.0,4.968855799990706,7991,1040.2254012541016,0.2896804563486496,True,False,False,True,True,True
HPSO,n0200_i01,200,medium,5,15.0,14.909777499968186,17779,1039.2677960990752,0.1973563169023675,True,False,False,True,True,True
HPSO,n0200_i01,200,medium,5,30.0,29.89454490004573,42120,1038.722045413623,0.1447396803668095,True,False,False,True,True,True
HPSO,n0200_i01,200,medium,5,60.0,58.02762830001302,88369,1038.0932669134645,0.0841182085370639,True,False,True,True,True,True
HPSO,n0200_i01,200,medium,5,120.0,108.12164969998412,169977,1037.9769250240997,0.07290151368033922,True,False,True,True,True,True
HPSO,n0200_i01,200,medium,5,150.0,121.15703670005314,191349,1037.9764618843576,0.07285686168790738,True,False,True,True,True,True
TS,n0200_i01,200,medium,1,1.0,0.9984631000552326,3203,1041.8374696239548,0.445102369225849,True,False,False,True,True,True
TS,n0200_i01,200,medium,1,5.0,4.679152500000782,15109,1039.275379061337,0.198087401589613,True,False,False,True,True,True
TS,n0200_i01,200,medium,1,15.0,13.761311400099657,44708,1038.749920386007,0.14742714797696432,True,False,False,True,True,True
TS,n0200_i01,200,medium,1,30.0,29.976727900095284,97980,1038.2246385386302,0.0967839426106729,True,False,True,True,True,True
TS,n0200_i01,200,medium,1,60.0,38.228448100038804,124957,1037.9944555804575,0.07459166073233689,True,False,True,True,True,True
TS,n0200_i01,200,medium,1,120.0,38.228448100038804,124957,1037.9944555804575,0.07459166073233689,True,False,True,True,True,True
TS,n0200_i01,200,medium,1,150.0,38.228448100038804,124957,1037.9944555804575,0.07459166073233689,True,False,True,True,True,True
TS,n0200_i01,200,medium,2,1.0,0.970329999923706,1898,1043.4731740628629,0.6028030707289554,True,False,False,True,True,True
TS,n0200_i01,200,medium,2,5.0,4.977399499970488,9772,1040.5768229455814,0.3235615451025373,True,False,False,True,True,True
TS,n0200_i01,200,medium,2,15.0,14.597019799984992,28477,1039.092881320495,0.18049252254611714,True,False,False,True,True,True
TS,n0200_i01,200,medium,2,30.0,29.998580599902198,58529,1038.4450286653698,0.11803208302313004,True,False,False,True,True,True
TS,n0200_i01,200,medium,2,60.0,41.44956949993502,80869,1037.7872503884328,0.05461469951604334,True,False,True,True,True,True
TS,n0200_i01,200,medium,2,120.0,41.44956949993502,80869,1037.7872503884328,0.05461469951604334,True,False,True,True,True,True
TS,n0200_i01,200,medium,2,150.0,41.44956949993502,80869,1037.7872503884328,0.05461469951604334,True,False,True,True,True,True
TS,n0200_i01,200,medium,3,1.0,0.9154126000357792,963,1044.32006523242,0.6844531099164033,True,False,False,True,True,True
TS,n0200_i01,200,medium,3,5.0,4.735325700021349,11023,1040.831162386921,0.34808278950653654,True,False,False,True,True,True
TS,n0200_i01,200,medium,3,15.0,14.825082199997269,43883,1039.0315288780098,0.17457744217541576,True,False,False,True,True,True
TS,n0200_i01,200,medium,3,30.0,29.88237000000663,86404,1038.6043910074602,0.1333964438104671,True,False,False,True,True,True
TS,n0200_i01,200,medium,3,60.0,48.86025440006051,140075,1037.6780382190072,0.04408539157910484,True,False,True,True,True,True
TS,n0200_i01,200,medium,3,120.0,48.86025440006051,140075,1037.6780382190072,0.04408539157910484,True,False,True,True,True,True
TS,n0200_i01,200,medium,3,150.0,48.86025440006051,140075,1037.6780382190072,0.04408539157910484,True,False,True,True,True,True
TS,n0200_i01,200,medium,4,1.0,0.9726706000510603,1890,1043.9393365142032,0.6477464870590178,True,False,False,True,True,True
TS,n0200_i01,200,medium,4,5.0,4.988863400067203,9607,1041.620183488992,0.4241534892843164,True,False,False,True,True,True
TS,n0200_i01,200,medium,4,15.0,14.922763300011866,21518,1039.8141131744371,0.25002755993280884,True,False,False,True,True,True
TS,n0200_i01,200,medium,4,30.0,29.728881400078535,50272,1038.5560376130854,0.12873462103150088,True,False,False,True,True,True
TS,n0200_i01,200,medium,4,60.0,52.620866500074044,94356,1037.776163179047,0.05354576514363545,True,False,True,True,True,True
TS,n0200_i01,200,medium,4,120.0,52.620866500074044,94356,1037.776163179047,0.05354576514363545,True,False,True,True,True,True
TS,n0200_i01,200,medium,4,150.0,52.620866500074044,94356,1037.776163179047,0.05354576514363545,True,False,True,True,True,True
TS,n0200_i01,200,medium,5,1.0,0.9903122999239713,1983,1044.4481331718312,0.6968003307252533,True,False,False,True,True,True
TS,n0200_i01,200,medium,5,5.0,4.974695199984126,9560,1041.356650232754,0.398745855490833,True,False,False,True,True,True
TS,n0200_i01,200,medium,5,15.0,11.368267399957404,22135,1040.186966039604,0.2859748600657718,True,False,False,True,True,True
TS,n0200_i01,200,medium,5,30.0,29.96220309997443,48501,1038.9830231785684,0.16990093543810003,True,False,False,True,True,True
TS,n0200_i01,200,medium,5,60.0,47.95235999999568,96207,1037.6867961800497,0.04492975964907749,True,False,True,True,True,True
TS,n0200_i01,200,medium,5,120.0,47.95235999999568,96207,1037.6867961800497,0.04492975964907749,True,False,True,True,True,True
TS,n0200_i01,200,medium,5,150.0,47.95235999999568,96207,1037.6867961800497,0.04492975964907749,True,False,True,True,True,True
2PGA,n0200_i02,200,high,1,1.0,0.2877104000071995,1141,1273.5795214041898,1.2743289447293917,True,False,False,False,True,True
2PGA,n0200_i02,200,high,1,5.0,4.842974700004561,19542,1268.487439635143,0.8694094595893264,True,False,False,True,True,True
2PGA,n0200_i02,200,high,1,15.0,10.482095300001674,42287,1266.8449858156891,0.7388024534367077,True,False,False,True,True,True
2PGA,n0200_i02,200,high,1,30.0,29.18838870000036,112102,1265.4835752860724,0.6305438520003366,True,False,False,True,True,True
2PGA,n0200_i02,200,high,1,60.0,57.44241899999906,226168,1264.8279915562907,0.5784122016519369,True,False,False,True,True,True
2PGA,n0200_i02,200,high,1,120.0,119.26843900000677,474198,1263.7976138648744,0.4964771457688489,True,False,False,True,True,True
2PGA,n0200_i02,200,high,1,150.0,149.6933973999985,596085,1263.1511823956757,0.44507327804673835,True,False,False,True,True,True
2PGA,n0200_i02,200,high,2,1.0,0.9938193999987561,3984,1274.2352332754801,1.326470784818659,True,False,False,False,True,True
2PGA,n0200_i02,200,high,2,5.0,4.809362700005295,19321,1269.8706825106347,0.9794041569196921,True,False,False,True,True,True
2PGA,n0200_i02,200,high,2,15.0,14.894832400008454,54475,1266.8610242577179,0.740077821347765,True,False,False,True,True,True
2PGA,n0200_i02,200,high,2,30.0,29.207110000003013,112133,1265.073047683536,0.5978989273910585,True,False,False,True,True,True
2PGA,n0200_i02,200,high,2,60.0,59.886014100004104,235417,1262.607065800171,0.40180543167255384,True,False,False,True,True,True
2PGA,n0200_i02,200,high,2,120.0,119.1902923000016,472327,1261.0427085874317,0.27740862386635134,True,False,False,True,True,True
2PGA,n0200_i02,200,high,2,150.0,119.1902923000016,472327,1261.0427085874317,0.27740862386635134,True,False,False,True,True,True
2PGA,n0200_i02,200,high,3,1.0,0.9795526999951107,3932,1274.741063886693,1.3666941512039759,True,False,False,False,True,True
2PGA,n0200_i02,200,high,3,5.0,4.663748100007069,18812,1269.4653474121492,0.9471721373190617,True,False,False,True,True,True
2PGA,n0200_i02,200,high,3,15.0,14.87954290000198,54941,1266.0037857870939,0.6719106991547732,True,False,False,True,True,True
2PGA,n0200_i02,200,high,3,30.0,29.174656500006677,112294,1263.593618791405,0.4802555719869035,True,False,False,True,True,True
2PGA,n0200_i02,200,high,3,60.0,59.91778200000408,235078,1262.5075294189007,0.3938903544831628,True,False,False,True,True,True
2PGA,n0200_i02,200,high,3,120.0,113.11693190000369,447230,1260.874955945199,0.2640690278809428,True,False,False,True,True,True
2PGA,n0200_i02,200,high,3,150.0,144.20730090000143,571099,1260.5731045632115,0.2400659753521793,True,False,False,True,True,True
2PGA,n0200_i02,200,high,4,1.0,0.9870105000009062,3969,1275.0970519240973,1.3950021201957574,True,False,False,False,True,True
2PGA,n0200_i02,200,high,4,5.0,4.942132900003344,19789,1270.3251187837373,1.0155406743755218,True,False,False,False,True,True
2PGA,n0200_i02,200,high,4,15.0,14.070634000003338,51456,1267.1603922992495,0.763883400036861,True,False,False,True,True,True
2PGA,n0200_i02,200,high,4,30.0,29.66178239999863,114262,1264.8282758616442,0.5784348094541243,True,False,False,True,True,True
2PGA,n0200_i02,200,high,4,60.0,57.445288400005666,226597,1263.4245150559796,0.4668085378288891,True,False,False,True,True,True
2PGA,n0200_i02,200,high,4,120.0,119.20109550000052,474362,1261.1933776730386,0.289389745014357,True,False,False,True,True,True
2PGA,n0200_i02,200,high,4,150.0,138.08557239999936,550082,1260.78776542811,0.2571356868840789,True,False,False,True,True,True
2PGA,n0200_i02,200,high,5,1.0,0.8969614999950863,3603,1274.4846874572386,1.3463072413849426,True,False,False,False,True,True
2PGA,n0200_i02,200,high,5,5.0,4.833805400005076,19549,1270.911404327814,1.062161771879424,True,False,False,False,True,True
2PGA,n0200_i02,200,high,5,15.0,14.792150299996138,54153,1266.5611309765636,0.7162304758985825,True,False,False,True,True,True
2PGA,n0200_i02,200,high,5,30.0,28.234180300001753,108181,1265.0044671325588,0.5924454404574582,True,False,False,True,True,True
2PGA,n0200_i02,200,high,5,60.0,59.349892099999124,232234,1263.244081066991,0.45246052826487193,True,False,False,True,True,True
2PGA,n0200_i02,200,high,5,120.0,119.94563200000266,464025,1262.0898867260296,0.3606796418826961,True,False,False,True,True,True
2PGA,n0200_i02,200,high,5,150.0,134.0024212999997,516949,1261.964067339712,0.3506745548791809,True,False,False,True,True,True
ACO,n0200_i02,200,high,1,1.0,0.9988635999980033,181,1276.683990256488,1.5211945659665054,True,False,False,False,True,True
ACO,n0200_i02,200,high,1,5.0,4.004533100000117,690,1275.877477771327,1.4570611456755076,True,False,False,False,True,True
ACO,n0200_i02,200,high,1,15.0,13.446554499998456,2261,1274.8979508529746,1.3791697147344237,True,False,False,False,True,True
ACO,n0200_i02,200,high,1,30.0,19.075844300001336,3218,1273.9525165729003,1.3039893112600471,True,False,False,False,True,True
ACO,n0200_i02,200,high,1,60.0,19.075844300001336,3218,1273.9525165729003,1.3039893112600471,True,False,False,False,True,True
ACO,n0200_i02,200,high,1,120.0,96.58844029999818,16180,1273.5951293495878,1.275570079789919,True,False,False,False,True,True
ACO,n0200_i02,200,high,1,150.0,147.68980229999943,27851,1271.7236825291964,1.1267536786892491,True,False,False,False,True,True
ACO,n0200_i02,200,high,2,1.0,0.65757179999855,215,1275.984796331951,1.4655950574005678,True,False,False,False,True,True
ACO,n0200_i02,200,high,2,5.0,2.4692275999987032,765,1275.3834793027431,1.4177786646331025,True,False,False,False,True,True
ACO,n0200_i02,200,high,2,15.0,14.125378799999453,4328,1273.461059887757,1.264908951410662,True,False,False,False,True,True
ACO,n0200_i02,200,high,2,30.0,27.08965739999985,8370,1273.3596667052925,1.2568462224321468,True,False,False,False,True,True
ACO,n0200_i02,200,high,2,60.0,58.727651199998945,18472,1272.4278344254196,1.1827474423817936,True,False,False,False,True,True
ACO,n0200_i02,200,high,2,120.0,108.32640940000056,34316,1271.8397235731834,1.1359811973972092,True,False,False,False,True,True
ACO,n0200_i02,200,high,2,150.0,108.32640940000056,34316,1271.8397235731834,1.1359811973972092,True,False,False,False,True,True
ACO,n0200_i02,200,high,3,1.0,0.21596729999873787,81,1275.8070044715978,1.4514571484231595,True,False,False,False,True,True
ACO,n0200_i02,200,high,3,5.0,2.5324766999983694,796,1274.6458144608584,1.3591199703054622,True,False,False,False,True,True
ACO,n0200_i02,200,high,3,15.0,5.038603400000284,1589,1274.4410052443957,1.342833656329486,True,False,False,False,True,True
ACO,n0200_i02,200,high,3,30.0,26.840953699997044,8370,1273.4912571650655,1.2673102219587256,True,False,False,False,True,True
ACO,n0200_i02,200,high,3,60.0,37.96675399999731,11908,1271.3043745425937,1.0934105428656355,True,False,False,False,True,True
ACO,n0200_i02,200,high,3,120.0,37.96675399999731,11908,1271.3043745425937,1.0934105428656355,True,False,False,False,True,True
ACO,n0200_i02,200,high,3,150.0,149.04314259999956,47522,1270.807118701848,1.053869037416607,True,False,False,False,True,True
ACO,n0200_i02,200,high,4,1.0,0.2500194999993255,89,1276.7980902055597,1.5302677298959357,True,False,False,False,True,True
ACO,n0200_i02,200,high,4,5.0,3.9946767000001273,1205,1274.6113764624008,1.356381479991052,True,False,False,False,True,True
ACO,n0200_i02,200,high,4,15.0,12.072432599998137,3625,1273.716658509227,1.2852340103752007,True,False,False,False,True,True
ACO,n0200_i02,200,high,4,30.0,19.970529700000043,5993,1273.4586838413804,1.264720009535976,True,False,False,False,True,True
ACO,n0200_i02,200,high,4,60.0,51.07401989999926,15791,1272.065743647118,1.1539541868580776,True,False,False,False,True,True
ACO,n0200_i02,200,high,4,120.0,108.8619961000004,33944,1271.9012880249225,1.1408767680560785,True,False,False,False,True,True
ACO,n0200_i02,200,high,4,150.0,108.8619961000004,33944,1271.9012880249225,1.1408767680560785,True,False,False,False,True,True
ACO,n0200_i02,200,high,5,1.0,0.8680151000007754,294,1275.4907971483847,1.426312519503161,True,False,False,False,True,True
ACO,n0200_i02,200,high,5,5.0,2.9502638000012666,914,1274.8325581701329,1.3739697252862624,True,False,False,False,True,True
ACO,n0200_i02,200,high,5,15.0,8.079727000000275,2521,1273.9616377836294,1.3047146248193693,True,False,False,False,True,True
ACO,n0200_i02,200,high,5,30.0,8.079727000000275,2521,1273.9616377836294,1.3047146248193693,True,False,False,False,True,True
ACO,n0200_i02,200,high,5,60.0,33.03141060000053,10411,1273.0451157286811,1.2318333052645536,True,False,False,False,True,True
ACO,n0200_i02,200,high,5,120.0,96.89089590000003,30891,1272.2062985628536,1.165131034892899,True,False,False,False,True,True
ACO,n0200_i02,200,high,5,150.0,96.89089590000003,30891,1272.2062985628536,1.165131034892899,True,False,False,False,True,True
BRKGA-R-LS,n0200_i02,200,high,1,1.0,0.9918204999994487,2467,1275.2378189961478,1.406195838781708,True,False,False,False,True,True
BRKGA-R-LS,n0200_i02,200,high,1,5.0,4.945968799991533,12287,1274.257260580651,1.3282223837664706,True,False,False,False,True,True
BRKGA-R-LS,n0200_i02,200,high,1,15.0,14.851858799927868,26802,1272.9419223449863,1.22362742529429,True,False,False,False,True,True
BRKGA-R-LS,n0200_i02,200,high,1,30.0,29.89685689995531,63953,1270.4895503274877,1.028616178473067,True,False,False,False,True,True
BRKGA-R-LS,n0200_i02,200,high,1,60.0,59.638679299969226,137540,1266.9162712238292,0.744471029094218,True,False,False,True,True,True
BRKGA-R-LS,n0200_i02,200,high,1,120.0,109.52313069999218,252219,1264.4035551875493,0.5446612597581509,True,False,False,True,True,True
BRKGA-R-LS,n0200_i02,200,high,1,150.0,139.89516189997084,322832,1262.6339850236536,0.4039460332196809,True,False,False,True,True,True
BRKGA-R-LS,n0200_i02,200,high,2,1.0,0.9838883999036625,2467,1275.2378189961478,1.406195838781708,True,False,False,False,True,True
BRKGA-R-LS,n0200_i02,200,high,2,5.0,4.842556499992497,11897,1274.428285666437,1.3418222026270836,True,False,False,False,True,True
BRKGA-R-LS,n0200_i02,200,high,2,15.0,14.850737699889578,36259,1272.3006221134135,1.1726315907090823,True,False,False,False,True,True
BRKGA-R-LS,n0200_i02,200,high,2,30.0,29.83875299990177,73299,1270.19012427553,1.004805986827439,True,False,False,False,True,True
BRKGA-R-LS,n0200_i02,200,high,2,60.0,59.96768059988972,176374,1264.588570820723,0.5593735990970288,True,False,False,True,True,True
BRKGA-R-LS,n0200_i02,200,high,2,120.0,104.8229977999581,308247,1263.093678338556,0.440500587689732,True,False,False,True,True,True
BRKGA-R-LS,n0200_i02,200,high,2,150.0,141.89262099994812,392074,1262.5508743721482,0.3973371208448253,True,False,False,True,True,True
BRKGA-R-LS,n0200_i02,200,high,3,1.0,0.9775899000233039,2297,1275.3137532515532,1.41223408816532,True,False,False,False,True,True
BRKGA-R-LS,n0200_i02,200,high,3,5.0,4.955166399944574,11897,1274.428285666437,1.3418222026270836,True,False,False,False,True,True
BRKGA-R-LS,n0200_i02,200,high,3,15.0,14.878432599944063,35685,1272.3502334321015,1.1765766549345575,True,False,False,False,True,True
BRKGA-R-LS,n0200_i02,200,high,3,30.0,29.70630770002026,71827,1270.1946498747934,1.0051658599415787,True,False,False,False,True,True
BRKGA-R-LS,n0200_i02,200,high,3,60.0,58.88458119996358,143330,1266.848569910924,0.7390874586787683,True,False,False,True,True,True
BRKGA-R-LS,n0200_i02,200,high,3,120.0,106.36982769996393,253018,1264.5184016967407,0.5537937897294138,True,False,False,True,True,True
BRKGA-R-LS,n0200_i02,200,high,3,150.0,127.52643990004435,301482,1263.8834382600553,0.5033018535181149,True,False,False,True,True,True
BRKGA-R-LS,n0200_i02,200,high,4,1.0,0.9786443000193685,2409,1275.2551851207716,1.4075767832677692,True,False,False,False,True,True
BRKGA-R-LS,n0200_i02,200,high,4,5.0,4.930269800010137,12287,1274.257260580651,1.3282223837664706,True,False,False,False,True,True
BRKGA-R-LS,n0200_i02,200,high,4,15.0,14.47152120003011,28245,1272.9224120309611,1.22207597607012,True,False,False,False,True,True
BRKGA-R-LS,n0200_i02,200,high,4,30.0,29.824601200059988,63257,1270.5514231055645,1.033536267069314,True,False,False,False,True,True
BRKGA-R-LS,n0200_i02,200,high,4,60.0,57.27631540002767,167254,1265.1925488283514,0.6074015913754449,True,False,False,True,True,True
BRKGA-R-LS,n0200_i02,200,high,4,120.0,109.91604510007892,366795,1262.9115924220987,0.42602121778029545,True,False,False,True,True,True
BRKGA-R-LS,n0200_i02,200,high,4,150.0,125.34001939999871,424680,1262.6461270346995,0.4049115591252423,True,False,False,True,True,True
BRKGA-R-LS,n0200_i02,200,high,5,1.0,0.984958800021559,2409,1275.2551851207716,1.4075767832677692,True,False,False,False,True,True
BRKGA-R-LS,n0200_i02,200,high,5,5.0,4.848658700007945,11897,1274.428285666437,1.3418222026270836,True,False,False,False,True,True
BRKGA-R-LS,n0200_i02,200,high,5,15.0,14.901632299995981,27289,1272.9298619448102,1.2226683890393004,True,False,False,False,True,True
BRKGA-R-LS,n0200_i02,200,high,5,30.0,29.718899399973452,63257,1270.5514231055645,1.033536267069314,True,False,False,False,True,True
BRKGA-R-LS,n0200_i02,200,high,5,60.0,59.538328399998136,136384,1266.9541305649825,0.7474815826600946,True,False,False,True,True,True
BRKGA-R-LS,n0200_i02,200,high,5,120.0,95.19356639997568,220041,1262.6831461405945,0.40785529765483447,True,False,False,True,True,True
BRKGA-R-LS,n0200_i02,200,high,5,150.0,95.19356639997568,220041,1262.6831461405945,0.40785529765483447,True,False,False,True,True,True
GA,n0200_i02,200,high,1,1.0,0.9829195999773219,2322,1270.847262988735,1.0570612885851742,True,False,False,False,True,True
GA,n0200_i02,200,high,1,5.0,4.573574799927883,10753,1264.5460547984849,0.5559927488641289,True,False,False,True,True,True
GA,n0200_i02,200,high,1,15.0,14.437888799933717,26215,1262.3696090662975,0.38292300543038016,True,False,False,True,True,True
GA,n0200_i02,200,high,1,30.0,29.57727090001572,61798,1261.3849656088719,0.30462471017304965,True,False,False,True,True,True
GA,n0200_i02,200,high,1,60.0,58.74581660004333,129958,1260.8788818700843,0.2643812152250168,True,False,False,True,True,True
GA,n0200_i02,200,high,1,120.0,119.54172670003027,270690,1260.2171575668929,0.21176126992450892,True,False,False,True,True,True
GA,n0200_i02,200,high,1,150.0,149.60801740002353,340762,1260.1268260054544,0.20457815484338443,True,False,False,True,True,True
GA,n0200_i02,200,high,2,1.0,0.9861920999828726,2266,1271.8417805792112,1.136144769362369,True,False,False,False,True,True
GA,n0200_i02,200,high,2,5.0,4.88834099995438,11499,1267.7593386613084,0.8115112786828156,True,False,False,True,True,True
GA,n0200_i02,200,high,2,15.0,14.117249900009483,33220,1265.6233976699755,0.64166244951486,True,False,False,True,True,True
GA,n0200_i02,200,high,2,30.0,29.562470000004396,73925,1262.655124415877,0.40562702582810806,True,False,False,True,True,True
GA,n0200_i02,200,high,2,60.0,59.61125989991706,144523,1260.9623060708952,0.2710150608647132,True,False,False,True,True,True
GA,n0200_i02,200,high,2,120.0,118.56885259994306,281477,1259.8869532433273,0.18550360739011107,True,False,False,True,True,True
GA,n0200_i02,200,high,2,150.0,149.13352259993553,352262,1259.7147119138137,0.1718070735107027,True,False,False,True,True,True
GA,n0200_i02,200,high,3,1.0,0.9832341999281198,2343,1272.4100673873545,1.181334617483826,True,False,False,False,True,True
GA,n0200_i02,200,high,3,5.0,4.922533500008285,11396,1267.246480181081,0.7707290600967529,True,False,False,True,True,True
GA,n0200_i02,200,high,3,15.0,14.620631099911407,33620,1265.6240169411035,0.6417116936074907,True,False,False,True,True,True
GA,n0200_i02,200,high,3,30.0,28.422724699950777,65959,1264.5414746710685,0.5556285397018589,True,False,False,True,True,True
GA,n0200_i02,200,high,3,60.0,59.47947619995102,138232,1263.9203674861699,0.5062384448579935,True,False,False,True,True,True
GA,n0200_i02,200,high,3,120.0,119.40997239993885,278574,1262.8163922901217,0.4184509567016717,True,False,False,True,True,True
GA,n0200_i02,200,high,3,150.0,138.61680840002373,323132,1262.6165843146098,0.40256233859994134,True,False,False,True,True,True
GA,n0200_i02,200,high,4,1.0,0.9853675999911502,2351,1272.2868196413972,1.171534025878823,True,False,False,False,True,True
GA,n0200_i02,200,high,4,5.0,4.940623600035906,11665,1267.403787090905,0.7832380173020556,True,False,False,True,True,True
GA,n0200_i02,200,high,4,15.0,13.89239599998109,32283,1264.6149559774253,0.5614717319534621,True,False,False,True,True,True
GA,n0200_i02,200,high,4,30.0,29.8817555999849,68886,1263.2226734837543,0.45075820925755383,True,False,False,True,True,True
GA,n0200_i02,200,high,4,60.0,51.55367890000343,121647,1261.7443809182998,0.33320521391312735,True,False,False,True,True,True
GA,n0200_i02,200,high,4,120.0,118.35845960001461,288466,1260.9491717802293,0.2699706294405272,True,False,False,True,True,True
GA,n0200_i02,200,high,4,150.0,129.5034808999626,316979,1260.7356718957162,0.2529932384174655,True,False,False,True,True,True
GA,n0200_i02,200,high,5,1.0,0.9936941000632942,3878,1270.1858173914322,1.0044635058205482,True,False,False,False,True,True
GA,n0200_i02,200,high,5,5.0,4.857497600023635,18599,1265.5925686421176,0.6392109425175733,True,False,False,True,True,True
GA,n0200_i02,200,high,5,15.0,14.836913699982688,41547,1263.4645036773322,0.46998841056149404,True,False,False,True,True,True
GA,n0200_i02,200,high,5,30.0,29.149229599977843,65018,1262.5424925830594,0.39667060567944873,True,False,False,True,True,True
GA,n0200_i02,200,high,5,60.0,59.126399300061166,135000,1261.720717095553,0.3313234800059206,True,False,False,True,True,True
GA,n0200_i02,200,high,5,120.0,118.44393670000136,272778,1260.3345299644786,0.2210946571236269,True,False,False,True,True,True
GA,n0200_i02,200,high,5,150.0,149.43307590007316,344549,1259.956535792467,0.19103677265538388,True,False,False,True,True,True
HPSO,n0200_i02,200,high,1,1.0,0.9717190000228584,1786,1267.2225125497998,0.7688231675053514,True,False,False,True,True,True
HPSO,n0200_i02,200,high,1,5.0,4.078111100010574,8073,1263.8665682557241,0.5019603602393521,True,False,False,True,True,True
HPSO,n0200_i02,200,high,1,15.0,14.940243799937889,22146,1261.1549016626366,0.2863301542558285,True,False,False,True,True,True
HPSO,n0200_i02,200,high,1,30.0,29.889110299991444,53836,1258.6749617964858,0.08912672757793433,True,False,True,True,True,True
HPSO,n0200_i02,200,high,1,60.0,59.94562120002229,126314,1257.9866423831213,0.034391954038812074,True,False,True,True,True,True
HPSO,n0200_i02,200,high,1,120.0,116.86528130003717,237554,1257.6141307649416,0.004770039175049907,True,False,True,True,True,True
HPSO,n0200_i02,200,high,1,150.0,142.25903970003128,286292,1257.5541449395805,0.0,True,True,True,True,True,True
HPSO,n0200_i02,200,high,2,1.0,0.9992543000262231,1810,1268.4759139947012,0.868492947128363,True,False,False,True,True,True
HPSO,n0200_i02,200,high,2,5.0,4.653295300086029,8942,1264.6849308957997,0.5670360982001091,True,False,False,True,True,True
HPSO,n0200_i02,200,high,2,15.0,14.926676700008102,28503,1261.4454487313526,0.30943429413602286,True,False,False,True,True,True
HPSO,n0200_i02,200,high,2,30.0,29.47661940008402,57162,1260.0384720824186,0.19755230045839842,True,False,False,True,True,True
HPSO,n0200_i02,200,high,2,60.0,59.685366700054146,115851,1259.4341248193132,0.14949494519164397,True,False,False,True,True,True
HPSO,n0200_i02,200,high,2,120.0,119.93084240006283,232737,1259.2939428437958,0.1383477531537105,True,False,False,True,True,True
HPSO,n0200_i02,200,high,2,150.0,119.93084240006283,232737,1259.2939428437958,0.1383477531537105,True,False,False,True,True,True
HPSO,n0200_i02,200,high,3,1.0,0.9886509999632835,1791,1266.891632815417,0.7425117966817412,True,False,False,True,True,True
HPSO,n0200_i02,200,high,3,5.0,4.769866399932653,9171,1263.0232352351193,0.434898991629623,True,False,False,True,True,True
HPSO,n0200_i02,200,high,3,15.0,14.336202600039542,29884,1260.5406170481324,0.23748258638162775,True,False,False,True,True,True
HPSO,n0200_i02,200,high,3,30.0,29.244080299977213,62761,1259.896912222349,0.18629553981400537,True,False,False,True,True,True
HPSO,n0200_i02,200,high,3,60.0,58.54392409999855,133387,1259.0636009328416,0.12003109363800962,True,False,False,True,True,True
HPSO,n0200_i02,200,high,3,120.0,113.45559719996527,259736,1258.5936818938737,0.0826633953278545,True,False,True,True,True,True
HPSO,n0200_i02,200,high,3,150.0,131.81034369999543,295548,1258.5736782705658,0.08107271842631096,True,False,True,True,True,True
HPSO,n0200_i02,200,high,4,1.0,0.9975113000255078,1884,1266.3516524243134,0.6995728589607257,True,False,False,True,True,True
HPSO,n0200_i02,200,high,4,5.0,4.776290100067854,9247,1263.5567117513854,0.477320744872838,True,False,False,True,True,True
HPSO,n0200_i02,200,high,4,15.0,14.848477400024422,28783,1261.4903093714197,0.31300158706314013,True,False,False,True,True,True
HPSO,n0200_i02,200,high,4,30.0,28.703005100018345,55555,1260.3917055313102,0.22564122611722848,True,False,False,True,True,True
HPSO,n0200_i02,200,high,4,60.0,57.56423250003718,112383,1259.6017295504425,0.16282277936910688,True,False,False,True,True,True
HPSO,n0200_i02,200,high,4,120.0,104.50349240005016,204845,1259.1573883690864,0.12748901794466796,True,False,False,True,True,True
HPSO,n0200_i02,200,high,4,150.0,104.50349240005016,204845,1259.1573883690864,0.12748901794466796,True,False,False,True,True,True
HPSO,n0200_i02,200,high,5,1.0,0.994025900028646,3378,1266.2000390705437,0.6875166501382362,True,False,False,True,True,True
HPSO,n0200_i02,200,high,5,5.0,4.9492713999934494,16633,1263.0436086860707,0.43651907701786596,True,False,False,True,True,True
HPSO,n0200_i02,200,high,5,15.0,14.960767599986866,42979,1261.5841057142134,0.32046021961356386,True,False,False,True,True,True
HPSO,n0200_i02,200,high,5,30.0,29.082873800070956,90123,1260.5537928476228,0.2385303185642518,True,False,False,True,True,True
HPSO,n0200_i02,200,high,5,60.0,59.3149133999832,193124,1259.983706043785,0.19319733579513776,True,False,False,True,True,True
HPSO,n0200_i02,200,high,5,120.0,117.41743600007612,391553,1259.9373552470672,0.18951154644726714,True,False,False,True,True,True
HPSO,n0200_i02,200,high,5,150.0,117.41743600007612,391553,1259.9373552470672,0.18951154644726714,True,False,False,True,True,True
TS,n0200_i02,200,high,1,1.0,0.9803739000344649,2404,1270.3691041545965,1.0190383663863363,True,False,False,False,True,True
TS,n0200_i02,200,high,1,5.0,4.926395999966189,11820,1265.9443191629468,0.6671819465689438,True,False,False,True,True,True
TS,n0200_i02,200,high,1,15.0,14.92860650003422,26085,1264.0787487659888,0.5188328353624737,True,False,False,True,True,True
TS,n0200_i02,200,high,1,30.0,20.865393799962476,40612,1263.3152902170098,0.4581230399193703,True,False,False,True,True,True
TS,n0200_i02,200,high,1,60.0,59.98993589996826,135287,1262.7555110690075,0.4136097161587357,True,False,False,True,True,True
TS,n0200_i02,200,high,1,120.0,69.43974699999671,158342,1260.8916685652812,0.26539800605253633,True,False,False,True,True,True
TS,n0200_i02,200,high,1,150.0,69.43974699999671,158342,1260.8916685652812,0.26539800605253633,True,False,False,True,True,True
TS,n0200_i02,200,high,2,1.0,0.9831250000279397,2433,1268.4583528201022,0.8670964923777138,True,False,False,True,True,True
TS,n0200_i02,200,high,2,5.0,4.999031500075944,12239,1263.2338649135459,0.45164814547513826,True,False,False,True,True,True
TS,n0200_i02,200,high,2,15.0,14.973572100047022,36430,1261.516867930435,0.3151135087741956,True,False,False,True,True,True
TS,n0200_i02,200,high,2,30.0,28.194073399994522,68349,1261.0489625802977,0.2779059378699842,True,False,False,True,True,True
TS,n0200_i02,200,high,2,60.0,31.91132350009866,77433,1261.0120620716505,0.2749716301269945,True,False,False,True,True,True
TS,n0200_i02,200,high,2,120.0,31.91132350009866,77433,1261.0120620716505,0.2749716301269945,True,False,False,True,True,True
TS,n0200_i02,200,high,2,150.0,31.91132350009866,77433,1261.0120620716505,0.2749716301269945,True,False,False,True,True,True
TS,n0200_i02,200,high,3,1.0,0.9945606000255793,2425,1269.683861442359,0.9645482503945282,True,False,False,True,True,True
TS,n0200_i02,200,high,3,5.0,4.987652700045146,11846,1264.6991418603063,0.5681661461239984,True,False,False,True,True,True
TS,n0200_i02,200,high,3,15.0,14.875656899996102,35494,1262.5914132243224,0.40056074762362853,True,False,False,True,True,True
TS,n0200_i02,200,high,3,30.0,28.1522959000431,67687,1261.1206594438215,0.2836072322287457,True,False,False,True,True,True
TS,n0200_i02,200,high,3,60.0,45.23586040001828,109429,1260.0056560923017,0.1949427913371459,True,False,False,True,True,True
TS,n0200_i02,200,high,3,120.0,45.23586040001828,109429,1260.0056560923017,0.1949427913371459,True,False,False,True,True,True
TS,n0200_i02,200,high,3,150.0,45.23586040001828,109429,1260.0056560923017,0.1949427913371459,True,False,False,True,True,True
TS,n0200_i02,200,high,4,1.0,0.9778009000001475,2421,1270.8112584448868,1.0541982274602753,True,False,False,False,True,True
TS,n0200_i02,200,high,4,5.0,4.9898722999496385,12138,1265.2790574199305,0.6142807060383974,True,False,False,True,True,True
TS,n0200_i02,200,high,4,15.0,14.735870099975727,35652,1261.7827773155684,0.33625847387995095,True,False,False,True,True,True
TS,n0200_i02,200,high,4,30.0,27.988609299995005,67862,1260.4005983358363,0.22634837694344917,True,False,False,True,True,True
TS,n0200_i02,200,high,4,60.0,59.588299999944866,144786,1258.2718209885584,0.05706919673127437,True,False,True,True,True,True
TS,n0200_i02,200,high,4,120.0,60.478701499989256,146952,1258.2035862037014,0.05164320492555224,True,False,True,True,True,True
TS,n0200_i02,200,high,4,150.0,60.478701499989256,146952,1258.2035862037014,0.05164320492555224,True,False,True,True,True,True
TS,n0200_i02,200,high,5,1.0,0.969182499917224,2342,1269.4655889637552,0.9471913453672374,True,False,False,True,True,True
TS,n0200_i02,200,high,5,5.0,4.940923599991947,11876,1264.4804781605774,0.5507781314123571,True,False,False,True,True,True
TS,n0200_i02,200,high,5,15.0,12.18518909998238,27653,1262.872600436959,0.42292059700013435,True,False,False,True,True,True
TS,n0200_i02,200,high,5,30.0,26.74628159997519,54062,1260.8427621044023,0.2615089917245469,True,False,False,True,True,True
TS,n0200_i02,200,high,5,60.0,44.558218399994075,95787,1259.873066512759,0.18439934236706756,True,False,False,True,True,True
TS,n0200_i02,200,high,5,120.0,44.558218399994075,95787,1259.873066512759,0.18439934236706756,True,False,False,True,True,True
TS,n0200_i02,200,high,5,150.0,44.558218399994075,95787,1259.873066512759,0.18439934236706756,True,False,False,True,True,True
2PGA,n0200_i03,200,low,1,1.0,0.0025102000072365627,1,721.3775632099029,0.7442071188225832,True,False,False,True,True,True
2PGA,n0200_i03,200,low,1,5.0,4.958977000002051,13532,719.7749430436943,0.5203927029168608,True,False,False,True,True,True
2PGA,n0200_i03,200,low,1,15.0,14.690276499997708,34554,718.9756551246996,0.40876790091932574,True,False,False,True,True,True
2PGA,n0200_i03,200,low,1,30.0,28.42973119999806,67048,718.5358178946913,0.34734229627290014,True,False,False,True,True,True
2PGA,n0200_i03,200,low,1,60.0,59.1048759999976,144918,718.0864204105684,0.2845815513757395,True,False,False,True,True,True
2PGA,n0200_i03,200,low,1,120.0,79.37920890000532,198204,717.7624701859202,0.2393401823720656,True,False,False,True,True,True
2PGA,n0200_i03,200,low,1,150.0,148.70258680000552,382233,717.7353521837978,0.23555300938277754,True,False,False,True,True,True
2PGA,n0200_i03,200,low,2,1.0,0.5205882000009296,1398,721.0719684220675,0.7015291840346907,True,False,False,True,True,True
2PGA,n0200_i03,200,low,2,5.0,4.971555299998727,13495,719.2324387616808,0.44462909930986283,True,False,False,True,True,True
2PGA,n0200_i03,200,low,2,15.0,14.965173100004904,36282,718.3128121339001,0.3161983576482184,True,False,False,True,True,True
2PGA,n0200_i03,200,low,2,30.0,29.8008295000036,76595,717.7669614116217,0.23996740588907456,True,False,False,True,True,True
2PGA,n0200_i03,200,low,2,60.0,56.34681620000629,147343,717.2380492606128,0.16610201554924034,True,False,False,True,True,True
2PGA,n0200_i03,200,low,2,120.0,119.84704290000082,313082,716.915595637084,0.12106965483864851,True,False,False,True,True,True
2PGA,n0200_i03,200,low,2,150.0,149.45986719999928,393744,716.8227856592724,0.10810824862892178,True,False,False,True,True,True
2PGA,n0200_i03,200,low,3,1.0,0.4205190000066068,1097,721.255895555353,0.727215584826036,True,False,False,True,True,True
2PGA,n0200_i03,200,low,3,5.0,4.981951299996581,13211,719.347861647544,0.4607485182004636,True,False,False,True,True,True
2PGA,n0200_i03,200,low,3,15.0,14.870780099998228,34535,718.5223179032262,0.3454569507816844,True,False,False,True,True,True
2PGA,n0200_i03,200,low,3,30.0,29.485976600000868,73054,717.9856831845118,0.270513062855993,True,False,False,True,True,True
2PGA,n0200_i03,200,low,3,60.0,59.93969230000221,153621,717.5987905345851,0.21648144994647645,True,False,False,True,True,True
2PGA,n0200_i03,200,low,3,120.0,118.41408839999349,308080,716.9758970548148,0.12949106801706348,True,False,False,True,True,True
2PGA,n0200_i03,200,low,3,150.0,149.08569100000022,388141,716.8355887618485,0.10989626988640025,True,False,False,True,True,True
2PGA,n0200_i03,200,low,4,1.0,0.5549335999967298,1465,721.1156823116502,0.7076340608297123,True,False,False,True,True,True
2PGA,n0200_i03,200,low,4,5.0,4.968008600000758,13352,719.3023551202278,0.45439329002729645,True,False,False,True,True,True
2PGA,n0200_i03,200,low,4,15.0,14.40849590000289,34367,718.5747851415343,0.35278427920530586,True,False,False,True,True,True
2PGA,n0200_i03,200,low,4,30.0,28.12438999999722,72104,717.9961380217347,0.2719731363879372,True,False,False,True,True,True
2PGA,n0200_i03,200,low,4,60.0,59.39937980000104,156303,717.639853817121,0.22221615539304976,True,False,False,True,True,True
2PGA,n0200_i03,200,low,4,120.0,118.04328749999695,313325,717.2712209413704,0.17073461690414635,True,False,False,True,True,True
2PGA,n0200_i03,200,low,4,150.0,148.3598137999943,393948,717.032358012509,0.1373761405590479,True,False,False,True,True,True
2PGA,n0200_i03,200,low,5,1.0,0.6495729000016581,1723,721.0243378811607,0.694877326085379,True,False,False,True,True,True
2PGA,n0200_i03,200,low,5,5.0,4.829561600010493,12924,719.8515480764868,0.5310910025086167,True,False,False,True,True,True
2PGA,n0200_i03,200,low,5,15.0,14.43033529999957,34357,718.9185043138821,0.4007864867256338,True,False,False,True,True,True
2PGA,n0200_i03,200,low,5,30.0,24.1706000000122,60541,718.4697747535021,0.3381190209257486,True,False,False,True,True,True
2PGA,n0200_i03,200,low,5,60.0,55.09650870000769,144318,717.9934351501718,0.2715956660222882,True,False,False,True,True,True
2PGA,n0200_i03,200,low,5,120.0,119.7808345000085,315791,717.0773829711718,0.143664115112702,True,False,False,True,True,True
2PGA,n0200_i03,200,low,5,150.0,147.27449110000452,387938,716.7728150977907,0.10112959438113027,True,False,False,True,True,True
ACO,n0200_i03,200,low,1,1.0,0.031111199998122174,11,721.465187635124,0.7564443350784783,True,False,False,True,True,True
ACO,n0200_i03,200,low,1,5.0,4.177815999999439,1242,721.2465338449044,0.72590817225248,True,False,False,True,True,True
ACO,n0200_i03,200,low,1,15.0,13.842748899998696,4126,721.0088365464536,0.6927124823835581,True,False,False,True,True,True
ACO,n0200_i03,200,low,1,30.0,13.842748899998696,4126,721.0088365464536,0.6927124823835581,True,False,False,True,True,True
ACO,n0200_i03,200,low,1,60.0,13.842748899998696,4126,721.0088365464536,0.6927124823835581,True,False,False,True,True,True
ACO,n0200_i03,200,low,1,120.0,13.842748899998696,4126,721.0088365464536,0.6927124823835581,True,False,False,True,True,True
ACO,n0200_i03,200,low,1,150.0,13.842748899998696,4126,721.0088365464536,0.6927124823835581,True,False,False,True,True,True
ACO,n0200_i03,200,low,2,1.0,0.8460040999998455,272,721.512494474824,0.7630509864354575,True,False,False,True,True,True
ACO,n0200_i03,200,low,2,5.0,2.6401149999983318,778,721.4250174494944,0.7508343553570822,True,False,False,True,True,True
ACO,n0200_i03,200,low,2,15.0,5.509330799999589,1638,721.1697022056906,0.7151782258707274,True,False,False,True,True,True
ACO,n0200_i03,200,low,2,30.0,24.61829239999861,7454,721.0335519671154,0.6961641221144912,True,False,False,True,True,True
ACO,n0200_i03,200,low,2,60.0,24.61829239999861,7454,721.0335519671154,0.6961641221144912,True,False,False,True,True,True
ACO,n0200_i03,200,low,2,120.0,24.61829239999861,7454,721.0335519671154,0.6961641221144912,True,False,False,True,True,True
ACO,n0200_i03,200,low,2,150.0,24.61829239999861,7454,721.0335519671154,0.6961641221144912,True,False,False,True,True,True
ACO,n0200_i03,200,low,3,1.0,0.18178610000177287,64,721.3821047238278,0.7448413653570144,True,False,False,True,True,True
ACO,n0200_i03,200,low,3,5.0,4.096105299999181,1238,721.1117361735049,0.7070829616842739,True,False,False,True,True,True
ACO,n0200_i03,200,low,3,15.0,4.096105299999181,1238,721.1117361735049,0.7070829616842739,True,False,False,True,True,True
ACO,n0200_i03,200,low,3,30.0,4.096105299999181,1238,721.1117361735049,0.7070829616842739,True,False,False,True,True,True
ACO,n0200_i03,200,low,3,60.0,4.096105299999181,1238,721.1117361735049,0.7070829616842739,True,False,False,True,True,True
ACO,n0200_i03,200,low,3,120.0,4.096105299999181,1238,721.1117361735049,0.7070829616842739,True,False,False,True,True,True
ACO,n0200_i03,200,low,3,150.0,4.096105299999181,1238,721.1117361735049,0.7070829616842739,True,False,False,True,True,True
ACO,n0200_i03,200,low,4,1.0,0.08478159999867785,31,721.1066728167098,0.7063758370220928,True,False,False,True,True,True
ACO,n0200_i03,200,low,4,5.0,0.08478159999867785,31,721.1066728167098,0.7063758370220928,True,False,False,True,True,True
ACO,n0200_i03,200,low,4,15.0,5.049415000001318,1570,721.0434542178615,0.6975470240107874,True,False,False,True,True,True
ACO,n0200_i03,200,low,4,30.0,5.049415000001318,1570,721.0434542178615,0.6975470240107874,True,False,False,True,True,True
ACO,n0200_i03,200,low,4,60.0,5.049415000001318,1570,721.0434542178615,0.6975470240107874,True,False,False,True,True,True
ACO,n0200_i03,200,low,4,120.0,5.049415000001318,1570,721.0434542178615,0.6975470240107874,True,False,False,True,True,True
ACO,n0200_i03,200,low,4,150.0,5.049415000001318,1570,721.0434542178615,0.6975470240107874,True,False,False,True,True,True
ACO,n0200_i03,200,low,5,1.0,0.6094792000003508,203,721.3579509808096,0.7414681668914481,True,False,False,True,True,True
ACO,n0200_i03,200,low,5,5.0,4.650490200001514,1434,721.2561816750414,0.7272555429597672,True,False,False,True,True,True
ACO,n0200_i03,200,low,5,15.0,6.614558400000533,2032,721.1951070293247,0.7187261443873917,True,False,False,True,True,True
ACO,n0200_i03,200,low,5,30.0,6.614558400000533,2032,721.1951070293247,0.7187261443873917,True,False,False,True,True,True
ACO,n0200_i03,200,low,5,60.0,41.17061670000112,12974,721.1068749912548,0.7064040717708286,True,False,False,True,True,True
ACO,n0200_i03,200,low,5,120.0,41.17061670000112,12974,721.1068749912548,0.7064040717708286,True,False,False,True,True,True
ACO,n0200_i03,200,low,5,150.0,41.17061670000112,12974,721.1068749912548,0.7064040717708286,True,False,False,True,True,True
BRKGA-R-LS,n0200_i03,200,low,1,1.0,0.9824312999844551,1590,721.2803356535406,0.7306287743115248,True,False,False,True,True,True
BRKGA-R-LS,n0200_i03,200,low,1,5.0,4.980937600019388,8133,721.1192285114133,0.7081293064564737,True,False,False,True,True,True
BRKGA-R-LS,n0200_i03,200,low,1,15.0,11.856013900018297,19304,720.9465712770192,0.6840168068869454,True,False,False,True,True,True
BRKGA-R-LS,n0200_i03,200,low,1,30.0,29.82479370001238,42177,720.5428392540933,0.6276334861233246,True,False,False,True,True,True
BRKGA-R-LS,n0200_i03,200,low,1,60.0,59.535789799992926,90741,719.9061115052572,0.5387110750607736,True,False,False,True,True,True
BRKGA-R-LS,n0200_i03,200,low,1,120.0,119.44051400001626,188331,719.3050061267157,0.45476351715981417,True,False,False,True,True,True
BRKGA-R-LS,n0200_i03,200,low,1,150.0,149.42144529998768,236344,718.7755167514767,0.38081751439125866,True,False,False,True,True,True
BRKGA-R-LS,n0200_i03,200,low,2,1.0,0.5962790000485256,983,721.30330119599,0.7338360342584783,True,False,False,True,True,True
BRKGA-R-LS,n0200_i03,200,low,2,5.0,4.989132100017741,2016,721.2522908846366,0.7267121734201786,True,False,False,True,True,True
BRKGA-R-LS,n0200_i03,200,low,2,15.0,14.998888800037093,18785,720.9482113325539,0.6842458493508408,True,False,False,True,True,True
BRKGA-R-LS,n0200_i03,200,low,2,30.0,29.754073100048117,43295,720.5274968330824,0.6254908355629836,True,False,False,True,True,True
BRKGA-R-LS,n0200_i03,200,low,2,60.0,59.67562340002041,92609,719.8971714738447,0.5374625522036666,True,False,False,True,True,True
BRKGA-R-LS,n0200_i03,200,low,2,120.0,119.04784880008083,190458,719.3008947617067,0.4541893432055101,True,False,False,True,True,True
BRKGA-R-LS,n0200_i03,200,low,2,150.0,149.33880929998122,240331,718.6197537241975,0.3590643805512622,True,False,False,True,True,True
BRKGA-R-LS,n0200_i03,200,low,3,1.0,0.9622369999997318,1590,721.2803356535406,0.7306287743115248,True,False,False,True,True,True
BRKGA-R-LS,n0200_i03,200,low,3,5.0,4.947618399979547,3768,721.2030429936833,0.7198344439489568,True,False,False,True,True,True
BRKGA-R-LS,n0200_i03,200,low,3,15.0,14.935347400023602,17949,720.9699530323313,0.687282193170219,True,False,False,True,True,True
BRKGA-R-LS,n0200_i03,200,low,3,30.0,29.93537289998494,42733,720.5338124491963,0.626372844888344,True,False,False,True,True,True
BRKGA-R-LS,n0200_i03,200,low,3,60.0,59.50622320000548,91681,719.899438807637,0.5377791974070032,True,False,False,True,True,True
BRKGA-R-LS,n0200_i03,200,low,3,120.0,119.32661929994356,190458,719.3008947617067,0.4541893432055101,True,False,False,True,True,True
BRKGA-R-LS,n0200_i03,200,low,3,150.0,143.27351239998825,229165,718.6346303195892,0.36114197609040516,True,False,False,True,True,True
BRKGA-R-LS,n0200_i03,200,low,4,1.0,0.9990820999955758,1654,721.2697613995988,0.7291520236006974,True,False,False,True,True,True
BRKGA-R-LS,n0200_i03,200,low,4,5.0,2.848184600006789,4700,721.1794151447064,0.7165346893786663,True,False,False,True,True,True
BRKGA-R-LS,n0200_i03,200,low,4,15.0,14.912584600038826,18785,720.9482113325539,0.6842458493508408,True,False,False,True,True,True
BRKGA-R-LS,n0200_i03,200,low,4,30.0,29.71138360002078,43295,720.5274968330824,0.6254908355629836,True,False,False,True,True,True
BRKGA-R-LS,n0200_i03,200,low,4,60.0,59.88876709993929,93550,719.8949678904468,0.5371548100814242,True,False,False,True,True,True
BRKGA-R-LS,n0200_i03,200,low,4,120.0,118.1308802999556,190458,719.3008947617067,0.4541893432055101,True,False,False,True,True,True
BRKGA-R-LS,n0200_i03,200,low,4,150.0,149.56642629997805,241969,718.5986017738139,0.3561103983662226,True,False,False,True,True,True
BRKGA-R-LS,n0200_i03,200,low,5,1.0,0.9717105999588966,1590,721.2803356535406,0.7306287743115248,True,False,False,True,True,True
BRKGA-R-LS,n0200_i03,200,low,5,5.0,4.964224600000307,7407,721.1383934396846,0.7108057904527135,True,False,False,True,True,True
BRKGA-R-LS,n0200_i03,200,low,5,15.0,14.807534500025213,21677,720.8772701964732,0.6743385430094048,True,False,False,True,True,True
BRKGA-R-LS,n0200_i03,200,low,5,30.0,29.832824800047092,46409,720.4696974651299,0.6174188469216497,True,False,False,True,True,True
BRKGA-R-LS,n0200_i03,200,low,5,60.0,59.542264199932106,95418,719.8897109078644,0.5364206445499295,True,False,False,True,True,True
BRKGA-R-LS,n0200_i03,200,low,5,120.0,119.98120799998287,194658,719.0321698474926,0.4166604820428367,True,False,False,True,True,True
BRKGA-R-LS,n0200_i03,200,low,5,150.0,149.88922799995635,243479,718.5817183820718,0.3537525430609271,True,False,False,True,True,True
GA,n0200_i03,200,low,1,1.0,0.9109578001080081,1418,720.4069843987826,0.6086606342084088,True,False,False,True,True,True
GA,n0200_i03,200,low,1,5.0,3.384315100032836,5245,719.3127351123795,0.455842911047623,True,False,False,True,True,True
GA,n0200_i03,200,low,1,15.0,14.945039900019765,17198,718.4704812477119,0.3382176865935343,True,False,False,True,True,True
GA,n0200_i03,200,low,1,30.0,29.639183100080118,39975,718.0196090059342,0.27525098395911596,True,False,False,True,True,True
GA,n0200_i03,200,low,1,60.0,59.71397000004072,86487,717.4165108905921,0.1910251297827895,True,False,False,True,True,True
GA,n0200_i03,200,low,1,120.0,118.66820740001276,178912,716.8369576504018,0.11008744244148247,True,False,False,True,True,True
GA,n0200_i03,200,low,1,150.0,147.58665220008697,223459,716.7853579813315,0.1028812746685959,True,False,False,True,True,True
GA,n0200_i03,200,low,2,1.0,0.9959590999642387,1581,720.682778172673,0.6471766991595643,True,False,False,True,True,True
GA,n0200_i03,200,low,2,5.0,4.90009619994089,7709,718.968512412891,0.40777038328841675,True,False,False,True,True,True
GA,n0200_i03,200,low,2,15.0,14.756135699921288,22066,718.2179465843492,0.30294987993028794,True,False,False,True,True,True
GA,n0200_i03,200,low,2,30.0,29.225822999957018,44585,717.9472967326361,0.2651521910247256,True,False,False,True,True,True
GA,n0200_i03,200,low,2,60.0,59.5818940999452,92407,717.0300611542275,0.1370553721040304,True,False,False,True,True,True
GA,n0200_i03,200,low,2,120.0,119.87237330002245,186128,716.6476579790884,0.0836507381871081,True,False,True,True,True,True
GA,n0200_i03,200,low,2,150.0,147.08214930002578,228241,716.5319998370035,0.06749846451597043,True,False,True,True,True,True
GA,n0200_i03,200,low,3,1.0,0.9487947999732569,1492,720.5763309357842,0.6323107773077193,True,False,False,True,True,True
GA,n0200_i03,200,low,3,5.0,3.046293599996716,3175,720.0782581447132,0.5627522673360097,True,False,False,True,True,True
GA,n0200_i03,200,low,3,15.0,14.630600700038485,16547,718.2476828814871,0.30710271172128156,True,False,False,True,True,True
GA,n0200_i03,200,low,3,30.0,29.855013499967754,40529,717.8648807100504,0.2536423558527867,True,False,False,True,True,True
GA,n0200_i03,200,low,3,60.0,59.934953700052574,87668,717.1606798448723,0.15529696582003005,True,False,False,True,True,True
GA,n0200_i03,200,low,3,120.0,116.51266120001674,176475,716.852955041398,0.11232156303806475,True,False,False,True,True,True
GA,n0200_i03,200,low,3,150.0,149.98550449998584,228875,716.7532312256457,0.09839460264837983,True,False,True,True,True,True
GA,n0200_i03,200,low,4,1.0,0.9244175999192521,1493,720.4657637381854,0.6168694810662928,True,False,False,True,True,True
GA,n0200_i03,200,low,4,5.0,3.9099893999518827,4586,719.0632177001477,0.42099647952598707,True,False,False,True,True,True
GA,n0200_i03,200,low,4,15.0,14.46822349994909,17382,718.0075001747801,0.27355992139221325,True,False,False,True,True,True
GA,n0200_i03,200,low,4,30.0,29.89275949995499,41822,717.78755036957,0.24284276319112247,True,False,False,True,True,True
GA,n0200_i03,200,low,4,60.0,57.40761300001759,85175,717.4828924505144,0.20029566710297894,True,False,False,True,True,True
GA,n0200_i03,200,low,4,120.0,119.81995499995537,183475,717.1619788557072,0.15547837958068428,True,False,False,True,True,True
GA,n0200_i03,200,low,4,150.0,147.00141329993494,226098,717.0292219873023,0.13693817798706767,True,False,False,True,True,True
GA,n0200_i03,200,low,5,1.0,0.8885230000596493,1436,720.3596258700552,0.6020467642042953,True,False,False,True,True,True
GA,n0200_i03,200,low,5,5.0,4.771501200040802,5326,719.3348522859989,0.4589316917827412,True,False,False,True,True,True
GA,n0200_i03,200,low,5,15.0,14.970461299992166,17356,718.6854625545127,0.36824096760971514,True,False,False,True,True,True
GA,n0200_i03,200,low,5,30.0,29.786923100007698,40789,718.220922817464,0.303365526688169,True,False,False,True,True,True
GA,n0200_i03,200,low,5,60.0,59.274201399995945,87308,717.7396065223,0.2361471503445784,True,False,False,True,True,True
GA,n0200_i03,200,low,5,120.0,116.0744167000521,177051,717.5194039037207,0.20539468541407022,True,False,False,True,True,True
GA,n0200_i03,200,low,5,150.0,145.90596030000597,224326,717.4958392913854,0.20210376217657422,True,False,False,True,True,True
HPSO,n0200_i03,200,low,1,1.0,0.8734866000013426,1201,719.1577109422485,0.43419296253160833,True,False,False,True,True,True
HPSO,n0200_i03,200,low,1,5.0,3.1707010000245646,4334,718.4013934413231,0.3285692075845038,True,False,False,True,True,True
HPSO,n0200_i03,200,low,1,15.0,14.931099300039932,15429,717.7987998029698,0.24441380629836654,True,False,False,True,True,True
HPSO,n0200_i03,200,low,1,30.0,29.75069760007318,35963,717.0562169400707,0.14070816648069606,True,False,False,True,True,True
HPSO,n0200_i03,200,low,1,60.0,59.73979350004811,77465,716.3625543003334,0.04383449558728381,True,False,True,True,True,True
HPSO,n0200_i03,200,low,1,120.0,119.21078620001208,159147,716.0898447733632,0.005749162095472375,True,False,True,True,True,True
HPSO,n0200_i03,200,low,1,150.0,147.60928020009305,197587,716.048677974184,0.0,True,True,True,True,True,True
HPSO,n0200_i03,200,low,2,1.0,0.8921017000684515,1194,719.1485453461177,0.4329129383638678,True,False,False,True,True,True
HPSO,n0200_i03,200,low,2,5.0,4.858605100074783,6656,718.1514612709872,0.2936648528913273,True,False,False,True,True,True
HPSO,n0200_i03,200,low,2,15.0,13.327310400083661,16594,717.4281109700493,0.19264514247382017,True,False,False,True,True,True
HPSO,n0200_i03,200,low,2,30.0,29.549800400040112,35044,716.8220299886248,0.1080027152104674,True,False,False,True,True,True
HPSO,n0200_i03,200,low,2,60.0,59.12170520005748,75684,716.4439182694998,0.055197405912964986,True,False,True,True,True,True
HPSO,n0200_i03,200,low,2,120.0,119.27904779999517,157290,716.3122846910875,0.03681407773131869,True,False,True,True,True,True
HPSO,n0200_i03,200,low,2,150.0,146.8593931000214,195373,716.3045684886314,0.035736469086341476,True,False,True,True,True,True
HPSO,n0200_i03,200,low,3,1.0,0.8418721999041736,1164,719.9486590083842,0.5446530597939064,True,False,False,True,True,True
HPSO,n0200_i03,200,low,3,5.0,4.1953338999301195,2720,719.7727211051944,0.5200823974071551,True,False,False,True,True,True
HPSO,n0200_i03,200,low,3,15.0,14.788722899975255,15284,718.624996450589,0.35979655513000397,True,False,False,True,True,True
HPSO,n0200_i03,200,low,3,30.0,29.852976799942553,36459,717.50446372977,0.20330821079157232,True,False,False,True,True,True
HPSO,n0200_i03,200,low,3,60.0,56.651471499935724,73910,717.2979724669834,0.17447060950295856,True,False,False,True,True,True
HPSO,n0200_i03,200,low,3,120.0,101.0030513999518,135964,717.1428980705618,0.1528136466187713,True,False,False,True,True,True
HPSO,n0200_i03,200,low,3,150.0,136.23962309991475,185206,717.141544242016,0.15262457727370488,True,False,False,True,True,True
HPSO,n0200_i03,200,low,4,1.0,0.8454554000636563,1164,719.9781977330309,0.5487782995374246,True,False,False,True,True,True
HPSO,n0200_i03,200,low,4,5.0,2.963204300031066,3302,719.4475490774307,0.4746703971108057,True,False,False,True,True,True
HPSO,n0200_i03,200,low,4,15.0,14.957555000088178,15212,718.4510027859762,0.3354974159841779,True,False,False,True,True,True
HPSO,n0200_i03,200,low,4,30.0,29.734041000017896,35908,717.8858500877161,0.25657084078833475,True,False,False,True,True,True
HPSO,n0200_i03,200,low,4,60.0,59.98066560004372,78256,717.44785480398,0.19540247371931863,True,False,False,True,True,True
HPSO,n0200_i03,200,low,4,120.0,119.39872580009978,161031,717.2512037594614,0.16793911116204666,True,False,False,True,True,True
HPSO,n0200_i03,200,low,4,150.0,149.6990472000325,203375,717.224020195368,0.1641427820953775,True,False,False,True,True,True
HPSO,n0200_i03,200,low,5,1.0,0.8318217999767512,1153,719.3718190050345,0.464094290384304,True,False,False,True,True,True
HPSO,n0200_i03,200,low,5,5.0,4.697196600027382,4608,718.3921738734414,0.3272816459751752,True,False,False,True,True,True
HPSO,n0200_i03,200,low,5,15.0,14.981847599963658,16976,717.6095074802033,0.21797812830758478,True,False,False,True,True,True
HPSO,n0200_i03,200,low,5,30.0,29.663266999996267,37611,717.1971225454998,0.16038638246843528,True,False,False,True,True,True
HPSO,n0200_i03,200,low,5,60.0,59.16669420001563,78762,716.8201250090359,0.1077366746957014,True,False,False,True,True,True
HPSO,n0200_i03,200,low,5,120.0,119.60281609999947,162895,716.6396703297298,0.08253522054085038,True,False,True,True,True,True
HPSO,n0200_i03,200,low,5,150.0,149.6522478000261,204612,716.0697684779897,0.0029454008441645594,True,False,True,True,True,True
TS,n0200_i03,200,low,1,1.0,0.9808252999791875,1581,720.3070578463658,0.5947053605670217,True,False,False,True,True,True
TS,n0200_i03,200,low,1,5.0,4.607336400076747,5452,719.6104802837943,0.49742460522198917,True,False,False,True,True,True
TS,n0200_i03,200,low,1,15.0,14.779406000045128,17478,718.0055076657734,0.27328165692946865,True,False,False,True,True,True
TS,n0200_i03,200,low,1,30.0,24.681074899970554,33272,717.5981670681219,0.2163943795443771,True,False,False,True,True,True
TS,n0200_i03,200,low,1,60.0,58.31859320006333,86721,716.7227286907718,0.09413476168893554,True,False,True,True,True,True
TS,n0200_i03,200,low,1,120.0,63.50646589999087,94911,716.6694178915538,0.08668962550507499,True,False,True,True,True,True
TS,n0200_i03,200,low,1,150.0,63.50646589999087,94911,716.6694178915538,0.08668962550507499,True,False,True,True,True,True
TS,n0200_i03,200,low,2,1.0,0.9551294000120834,1541,719.6981066729402,0.5096620957503912,True,False,False,True,True,True
TS,n0200_i03,200,low,2,5.0,4.927283200086094,7854,718.6326920145173,0.3608712814949761,True,False,False,True,True,True
TS,n0200_i03,200,low,2,15.0,11.692940499982797,18755,717.8950179763739,0.25785118511963195,True,False,False,True,True,True
TS,n0200_i03,200,low,2,30.0,29.58175500005018,40954,717.1581181911124,0.15493921727042398,True,False,False,True,True,True
TS,n0200_i03,200,low,2,60.0,34.71599589998368,49163,717.1189806974437,0.14947345846483123,True,False,False,True,True,True
TS,n0200_i03,200,low,2,120.0,34.71599589998368,49163,717.1189806974437,0.14947345846483123,True,False,False,True,True,True
TS,n0200_i03,200,low,2,150.0,34.71599589998368,49163,717.1189806974437,0.14947345846483123,True,False,False,True,True,True
TS,n0200_i03,200,low,3,1.0,0.9570318000623956,1512,720.1738007225814,0.5760952956533691,True,False,False,True,True,True
TS,n0200_i03,200,low,3,5.0,4.067847000085749,3022,719.8058924833648,0.5247149565041545,True,False,False,True,True,True
TS,n0200_i03,200,low,3,15.0,14.98235210007988,17886,718.3463152658901,0.32087724792768174,True,False,False,True,True,True
TS,n0200_i03,200,low,3,30.0,29.973317100084387,42286,717.1461801597828,0.15327200780592884,True,False,False,True,True,True
TS,n0200_i03,200,low,3,60.0,59.82395480002742,90313,716.5526463770638,0.07038186346570331,True,False,True,True,True,True
TS,n0200_i03,200,low,3,120.0,73.7349887000164,112648,716.4517826868964,0.05629571356138544,True,False,True,True,True,True
TS,n0200_i03,200,low,3,150.0,73.7349887000164,112648,716.4517826868964,0.05629571356138544,True,False,True,True,True,True
TS,n0200_i03,200,low,4,1.0,0.9792704000137746,1581,719.9757137205529,0.5484313940051012,True,False,False,True,True,True
TS,n0200_i03,200,low,4,5.0,2.511246799957007,4058,718.8392187716679,0.3897138397600005,True,False,False,True,True,True
TS,n0200_i03,200,low,4,15.0,14.897888000006787,17557,717.4573042447934,0.19672213830414484,True,False,False,True,True,True
TS,n0200_i03,200,low,4,30.0,29.818281900021248,41557,716.9205155562829,0.1217567476788711,True,False,False,True,True,True
TS,n0200_i03,200,low,4,60.0,59.85673500003759,89916,716.5600243664737,0.07141223886292461,True,False,True,True,True,True
TS,n0200_i03,200,low,4,120.0,83.33630990004167,127656,716.264765469785,0.0301777661558297,True,False,True,True,True,True
TS,n0200_i03,200,low,4,150.0,83.33630990004167,127656,716.264765469785,0.0301777661558297,True,False,True,True,True,True
TS,n0200_i03,200,low,5,1.0,0.929252399946563,1511,720.2107134877429,0.5812503593099181,True,False,False,True,True,True
TS,n0200_i03,200,low,5,5.0,3.1824376999866217,5192,719.5040235088305,0.4825573513273237,True,False,False,True,True,True
TS,n0200_i03,200,low,5,15.0,14.909021699917503,18034,718.1079506879286,0.2875883689319262,True,False,False,True,True,True
TS,n0200_i03,200,low,5,30.0,29.448888499988243,41356,716.9566601954111,0.12680453845623602,True,False,False,True,True,True
TS,n0200_i03,200,low,5,60.0,55.42334939993452,83113,716.3669305780807,0.04444566601212847,True,False,True,True,True,True
TS,n0200_i03,200,low,5,120.0,72.99747329996899,111210,716.1544875163144,0.014776864392756843,True,False,True,True,True,True
TS,n0200_i03,200,low,5,150.0,72.99747329996899,111210,716.1544875163144,0.014776864392756843,True,False,True,True,True,True
2PGA,n0200_i04,200,low,1,1.0,0.6304495000076713,1545,625.6561576868656,0.8488468079834722,True,False,False,True,True,True
2PGA,n0200_i04,200,low,1,5.0,4.916527600013069,12111,624.113226477747,0.6001433768225898,True,False,False,True,True,True
2PGA,n0200_i04,200,low,1,15.0,14.019203300005756,31045,623.7118916831397,0.5354526505781481,True,False,False,True,True,True
2PGA,n0200_i04,200,low,1,30.0,29.574867700008326,65585,623.0671420667278,0.4315261495820965,True,False,False,True,True,True
2PGA,n0200_i04,200,low,1,60.0,59.888307500004885,138663,622.8559382707558,0.39748243562906715,True,False,False,True,True,True
2PGA,n0200_i04,200,low,1,120.0,117.01324400000158,274205,621.9988437391555,0.2593282848941208,True,False,False,True,True,True
2PGA,n0200_i04,200,low,1,150.0,138.33041270000103,325195,621.9503799824772,0.25151646379567705,True,False,False,True,True,True
2PGA,n0200_i04,200,low,2,1.0,0.8713446000037948,2079,625.4523012754695,0.8159874110908989,True,False,False,True,True,True
2PGA,n0200_i04,200,low,2,5.0,4.4412909999955446,10598,623.6322728312946,0.5226189730156332,True,False,False,True,True,True
2PGA,n0200_i04,200,low,2,15.0,14.688515900008497,31508,623.0474654758763,0.428354500950321,True,False,False,True,True,True
2PGA,n0200_i04,200,low,2,30.0,28.667736400006106,64446,622.3403847443657,0.3143809141856286,True,False,False,True,True,True
2PGA,n0200_i04,200,low,2,60.0,59.054834700000356,136246,621.8485369128688,0.23510048834461106,True,False,False,True,True,True
2PGA,n0200_i04,200,low,2,120.0,111.47172630000568,259630,621.4858617267257,0.17664126303526081,True,False,False,True,True,True
2PGA,n0200_i04,200,low,2,150.0,147.01165310000943,341778,621.2959553222014,0.14603045282836502,True,False,False,True,True,True
2PGA,n0200_i04,200,low,3,1.0,0.6795425999880536,1598,624.5402556703835,0.6689757556006608,True,False,False,True,True,True
2PGA,n0200_i04,200,low,3,5.0,4.354667099993094,10313,623.7156261466125,0.5360546047506656,True,False,False,True,True,True
2PGA,n0200_i04,200,low,3,15.0,14.6313775999879,31469,623.2415707533839,0.4596421230019684,True,False,False,True,True,True
2PGA,n0200_i04,200,low,3,30.0,29.57046360000095,67522,622.5516568800151,0.34843564373816555,True,False,False,True,True,True
2PGA,n0200_i04,200,low,3,60.0,59.88318449999497,139500,622.0421007542401,0.2663008368846001,True,False,False,True,True,True
2PGA,n0200_i04,200,low,3,120.0,115.17820089998713,270910,621.4747832554076,0.1748555360938721,True,False,False,True,True,True
2PGA,n0200_i04,200,low,3,150.0,147.93107639999653,349063,621.4511142000373,0.17104034637696006,True,False,False,True,True,True
2PGA,n0200_i04,200,low,4,1.0,0.13853840000228956,320,625.7210162235865,0.8593012861398686,True,False,False,True,True,True
2PGA,n0200_i04,200,low,4,5.0,4.354189800011227,10426,624.1778079856288,0.6105532009967347,True,False,False,True,True,True
2PGA,n0200_i04,200,low,4,15.0,14.677919900001143,31654,623.2651321285898,0.46343995586835834,True,False,False,True,True,True
2PGA,n0200_i04,200,low,4,30.0,29.923370400007116,67933,622.7645045036013,0.3827443245059648,True,False,False,True,True,True
2PGA,n0200_i04,200,low,4,60.0,59.990646100006416,139567,622.2731477008253,0.30354304705923446,True,False,False,True,True,True
2PGA,n0200_i04,200,low,4,120.0,115.27034050000657,270613,621.8463028951056,0.23474038941104353,True,False,False,True,True,True
2PGA,n0200_i04,200,low,4,150.0,146.52224020000722,345112,621.5913362564304,0.19364258965475364,True,False,False,True,True,True
2PGA,n0200_i04,200,low,5,1.0,0.6129564000002574,1522,625.0284307072609,0.7476641676056549,True,False,False,True,True,True
2PGA,n0200_i04,200,low,5,5.0,4.2748532999976305,10511,624.0337444243769,0.5873317496599227,True,False,False,True,True,True
2PGA,n0200_i04,200,low,5,15.0,12.77535359999456,29895,623.1092508717502,0.4383136228208656,True,False,False,True,True,True
2PGA,n0200_i04,200,low,5,30.0,29.955023499991512,70342,622.5695199879485,0.35131497899820846,True,False,False,True,True,True
2PGA,n0200_i04,200,low,5,60.0,55.16040249999787,130010,622.0632130456713,0.26970390455708115,True,False,False,True,True,True
2PGA,n0200_i04,200,low,5,120.0,119.28495669999393,283261,621.8580741936833,0.23663779243729227,True,False,False,True,True,True
2PGA,n0200_i04,200,low,5,150.0,148.6703162000049,352554,621.6684967064451,0.20608000005592353,True,False,False,True,True,True
ACO,n0200_i04,200,low,1,1.0,0.5276293999995687,178,625.5947864074578,0.8389544371031306,True,False,False,True,True,True
ACO,n0200_i04,200,low,1,5.0,1.9786602999993192,617,625.2987361681194,0.7912344157020887,True,False,False,True,True,True
ACO,n0200_i04,200,low,1,15.0,1.9786602999993192,617,625.2987361681194,0.7912344157020887,True,False,False,True,True,True
ACO,n0200_i04,200,low,1,30.0,24.55976709999959,7500,625.2132873021063,0.7774610043920714,True,False,False,True,True,True
ACO,n0200_i04,200,low,1,60.0,24.55976709999959,7500,625.2132873021063,0.7774610043920714,True,False,False,True,True,True
ACO,n0200_i04,200,low,1,120.0,106.71311879999848,33143,625.0484860092773,0.7508968602850021,True,False,False,True,True,True
ACO,n0200_i04,200,low,1,150.0,106.71311879999848,33143,625.0484860092773,0.7508968602850021,True,False,False,True,True,True
ACO,n0200_i04,200,low,2,1.0,0.8916930000013963,292,625.766092662125,0.8665671090506826,True,False,False,True,True,True
ACO,n0200_i04,200,low,2,5.0,3.278322499998467,1022,625.1117504764154,0.7610943920704888,True,False,False,True,True,True
ACO,n0200_i04,200,low,2,15.0,3.278322499998467,1022,625.1117504764154,0.7610943920704888,True,False,False,True,True,True
ACO,n0200_i04,200,low,2,30.0,3.278322499998467,1022,625.1117504764154,0.7610943920704888,True,False,False,True,True,True
ACO,n0200_i04,200,low,2,60.0,3.278322499998467,1022,625.1117504764154,0.7610943920704888,True,False,False,True,True,True
ACO,n0200_i04,200,low,2,120.0,3.278322499998467,1022,625.1117504764154,0.7610943920704888,True,False,False,True,True,True
ACO,n0200_i04,200,low,2,150.0,3.278322499998467,1022,625.1117504764154,0.7610943920704888,True,False,False,True,True,True
ACO,n0200_i04,200,low,3,1.0,0.5863340999967477,195,625.7032776695281,0.8564420275857086,True,False,False,True,True,True
ACO,n0200_i04,200,low,3,5.0,2.767431599997508,860,625.4580722173906,0.8169176230461257,True,False,False,True,True,True
ACO,n0200_i04,200,low,3,15.0,5.585226699997293,1724,625.4492008801235,0.8154876616814972,True,False,False,True,True,True
ACO,n0200_i04,200,low,3,30.0,5.585226699997293,1724,625.4492008801235,0.8154876616814972,True,False,False,True,True,True
ACO,n0200_i04,200,low,3,60.0,5.585226699997293,1724,625.4492008801235,0.8154876616814972,True,False,False,True,True,True
ACO,n0200_i04,200,low,3,120.0,5.585226699997293,1724,625.4492008801235,0.8154876616814972,True,False,False,True,True,True
ACO,n0200_i04,200,low,3,150.0,5.585226699997293,1724,625.4492008801235,0.8154876616814972,True,False,False,True,True,True
ACO,n0200_i04,200,low,4,1.0,0.10934930000075838,39,625.438151577655,0.8137066364357847,True,False,False,True,True,True
ACO,n0200_i04,200,low,4,5.0,4.316600100002688,1329,625.3411379041839,0.7980691061822035,True,False,False,True,True,True
ACO,n0200_i04,200,low,4,15.0,4.316600100002688,1329,625.3411379041839,0.7980691061822035,True,False,False,True,True,True
ACO,n0200_i04,200,low,4,30.0,4.316600100002688,1329,625.3411379041839,0.7980691061822035,True,False,False,True,True,True
ACO,n0200_i04,200,low,4,60.0,4.316600100002688,1329,625.3411379041839,0.7980691061822035,True,False,False,True,True,True
ACO,n0200_i04,200,low,4,120.0,4.316600100002688,1329,625.3411379041839,0.7980691061822035,True,False,False,True,True,True
ACO,n0200_i04,200,low,4,150.0,4.316600100002688,1329,625.3411379041839,0.7980691061822035,True,False,False,True,True,True
ACO,n0200_i04,200,low,5,1.0,0.9955613999991328,326,625.1276329932186,0.7636544779648498,True,False,False,True,True,True
ACO,n0200_i04,200,low,5,5.0,4.643843499998184,1448,625.0356187094397,0.7488227939880282,True,False,False,True,True,True
ACO,n0200_i04,200,low,5,15.0,4.643843499998184,1448,625.0356187094397,0.7488227939880282,True,False,False,True,True,True
ACO,n0200_i04,200,low,5,30.0,4.643843499998184,1448,625.0356187094397,0.7488227939880282,True,False,False,True,True,True
ACO,n0200_i04,200,low,5,60.0,4.643843499998184,1448,625.0356187094397,0.7488227939880282,True,False,False,True,True,True
ACO,n0200_i04,200,low,5,120.0,4.643843499998184,1448,625.0356187094397,0.7488227939880282,True,False,False,True,True,True
ACO,n0200_i04,200,low,5,150.0,4.643843499998184,1448,625.0356187094397,0.7488227939880282,True,False,False,True,True,True
BRKGA-R-LS,n0200_i04,200,low,1,1.0,0.9806796999182552,1433,625.8063469484389,0.8730556544025704,True,False,False,True,True,True
BRKGA-R-LS,n0200_i04,200,low,1,5.0,4.948430799995549,7330,625.7310692131662,0.8609217167767698,True,False,False,True,True,True
BRKGA-R-LS,n0200_i04,200,low,1,15.0,14.909650899935514,16223,625.6590269721938,0.8493093050163163,True,False,False,True,True,True
BRKGA-R-LS,n0200_i04,200,low,1,30.0,29.99032320000697,38277,625.5265428028837,0.8279543234803896,True,False,False,True,True,True
BRKGA-R-LS,n0200_i04,200,low,1,60.0,59.883039799984545,82002,625.1815111827939,0.7723390457102609,True,False,False,True,True,True
BRKGA-R-LS,n0200_i04,200,low,1,120.0,119.62892729998566,168353,624.3092049909285,0.6317329437287363,True,False,False,True,True,True
BRKGA-R-LS,n0200_i04,200,low,1,150.0,149.75072180002462,211768,623.7954577880643,0.5489225816422557,True,False,False,True,True,True
BRKGA-R-LS,n0200_i04,200,low,2,1.0,0.9677088999887928,1433,625.8063469484389,0.8730556544025704,True,False,False,True,True,True
BRKGA-R-LS,n0200_i04,200,low,2,5.0,4.996849699993618,7330,625.7310692131662,0.8609217167767698,True,False,False,True,True,True
BRKGA-R-LS,n0200_i04,200,low,2,15.0,14.812032300047576,15869,625.6634423904851,0.8500210215676184,True,False,False,True,True,True
BRKGA-R-LS,n0200_i04,200,low,2,30.0,29.945034499978647,37811,625.530252300549,0.8285522534411042,True,False,False,True,True,True
BRKGA-R-LS,n0200_i04,200,low,2,60.0,59.85533849999774,81398,625.1818588264558,0.7723950820202627,True,False,False,True,True,True
BRKGA-R-LS,n0200_i04,200,low,2,120.0,119.83314699993934,168353,624.3092049909285,0.6317329437287363,True,False,False,True,True,True
BRKGA-R-LS,n0200_i04,200,low,2,150.0,149.74776059994474,211650,623.7731722129373,0.5453303936258952,True,False,False,True,True,True
BRKGA-R-LS,n0200_i04,200,low,3,1.0,0.954584600054659,1433,625.8063469484389,0.8730556544025704,True,False,False,True,True,True
BRKGA-R-LS,n0200_i04,200,low,3,5.0,4.9429183000465855,7330,625.7310692131662,0.8609217167767698,True,False,False,True,True,True
BRKGA-R-LS,n0200_i04,200,low,3,15.0,14.882658099988475,15869,625.6634423904851,0.8500210215676184,True,False,False,True,True,True
BRKGA-R-LS,n0200_i04,200,low,3,30.0,29.864427800057456,37811,625.530252300549,0.8285522534411042,True,False,False,True,True,True
BRKGA-R-LS,n0200_i04,200,low,3,60.0,59.654814400011674,82002,625.1815111827939,0.7723390457102609,True,False,False,True,True,True
BRKGA-R-LS,n0200_i04,200,low,3,120.0,119.94579729996622,170521,624.2879461254493,0.6283062499422422,True,False,False,True,True,True
BRKGA-R-LS,n0200_i04,200,low,3,150.0,149.7355966999894,213712,623.7659023826391,0.5441585774564868,True,False,False,True,True,True
BRKGA-R-LS,n0200_i04,200,low,4,1.0,0.9947053999640048,1433,625.8063469484389,0.8730556544025704,True,False,False,True,True,True
BRKGA-R-LS,n0200_i04,200,low,4,5.0,4.929049599915743,7200,625.731540056411,0.8609976114957466,True,False,False,True,True,True
BRKGA-R-LS,n0200_i04,200,low,4,15.0,14.801067599910311,15869,625.6634423904851,0.8500210215676184,True,False,False,True,True,True
BRKGA-R-LS,n0200_i04,200,low,4,30.0,29.86382309999317,37811,625.530252300549,0.8285522534411042,True,False,False,True,True,True
BRKGA-R-LS,n0200_i04,200,low,4,60.0,59.96381149999797,81398,625.1818588264558,0.7723950820202627,True,False,False,True,True,True
BRKGA-R-LS,n0200_i04,200,low,4,120.0,119.96744099992793,168353,624.3092049909285,0.6317329437287363,True,False,False,True,True,True
BRKGA-R-LS,n0200_i04,200,low,4,150.0,149.97352729993872,211596,623.8580208061225,0.5590070476008794,True,False,False,True,True,True
BRKGA-R-LS,n0200_i04,200,low,5,1.0,0.9755395000101998,1527,625.8024366290736,0.8724253542068485,True,False,False,True,True,True
BRKGA-R-LS,n0200_i04,200,low,5,5.0,4.978129200055264,7330,625.7310692131662,0.8609217167767698,True,False,False,True,True,True
BRKGA-R-LS,n0200_i04,200,low,5,15.0,14.554554200032726,16853,625.6583190481633,0.8491951954990884,True,False,False,True,True,True
BRKGA-R-LS,n0200_i04,200,low,5,30.0,29.86818760004826,38277,625.5265428028837,0.8279543234803896,True,False,False,True,True,True
BRKGA-R-LS,n0200_i04,200,low,5,60.0,59.90504320000764,82002,625.1815111827939,0.7723390457102609,True,False,False,True,True,True
BRKGA-R-LS,n0200_i04,200,low,5,120.0,119.77932010008954,169425,624.3080103254049,0.6315403768708928,True,False,False,True,True,True
BRKGA-R-LS,n0200_i04,200,low,5,150.0,149.83457160007674,212755,623.9969474765478,0.5814004890001748,True,False,False,True,True,True
GA,n0200_i04,200,low,1,1.0,0.9808662000577897,1473,625.2400936492795,0.781781890818804,True,False,False,True,True,True
GA,n0200_i04,200,low,1,5.0,4.992336499970406,7068,624.5389645030187,0.6687676337142602,True,False,False,True,True,True
GA,n0200_i04,200,low,1,15.0,14.79791700001806,14820,623.5644679684145,0.5116895796972523,True,False,False,True,True,True
GA,n0200_i04,200,low,1,30.0,29.594630900071934,35537,623.11357155509,0.43901006914666835,True,False,False,True,True,True
GA,n0200_i04,200,low,1,60.0,59.67953820002731,77432,622.6311460763469,0.3612484222671779,True,False,False,True,True,True
GA,n0200_i04,200,low,1,120.0,115.51451850007288,154617,622.1328210139295,0.2809239385026261,True,False,False,True,True,True
GA,n0200_i04,200,low,1,150.0,145.45221590006258,196169,622.066606803648,0.27025094077512457,True,False,False,True,True,True
GA,n0200_i04,200,low,2,1.0,0.9898343000095338,1360,625.1090757443068,0.7606632548629961,True,False,False,True,True,True
GA,n0200_i04,200,low,2,5.0,4.86581109999679,6682,624.2495880617078,0.6221233546784617,True,False,False,True,True,True
GA,n0200_i04,200,low,2,15.0,14.976375800091773,14709,623.5239623445148,0.5051605215087531,True,False,False,True,True,True
GA,n0200_i04,200,low,2,30.0,28.59711860003881,33493,622.9310244500587,0.4095854965529862,True,False,False,True,True,True
GA,n0200_i04,200,low,2,60.0,59.23102460009977,75458,622.5924541771857,0.355011716429188,True,False,False,True,True,True
GA,n0200_i04,200,low,2,120.0,117.02543060004245,156271,622.2927491641016,0.3067025859575072,True,False,False,True,True,True
GA,n0200_i04,200,low,2,150.0,149.76448360003997,201295,622.162732013601,0.2857452605445924,True,False,False,True,True,True
GA,n0200_i04,200,low,3,1.0,0.9460655000293627,1341,625.271642510186,0.786867217961249,True,False,False,True,True,True
GA,n0200_i04,200,low,3,5.0,4.634381199954078,6510,624.1297021271635,0.6027990691284086,True,False,False,True,True,True
GA,n0200_i04,200,low,3,15.0,14.905605399981141,19309,623.6946987912189,0.5326813467202656,True,False,False,True,True,True
GA,n0200_i04,200,low,3,30.0,29.85480049997568,40337,623.2938583800997,0.468070309621441,True,False,False,True,True,True
GA,n0200_i04,200,low,3,60.0,58.05651869997382,79559,622.895033270257,0.4037841167796762,True,False,False,True,True,True
GA,n0200_i04,200,low,3,120.0,119.21805279992986,164524,622.4685623929341,0.335041732249785,True,False,False,True,True,True
GA,n0200_i04,200,low,3,150.0,146.59420699998736,202310,622.4159768890157,0.3265655311226439,True,False,False,True,True,True
GA,n0200_i04,200,low,4,1.0,0.9133030999219045,1284,625.4146379290065,0.8099164965621205,True,False,False,True,True,True
GA,n0200_i04,200,low,4,5.0,4.939007499953732,6773,623.7065884887539,0.5345978343478087,True,False,False,True,True,True
GA,n0200_i04,200,low,4,15.0,14.685441699926741,14698,623.1122054465119,0.4387898675662658,True,False,False,True,True,True
GA,n0200_i04,200,low,4,30.0,29.426372900023125,34897,622.5057318535714,0.3410330378506205,True,False,False,True,True,True
GA,n0200_i04,200,low,4,60.0,58.94969719997607,75379,622.2400368890814,0.29820595073207035,True,False,False,True,True,True
GA,n0200_i04,200,low,4,120.0,118.6960473000072,157067,621.6751644268157,0.2071547627701605,True,False,False,True,True,True
GA,n0200_i04,200,low,4,150.0,145.96318419999443,194157,621.5840140454488,0.19246233029903215,True,False,False,True,True,True
GA,n0200_i04,200,low,5,1.0,0.9987093000672758,1421,624.9111283729698,0.7287563298167928,True,False,False,True,True,True
GA,n0200_i04,200,low,5,5.0,4.524233600008301,6342,623.7538606621047,0.5422175854042902,True,False,False,True,True,True
GA,n0200_i04,200,low,5,15.0,12.917120900005102,16000,623.2509436534643,0.4611529307399579,True,False,False,True,True,True
GA,n0200_i04,200,low,5,30.0,29.875208499957807,36781,622.6344405215857,0.3617794503712291,True,False,False,True,True,True
GA,n0200_i04,200,low,5,60.0,58.440449099987745,75934,621.8140684366771,0.2295445515373821,True,False,False,True,True,True
GA,n0200_i04,200,low,5,120.0,119.98311210004613,159667,621.0047106138107,0.09908502982043757,True,False,True,True,True,True
GA,n0200_i04,200,low,5,150.0,149.25780540006235,199070,620.8492871699208,0.07403249115258921,True,False,True,True,True,True
HPSO,n0200_i04,200,low,1,1.0,0.9460570000810549,1170,624.5096162342493,0.6640370176644571,True,False,False,True,True,True
HPSO,n0200_i04,200,low,1,5.0,3.6488352000014856,4557,623.5141481428997,0.5035785808484363,True,False,False,True,True,True
HPSO,n0200_i04,200,low,1,15.0,14.986697800108232,13545,622.7406128052497,0.3788932472050576,True,False,False,True,True,True
HPSO,n0200_i04,200,low,1,30.0,29.856124000041746,32163,622.2061034203214,0.2927362512004759,True,False,False,True,True,True
HPSO,n0200_i04,200,low,1,60.0,59.93373020004947,69852,622.0556288320035,0.268481413268627,True,False,False,True,True,True
HPSO,n0200_i04,200,low,1,120.0,118.68456300010439,142412,621.9668159746727,0.2541657637964802,True,False,False,True,True,True
HPSO,n0200_i04,200,low,1,150.0,143.48573330009822,172973,621.958867065577,0.25288448764210125,True,False,False,True,True,True
HPSO,n0200_i04,200,low,2,1.0,0.941898399963975,1162,623.7824879295208,0.5468319840171885,True,False,False,True,True,True
HPSO,n0200_i04,200,low,2,5.0,4.990571899921633,6095,622.5433231034525,0.347092331208482,True,False,False,True,True,True
HPSO,n0200_i04,200,low,2,15.0,14.665418199962005,13610,622.015502611874,0.2620135107680136,True,False,False,True,True,True
HPSO,n0200_i04,200,low,2,30.0,28.423169799963944,30728,621.6000161298854,0.195041689172307,True,False,False,True,True,True
HPSO,n0200_i04,200,low,2,60.0,57.337891899980605,66394,621.2652901001185,0.14108755848268095,True,False,False,True,True,True
HPSO,n0200_i04,200,low,2,120.0,119.63121979997959,142942,621.1246892731347,0.11842426157853206,True,False,False,True,True,True
HPSO,n0200_i04,200,low,2,150.0,145.6115526999347,174942,621.0836624876238,0.11181119790741106,True,False,False,True,True,True
HPSO,n0200_i04,200,low,3,1.0,0.95448379998561,1195,624.5055268054999,0.6633778470187139,True,False,False,True,True,True
HPSO,n0200_i04,200,low,3,5.0,4.625550199998543,5684,623.0015743444535,0.4209573585649413,True,False,False,True,True,True
HPSO,n0200_i04,200,low,3,15.0,14.999362299917266,13830,622.2712012399465,0.303229299112264,True,False,False,True,True,True
HPSO,n0200_i04,200,low,3,30.0,29.81477429997176,31872,621.9300000831896,0.2482314496294033,True,False,False,True,True,True
HPSO,n0200_i04,200,low,3,60.0,59.943660799995996,68884,621.5079676210366,0.18020448849308773,True,False,False,True,True,True
HPSO,n0200_i04,200,low,3,120.0,119.9968050000025,142722,621.3333410867319,0.1520566242223767,True,False,False,True,True,True
HPSO,n0200_i04,200,low,3,150.0,148.69088959996589,178117,621.3253093007322,0.15076198922849302,True,False,False,True,True,True
HPSO,n0200_i04,200,low,4,1.0,0.9596771999495104,1175,624.123503461126,0.6017999127803985,True,False,False,True,True,True
HPSO,n0200_i04,200,low,4,5.0,4.657345799962059,5771,623.1736679210827,0.44869693809738354,True,False,False,True,True,True
HPSO,n0200_i04,200,low,4,15.0,14.992309599998407,14058,622.7047710059563,0.37311594591607866,True,False,False,True,True,True
HPSO,n0200_i04,200,low,4,30.0,29.78262910002377,32272,621.6185479404163,0.19802881188874924,True,False,False,True,True,True
HPSO,n0200_i04,200,low,4,60.0,57.64377950003836,66532,621.3242906212367,0.150597789370275,True,False,False,True,True,True
HPSO,n0200_i04,200,low,4,120.0,119.22037719993386,142026,621.0445985761618,0.10551452780459238,True,False,False,True,True,True
HPSO,n0200_i04,200,low,4,150.0,142.89322059997357,170952,621.0228828031509,0.10201418558181363,True,False,False,True,True,True
HPSO,n0200_i04,200,low,5,1.0,0.9391473000869155,1149,624.2764243802804,0.6264490721630199,True,False,False,True,True,True
HPSO,n0200_i04,200,low,5,5.0,4.9474560000235215,5975,621.9119901395017,0.24532844607115137,True,False,False,True,True,True
HPSO,n0200_i04,200,low,5,15.0,14.197105400031433,13597,621.1133891837354,0.11660281225570601,True,False,False,True,True,True
HPSO,n0200_i04,200,low,5,30.0,29.45430820004549,31342,620.7408525694906,0.056554033899167105,True,False,True,True,True,True
HPSO,n0200_i04,200,low,5,60.0,59.66837040008977,68306,620.4725228435511,0.013302252400934625,True,False,True,True,True,True
HPSO,n0200_i04,200,low,5,120.0,118.26985170005355,140464,620.4031304126471,0.0021169606909524083,True,False,True,True,True,True
HPSO,n0200_i04,200,low,5,150.0,141.94677010003943,169512,620.38999700028,0.0,True,True,True,True,True,True
TS,n0200_i04,200,low,1,1.0,0.9668199000880122,1363,624.4713646290344,0.6578712823367036,True,False,False,True,True,True
TS,n0200_i04,200,low,1,5.0,3.980162600055337,5617,623.4327829341338,0.4904634098819004,True,False,False,True,True,True
TS,n0200_i04,200,low,1,15.0,14.772014400106855,16176,622.5596532002079,0.3497245620365646,True,False,False,True,True,True
TS,n0200_i04,200,low,1,30.0,29.946318500093184,37729,621.5893407314599,0.19332093311931822,True,False,False,True,True,True
TS,n0200_i04,200,low,1,60.0,57.91661620000377,79333,621.0742883696095,0.11030019385195677,True,False,False,True,True,True
TS,n0200_i04,200,low,1,120.0,77.64545560011175,107393,620.9784136935756,0.09484625737692534,True,False,True,True,True,True
TS,n0200_i04,200,low,1,150.0,77.64545560011175,107393,620.9784136935756,0.09484625737692534,True,False,True,True,True,True
TS,n0200_i04,200,low,2,1.0,0.9936291000340134,1368,624.4540063266193,0.6550733161381752,True,False,False,True,True,True
TS,n0200_i04,200,low,2,5.0,4.739527099998668,6615,623.6476162867616,0.5250921681898313,True,False,False,True,True,True
TS,n0200_i04,200,low,2,15.0,14.999285600031726,15167,622.8492818641415,0.39640949656710894,True,False,False,True,True,True
TS,n0200_i04,200,low,2,30.0,29.691180199966766,35879,621.9194908582987,0.24653747891070169,True,False,False,True,True,True
TS,n0200_i04,200,low,2,60.0,59.52451540005859,76793,621.1363710901696,0.12030724117063589,True,False,False,True,True,True
TS,n0200_i04,200,low,2,120.0,74.48164640006144,97337,621.0288781864583,0.10298057500401983,True,False,False,True,True,True
TS,n0200_i04,200,low,2,150.0,74.48164640006144,97337,621.0288781864583,0.10298057500401983,True,False,False,True,True,True
TS,n0200_i04,200,low,3,1.0,0.9893666999414563,1413,624.3464440152846,0.6377354622310031,True,False,False,True,True,True
TS,n0200_i04,200,low,3,5.0,4.957678799983114,6943,622.9814130545884,0.4177075818176419,True,False,False,True,True,True
TS,n0200_i04,200,low,3,15.0,14.952025500009768,15554,622.151396980265,0.28391817864596597,True,False,False,True,True,True
TS,n0200_i04,200,low,3,30.0,29.789499199949205,36339,621.4505587290748,0.17095081060669404,True,False,False,True,True,True
TS,n0200_i04,200,low,3,60.0,59.836041199974716,78703,621.1513287534258,0.12271825091103762,True,False,False,True,True,True
TS,n0200_i04,200,low,3,120.0,87.03568600001745,116430,620.8017385820306,0.06636818513216225,True,False,True,True,True,True
TS,n0200_i04,200,low,3,150.0,87.03568600001745,116430,620.8017385820306,0.06636818513216225,True,False,True,True,True,True
TS,n0200_i04,200,low,4,1.0,0.9941616000141948,1417,624.2652157176946,0.6246423598304416,True,False,False,True,True,True
TS,n0200_i04,200,low,4,5.0,4.967299000010826,7069,622.9078278222603,0.40584645693104987,True,False,False,True,True,True
TS,n0200_i04,200,low,4,15.0,14.90432079997845,15167,622.1066604098052,0.2767071387071992,True,False,False,True,True,True
TS,n0200_i04,200,low,4,30.0,29.908251699991524,36632,621.4246312272331,0.16677158431886574,True,False,False,True,True,True
TS,n0200_i04,200,low,4,60.0,59.98801760002971,79088,620.9471467287742,0.08980636876612282,True,False,True,True,True,True
TS,n0200_i04,200,low,4,120.0,74.71644849993754,99751,620.7172068493494,0.05274260556287515,True,False,True,True,True,True
TS,n0200_i04,200,low,4,150.0,74.71644849993754,99751,620.7172068493494,0.05274260556287515,True,False,True,True,True,True
TS,n0200_i04,200,low,5,1.0,0.9610430999891832,1411,624.782770794714,0.7080665090788061,True,False,False,True,True,True
TS,n0200_i04,200,low,5,5.0,4.766809699940495,6923,623.5006149672828,0.5013971827468677,True,False,False,True,True,True
TS,n0200_i04,200,low,5,15.0,14.94781319994945,15997,622.5750128205492,0.3522003628095593,True,False,False,True,True,True
TS,n0200_i04,200,low,5,30.0,29.856271299999207,37071,621.4900162201618,0.17731092138826102,True,False,False,True,True,True
TS,n0200_i04,200,low,5,60.0,55.452368999947794,72856,621.3177545407965,0.14954424555560275,True,False,False,True,True,True
TS,n0200_i04,200,low,5,120.0,55.452368999947794,72856,621.3177545407965,0.14954424555560275,True,False,False,True,True,True
TS,n0200_i04,200,low,5,150.0,55.452368999947794,72856,621.3177545407965,0.14954424555560275,True,False,False,True,True,True
2PGA,n0200_i05,200,high,1,1.0,0.9226718999998411,3448,1200.5466318797976,1.3364163746802928,True,False,False,False,True,True
2PGA,n0200_i05,200,high,1,5.0,4.995096300001023,18735,1195.365752378982,0.8991057793728591,True,False,False,True,True,True
2PGA,n0200_i05,200,high,1,15.0,14.889629600002081,48721,1193.1983224439998,0.7161561325020849,True,False,False,True,True,True
2PGA,n0200_i05,200,high,1,30.0,27.84350390000327,97148,1192.273640569856,0.6381050639937088,True,False,False,True,True,True
2PGA,n0200_i05,200,high,1,60.0,59.9490638999996,217644,1190.2806986251544,0.46988369769606547,True,False,False,True,True,True
2PGA,n0200_i05,200,high,1,120.0,115.9681922000018,426991,1189.107264924915,0.37083584492806637,True,False,False,True,True,True
2PGA,n0200_i05,200,high,1,150.0,144.52206030000525,531344,1188.6469636674785,0.3319824771015049,True,False,False,True,True,True
2PGA,n0200_i05,200,high,2,1.0,0.9839861999935238,3689,1199.3069013618817,1.231772502780698,True,False,False,False,True,True
2PGA,n0200_i05,200,high,2,5.0,4.997119499996188,18831,1193.4552089819379,0.7378395561011992,True,False,False,True,True,True
2PGA,n0200_i05,200,high,2,15.0,13.163386800006265,46309,1191.2839534611437,0.5545669970282512,True,False,False,True,True,True
2PGA,n0200_i05,200,high,2,30.0,28.0759931000066,100160,1191.2770325807965,0.5539828154613509,True,False,False,True,True,True
2PGA,n0200_i05,200,high,2,60.0,59.22147239999322,216466,1190.2722183897297,0.4691678932073981,True,False,False,True,True,True
2PGA,n0200_i05,200,high,2,120.0,119.4273644000059,439442,1188.6278808442814,0.3303717234116817,True,False,False,True,True,True
2PGA,n0200_i05,200,high,2,150.0,141.86770020000404,522936,1188.1775050285285,0.2923561478577622,True,False,False,True,True,True
2PGA,n0200_i05,200,high,3,1.0,0.9851259999995818,3677,1200.785596884728,1.3565870674260512,True,False,False,False,True,True
2PGA,n0200_i05,200,high,3,5.0,4.966294500001823,18712,1196.0490014393827,0.956777850939087,True,False,False,True,True,True
2PGA,n0200_i05,200,high,3,15.0,13.423762200007332,45182,1193.7217784957943,0.7603403057860785,True,False,False,True,True,True
2PGA,n0200_i05,200,high,3,30.0,29.067104200003087,102325,1191.908323423487,0.6072691685189101,True,False,False,True,True,True
2PGA,n0200_i05,200,high,3,60.0,59.59996720000345,216847,1190.8586128986378,0.5186646112328345,True,False,False,True,True,True
2PGA,n0200_i05,200,high,3,120.0,118.34445699999924,438581,1189.3091976616784,0.3878806971220164,True,False,False,True,True,True
2PGA,n0200_i05,200,high,3,150.0,148.7861333000037,553516,1188.6058706570418,0.32851387512876457,True,False,False,True,True,True
2PGA,n0200_i05,200,high,4,1.0,0.9389197000127751,3572,1200.9968345981001,1.374417339327109,True,False,False,False,True,True
2PGA,n0200_i05,200,high,4,5.0,4.930150800006231,18994,1194.721261563889,0.8447052356091616,True,False,False,True,True,True
2PGA,n0200_i05,200,high,4,15.0,14.62595460000739,49631,1191.6593349895181,0.5862524125286486,True,False,False,True,True,True
2PGA,n0200_i05,200,high,4,30.0,29.436168400003226,106020,1189.750740096972,0.42515065972226695,True,False,False,True,True,True
2PGA,n0200_i05,200,high,4,60.0,58.64129920001142,214344,1188.5379497525573,0.3227807691630203,True,False,False,True,True,True
2PGA,n0200_i05,200,high,4,120.0,111.28117650000786,411487,1188.151196229643,0.29013545994161605,True,False,False,True,True,True
2PGA,n0200_i05,200,high,4,150.0,149.5049163000076,555681,1187.9485968204087,0.27303433488221723,True,False,False,True,True,True
2PGA,n0200_i05,200,high,5,1.0,0.924705500001437,3402,1201.5002836102035,1.4169127471348393,True,False,False,False,True,True
2PGA,n0200_i05,200,high,5,5.0,4.970880599998054,18628,1194.4042188037783,0.817944111722757,True,False,False,True,True,True
2PGA,n0200_i05,200,high,5,15.0,14.857614799999283,48246,1191.704911077298,0.5900994246190975,True,False,False,True,True,True
2PGA,n0200_i05,200,high,5,30.0,29.77829489999567,103553,1190.0187565482286,0.4477735433142717,True,False,False,True,True,True
2PGA,n0200_i05,200,high,5,60.0,59.46065519998956,219375,1188.529202361196,0.3220424144255645,True,False,False,True,True,True
2PGA,n0200_i05,200,high,5,120.0,119.64537440000277,451600,1188.2456471793505,0.29810792890899585,True,False,False,True,True,True
2PGA,n0200_i05,200,high,5,150.0,144.57198369999242,546948,1188.1919177513453,0.2935727050840073,True,False,False,True,True,True
ACO,n0200_i05,200,high,1,1.0,0.18913400000019465,73,1202.2798693487869,1.4827164592998128,True,False,False,False,True,True
ACO,n0200_i05,200,high,1,5.0,4.062851700000465,1309,1200.67735968193,1.3474509206419936,True,False,False,False,True,True
ACO,n0200_i05,200,high,1,15.0,5.284774900002958,1692,1200.5936717810348,1.3403869451616195,True,False,False,False,True,True
ACO,n0200_i05,200,high,1,30.0,28.765423400000145,9151,1200.0068205188834,1.2908516732511348,True,False,False,False,True,True
ACO,n0200_i05,200,high,1,60.0,47.03414410000187,15080,1199.225723230707,1.224920373356653,True,False,False,False,True,True
ACO,n0200_i05,200,high,1,120.0,93.92873110000073,30370,1198.029030615505,1.123909268992691,True,False,False,False,True,True
ACO,n0200_i05,200,high,1,150.0,93.92873110000073,30370,1198.029030615505,1.123909268992691,True,False,False,False,True,True
ACO,n0200_i05,200,high,2,1.0,0.20615670000188402,79,1201.636331950332,1.4283963920647886,True,False,False,False,True,True
ACO,n0200_i05,200,high,2,5.0,3.456791399999929,1113,1200.961064225156,1.3713980135380954,True,False,False,False,True,True
ACO,n0200_i05,200,high,2,15.0,6.8691496000028565,2204,1200.5232763296456,1.3344449662468205,True,False,False,False,True,True
ACO,n0200_i05,200,high,2,30.0,29.41273580000052,9509,1199.8776514415474,1.2799486970100904,True,False,False,False,True,True
ACO,n0200_i05,200,high,2,60.0,53.42645390000325,17423,1198.8218641617302,1.1908312095676212,True,False,False,False,True,True
ACO,n0200_i05,200,high,2,120.0,104.03791400000046,34049,1198.7218409695884,1.1823883956219925,True,False,False,False,True,True
ACO,n0200_i05,200,high,2,150.0,125.19498310000199,41002,1198.169310941557,1.1357501297743426,True,False,False,False,True,True
ACO,n0200_i05,200,high,3,1.0,0.5128511999973853,179,1201.8440687515565,1.4459311570012086,True,False,False,False,True,True
ACO,n0200_i05,200,high,3,5.0,4.41832919999797,1415,1201.0500239087562,1.3789069726226415,True,False,False,False,True,True
ACO,n0200_i05,200,high,3,15.0,5.693595199998526,1822,1200.478709049699,1.330683106176236,True,False,False,False,True,True
ACO,n0200_i05,200,high,3,30.0,27.325735799997346,8732,1199.7029262377846,1.2652003935877267,True,False,False,False,True,True
ACO,n0200_i05,200,high,3,60.0,46.50287509999907,14969,1199.6281414630316,1.2588879181939243,True,False,False,False,True,True
ACO,n0200_i05,200,high,3,120.0,111.66708829999698,36046,1198.2303654066832,1.1409036494588578,True,False,False,False,True,True
ACO,n0200_i05,200,high,3,150.0,143.0619596999968,46254,1198.0234341288979,1.12343687759864,True,False,False,False,True,True
ACO,n0200_i05,200,high,4,1.0,0.7985541999987618,273,1201.6077002927875,1.4259796349864815,True,False,False,False,True,True
ACO,n0200_i05,200,high,4,5.0,4.325501800001803,1397,1201.370877226759,1.4059897402261048,True,False,False,False,True,True
ACO,n0200_i05,200,high,4,15.0,7.577616099999432,2432,1200.9403730693907,1.369651502806883,True,False,False,False,True,True
ACO,n0200_i05,200,high,4,30.0,25.08194419999927,8063,1200.8126916712083,1.3588740994258464,True,False,False,False,True,True
ACO,n0200_i05,200,high,4,60.0,42.064347100000305,13652,1200.0716540874628,1.296324181628698,True,False,False,False,True,True
ACO,n0200_i05,200,high,4,120.0,63.83330059999935,20819,1198.1812557879234,1.1367583770950112,True,False,False,False,True,True
ACO,n0200_i05,200,high,4,150.0,63.83330059999935,20819,1198.1812557879234,1.1367583770950112,True,False,False,False,True,True
ACO,n0200_i05,200,high,5,1.0,0.11999079999804962,45,1201.9694580579742,1.4565150882094267,True,False,False,False,True,True
ACO,n0200_i05,200,high,5,5.0,2.295195999999123,749,1201.0050983362462,1.3751148695915274,True,False,False,False,True,True
ACO,n0200_i05,200,high,5,15.0,8.41763329999958,2708,1200.0666157902813,1.2958989062021162,True,False,False,False,True,True
ACO,n0200_i05,200,high,5,30.0,28.260612999998557,9154,1199.648570417184,1.260612296863693,True,False,False,False,True,True
ACO,n0200_i05,200,high,5,60.0,44.598957499998505,14546,1199.397881334361,1.2394519915469822,True,False,False,False,True,True
ACO,n0200_i05,200,high,5,120.0,84.93917520000105,27826,1198.753857384974,1.1850908552467943,True,False,False,False,True,True
ACO,n0200_i05,200,high,5,150.0,129.6658858999981,42475,1198.4269885223484,1.1575003241642323,True,False,False,False,True,True
BRKGA-R-LS,n0200_i05,200,high,1,1.0,0.9454757999628782,2243,1201.1867188364602,1.3904451950808774,True,False,False,False,True,True
BRKGA-R-LS,n0200_i05,200,high,1,5.0,4.9227759999921545,11760,1200.2011323614843,1.307253256717745,True,False,False,False,True,True
BRKGA-R-LS,n0200_i05,200,high,1,15.0,12.563105399953201,28910,1199.3203126369706,1.2329045292430036,True,False,False,False,True,True
BRKGA-R-LS,n0200_i05,200,high,1,30.0,29.690943600027822,61515,1196.7868606784975,1.0190594892322802,True,False,False,False,True,True
BRKGA-R-LS,n0200_i05,200,high,1,60.0,59.344905699952506,135423,1193.721600979225,0.7603253218675068,True,False,False,True,True,True
BRKGA-R-LS,n0200_i05,200,high,1,120.0,119.54001559992321,270587,1190.32933023773,0.47398862224464855,True,False,False,True,True,True
BRKGA-R-LS,n0200_i05,200,high,1,150.0,135.09828939998988,306570,1189.569227804214,0.40982946786881,True,False,False,True,True,True
BRKGA-R-LS,n0200_i05,200,high,2,1.0,0.9424451999366283,2243,1201.1867188364602,1.3904451950808774,True,False,False,False,True,True
BRKGA-R-LS,n0200_i05,200,high,2,5.0,4.484388299984857,3404,1201.0664591088207,1.3802942442476764,True,False,False,False,True,True
BRKGA-R-LS,n0200_i05,200,high,2,15.0,14.860057199955918,25983,1199.456444504426,1.2443952245946004,True,False,False,False,True,True
BRKGA-R-LS,n0200_i05,200,high,2,30.0,29.895734699908644,62269,1196.7106083560197,1.0126231402434482,True,False,False,False,True,True
BRKGA-R-LS,n0200_i05,200,high,2,60.0,59.84285239991732,135423,1193.721600979225,0.7603253218675068,True,False,False,True,True,True
BRKGA-R-LS,n0200_i05,200,high,2,120.0,77.30372419999912,177237,1190.423604835218,0.4819462055745393,True,False,False,True,True,True
BRKGA-R-LS,n0200_i05,200,high,2,150.0,148.05910939991008,333738,1189.834572292396,0.4322268148964911,True,False,False,True,True,True
BRKGA-R-LS,n0200_i05,200,high,3,1.0,0.9188782999990508,2243,1201.1867188364602,1.3904451950808774,True,False,False,False,True,True
BRKGA-R-LS,n0200_i05,200,high,3,5.0,4.929110900033265,9299,1200.3563376277998,1.320353910264428,True,False,False,False,True,True
BRKGA-R-LS,n0200_i05,200,high,3,15.0,14.881242000032216,32992,1198.955239512767,1.2020892313286162,True,False,False,False,True,True
BRKGA-R-LS,n0200_i05,200,high,3,30.0,29.956761899986304,69895,1195.8781860340143,0.9423595679820047,True,False,False,True,True,True
BRKGA-R-LS,n0200_i05,200,high,3,60.0,56.666407999931835,135423,1193.721600979225,0.7603253218675068,True,False,False,True,True,True
BRKGA-R-LS,n0200_i05,200,high,3,120.0,119.83943269995507,278779,1190.9798625642416,0.5288991213073588,True,False,False,True,True,True
BRKGA-R-LS,n0200_i05,200,high,3,150.0,146.59226990002207,340891,1189.6659619524105,0.41799465834036736,True,False,False,True,True,True
BRKGA-R-LS,n0200_i05,200,high,4,1.0,0.9378984000068158,2243,1201.1867188364602,1.3904451950808774,True,False,False,False,True,True
BRKGA-R-LS,n0200_i05,200,high,4,5.0,4.327683000010438,6662,1200.76502388415,1.35485053000444,True,False,False,False,True,True
BRKGA-R-LS,n0200_i05,200,high,4,15.0,14.930985299986787,27447,1199.4170642620288,1.2410711949113553,True,False,False,False,True,True
BRKGA-R-LS,n0200_i05,200,high,4,30.0,29.807543499977328,63095,1196.700560840464,1.0117750438906319,True,False,False,False,True,True
BRKGA-R-LS,n0200_i05,200,high,4,60.0,59.54854929994326,135423,1193.721600979225,0.7603253218675068,True,False,False,True,True,True
BRKGA-R-LS,n0200_i05,200,high,4,120.0,110.14184569998179,248379,1191.062199195671,0.535849038073483,True,False,False,True,True,True
BRKGA-R-LS,n0200_i05,200,high,4,150.0,129.2014781999169,290276,1190.7539877013226,0.5098333486422073,True,False,False,True,True,True
BRKGA-R-LS,n0200_i05,200,high,5,1.0,0.9747901998925954,2243,1201.1867188364602,1.3904451950808774,True,False,False,False,True,True
BRKGA-R-LS,n0200_i05,200,high,5,5.0,4.946960799978115,8166,1200.6539292196812,1.3454731889860558,True,False,False,False,True,True
BRKGA-R-LS,n0200_i05,200,high,5,15.0,14.951128999935463,25523,1199.475525968441,1.246005863557817,True,False,False,False,True,True
BRKGA-R-LS,n0200_i05,200,high,5,30.0,29.895421899971552,61515,1196.7868606784975,1.0190594892322802,True,False,False,False,True,True
BRKGA-R-LS,n0200_i05,200,high,5,60.0,59.92666439991444,134254,1193.8180872076714,0.768469585789143,True,False,False,True,True,True
BRKGA-R-LS,n0200_i05,200,high,5,120.0,97.86394979991019,221434,1190.5369266278094,0.4915115352780547,True,False,False,True,True,True
BRKGA-R-LS,n0200_i05,200,high,5,150.0,144.95167899993248,324451,1190.0610553779925,0.4513439267640232,True,False,False,True,True,True
GA,n0200_i05,200,high,1,1.0,0.964666899992153,2186,1197.8731786401045,1.1107540276612686,True,False,False,False,True,True
GA,n0200_i05,200,high,1,5.0,4.393654700019397,9997,1193.6192265180018,0.7516840406767816,True,False,False,True,True,True
GA,n0200_i05,200,high,1,15.0,11.555600699968636,26224,1190.082297851809,0.4531369734598682,True,False,False,True,True,True
GA,n0200_i05,200,high,1,30.0,29.087729900027625,56960,1188.3880501270899,0.31012795713772195,True,False,False,True,True,True
GA,n0200_i05,200,high,1,60.0,59.2041506000096,124482,1186.9860021599677,0.1917831025516912,True,False,False,True,True,True
GA,n0200_i05,200,high,1,120.0,117.18371310003567,255728,1186.300867339118,0.1339518566552209,True,False,False,True,True,True
GA,n0200_i05,200,high,1,150.0,146.34249680000357,321306,1186.0235643152005,0.11054510680689314,True,False,False,True,True,True
GA,n0200_i05,200,high,2,1.0,0.9762159999227151,2241,1197.3234689166006,1.0643538196668716,True,False,False,False,True,True
GA,n0200_i05,200,high,2,5.0,4.974048999953084,3434,1195.4648250875193,0.9074683643629822,True,False,False,True,True,True
GA,n0200_i05,200,high,2,15.0,14.204990800004452,24355,1190.1002768417377,0.4546545541693789,True,False,False,True,True,True
GA,n0200_i05,200,high,2,30.0,29.97208259999752,59745,1188.5452945971908,0.3234007369462151,True,False,False,True,True,True
GA,n0200_i05,200,high,2,60.0,58.3109364999691,123950,1186.9114849676182,0.18549321340413039,True,False,False,True,True,True
GA,n0200_i05,200,high,2,120.0,119.31249799998477,262046,1186.084248025849,0.11566733163861022,True,False,False,True,True,True
GA,n0200_i05,200,high,2,150.0,148.58583280001767,328235,1185.7169445233967,0.08466377070061228,True,False,True,True,True,True
GA,n0200_i05,200,high,3,1.0,0.9348228999879211,2164,1197.8143208034842,1.105785922233054,True,False,False,False,True,True
GA,n0200_i05,200,high,3,5.0,2.9949780999450013,4233,1196.6541076441242,1.0078539963267763,True,False,False,False,True,True
GA,n0200_i05,200,high,3,15.0,14.590620100032538,24953,1192.9809867199097,0.6978111362773164,True,False,False,True,True,True
GA,n0200_i05,200,high,3,30.0,29.705678800004534,60220,1191.436219129675,0.5674195233492794,True,False,False,True,True,True
GA,n0200_i05,200,high,3,60.0,59.44060610001907,129058,1189.991334012523,0.44545884647326156,True,False,False,True,True,True
GA,n0200_i05,200,high,3,120.0,116.4059173000278,260869,1188.8633637615412,0.35024849813987186,True,False,False,True,True,True
GA,n0200_i05,200,high,3,150.0,141.36888830002863,319172,1188.74564911185,0.3403123736797796,True,False,False,True,True,True
GA,n0200_i05,200,high,4,1.0,0.9857865000376478,2231,1198.5137684823703,1.1648252959131318,True,False,False,False,True,True
GA,n0200_i05,200,high,4,5.0,4.941253499942832,5997,1196.1249419724127,0.9631878822285791,True,False,False,True,True,True
GA,n0200_i05,200,high,4,15.0,14.976193999988027,27510,1193.6582997352555,0.7549821548087698,True,False,False,True,True,True
GA,n0200_i05,200,high,4,30.0,29.109882000018843,60482,1191.648402954278,0.5853296551400587,True,False,False,True,True,True
GA,n0200_i05,200,high,4,60.0,59.81872740003746,131026,1190.6081697912186,0.4975250683465565,True,False,False,True,True,True
GA,n0200_i05,200,high,4,120.0,119.20824279997032,266995,1188.952056818622,0.3577349516629657,True,False,False,True,True,True
GA,n0200_i05,200,high,4,150.0,149.18751950003207,336007,1188.6847403437084,0.3351711520684158,True,False,False,True,True,True
GA,n0200_i05,200,high,5,1.0,0.9707039999775589,2215,1198.7417545796593,1.184069274838248,True,False,False,False,True,True
GA,n0200_i05,200,high,5,5.0,4.712325199972838,7289,1195.836625087464,0.9388514681941948,True,False,False,True,True,True
GA,n0200_i05,200,high,5,15.0,14.982137499959208,26108,1190.3867445137853,0.4788348787995402,True,False,False,True,True,True
GA,n0200_i05,200,high,5,30.0,28.25684689998161,56428,1187.9276816387148,0.2712689144442228,True,False,False,True,True,True
GA,n0200_i05,200,high,5,60.0,57.57680090004578,122384,1186.8923195642496,0.18387548924067645,True,False,False,True,True,True
GA,n0200_i05,200,high,5,120.0,117.57047579996288,258547,1186.2694627829349,0.13130104318664862,True,False,False,True,True,True
GA,n0200_i05,200,high,5,150.0,146.83233849995304,324607,1185.9313169185957,0.10275863659108533,True,False,False,True,True,True
HPSO,n0200_i05,200,high,1,1.0,0.9896557000465691,1796,1195.197781462005,0.8849275955942127,True,False,False,True,True,True
HPSO,n0200_i05,200,high,1,5.0,4.856314099975862,9257,1191.2753235477667,0.5538385584386702,True,False,False,True,True,True
HPSO,n0200_i05,200,high,1,15.0,14.962826899951324,25624,1188.2138668166801,0.29542539415475694,True,False,False,True,True,True
HPSO,n0200_i05,200,high,1,30.0,29.874686599941924,54349,1186.6309989074452,0.16181778803854016,True,False,False,True,True,True
HPSO,n0200_i05,200,high,1,60.0,58.178106499952264,108568,1185.9372161342028,0.1032565809050915,True,False,False,True,True,True
HPSO,n0200_i05,200,high,1,120.0,98.62546250002924,185859,1185.8785233996973,0.09830241150918598,True,False,True,True,True,True
HPSO,n0200_i05,200,high,1,150.0,98.62546250002924,185859,1185.8785233996973,0.09830241150918598,True,False,True,True,True,True
HPSO,n0200_i05,200,high,2,1.0,0.9571128999814391,1521,1196.0033202032746,0.9529219634293208,True,False,False,True,True,True
HPSO,n0200_i05,200,high,2,5.0,4.096056899987161,1950,1195.5032650287235,0.9107130245734596,True,False,False,True,True,True
HPSO,n0200_i05,200,high,2,15.0,14.909359500044957,20668,1189.7816836524528,0.4277625607838645,True,False,False,True,True,True
HPSO,n0200_i05,200,high,2,30.0,29.9939400999574,49473,1187.010470005106,0.19384839820692934,True,False,False,True,True,True
HPSO,n0200_i05,200,high,2,60.0,59.18743009993341,104597,1186.0861756515212,0.11583003975217931,True,False,False,True,True,True
HPSO,n0200_i05,200,high,2,120.0,116.84461719996762,214073,1185.3794712709064,0.05617813830486758,True,False,True,True,True,True
HPSO,n0200_i05,200,high,2,150.0,133.68247609992977,246050,1185.3764270039112,0.055921176101495475,True,False,True,True,True,True
HPSO,n0200_i05,200,high,3,1.0,0.9933784999884665,1783,1195.5337396091209,0.9132853401220492,True,False,False,True,True,True
HPSO,n0200_i05,200,high,3,5.0,4.952247499953955,3348,1194.213378932397,0.8018355923586208,True,False,False,True,True,True
HPSO,n0200_i05,200,high,3,15.0,14.896009699907154,21098,1190.0836877708964,0.45325429453314137,True,False,False,True,True,True
HPSO,n0200_i05,200,high,3,30.0,29.57553219993133,49770,1188.1857531079395,0.2930523563908527,True,False,False,True,True,True
HPSO,n0200_i05,200,high,3,60.0,58.719900099909864,106628,1187.5885503660193,0.24264333094502713,True,False,False,True,True,True
HPSO,n0200_i05,200,high,3,120.0,119.92095139995217,225179,1187.0764703587733,0.19941939323744393,True,False,False,True,True,True
HPSO,n0200_i05,200,high,3,150.0,148.57411639997736,280357,1187.0695461090456,0.1988349272659793,True,False,False,True,True,True
HPSO,n0200_i05,200,high,4,1.0,0.9936504000797868,1812,1195.904104750942,0.944547329640514,True,False,False,True,True,True
HPSO,n0200_i05,200,high,4,5.0,4.516790100024082,4509,1193.045795298107,0.7032815352526263,True,False,False,True,True,True
HPSO,n0200_i05,200,high,4,15.0,14.833842100109905,21661,1188.3913161185267,0.3104036347826623,True,False,False,True,True,True
HPSO,n0200_i05,200,high,4,30.0,29.559708500048146,50402,1187.320351696909,0.22000506660577826,True,False,False,True,True,True
HPSO,n0200_i05,200,high,4,60.0,59.06818740000017,107763,1186.058733245542,0.11351366568991224,True,False,False,True,True,True
HPSO,n0200_i05,200,high,4,120.0,115.76230440009385,217851,1184.8200772427404,0.008960492067351293,True,False,True,True,True,True
HPSO,n0200_i05,200,high,4,150.0,149.9612301000161,284209,1184.7139210458242,0.0,True,True,True,True,True,True
HPSO,n0200_i05,200,high,5,1.0,0.9619558999547735,1659,1195.1936997961632,0.8845830680446257,True,False,False,True,True,True
HPSO,n0200_i05,200,high,5,5.0,4.814447299926542,5700,1192.1704712623032,0.6293966909662513,True,False,False,True,True,True
HPSO,n0200_i05,200,high,5,15.0,14.737375899916515,20332,1189.0928008106757,0.3696149498256902,True,False,False,True,True,True
HPSO,n0200_i05,200,high,5,30.0,29.942473499919288,49184,1187.9683407312405,0.2747008900294963,True,False,False,True,True,True
HPSO,n0200_i05,200,high,5,60.0,59.69117199990433,105646,1187.483706707168,0.23379362833001346,True,False,False,True,True,True
HPSO,n0200_i05,200,high,5,120.0,105.29767449991778,191930,1187.1487289733575,0.20551863908072363,True,False,False,True,True,True
HPSO,n0200_i05,200,high,5,150.0,123.96340859995689,227377,1187.1410935932518,0.20487414761572936,True,False,False,True,True,True
TS,n0200_i05,200,high,1,1.0,0.9962096998933703,2412,1195.9550345156285,0.9488462379070417,True,False,False,True,True,True
TS,n0200_i05,200,high,1,5.0,4.952727199997753,11690,1190.8823557852534,0.5206687141807071,True,False,False,True,True,True
TS,n0200_i05,200,high,1,15.0,14.70005909993779,27946,1188.4992572117822,0.31951478738566286,True,False,False,True,True,True
TS,n0200_i05,200,high,1,30.0,29.894799100002274,61930,1187.034811419204,0.19590302199969287,True,False,False,True,True,True
TS,n0200_i05,200,high,1,60.0,32.467384599964134,67945,1186.7441123534595,0.17136553150680423,True,False,False,True,True,True
TS,n0200_i05,200,high,1,120.0,32.467384599964134,67945,1186.7441123534595,0.17136553150680423,True,False,False,True,True,True
TS,n0200_i05,200,high,1,150.0,32.467384599964134,67945,1186.7441123534595,0.17136553150680423,True,False,False,True,True,True
TS,n0200_i05,200,high,2,1.0,0.958568700007163,2262,1196.3470033150077,0.9819317611220566,True,False,False,True,True,True
TS,n0200_i05,200,high,2,5.0,4.933747299946845,2701,1195.968993508176,0.950024496413126,True,False,False,True,True,True
TS,n0200_i05,200,high,2,15.0,14.999254700029269,25412,1188.1913469695105,0.29352452620937536,True,False,False,True,True,True
TS,n0200_i05,200,high,2,30.0,27.909232300007716,55403,1187.2188490294927,0.21143737227779272,True,False,False,True,True,True
TS,n0200_i05,200,high,2,60.0,53.45771630003583,114785,1185.9115753273293,0.10109227723497927,True,False,False,True,True,True
TS,n0200_i05,200,high,2,120.0,53.45771630003583,114785,1185.9115753273293,0.10109227723497927,True,False,False,True,True,True
TS,n0200_i05,200,high,2,150.0,53.45771630003583,114785,1185.9115753273293,0.10109227723497927,True,False,False,True,True,True
TS,n0200_i05,200,high,3,1.0,0.9873270998941734,2416,1195.6171102665937,0.9203225375409225,True,False,False,True,True,True
TS,n0200_i05,200,high,3,5.0,4.1969663999043405,4355,1193.307786864641,0.7253958669811528,True,False,False,True,True,True
TS,n0200_i05,200,high,3,15.0,14.833918999996968,26328,1188.9449027524527,0.3571310872158456,True,False,False,True,True,True
TS,n0200_i05,200,high,3,30.0,28.859929799917154,59701,1186.710700495044,0.16854528454067988,True,False,False,True,True,True
TS,n0200_i05,200,high,3,60.0,32.82284969999455,69161,1186.6230378788005,0.1611458090482234,True,False,False,True,True,True
TS,n0200_i05,200,high,3,120.0,32.82284969999455,69161,1186.6230378788005,0.1611458090482234,True,False,False,True,True,True
TS,n0200_i05,200,high,3,150.0,32.82284969999455,69161,1186.6230378788005,0.1611458090482234,True,False,False,True,True,True
TS,n0200_i05,200,high,4,1.0,0.9480271999491379,2282,1196.3302734462804,0.9805196169385514,True,False,False,True,True,True
TS,n0200_i05,200,high,4,5.0,4.774712499929592,5854,1193.1341855438286,0.7107424289039547,True,False,False,True,True,True
TS,n0200_i05,200,high,4,15.0,14.40838439995423,25749,1188.6418364034691,0.3315496921127996,True,False,False,True,True,True
TS,n0200_i05,200,high,4,30.0,14.40838439995423,25749,1188.6418364034691,0.3315496921127996,True,False,False,True,True,True
TS,n0200_i05,200,high,4,60.0,14.40838439995423,25749,1188.6418364034691,0.3315496921127996,True,False,False,True,True,True
TS,n0200_i05,200,high,4,120.0,14.40838439995423,25749,1188.6418364034691,0.3315496921127996,True,False,False,True,True,True
TS,n0200_i05,200,high,4,150.0,14.40838439995423,25749,1188.6418364034691,0.3315496921127996,True,False,False,True,True,True
TS,n0200_i05,200,high,5,1.0,0.9649928000289947,2257,1195.7226155198844,0.9292280843920555,True,False,False,True,True,True
TS,n0200_i05,200,high,5,5.0,4.929369100020267,7096,1191.3773111029475,0.5624471814462214,True,False,False,True,True,True
TS,n0200_i05,200,high,5,15.0,14.935564000043087,25621,1187.9798137091343,0.27566930761031766,True,False,False,True,True,True
TS,n0200_i05,200,high,5,30.0,29.41211190004833,59077,1186.3132418801536,0.13499637388556168,True,False,False,True,True,True
TS,n0200_i05,200,high,5,60.0,35.228344800067134,72829,1186.129823408301,0.11951428419334267,True,False,False,True,True,True
TS,n0200_i05,200,high,5,120.0,35.228344800067134,72829,1186.129823408301,0.11951428419334267,True,False,False,True,True,True
TS,n0200_i05,200,high,5,150.0,35.228344800067134,72829,1186.129823408301,0.11951428419334267,True,False,False,True,True,True
2PGA,n0200_i06,200,medium,1,1.0,0.9686769000109052,3633,1170.0436315536404,1.4302510731472637,True,False,False,False,True,True
2PGA,n0200_i06,200,medium,1,5.0,4.955767000006745,18696,1164.80570623398,0.9761790488672023,True,False,False,True,True,True
2PGA,n0200_i06,200,medium,1,15.0,14.447221300011734,49363,1162.0782678166931,0.739739350388095,True,False,False,True,True,True
2PGA,n0200_i06,200,medium,1,30.0,29.633033500009333,106249,1159.4494785573256,0.5118514773162295,True,False,False,True,True,True
2PGA,n0200_i06,200,medium,1,60.0,59.83981170000334,216710,1158.6654143242718,0.4438815060506899,True,False,False,True,True,True
2PGA,n0200_i06,200,medium,1,120.0,117.57919940000284,430356,1157.162356107243,0.3135824571781842,True,False,False,True,True,True
2PGA,n0200_i06,200,medium,1,150.0,148.84170330000052,547220,1157.050351956819,0.30387289695976005,True,False,False,True,True,True
2PGA,n0200_i06,200,medium,2,1.0,0.002329399998416193,1,1170.8656788910225,1.5015137727390468,True,False,False,False,True,True
2PGA,n0200_i06,200,medium,2,5.0,4.972464799997397,18570,1163.214741160462,0.8382594170657303,True,False,False,True,True,True
2PGA,n0200_i06,200,medium,2,15.0,14.521770599996671,49402,1160.5408042468107,0.606457725922585,True,False,False,True,True,True
2PGA,n0200_i06,200,medium,2,30.0,27.035589499995694,96125,1159.4916111212813,0.515503919349269,True,False,False,True,True,True
2PGA,n0200_i06,200,medium,2,60.0,58.47436549999111,216173,1158.6646147987483,0.44381219575114456,True,False,False,True,True,True
2PGA,n0200_i06,200,medium,2,120.0,118.62093349998759,442229,1157.549158631988,0.3471140932151192,True,False,False,True,True,True
2PGA,n0200_i06,200,medium,2,150.0,149.49775159999263,554694,1157.402692219664,0.33441702399893236,True,False,False,True,True,True
2PGA,n0200_i06,200,medium,3,1.0,0.9938754000031622,3667,1168.2396933470404,1.2738689517618316,True,False,False,False,True,True
2PGA,n0200_i06,200,medium,3,5.0,4.928300100000342,18181,1164.0334117872735,0.9092293920173888,True,False,False,True,True,True
2PGA,n0200_i06,200,medium,3,15.0,14.572852400000556,49063,1159.950026017378,0.5552435809762576,True,False,False,True,True,True
2PGA,n0200_i06,200,medium,3,30.0,29.37424670001201,102611,1158.4408080592343,0.42441054852315035,True,False,False,True,True,True
2PGA,n0200_i06,200,medium,3,60.0,59.546228999999585,211203,1157.2602739729327,0.32207088738164363,True,False,False,True,True,True
2PGA,n0200_i06,200,medium,3,120.0,114.66230219999852,411565,1156.0032163573867,0.2130974558618791,True,False,False,True,True,True
2PGA,n0200_i06,200,medium,3,150.0,136.83602980000433,492793,1155.817613376193,0.19700766529792088,True,False,False,True,True,True
2PGA,n0200_i06,200,medium,4,1.0,0.35962130001280457,1311,1169.787529552561,1.4080497726407808,True,False,False,False,True,True
2PGA,n0200_i06,200,medium,4,5.0,4.94780819999869,18306,1164.8254202320193,0.9778880413499309,True,False,False,True,True,True
2PGA,n0200_i06,200,medium,4,15.0,14.766256100003375,48134,1162.0932237748918,0.7410358717777453,True,False,False,True,True,True
2PGA,n0200_i06,200,medium,4,30.0,29.808866000006674,103181,1159.4998494759752,0.5162180964641243,True,False,False,True,True,True
2PGA,n0200_i06,200,medium,4,60.0,59.770874800000456,213136,1157.5240690761152,0.3449390974432942,True,False,False,True,True,True
2PGA,n0200_i06,200,medium,4,120.0,119.9098917000083,434606,1157.075279288861,0.30603382966297826,True,False,False,True,True,True
2PGA,n0200_i06,200,medium,4,150.0,147.1666758000065,532461,1156.6884798235535,0.27250245884647833,True,False,False,True,True,True
2PGA,n0200_i06,200,medium,5,1.0,0.9787685000046622,3645,1168.2460302048164,1.2744182894599299,True,False,False,False,True,True
2PGA,n0200_i06,200,medium,5,5.0,4.8793222999956924,18120,1164.3975079822937,0.9407926324639373,True,False,False,True,True,True
2PGA,n0200_i06,200,medium,5,15.0,14.766734499993618,49488,1161.6775621551635,0.7050024613018196,True,False,False,True,True,True
2PGA,n0200_i06,200,medium,5,30.0,29.38586480000231,102921,1159.9049566174697,0.5513365467211854,True,False,False,True,True,True
2PGA,n0200_i06,200,medium,5,60.0,59.00822750000225,211119,1158.5627935970165,0.43498538811960924,True,False,False,True,True,True
2PGA,n0200_i06,200,medium,5,120.0,117.89524199999869,427370,1156.9408244120875,0.2943780319291406,True,False,False,True,True,True
2PGA,n0200_i06,200,medium,5,150.0,147.93856949999463,537616,1156.390289910615,0.24665258716547067,True,False,False,True,True,True
ACO,n0200_i06,200,medium,1,1.0,0.7449092000024393,248,1169.1323539511905,1.3512530652771686,True,False,False,False,True,True
ACO,n0200_i06,200,medium,1,5.0,4.2494796000028145,1330,1168.743499941784,1.3175435874925432,True,False,False,False,True,True
ACO,n0200_i06,200,medium,1,15.0,5.5910254000009445,1761,1167.5503426227272,1.2141096272726186,True,False,False,False,True,True
ACO,n0200_i06,200,medium,1,30.0,28.959922500001994,9225,1167.0592490625158,1.171537075472566,True,False,False,False,True,True
ACO,n0200_i06,200,medium,1,60.0,45.18889340000169,14523,1166.4463447677329,1.1184048376421691,True,False,False,False,True,True
ACO,n0200_i06,200,medium,1,120.0,107.74145540000245,34956,1165.9082845578052,1.071760780349229,True,False,False,False,True,True
ACO,n0200_i06,200,medium,1,150.0,107.74145540000245,34956,1165.9082845578052,1.071760780349229,True,False,False,False,True,True
ACO,n0200_i06,200,medium,2,1.0,0.3305146999991848,121,1169.2959788599997,1.3654375923621116,True,False,False,False,True,True
ACO,n0200_i06,200,medium,2,5.0,1.6858413999980257,562,1168.9455932257672,1.3350629106885485,True,False,False,False,True,True
ACO,n0200_i06,200,medium,2,15.0,5.329011800000444,1720,1168.4618332670855,1.293126103594382,True,False,False,False,True,True
ACO,n0200_i06,200,medium,2,30.0,28.27208669999891,9108,1168.2954683419905,1.2787040464444779,True,False,False,False,True,True
ACO,n0200_i06,200,medium,2,60.0,46.5147008999993,15086,1166.4201018968188,1.116129861808866,True,False,False,False,True,True
ACO,n0200_i06,200,medium,2,120.0,46.5147008999993,15086,1166.4201018968188,1.116129861808866,True,False,False,False,True,True
ACO,n0200_i06,200,medium,2,150.0,123.7787892999986,40469,1166.1641090138319,1.0939380206722904,True,False,False,False,True,True
ACO,n0200_i06,200,medium,3,1.0,0.6270728000017698,221,1169.235625482734,1.3602056009695775,True,False,False,False,True,True
ACO,n0200_i06,200,medium,3,5.0,4.767139499999757,1549,1169.0684764084115,1.3457155664803035,True,False,False,False,True,True
ACO,n0200_i06,200,medium,3,15.0,6.63609500000166,2140,1167.7894582418605,1.2348383903974638,True,False,False,False,True,True
ACO,n0200_i06,200,medium,3,30.0,24.34966169999825,7824,1167.3575670138544,1.1973980467114869,True,False,False,False,True,True
ACO,n0200_i06,200,medium,3,60.0,58.84218419999888,19091,1167.2378095538925,1.1870163575981623,True,False,False,False,True,True
ACO,n0200_i06,200,medium,3,120.0,90.74995190000118,29528,1165.186397189234,1.0091808772874153,True,False,False,False,True,True
ACO,n0200_i06,200,medium,3,150.0,134.22102470000027,43817,1164.2197721459686,0.9253848390988146,True,False,False,True,True,True
ACO,n0200_i06,200,medium,4,1.0,0.9954339000032633,338,1169.2044113983552,1.3574996741732026,True,False,False,False,True,True
ACO,n0200_i06,200,medium,4,5.0,3.830963200001861,1254,1167.99622004581,1.2527624242722473,True,False,False,False,True,True
ACO,n0200_i06,200,medium,4,15.0,3.830963200001861,1254,1167.99622004581,1.2527624242722473,True,False,False,False,True,True
ACO,n0200_i06,200,medium,4,30.0,3.830963200001861,1254,1167.99622004581,1.2527624242722473,True,False,False,False,True,True
ACO,n0200_i06,200,medium,4,60.0,51.74541410000165,16989,1167.102580859362,1.1752934781527957,True,False,False,False,True,True
ACO,n0200_i06,200,medium,4,120.0,51.74541410000165,16989,1167.102580859362,1.1752934781527957,True,False,False,False,True,True
ACO,n0200_i06,200,medium,4,150.0,142.04311740000048,46794,1167.064298364613,1.1719747958837106,True,False,False,False,True,True
ACO,n0200_i06,200,medium,5,1.0,0.30303709999861894,110,1169.6752982363023,1.3983205195775685,True,False,False,False,True,True
ACO,n0200_i06,200,medium,5,5.0,3.8700728000003437,1247,1169.2594581469878,1.3622716377000208,True,False,False,False,True,True
ACO,n0200_i06,200,medium,5,15.0,7.8717270999986795,2532,1167.7748281052752,1.2335701142519733,True,False,False,False,True,True
ACO,n0200_i06,200,medium,5,30.0,7.8717270999986795,2532,1167.7748281052752,1.2335701142519733,True,False,False,False,True,True
ACO,n0200_i06,200,medium,5,60.0,7.8717270999986795,2532,1167.7748281052752,1.2335701142519733,True,False,False,False,True,True
ACO,n0200_i06,200,medium,5,120.0,118.89154249999774,38767,1167.0882006009592,1.1740468637694064,True,False,False,False,True,True
ACO,n0200_i06,200,medium,5,150.0,142.45309899999847,46469,1166.8067902851762,1.1496516034434818,True,False,False,False,True,True
BRKGA-R-LS,n0200_i06,200,medium,1,1.0,0.9816953999688849,2350,1169.7582944341086,1.4055154009944553,True,False,False,False,True,True
BRKGA-R-LS,n0200_i06,200,medium,1,5.0,4.26629870000761,9632,1169.21239104283,1.3581914238829746,True,False,False,False,True,True
BRKGA-R-LS,n0200_i06,200,medium,1,15.0,14.837749999947846,26021,1168.1381794101721,1.2650687807029954,True,False,False,False,True,True
BRKGA-R-LS,n0200_i06,200,medium,1,30.0,29.733698699972592,61536,1165.9482045769478,1.0752214184444897,True,False,False,False,True,True
BRKGA-R-LS,n0200_i06,200,medium,1,60.0,59.80714829999488,132495,1162.3200490187637,0.7606991910038003,True,False,False,True,True,True
BRKGA-R-LS,n0200_i06,200,medium,1,120.0,111.19210200000089,247114,1159.4660471717148,0.5132877987251956,True,False,False,True,True,True
BRKGA-R-LS,n0200_i06,200,medium,1,150.0,141.3116841999581,312168,1159.110048059292,0.48242648861583687,True,False,False,True,True,True
BRKGA-R-LS,n0200_i06,200,medium,2,1.0,0.9640844999812543,2232,1169.759984999156,1.405661954877214,True,False,False,False,True,True
BRKGA-R-LS,n0200_i06,200,medium,2,5.0,4.709469499997795,10995,1169.146393594526,1.352470151982397,True,False,False,False,True,True
BRKGA-R-LS,n0200_i06,200,medium,2,15.0,14.877427599974908,26917,1168.106152288718,1.262292372300235,True,False,False,False,True,True
BRKGA-R-LS,n0200_i06,200,medium,2,30.0,29.690409499919042,61536,1165.9482045769478,1.0752214184444897,True,False,False,False,True,True
BRKGA-R-LS,n0200_i06,200,medium,2,60.0,59.977702599950135,132495,1162.3200490187637,0.7606991910038003,True,False,False,True,True,True
BRKGA-R-LS,n0200_i06,200,medium,2,120.0,100.4704959000228,224748,1158.7658431913317,0.45258761317880875,True,False,False,True,True,True
BRKGA-R-LS,n0200_i06,200,medium,2,150.0,100.4704959000228,224748,1158.7658431913317,0.45258761317880875,True,False,False,True,True,True
BRKGA-R-LS,n0200_i06,200,medium,3,1.0,0.9741475000046194,2350,1169.7582944341086,1.4055154009944553,True,False,False,False,True,True
BRKGA-R-LS,n0200_i06,200,medium,3,5.0,4.992385999998078,11828,1169.094735071459,1.3479919113224266,True,False,False,False,True,True
BRKGA-R-LS,n0200_i06,200,medium,3,15.0,14.828140099998564,25555,1168.1480936303303,1.2659282374041982,True,False,False,False,True,True
BRKGA-R-LS,n0200_i06,200,medium,3,30.0,29.774571800022386,60872,1165.9643418014225,1.0766203429682892,True,False,False,False,True,True
BRKGA-R-LS,n0200_i06,200,medium,3,60.0,59.99167220003437,132495,1162.3200490187637,0.7606991910038003,True,False,False,True,True,True
BRKGA-R-LS,n0200_i06,200,medium,3,120.0,114.79097850003745,254722,1159.3507611924213,0.5032937390939095,True,False,False,True,True,True
BRKGA-R-LS,n0200_i06,200,medium,3,150.0,114.79097850003745,254722,1159.3507611924213,0.5032937390939095,True,False,False,True,True,True
BRKGA-R-LS,n0200_i06,200,medium,4,1.0,0.9704978000372648,2232,1169.759984999156,1.405661954877214,True,False,False,False,True,True
BRKGA-R-LS,n0200_i06,200,medium,4,5.0,4.995079200016335,11656,1169.1055722531578,1.3489313789038055,True,False,False,False,True,True
BRKGA-R-LS,n0200_i06,200,medium,4,15.0,14.848115499946289,25106,1168.2127527896425,1.2715334939829706,True,False,False,False,True,True
BRKGA-R-LS,n0200_i06,200,medium,4,30.0,29.883957999991253,60172,1165.9672561355962,1.0768729845271008,True,False,False,False,True,True
BRKGA-R-LS,n0200_i06,200,medium,4,60.0,59.636315700015984,129517,1162.448289561883,0.771816272568594,True,False,False,True,True,True
BRKGA-R-LS,n0200_i06,200,medium,4,120.0,83.74026530003175,185218,1159.8334636662794,0.5451388735800882,True,False,False,True,True,True
BRKGA-R-LS,n0200_i06,200,medium,4,150.0,83.74026530003175,185218,1159.8334636662794,0.5451388735800882,True,False,False,True,True,True
BRKGA-R-LS,n0200_i06,200,medium,5,1.0,0.9914146999362856,3869,1169.504046780443,1.38347485254772,True,False,False,False,True,True
BRKGA-R-LS,n0200_i06,200,medium,5,5.0,4.967765799956396,19408,1168.5908815608468,1.304313208488405,True,False,False,False,True,True
BRKGA-R-LS,n0200_i06,200,medium,5,15.0,14.959110799944028,50127,1166.4384485650758,1.1177203214442817,True,False,False,False,True,True
BRKGA-R-LS,n0200_i06,200,medium,5,30.0,29.993826000019908,108905,1162.9626750541704,0.8164079854108008,True,False,False,True,True,True
BRKGA-R-LS,n0200_i06,200,medium,5,60.0,58.36384539993014,217366,1158.704046003867,0.4472304589059959,True,False,False,True,True,True
BRKGA-R-LS,n0200_i06,200,medium,5,120.0,111.72715079993941,404549,1157.4902281921245,0.3420054552549625,True,False,False,True,True,True
BRKGA-R-LS,n0200_i06,200,medium,5,150.0,111.72715079993941,404549,1157.4902281921245,0.3420054552549625,True,False,False,True,True,True
GA,n0200_i06,200,medium,1,1.0,0.994751000078395,2233,1165.521362950527,1.0382188211320762,True,False,False,False,True,True
GA,n0200_i06,200,medium,1,5.0,3.789523100014776,8525,1162.2770851101002,0.7569746802887268,True,False,False,True,True,True
GA,n0200_i06,200,medium,1,15.0,14.976266600075178,25691,1160.9267218538782,0.6399126490748369,True,False,False,True,True,True
GA,n0200_i06,200,medium,1,30.0,29.626257100026123,58218,1159.939504939464,0.5543315162074048,True,False,False,True,True,True
GA,n0200_i06,200,medium,1,60.0,59.99826450005639,125585,1158.208315820783,0.404255961563541,True,False,False,True,True,True
GA,n0200_i06,200,medium,1,120.0,118.68463680008426,256094,1157.6372345114494,0.35474932862544684,True,False,False,True,True,True
GA,n0200_i06,200,medium,1,150.0,145.6117315000156,315206,1157.2815868644348,0.3239184868025936,True,False,False,True,True,True
GA,n0200_i06,200,medium,2,1.0,0.8557554999133572,1899,1166.817849306268,1.1506103021242093,True,False,False,False,True,True
GA,n0200_i06,200,medium,2,5.0,4.1749457999831066,9330,1162.1435652347202,0.7453999371613577,True,False,False,True,True,True
GA,n0200_i06,200,medium,2,15.0,14.896588400006294,24081,1160.206782092625,0.5775015827075967,True,False,False,True,True,True
GA,n0200_i06,200,medium,2,30.0,29.16233129997272,55543,1158.7441373770012,0.4507059515570383,True,False,False,True,True,True
GA,n0200_i06,200,medium,2,60.0,59.980471099959686,123933,1157.2280265506686,0.3192753812581902,True,False,False,True,True,True
GA,n0200_i06,200,medium,2,120.0,119.51518429990392,255330,1156.4892457720146,0.25523100047950903,True,False,False,True,True,True
GA,n0200_i06,200,medium,2,150.0,145.08167359989602,312078,1156.123536224542,0.22352789965519967,True,False,False,True,True,True
GA,n0200_i06,200,medium,3,1.0,0.9712559001054615,2128,1165.8372117257393,1.0655995270365146,True,False,False,False,True,True
GA,n0200_i06,200,medium,3,5.0,4.870436700060964,10795,1161.8104525801439,0.7165226378212858,True,False,False,True,True,True
GA,n0200_i06,200,medium,3,15.0,14.982736100093462,25480,1159.405112401109,0.5080054067571034,True,False,False,True,True,True
GA,n0200_i06,200,medium,3,30.0,29.93156490009278,58778,1157.832241941313,0.3716543841625045,True,False,False,True,True,True
GA,n0200_i06,200,medium,3,60.0,59.981176900095306,124738,1156.7431690359738,0.27724342781309286,True,False,False,True,True,True
GA,n0200_i06,200,medium,3,120.0,119.63274340005592,258332,1155.590409397034,0.17731151377890997,True,False,False,True,True,True
GA,n0200_i06,200,medium,3,150.0,148.1029038000852,321861,1155.1772889739955,0.1414983978384449,True,False,False,True,True,True
GA,n0200_i06,200,medium,4,1.0,0.946748899994418,2115,1166.1459204874182,1.0923612702409027,True,False,False,False,True,True
GA,n0200_i06,200,medium,4,5.0,4.988392500090413,11136,1162.0539181775628,0.7376284974729305,True,False,False,True,True,True
GA,n0200_i06,200,medium,4,15.0,14.93335350009147,23558,1160.6552153568286,0.616375943757991,True,False,False,True,True,True
GA,n0200_i06,200,medium,4,30.0,29.914909600047395,57231,1159.4795661907792,0.5144597528822813,True,False,False,True,True,True
GA,n0200_i06,200,medium,4,60.0,59.56878830003552,123907,1158.2366709671007,0.4067140490507699,True,False,False,True,True,True
GA,n0200_i06,200,medium,4,120.0,119.16691969998647,256785,1157.200313552161,0.3168729611083794,True,False,False,True,True,True
GA,n0200_i06,200,medium,4,150.0,149.69232610007748,324519,1157.0021111784995,0.2996909381635626,True,False,False,True,True,True
GA,n0200_i06,200,medium,5,1.0,0.9796365000074729,2229,1166.2833552960901,1.1042753961536924,True,False,False,False,True,True
GA,n0200_i06,200,medium,5,5.0,4.829918100032955,10877,1162.5742271145966,0.7827337095314496,True,False,False,True,True,True
GA,n0200_i06,200,medium,5,15.0,14.827664899989031,26248,1161.2696710876758,0.6696426744784509,True,False,False,True,True,True
GA,n0200_i06,200,medium,5,30.0,29.132111600018106,58054,1159.1226883428183,0.48352226581347957,True,False,False,True,True,True
GA,n0200_i06,200,medium,5,60.0,58.8565690999385,124226,1157.7289141609792,0.36269697230242937,True,False,False,True,True,True
GA,n0200_i06,200,medium,5,120.0,118.55333699996118,259135,1156.9801482390521,0.2977869865481081,True,False,False,True,True,True
GA,n0200_i06,200,medium,5,150.0,142.7599919999484,312169,1156.8612985671514,0.2874839929367944,True,False,False,True,True,True
HPSO,n0200_i06,200,medium,1,1.0,0.9956582000013441,1768,1163.304576953479,0.8460472181317277,True,False,False,True,True,True
HPSO,n0200_i06,200,medium,1,5.0,3.5739270000485703,6663,1158.5630286203982,0.4350057621295803,True,False,False,True,True,True
HPSO,n0200_i06,200,medium,1,15.0,14.944885300006717,20733,1155.992748331774,0.21218999015931847,True,False,False,True,True,True
HPSO,n0200_i06,200,medium,1,30.0,29.597034999984317,47780,1154.687017502068,0.09899711228761199,True,False,True,True,True,True
HPSO,n0200_i06,200,medium,1,60.0,59.031679500010796,102039,1153.7269918765344,0.015773172933111063,True,False,True,True,True,True
HPSO,n0200_i06,200,medium,1,120.0,119.41602490004152,213484,1153.5523972040194,0.0006376848268114514,True,False,True,True,True,True
HPSO,n0200_i06,200,medium,1,150.0,135.54605190001894,243600,1153.545041222321,0.0,True,True,True,True,True,True
HPSO,n0200_i06,200,medium,2,1.0,0.9604367000283673,1560,1163.2716000512237,0.8431884739061558,True,False,False,True,True,True
HPSO,n0200_i06,200,medium,2,5.0,4.593707200023346,7749,1159.385509735771,0.5063060656271551,True,False,False,True,True,True
HPSO,n0200_i06,200,medium,2,15.0,14.672186500043608,19481,1157.2937516873833,0.32497304666058097,True,False,False,True,True,True
HPSO,n0200_i06,200,medium,2,30.0,29.91691659996286,47576,1155.238329620234,0.14678996808990838,True,False,False,True,True,True
HPSO,n0200_i06,200,medium,2,60.0,59.763585699955,103593,1154.8161112220323,0.11018815514688453,True,False,False,True,True,True
HPSO,n0200_i06,200,medium,2,120.0,118.96507749997545,213451,1154.0863269717504,0.046923677020515545,True,False,True,True,True,True
HPSO,n0200_i06,200,medium,2,150.0,145.30686809995677,262177,1153.903835050402,0.031103582024048955,True,False,True,True,True,True
HPSO,n0200_i06,200,medium,3,1.0,0.9831574000418186,1768,1164.3853523635896,0.9397388705153578,True,False,False,True,True,True
HPSO,n0200_i06,200,medium,3,5.0,4.863988200086169,9218,1158.5164322639127,0.43096635709377196,True,False,False,True,True,True
HPSO,n0200_i06,200,medium,3,15.0,14.73284379998222,20613,1156.8365163852093,0.2853356431926144,True,False,False,True,True,True
HPSO,n0200_i06,200,medium,3,30.0,29.854237399995327,48925,1155.9202559266284,0.20590567506497653,True,False,False,True,True,True
HPSO,n0200_i06,200,medium,3,60.0,59.50935080007184,104714,1154.5507371493452,0.08718306534077577,True,False,True,True,True,True
HPSO,n0200_i06,200,medium,3,120.0,118.88315990008414,215150,1153.6727733039456,0.01107300339908915,True,False,True,True,True,True
HPSO,n0200_i06,200,medium,3,150.0,118.88315990008414,215150,1153.6727733039456,0.01107300339908915,True,False,True,True,True,True
HPSO,n0200_i06,200,medium,4,1.0,0.9979190999874845,1768,1161.864666552768,0.7212224085876501,True,False,False,True,True,True
HPSO,n0200_i06,200,medium,4,5.0,4.922887400025502,9218,1157.4904064470823,0.34202090805059476,True,False,False,True,True,True
HPSO,n0200_i06,200,medium,4,15.0,14.745714699965902,20566,1156.0488402219753,0.2170525562661305,True,False,False,True,True,True
HPSO,n0200_i06,200,medium,4,30.0,29.928958700038493,48985,1155.467901969165,0.16669143190165128,True,False,False,True,True,True
HPSO,n0200_i06,200,medium,4,60.0,55.00685100001283,96332,1155.1095638722527,0.13562735688879826,True,False,False,True,True,True
HPSO,n0200_i06,200,medium,4,120.0,107.71662770002149,195993,1155.0931569344482,0.1342050511080791,True,False,False,True,True,True
HPSO,n0200_i06,200,medium,4,150.0,107.71662770002149,195993,1155.0931569344482,0.1342050511080791,True,False,False,True,True,True
HPSO,n0200_i06,200,medium,5,1.0,0.9982015000423416,1786,1161.3763826370316,0.678893422870796,True,False,False,True,True,True
HPSO,n0200_i06,200,medium,5,5.0,4.843925000051968,9080,1158.253381226661,0.4081626495789846,True,False,False,True,True,True
HPSO,n0200_i06,200,medium,5,15.0,14.747655400075018,19854,1156.7350213848326,0.2765371137247838,True,False,False,True,True,True
HPSO,n0200_i06,200,medium,5,30.0,29.922358700074255,48377,1155.3995797410864,0.16076862649422494,True,False,False,True,True,True
HPSO,n0200_i06,200,medium,5,60.0,59.943402700009756,104495,1154.4307652455307,0.07678278624223225,True,False,True,True,True,True
HPSO,n0200_i06,200,medium,5,120.0,98.8615188000258,176759,1154.313275667844,0.06659769823195491,True,False,True,True,True,True
HPSO,n0200_i06,200,medium,5,150.0,98.8615188000258,176759,1154.313275667844,0.06659769823195491,True,False,True,True,True,True
TS,n0200_i06,200,medium,1,1.0,0.9990371000021696,2188,1165.4944471364358,1.035885508332898,True,False,False,False,True,True
TS,n0200_i06,200,medium,1,5.0,3.4231491999235004,7758,1159.428737329816,0.5100534350405928,True,False,False,True,True,True
TS,n0200_i06,200,medium,1,15.0,14.978835699963383,23832,1156.5524105779527,0.2607067126260634,True,False,False,True,True,True
TS,n0200_i06,200,medium,1,30.0,29.90331119997427,58328,1155.1316213421278,0.13753950327986897,True,False,False,True,True,True
TS,n0200_i06,200,medium,1,60.0,52.1248198999092,109169,1154.0848224373772,0.04679325000471119,True,False,True,True,True,True
TS,n0200_i06,200,medium,1,120.0,52.1248198999092,109169,1154.0848224373772,0.04679325000471119,True,False,True,True,True,True
TS,n0200_i06,200,medium,1,150.0,52.1248198999092,109169,1154.0848224373772,0.04679325000471119,True,False,True,True,True,True
TS,n0200_i06,200,medium,2,1.0,0.9894577999366447,2349,1164.3453575936842,0.9362717523295733,True,False,False,True,True,True
TS,n0200_i06,200,medium,2,5.0,4.294791299966164,10102,1160.0332946265235,0.5624620775385852,True,False,False,True,True,True
TS,n0200_i06,200,medium,2,15.0,12.94102219992783,21244,1158.5233289414814,0.4315642251719304,True,False,False,True,True,True
TS,n0200_i06,200,medium,2,30.0,29.93856129993219,60171,1157.151032651695,0.3126008348623265,True,False,False,True,True,True
TS,n0200_i06,200,medium,2,60.0,56.95522050000727,121703,1154.2598195575147,0.06196362600945514,True,False,True,True,True,True
TS,n0200_i06,200,medium,2,120.0,56.95522050000727,121703,1154.2598195575147,0.06196362600945514,True,False,True,True,True,True
TS,n0200_i06,200,medium,2,150.0,56.95522050000727,121703,1154.2598195575147,0.06196362600945514,True,False,True,True,True,True
TS,n0200_i06,200,medium,3,1.0,0.9762416000012308,2278,1164.864638014071,0.9812878030107507,True,False,False,True,True,True
TS,n0200_i06,200,medium,3,5.0,4.987896999926306,11533,1160.3979320361218,0.5940722354923628,True,False,False,True,True,True
TS,n0200_i06,200,medium,3,15.0,14.958500999957323,25700,1157.769869321799,0.3662473460941932,True,False,False,True,True,True
TS,n0200_i06,200,medium,3,30.0,29.82290169992484,60229,1155.5866379267413,0.17698456769897358,True,False,False,True,True,True
TS,n0200_i06,200,medium,3,60.0,56.827012600027956,122473,1154.3517498874091,0.06993300098913131,True,False,True,True,True,True
TS,n0200_i06,200,medium,3,120.0,56.827012600027956,122473,1154.3517498874091,0.06993300098913131,True,False,True,True,True,True
TS,n0200_i06,200,medium,3,150.0,56.827012600027956,122473,1154.3517498874091,0.06993300098913131,True,False,True,True,True,True
TS,n0200_i06,200,medium,4,1.0,0.9656497000250965,2256,1164.8688303945275,0.9816512374937314,True,False,False,True,True,True
TS,n0200_i06,200,medium,4,5.0,4.910570900072344,11269,1159.8619233046823,0.547606019411924,True,False,False,True,True,True
TS,n0200_i06,200,medium,4,15.0,14.539122799993493,24651,1157.9634679662556,0.38303027502529946,True,False,False,True,True,True
TS,n0200_i06,200,medium,4,30.0,29.77038620004896,59518,1155.2666749023608,0.14924720045742457,True,False,False,True,True,True
TS,n0200_i06,200,medium,4,60.0,36.30777910002507,74231,1154.6795136739308,0.09834661075805674,True,False,True,True,True,True
TS,n0200_i06,200,medium,4,120.0,36.30777910002507,74231,1154.6795136739308,0.09834661075805674,True,False,True,True,True,True
TS,n0200_i06,200,medium,4,150.0,36.30777910002507,74231,1154.6795136739308,0.09834661075805674,True,False,True,True,True,True
TS,n0200_i06,200,medium,5,1.0,0.9899832999799401,2280,1163.6385960567325,0.8750030968635659,True,False,False,True,True,True
TS,n0200_i06,200,medium,5,5.0,4.983843500027433,11511,1158.8083890596265,0.4562758842713493,True,False,False,True,True,True
TS,n0200_i06,200,medium,5,15.0,14.986522099934518,25786,1157.399486821191,0.33413915028282404,True,False,False,True,True,True
TS,n0200_i06,200,medium,5,30.0,29.046691399998963,57959,1155.2366724179237,0.14664630639911372,True,False,False,True,True,True
TS,n0200_i06,200,medium,5,60.0,54.142959099961445,114937,1153.7378245112677,0.01671224634127679,True,False,True,True,True,True
TS,n0200_i06,200,medium,5,120.0,54.142959099961445,114937,1153.7378245112677,0.01671224634127679,True,False,True,True,True,True
TS,n0200_i06,200,medium,5,150.0,54.142959099961445,114937,1153.7378245112677,0.01671224634127679,True,False,True,True,True,True
2PGA,n0500_i01,500,low,1,1.0,0.00605090000317432,1,1995.9225595740154,0.5581958167533378,True,False,False,True,True,True
2PGA,n0500_i01,500,low,1,5.0,3.7677417999948375,3963,1994.9811905687038,0.5107679401967711,True,False,False,True,True,True
2PGA,n0500_i01,500,low,1,15.0,14.615061999997124,13747,1993.5550879705918,0.4389183067388788,True,False,False,True,True,True
2PGA,n0500_i01,500,low,1,30.0,28.512664800000493,28502,1991.8565670322025,0.3533437435865605,True,False,False,True,True,True
2PGA,n0500_i01,500,low,1,60.0,58.22443669999484,60453,1990.9949243616245,0.30993262426410173,True,False,False,True,True,True
2PGA,n0500_i01,500,low,1,120.0,118.84570730000269,124623,1989.9090039044236,0.2552219835867725,True,False,False,True,True,True
2PGA,n0500_i01,500,low,1,150.0,148.91795420000562,156395,1989.369773365595,0.22805457177823218,True,False,False,True,True,True
2PGA,n0500_i01,500,low,2,1.0,0.006080699997255579,1,1995.9225595740154,0.5581958167533378,True,False,False,True,True,True
2PGA,n0500_i01,500,low,2,5.0,4.204420800000662,4566,1995.8958179435735,0.5568485249470844,True,False,False,True,True,True
2PGA,n0500_i01,500,low,2,15.0,12.782802200003061,13379,1993.8124992823998,0.45188715514137573,True,False,False,True,True,True
2PGA,n0500_i01,500,low,2,30.0,29.835199599998305,31225,1992.4342419671916,0.38244805374750246,True,False,False,True,True,True
2PGA,n0500_i01,500,low,2,60.0,55.75690160000522,58649,1991.3247947158159,0.32655209054138923,True,False,False,True,True,True
2PGA,n0500_i01,500,low,2,120.0,117.09334479999961,124129,1990.1066253479194,0.2651785100648742,True,False,False,True,True,True
2PGA,n0500_i01,500,low,2,150.0,144.40306060000148,153547,1990.03648719901,0.26164482300952324,True,False,False,True,True,True
2PGA,n0500_i01,500,low,3,1.0,0.006103599997004494,1,1995.9225595740154,0.5581958167533378,True,False,False,True,True,True
2PGA,n0500_i01,500,low,3,5.0,4.988331499989727,5356,1995.4452080812027,0.5341459834281813,True,False,False,True,True,True
2PGA,n0500_i01,500,low,3,15.0,14.234344700002111,13496,1994.0891548005557,0.4658255615364809,True,False,False,True,True,True
2PGA,n0500_i01,500,low,3,30.0,28.22263419999217,28404,1993.4846012161352,0.4353670563042681,True,False,False,True,True,True
2PGA,n0500_i01,500,low,3,60.0,59.029815399990184,61284,1991.6128768163865,0.3410661888672591,True,False,False,True,True,True
2PGA,n0500_i01,500,low,3,120.0,113.80540169999585,120207,1990.0380242247204,0.26172226115040603,True,False,False,True,True,True
2PGA,n0500_i01,500,low,3,150.0,148.960456899993,157254,1989.7140571173838,0.24540021114828092,True,False,False,True,True,True
2PGA,n0500_i01,500,low,4,1.0,0.7764420000021346,797,1995.7779466272445,0.550909954408997,True,False,False,True,True,True
2PGA,n0500_i01,500,low,4,5.0,4.2185887999949045,4501,1995.1673616544942,0.5201475769018776,True,False,False,True,True,True
2PGA,n0500_i01,500,low,4,15.0,14.137782400008291,13584,1993.6744884656337,0.44493392007189336,True,False,False,True,True,True
2PGA,n0500_i01,500,low,4,30.0,29.85214210000413,30349,1992.4364467564928,0.38255913502829886,True,False,False,True,True,True
2PGA,n0500_i01,500,low,4,60.0,58.92984779999824,61436,1991.0256222871392,0.31147924138622735,True,False,False,True,True,True
2PGA,n0500_i01,500,low,4,120.0,119.68445869999414,126218,1990.018683990664,0.2607478651078023,True,False,False,True,True,True
2PGA,n0500_i01,500,low,4,150.0,149.09540079999715,157411,1989.4296676287397,0.23107215330348804,True,False,False,True,True,True
2PGA,n0500_i01,500,low,5,1.0,0.006204600009368733,1,1995.9225595740154,0.5581958167533378,True,False,False,True,True,True
2PGA,n0500_i01,500,low,5,5.0,4.699565800008713,4985,1995.5151518288203,0.5376698761941344,True,False,False,True,True,True
2PGA,n0500_i01,500,low,5,15.0,14.447264500005986,13658,1993.8784733690213,0.4552110491920212,True,False,False,True,True,True
2PGA,n0500_i01,500,low,5,30.0,28.66870320000453,28589,1992.3178197237671,0.37658249012853884,True,False,False,True,True,True
2PGA,n0500_i01,500,low,5,60.0,59.353174200005014,61420,1990.764935079197,0.2983453473994899,True,False,False,True,True,True
2PGA,n0500_i01,500,low,5,120.0,115.69645560000208,106508,1989.8352079193348,0.25150400811550616,True,False,False,True,True,True
2PGA,n0500_i01,500,low,5,150.0,149.7144738000061,127533,1989.6295371916633,0.24114194411269127,True,False,False,True,True,True
ACO,n0500_i01,500,low,1,1.0,0.6109958999986702,41,1998.3133602972705,0.6786486901049135,True,False,False,True,True,True
ACO,n0500_i01,500,low,1,5.0,3.256059399998776,201,1997.9085227951596,0.6582522430504125,True,False,False,True,True,True
ACO,n0500_i01,500,low,1,15.0,7.690258799997537,454,1997.7375563355833,0.6496386429697402,True,False,False,True,True,True
ACO,n0500_i01,500,low,1,30.0,26.886007599998266,1517,1997.4793591375378,0.6366302001943143,True,False,False,True,True,True
ACO,n0500_i01,500,low,1,60.0,26.886007599998266,1517,1997.4793591375378,0.6366302001943143,True,False,False,True,True,True
ACO,n0500_i01,500,low,1,120.0,26.886007599998266,1517,1997.4793591375378,0.6366302001943143,True,False,False,True,True,True
ACO,n0500_i01,500,low,1,150.0,26.886007599998266,1517,1997.4793591375378,0.6366302001943143,True,False,False,True,True,True
ACO,n0500_i01,500,low,2,1.0,0.35724259999915375,23,1998.3151318763214,0.6787379454681799,True,False,False,True,True,True
ACO,n0500_i01,500,low,2,5.0,1.721753699999681,111,1998.1628987702861,0.6710681656898724,True,False,False,True,True,True
ACO,n0500_i01,500,low,2,15.0,11.213862399999925,642,1997.2956407173533,0.6273741332274672,True,False,False,True,True,True
ACO,n0500_i01,500,low,2,30.0,11.213862399999925,642,1997.2956407173533,0.6273741332274672,True,False,False,True,True,True
ACO,n0500_i01,500,low,2,60.0,11.213862399999925,642,1997.2956407173533,0.6273741332274672,True,False,False,True,True,True
ACO,n0500_i01,500,low,2,120.0,11.213862399999925,642,1997.2956407173533,0.6273741332274672,True,False,False,True,True,True
ACO,n0500_i01,500,low,2,150.0,11.213862399999925,642,1997.2956407173533,0.6273741332274672,True,False,False,True,True,True
ACO,n0500_i01,500,low,3,1.0,0.8711875999979384,56,1998.2030367751775,0.6730903911195092,True,False,False,True,True,True
ACO,n0500_i01,500,low,3,5.0,4.918312800000422,288,1997.9916273742604,0.6624392023582275,True,False,False,True,True,True
ACO,n0500_i01,500,low,3,15.0,5.291602900000726,308,1997.3341024876308,0.6293119069193748,True,False,False,True,True,True
ACO,n0500_i01,500,low,3,30.0,5.291602900000726,308,1997.3341024876308,0.6293119069193748,True,False,False,True,True,True
ACO,n0500_i01,500,low,3,60.0,5.291602900000726,308,1997.3341024876308,0.6293119069193748,True,False,False,True,True,True
ACO,n0500_i01,500,low,3,120.0,5.291602900000726,308,1997.3341024876308,0.6293119069193748,True,False,False,True,True,True
ACO,n0500_i01,500,low,3,150.0,5.291602900000726,308,1997.3341024876308,0.6293119069193748,True,False,False,True,True,True
ACO,n0500_i01,500,low,4,1.0,0.9430839000015112,62,1998.1337596380213,0.6696000833967177,True,False,False,True,True,True
ACO,n0500_i01,500,low,4,5.0,3.9190234999987297,234,1997.3740820598323,0.6313261502229632,True,False,False,True,True,True
ACO,n0500_i01,500,low,4,15.0,3.9190234999987297,234,1997.3740820598323,0.6313261502229632,True,False,False,True,True,True
ACO,n0500_i01,500,low,4,30.0,26.425612300001376,1466,1997.269491801054,0.6260567034339107,True,False,False,True,True,True
ACO,n0500_i01,500,low,4,60.0,32.39449099999911,1796,1996.883262107696,0.6065977515078252,True,False,False,True,True,True
ACO,n0500_i01,500,low,4,120.0,32.39449099999911,1796,1996.883262107696,0.6065977515078252,True,False,False,True,True,True
ACO,n0500_i01,500,low,4,150.0,32.39449099999911,1796,1996.883262107696,0.6065977515078252,True,False,False,True,True,True
ACO,n0500_i01,500,low,5,1.0,0.2735973999988346,18,1997.9888928963976,0.6623014344077321,True,False,False,True,True,True
ACO,n0500_i01,500,low,5,5.0,1.1429313999979058,76,1997.793228414994,0.6524435032264921,True,False,False,True,True,True
ACO,n0500_i01,500,low,5,15.0,7.23626620000141,426,1997.5401604035017,0.6396934781653814,True,False,False,True,True,True
ACO,n0500_i01,500,low,5,30.0,7.23626620000141,426,1997.5401604035017,0.6396934781653814,True,False,False,True,True,True
ACO,n0500_i01,500,low,5,60.0,37.4819822999998,2101,1997.4927103142295,0.6373028566727466,True,False,False,True,True,True
ACO,n0500_i01,500,low,5,120.0,37.4819822999998,2101,1997.4927103142295,0.6373028566727466,True,False,False,True,True,True
ACO,n0500_i01,500,low,5,150.0,37.4819822999998,2101,1997.4927103142295,0.6373028566727466,True,False,False,True,True,True
BRKGA-R-LS,n0500_i01,500,low,1,1.0,0.9836443999083713,1098,1995.8121733120308,0.5526343568184936,True,False,False,True,True,True
BRKGA-R-LS,n0500_i01,500,low,1,5.0,4.981574299978092,5584,1995.7570039972904,0.5498548267570041,True,False,False,True,True,True
BRKGA-R-LS,n0500_i01,500,low,1,15.0,14.977260099956766,15042,1995.6873462467183,0.5463453430405221,True,False,False,True,True,True
BRKGA-R-LS,n0500_i01,500,low,1,30.0,29.908407400012948,31981,1995.579160753333,0.5408947618162252,True,False,False,True,True,True
BRKGA-R-LS,n0500_i01,500,low,1,60.0,59.9758866999764,66714,1995.4178602801333,0.532768151647128,True,False,False,True,True,True
BRKGA-R-LS,n0500_i01,500,low,1,120.0,119.52158850000706,135059,1995.041788363978,0.5138209669457349,True,False,False,True,True,True
BRKGA-R-LS,n0500_i01,500,low,1,150.0,149.32341579999775,169293,1994.830073337128,0.5031543801960582,True,False,False,True,True,True
BRKGA-R-LS,n0500_i01,500,low,2,1.0,0.9576163999736309,1098,1995.8121733120308,0.5526343568184936,True,False,False,True,True,True
BRKGA-R-LS,n0500_i01,500,low,2,5.0,4.991961600026116,5805,1995.7516587947896,0.5495855257677538,True,False,False,True,True,True
BRKGA-R-LS,n0500_i01,500,low,2,15.0,14.823534599971026,15262,1995.6866974110594,0.5463126535241228,True,False,False,True,True,True
BRKGA-R-LS,n0500_i01,500,low,2,30.0,29.830141499987803,32705,1995.5766440931875,0.5407679679170774,True,False,False,True,True,True
BRKGA-R-LS,n0500_i01,500,low,2,60.0,59.6891648999881,67360,1995.4165042572065,0.5326998327545203,True,False,False,True,True,True
BRKGA-R-LS,n0500_i01,500,low,2,120.0,119.51670739997644,136835,1995.0312555248638,0.5132903034222097,True,False,False,True,True,True
BRKGA-R-LS,n0500_i01,500,low,2,150.0,149.34636109997518,171438,1994.8254483469984,0.5029213648113363,True,False,False,True,True,True
BRKGA-R-LS,n0500_i01,500,low,3,1.0,0.9564072999637574,1098,1995.8121733120308,0.5526343568184936,True,False,False,True,True,True
BRKGA-R-LS,n0500_i01,500,low,3,5.0,4.8367334000067785,5584,1995.7570039972904,0.5498548267570041,True,False,False,True,True,True
BRKGA-R-LS,n0500_i01,500,low,3,15.0,14.966988699976355,15262,1995.6866974110594,0.5463126535241228,True,False,False,True,True,True
BRKGA-R-LS,n0500_i01,500,low,3,30.0,29.775663699954748,32399,1995.5775609075092,0.5408141586841738,True,False,False,True,True,True
BRKGA-R-LS,n0500_i01,500,low,3,60.0,59.90844989998732,67360,1995.4165042572065,0.5326998327545203,True,False,False,True,True,True
BRKGA-R-LS,n0500_i01,500,low,3,120.0,119.85757590003777,136835,1995.0312555248638,0.5132903034222097,True,False,False,True,True,True
BRKGA-R-LS,n0500_i01,500,low,3,150.0,149.74496170005295,171438,1994.8254483469984,0.5029213648113363,True,False,False,True,True,True
BRKGA-R-LS,n0500_i01,500,low,4,1.0,0.9534291001036763,1098,1995.8121733120308,0.5526343568184936,True,False,False,True,True,True
BRKGA-R-LS,n0500_i01,500,low,4,5.0,4.996508400072344,5805,1995.7516587947896,0.5495855257677538,True,False,False,True,True,True
BRKGA-R-LS,n0500_i01,500,low,4,15.0,14.861454700003378,15262,1995.6866974110594,0.5463126535241228,True,False,False,True,True,True
BRKGA-R-LS,n0500_i01,500,low,4,30.0,29.84716180001851,32705,1995.5766440931875,0.5407679679170774,True,False,False,True,True,True
BRKGA-R-LS,n0500_i01,500,low,4,60.0,59.665792600018904,67360,1995.4165042572065,0.5326998327545203,True,False,False,True,True,True
BRKGA-R-LS,n0500_i01,500,low,4,120.0,119.33138380001765,136835,1995.0312555248638,0.5132903034222097,True,False,False,True,True,True
BRKGA-R-LS,n0500_i01,500,low,4,150.0,149.8975118000526,172426,1994.8229280420835,0.5027943872821045,True,False,False,True,True,True
BRKGA-R-LS,n0500_i01,500,low,5,1.0,0.9528638999909163,1098,1995.8121733120308,0.5526343568184936,True,False,False,True,True,True
BRKGA-R-LS,n0500_i01,500,low,5,5.0,4.99679250002373,5805,1995.7516587947896,0.5495855257677538,True,False,False,True,True,True
BRKGA-R-LS,n0500_i01,500,low,5,15.0,14.715919599984773,15262,1995.6866974110594,0.5463126535241228,True,False,False,True,True,True
BRKGA-R-LS,n0500_i01,500,low,5,30.0,29.924572000047192,32901,1995.5761330388666,0.5407422200741928,True,False,False,True,True,True
BRKGA-R-LS,n0500_i01,500,low,5,60.0,59.58118010009639,67360,1995.4165042572065,0.5326998327545203,True,False,False,True,True,True
BRKGA-R-LS,n0500_i01,500,low,5,120.0,119.35062660009135,136835,1995.0312555248638,0.5132903034222097,True,False,False,True,True,True
BRKGA-R-LS,n0500_i01,500,low,5,150.0,149.99483199999668,172426,1994.8229280420835,0.5027943872821045,True,False,False,True,True,True
GA,n0500_i01,500,low,1,1.0,0.9734572999877855,1032,1995.4351761319565,0.5336405556439779,True,False,False,True,True,True
GA,n0500_i01,500,low,1,5.0,4.94315700000152,5278,1993.6486082668068,0.4436300287516009,True,False,False,True,True,True
GA,n0500_i01,500,low,1,15.0,14.869928600033745,13347,1991.999506987901,0.360545317608667,True,False,False,True,True,True
GA,n0500_i01,500,low,1,30.0,29.65550330001861,29146,1990.9447496289329,0.3074047302980477,True,False,False,True,True,True
GA,n0500_i01,500,low,1,60.0,59.81029659998603,61636,1989.7152298441395,0.24545929524759366,True,False,False,True,True,True
GA,n0500_i01,500,low,1,120.0,119.64946109999437,125656,1988.3958594531073,0.17898702381610257,True,False,False,True,True,True
GA,n0500_i01,500,low,1,150.0,148.027218000032,156189,1987.9777217888839,0.15792049049012383,True,False,False,True,True,True
GA,n0500_i01,500,low,2,1.0,0.9724191999994218,1087,1995.320846446919,0.52788041890895,True,False,False,True,True,True
GA,n0500_i01,500,low,2,5.0,4.950478799990378,5538,1993.5564542365148,0.43898714169220215,True,False,False,True,True,True
GA,n0500_i01,500,low,2,15.0,14.86474799993448,15028,1992.2323918796042,0.3722784805163751,True,False,False,True,True,True
GA,n0500_i01,500,low,2,30.0,29.45693530002609,31370,1991.3716083072604,0.32891064411992704,True,False,False,True,True,True
GA,n0500_i01,500,low,2,60.0,59.94457449996844,65466,1990.0466037407923,0.2621545127190018,True,False,False,True,True,True
GA,n0500_i01,500,low,2,120.0,119.68135730002541,131806,1988.5076310017475,0.18461827700325437,True,False,False,True,True,True
GA,n0500_i01,500,low,2,150.0,149.98217810003553,165253,1988.18625130633,0.16842658550284464,True,False,False,True,True,True
GA,n0500_i01,500,low,3,1.0,0.9745757000055164,1069,1995.2635971866302,0.5249960974211945,True,False,False,True,True,True
GA,n0500_i01,500,low,3,5.0,4.838394499965943,5392,1993.1427204044069,0.4181424814093878,True,False,False,True,True,True
GA,n0500_i01,500,low,3,15.0,14.958619899931364,14531,1991.4599321681185,0.3333605603017209,True,False,False,True,True,True
GA,n0500_i01,500,low,3,30.0,29.540266099967994,30784,1990.671130745095,0.2936193150432619,True,False,False,True,True,True
GA,n0500_i01,500,low,3,60.0,59.3967268000124,64019,1989.435651071252,0.23137360998121978,True,False,False,True,True,True
GA,n0500_i01,500,low,3,120.0,119.98346209991723,131328,1988.0000212917614,0.15904397985909835,True,False,False,True,True,True
GA,n0500_i01,500,low,3,150.0,144.10937839990947,158008,1987.673938560159,0.1426153408722582,True,False,False,True,True,True
GA,n0500_i01,500,low,4,1.0,0.9885199000127614,1094,1995.4011261040646,0.5319250535289805,True,False,False,True,True,True
GA,n0500_i01,500,low,4,5.0,4.916980600100942,5507,1993.9888384583296,0.46077144240906315,True,False,False,True,True,True
GA,n0500_i01,500,low,4,15.0,14.865095000015572,15094,1992.5470961704239,0.38813385303512304,True,False,False,True,True,True
GA,n0500_i01,500,low,4,30.0,29.961285600089468,31971,1991.8494965195014,0.35298751834259184,True,False,False,True,True,True
GA,n0500_i01,500,low,4,60.0,58.83515749999788,64315,1991.0707249494155,0.3137515952525066,True,False,False,True,True,True
GA,n0500_i01,500,low,4,120.0,117.86317600007169,130493,1990.20262204384,0.2700149975828082,True,False,False,True,True,True
GA,n0500_i01,500,low,4,150.0,148.77252400002908,164993,1989.8000691987654,0.24973365569034786,True,False,False,True,True,True
GA,n0500_i01,500,low,5,1.0,0.9393399000400677,1038,1994.9592344828204,0.5096617527983461,True,False,False,True,True,True
GA,n0500_i01,500,low,5,5.0,4.753534800023772,5337,1993.6442448163264,0.44341019020839345,True,False,False,True,True,True
GA,n0500_i01,500,low,5,15.0,14.959500600001775,14747,1992.5302884643388,0.38728705034148986,True,False,False,True,True,True
GA,n0500_i01,500,low,5,30.0,29.98517030000221,31564,1990.612820320559,0.290681530177545,True,False,False,True,True,True
GA,n0500_i01,500,low,5,60.0,59.787291200016625,64834,1989.3960483685705,0.22937835404705337,True,False,False,True,True,True
GA,n0500_i01,500,low,5,120.0,118.98517410003114,130622,1988.2056262972603,0.16940273265974642,True,False,False,True,True,True
GA,n0500_i01,500,low,5,150.0,149.86910140002146,164854,1988.0117287829285,0.15963382448190266,True,False,False,True,True,True
HPSO,n0500_i01,500,low,1,1.0,0.9829339999705553,902,1993.9993397952214,0.46130051879353506,True,False,False,True,True,True
HPSO,n0500_i01,500,low,1,5.0,4.799305900000036,4644,1990.2273414159056,0.27126040434707416,True,False,False,True,True,True
HPSO,n0500_i01,500,low,1,15.0,14.865838399971835,12988,1988.6994583764058,0.19428288779257077,True,False,False,True,True,True
HPSO,n0500_i01,500,low,1,30.0,29.935324499965645,27574,1987.4315653401381,0.13040413878794418,True,False,False,True,True,True
HPSO,n0500_i01,500,low,1,60.0,59.344435099978,56021,1986.2872750372749,0.07275271950086694,True,False,True,True,True,True
HPSO,n0500_i01,500,low,1,120.0,119.8802339999238,116215,1985.1308406344351,0.014489458447888485,True,False,True,True,True,True
HPSO,n0500_i01,500,low,1,150.0,149.42817979992833,144863,1984.8432475968189,0.0,True,True,True,True,True,True
HPSO,n0500_i01,500,low,2,1.0,0.9984266000101343,916,1993.6181568193047,0.44209582963844457,True,False,False,True,True,True
HPSO,n0500_i01,500,low,2,5.0,4.760051000048406,4626,1991.6512888263846,0.34300145554611094,True,False,False,True,True,True
HPSO,n0500_i01,500,low,2,15.0,14.353360400069505,12178,1990.12068709064,0.2658869661476287,True,False,False,True,True,True
HPSO,n0500_i01,500,low,2,30.0,29.898564800038002,27938,1989.0187013744758,0.2103669286082118,True,False,False,True,True,True
HPSO,n0500_i01,500,low,2,60.0,59.59742850007024,58105,1987.7450769273914,0.14619942073944725,True,False,False,True,True,True
HPSO,n0500_i01,500,low,2,120.0,119.93121349997818,119226,1986.0218756900213,0.05938141939568521,True,False,True,True,True,True
HPSO,n0500_i01,500,low,2,150.0,149.47294130001683,148951,1985.6656466086674,0.041433952673305935,True,False,True,True,True,True
HPSO,n0500_i01,500,low,3,1.0,0.9685688999015838,936,1994.33749901873,0.47833759332917486,True,False,False,True,True,True
HPSO,n0500_i01,500,low,3,5.0,4.983632399933413,4926,1991.733936493653,0.34716539480772846,True,False,False,True,True,True
HPSO,n0500_i01,500,low,3,15.0,14.93319899996277,13402,1990.0339374902992,0.2615163640637643,True,False,False,True,True,True
HPSO,n0500_i01,500,low,3,30.0,29.966646699933335,28675,1988.947033295095,0.20675616088297627,True,False,False,True,True,True
HPSO,n0500_i01,500,low,3,60.0,59.18831489991862,58322,1988.0900256264151,0.16357856135628646,True,False,False,True,True,True
HPSO,n0500_i01,500,low,3,120.0,119.5766411999939,119571,1986.843442358208,0.10077343708682825,True,False,False,True,True,True
HPSO,n0500_i01,500,low,3,150.0,149.28695389989298,149544,1986.5743061439073,0.08721386684738609,True,False,True,True,True,True
HPSO,n0500_i01,500,low,4,1.0,0.976193799986504,913,1993.7105744243904,0.4467519960736355,True,False,False,True,True,True
HPSO,n0500_i01,500,low,4,5.0,4.910794700030237,4838,1992.162480584504,0.3687562227670641,True,False,False,True,True,True
HPSO,n0500_i01,500,low,4,15.0,14.914131100056693,13060,1990.9158011675484,0.3059462543494021,True,False,False,True,True,True
HPSO,n0500_i01,500,low,4,30.0,29.852415499975905,28239,1989.5691203437304,0.23809803381871683,True,False,False,True,True,True
HPSO,n0500_i01,500,low,4,60.0,59.78482449997682,58699,1988.2857427650317,0.1734391455033504,True,False,False,True,True,True
HPSO,n0500_i01,500,low,4,120.0,119.0292432999704,118794,1987.326965326398,0.12513420052623364,True,False,False,True,True,True
HPSO,n0500_i01,500,low,4,150.0,148.16964470001403,148476,1987.153383363251,0.11638882663550759,True,False,False,True,True,True
HPSO,n0500_i01,500,low,5,1.0,0.9865692999446765,945,1993.9768764861628,0.46016877657228955,True,False,False,True,True,True
HPSO,n0500_i01,500,low,5,5.0,4.955194200039841,4871,1991.2916177998964,0.32488057738992593,True,False,False,True,True,True
HPSO,n0500_i01,500,low,5,15.0,14.96073469996918,13435,1989.4693309662,0.23307046412769647,True,False,False,True,True,True
HPSO,n0500_i01,500,low,5,30.0,29.90301929996349,28624,1987.96020666275,0.15703804669234964,True,False,False,True,True,True
HPSO,n0500_i01,500,low,5,60.0,59.4972698999336,58629,1986.4859006489733,0.08275983779289724,True,False,True,True,True,True
HPSO,n0500_i01,500,low,5,120.0,119.57979949994478,119347,1985.3582700762986,0.0259477659056105,True,False,True,True,True,True
HPSO,n0500_i01,500,low,5,150.0,148.14485010004137,148135,1985.1405419278265,0.01497822719086558,True,False,True,True,True,True
TS,n0500_i01,500,low,1,1.0,0.9719620000105351,1075,1994.6052378005688,0.49182675838857615,True,False,False,True,True,True
TS,n0500_i01,500,low,1,5.0,4.87629140005447,5296,1992.7593063675247,0.3988253873594465,True,False,False,True,True,True
TS,n0500_i01,500,low,1,15.0,14.672903300030157,13716,1990.830816585803,0.3016645771011711,True,False,False,True,True,True
TS,n0500_i01,500,low,1,30.0,29.937124600051902,30403,1989.6296620698413,0.24114823570161834,True,False,False,True,True,True
TS,n0500_i01,500,low,1,60.0,59.971065500052646,62740,1988.4171310058407,0.18005872319383323,True,False,False,True,True,True
TS,n0500_i01,500,low,1,120.0,119.58898670005146,127783,1987.495808729698,0.1336408371840311,True,False,False,True,True,True
TS,n0500_i01,500,low,1,150.0,147.44296600006055,158053,1987.076936962058,0.11253731839749014,True,False,False,True,True,True
TS,n0500_i01,500,low,2,1.0,0.9327547000721097,1060,1994.191102125387,0.4709618525234294,True,False,False,True,True,True
TS,n0500_i01,500,low,2,5.0,4.926918700104579,5595,1991.5078367716392,0.33577408104592543,True,False,False,True,True,True
TS,n0500_i01,500,low,2,15.0,14.973820300074294,14816,1990.0656815808027,0.2631156888740189,True,False,False,True,True,True
TS,n0500_i01,500,low,2,30.0,29.784658599994145,31625,1988.343655042589,0.1763568710027028,True,False,False,True,True,True
TS,n0500_i01,500,low,2,60.0,59.968564800103195,65915,1987.0288511689077,0.11011466899137495,True,False,False,True,True,True
TS,n0500_i01,500,low,2,120.0,119.19334210001398,133154,1985.6486475410993,0.04057750884134571,True,False,True,True,True,True
TS,n0500_i01,500,low,2,150.0,132.36142090009525,148111,1985.4765912533614,0.03190900124276433,True,False,True,True,True,True
TS,n0500_i01,500,low,3,1.0,0.9967194999335334,1142,1994.748587609049,0.4990489815366164,True,False,False,True,True,True
TS,n0500_i01,500,low,3,5.0,4.90670259995386,5571,1992.0449376428242,0.36283419633892294,True,False,False,True,True,True
TS,n0500_i01,500,low,3,15.0,14.87911229999736,14869,1989.8185977790808,0.2506671591464957,True,False,False,True,True,True
TS,n0500_i01,500,low,3,30.0,29.708471199963242,31703,1988.4139605623823,0.17989899050651556,True,False,False,True,True,True
TS,n0500_i01,500,low,3,60.0,59.69009799999185,65740,1986.9171024944662,0.10448456824781165,True,False,False,True,True,True
TS,n0500_i01,500,low,3,120.0,117.4165116000222,131124,1985.815290892738,0.04897330290923529,True,False,True,True,True,True
TS,n0500_i01,500,low,3,150.0,149.1021941000363,167061,1985.4035426490811,0.028228680171125696,True,False,True,True,True,True
TS,n0500_i01,500,low,4,1.0,0.9258272000588477,1059,1994.3738219598097,0.48016760892982946,True,False,False,True,True,True
TS,n0500_i01,500,low,4,5.0,4.9878589999862015,5731,1992.1981769670622,0.3705546712138818,True,False,False,True,True,True
TS,n0500_i01,500,low,4,15.0,14.922558499965817,14935,1990.101459755658,0.2649182581650002,True,False,False,True,True,True
TS,n0500_i01,500,low,4,30.0,29.769918899983168,31818,1988.357600680775,0.17705947752857695,True,False,False,True,True,True
TS,n0500_i01,500,low,4,60.0,59.65922889998183,65807,1987.0824819475408,0.11281668481544632,True,False,False,True,True,True
TS,n0500_i01,500,low,4,120.0,109.62486490001902,122385,1985.4550838417797,0.030825418868801448,True,False,True,True,True,True
TS,n0500_i01,500,low,4,150.0,109.62486490001902,122385,1985.4550838417797,0.030825418868801448,True,False,True,True,True,True
TS,n0500_i01,500,low,5,1.0,0.9652292000828311,1105,1994.3201653233098,0.4774642903395642,True,False,False,True,True,True
TS,n0500_i01,500,low,5,5.0,4.875818300060928,5590,1991.7807546909642,0.3495241804381783,True,False,False,True,True,True
TS,n0500_i01,500,low,5,15.0,14.979143999982625,15026,1990.3492231925088,0.27740102914204484,True,False,False,True,True,True
TS,n0500_i01,500,low,5,30.0,29.06706979998853,31011,1989.329142214255,0.2260075007367689,True,False,False,True,True,True
TS,n0500_i01,500,low,5,60.0,59.87489169999026,66087,1987.9510109069988,0.1565747478518889,True,False,False,True,True,True
TS,n0500_i01,500,low,5,120.0,118.47827020008117,132817,1986.6805846747209,0.092568371841283,True,False,True,True,True,True
TS,n0500_i01,500,low,5,150.0,149.01681010005996,167574,1986.088203868743,0.06272315324807082,True,False,True,True,True,True
2PGA,n0500_i02,500,medium,1,1.0,0.01025929999013897,1,2242.672632505515,0.8960202215432165,True,False,False,True,True,True
2PGA,n0500_i02,500,medium,1,5.0,4.730742799991276,3605,2241.3887511046864,0.8382594400976626,True,False,False,True,True,True
2PGA,n0500_i02,500,medium,1,15.0,13.66443309999886,7991,2239.2670153161275,0.7428042702595007,True,False,False,True,True,True
2PGA,n0500_i02,500,medium,1,30.0,28.671565399999963,19574,2237.0803338890637,0.6444272488943181,True,False,False,True,True,True
2PGA,n0500_i02,500,medium,1,60.0,59.56582089999574,43524,2234.021329500833,0.5068051260132345,True,False,False,True,True,True
2PGA,n0500_i02,500,medium,1,120.0,117.48421539999254,88181,2231.9621845023944,0.41416586498589564,True,False,False,True,True,True
2PGA,n0500_i02,500,medium,1,150.0,148.2680115999974,112008,2231.038307142138,0.3726013729278088,True,False,False,True,True,True
2PGA,n0500_i02,500,medium,2,1.0,0.01083340001059696,1,2242.672632505515,0.8960202215432165,True,False,False,True,True,True
2PGA,n0500_i02,500,medium,2,5.0,4.497914899999159,3451,2241.984191202064,0.8650478064579311,True,False,False,True,True,True
2PGA,n0500_i02,500,medium,2,15.0,13.3288462000055,7743,2239.4108866494225,0.7492769246911091,True,False,False,True,True,True
2PGA,n0500_i02,500,medium,2,30.0,28.6180910999974,19550,2236.918580659168,0.637150102458456,True,False,False,True,True,True
2PGA,n0500_i02,500,medium,2,60.0,59.27874989999691,43422,2235.2228308113627,0.560859694105939,True,False,False,True,True,True
2PGA,n0500_i02,500,medium,2,120.0,113.18492120000883,84610,2233.119202984687,0.4662191867654892,True,False,False,True,True,True
2PGA,n0500_i02,500,medium,2,150.0,149.0278229000105,112208,2232.6064729918007,0.4431518808285308,True,False,False,True,True,True
2PGA,n0500_i02,500,medium,3,1.0,0.01077570000779815,1,2242.672632505515,0.8960202215432165,True,False,False,True,True,True
2PGA,n0500_i02,500,medium,3,5.0,4.9676714000088396,3800,2242.3720143508313,0.8824956549282208,True,False,False,True,True,True
2PGA,n0500_i02,500,medium,3,15.0,13.814508200011915,7570,2241.3832306985023,0.8380110815071522,True,False,False,True,True,True
2PGA,n0500_i02,500,medium,3,30.0,29.095839100002195,19444,2238.6238330505294,0.7138680225275119,True,False,False,True,True,True
2PGA,n0500_i02,500,medium,3,60.0,59.956861900005606,37628,2236.1327623549732,0.6017967752000196,True,False,False,True,True,True
2PGA,n0500_i02,500,medium,3,120.0,118.18400480000128,82556,2233.013126107879,0.4614468742343037,True,False,False,True,True,True
2PGA,n0500_i02,500,medium,3,150.0,145.1147423000075,103112,2231.8350638566917,0.4084468103840365,True,False,False,True,True,True
2PGA,n0500_i02,500,medium,4,1.0,0.009620600001653656,1,2242.672632505515,0.8960202215432165,True,False,False,True,True,True
2PGA,n0500_i02,500,medium,4,5.0,4.988150399993174,3902,2242.3481364554964,0.8814214078109041,True,False,False,True,True,True
2PGA,n0500_i02,500,medium,4,15.0,13.683013500005472,7919,2239.1237094429607,0.7363570554197892,True,False,False,True,True,True
2PGA,n0500_i02,500,medium,4,30.0,28.991439200006425,19747,2235.078361236301,0.5543601252631516,True,False,False,True,True,True
2PGA,n0500_i02,500,medium,4,60.0,59.95318339999358,43667,2232.715193857716,0.44804314428217895,True,False,False,True,True,True
2PGA,n0500_i02,500,medium,4,120.0,118.54146229999606,88242,2230.8010522026575,0.36192746590075753,True,False,False,True,True,True
2PGA,n0500_i02,500,medium,4,150.0,149.06536569999298,111731,2230.3279749645603,0.34064410519550886,True,False,False,True,True,True
2PGA,n0500_i02,500,medium,5,1.0,0.010123500003828667,1,2242.672632505515,0.8960202215432165,True,False,False,True,True,True
2PGA,n0500_i02,500,medium,5,5.0,4.8684042999957455,3796,2242.375668746929,0.8826600632405327,True,False,False,True,True,True
2PGA,n0500_i02,500,medium,5,15.0,13.345431399997324,7571,2238.885698139598,0.7256491201959941,True,False,False,True,True,True
2PGA,n0500_i02,500,medium,5,30.0,29.969997299995157,20231,2236.747520551062,0.6294542471310064,True,False,False,True,True,True
2PGA,n0500_i02,500,medium,5,60.0,59.60703889999422,42717,2234.7869067599695,0.541247825094418,True,False,False,True,True,True
2PGA,n0500_i02,500,medium,5,120.0,115.39994719999959,85538,2232.858826919118,0.4545050790548648,True,False,False,True,True,True
2PGA,n0500_i02,500,medium,5,150.0,149.89626300000236,112297,2232.556428804176,0.44090043347354396,True,False,False,True,True,True
ACO,n0500_i02,500,medium,1,1.0,0.8036566999981005,53,2245.014919480559,1.0013978101280727,True,False,False,False,True,True
ACO,n0500_i02,500,medium,1,5.0,0.8036566999981005,53,2245.014919480559,1.0013978101280727,True,False,False,False,True,True
ACO,n0500_i02,500,medium,1,15.0,0.8036566999981005,53,2245.014919480559,1.0013978101280727,True,False,False,False,True,True
ACO,n0500_i02,500,medium,1,30.0,29.504806900000403,1676,2244.738223625905,0.9889494883615569,True,False,False,True,True,True
ACO,n0500_i02,500,medium,1,60.0,43.34892519999994,2452,2244.25753784619,0.9673238255486435,True,False,False,True,True,True
ACO,n0500_i02,500,medium,1,120.0,43.34892519999994,2452,2244.25753784619,0.9673238255486435,True,False,False,True,True,True
ACO,n0500_i02,500,medium,1,150.0,43.34892519999994,2452,2244.25753784619,0.9673238255486435,True,False,False,True,True,True
ACO,n0500_i02,500,medium,2,1.0,0.22810129999925266,15,2246.6237731880506,1.0737788317055386,True,False,False,False,True,True
ACO,n0500_i02,500,medium,2,5.0,4.836129899998923,291,2245.527842566657,1.0244738031717935,True,False,False,False,True,True
ACO,n0500_i02,500,medium,2,15.0,10.328835199998139,602,2245.482053474757,1.0224137891174372,True,False,False,False,True,True
ACO,n0500_i02,500,medium,2,30.0,26.20183420000103,1482,2244.8341552080396,0.9932653723254724,True,False,False,True,True,True
ACO,n0500_i02,500,medium,2,60.0,32.652567699999054,1844,2244.137247861279,0.9619120768278759,True,False,False,True,True,True
ACO,n0500_i02,500,medium,2,120.0,32.652567699999054,1844,2244.137247861279,0.9619120768278759,True,False,False,True,True,True
ACO,n0500_i02,500,medium,2,150.0,32.652567699999054,1844,2244.137247861279,0.9619120768278759,True,False,False,True,True,True
ACO,n0500_i02,500,medium,3,1.0,0.7451473000000988,50,2245.8180653029613,1.0375306883571234,True,False,False,False,True,True
ACO,n0500_i02,500,medium,3,5.0,4.0597430000016175,246,2245.2186143360304,1.0105618762333028,True,False,False,False,True,True
ACO,n0500_i02,500,medium,3,15.0,5.075478900002054,302,2244.766445318362,0.9902191593833357,True,False,False,True,True,True
ACO,n0500_i02,500,medium,3,30.0,21.607612900003005,1216,2244.3708038353634,0.9724195704060935,True,False,False,True,True,True
ACO,n0500_i02,500,medium,3,60.0,21.607612900003005,1216,2244.3708038353634,0.9724195704060935,True,False,False,True,True,True
ACO,n0500_i02,500,medium,3,120.0,21.607612900003005,1216,2244.3708038353634,0.9724195704060935,True,False,False,True,True,True
ACO,n0500_i02,500,medium,3,150.0,21.607612900003005,1216,2244.3708038353634,0.9724195704060935,True,False,False,True,True,True
ACO,n0500_i02,500,medium,4,1.0,0.8206577999990259,55,2246.130867179227,1.051603390710387,True,False,False,False,True,True
ACO,n0500_i02,500,medium,4,5.0,4.096963799998775,250,2244.91282048157,0.9968044590891088,True,False,False,True,True,True
ACO,n0500_i02,500,medium,4,15.0,14.794191000000865,848,2244.7998148979627,0.9917204296665594,True,False,False,True,True,True
ACO,n0500_i02,500,medium,4,30.0,23.183699600002,1310,2243.245396302509,0.92178839956709,True,False,False,True,True,True
ACO,n0500_i02,500,medium,4,60.0,23.183699600002,1310,2243.245396302509,0.92178839956709,True,False,False,True,True,True
ACO,n0500_i02,500,medium,4,120.0,23.183699600002,1310,2243.245396302509,0.92178839956709,True,False,False,True,True,True
ACO,n0500_i02,500,medium,4,150.0,23.183699600002,1310,2243.245396302509,0.92178839956709,True,False,False,True,True,True
ACO,n0500_i02,500,medium,5,1.0,0.693934499999159,46,2246.3873237284465,1.0631411625639082,True,False,False,False,True,True
ACO,n0500_i02,500,medium,5,5.0,3.2807874999998603,202,2244.8994576508635,0.9962032761890025,True,False,False,True,True,True
ACO,n0500_i02,500,medium,5,15.0,14.108006800001021,808,2243.9204579118787,0.9521588730827204,True,False,False,True,True,True
ACO,n0500_i02,500,medium,5,30.0,14.108006800001021,808,2243.9204579118787,0.9521588730827204,True,False,False,True,True,True
ACO,n0500_i02,500,medium,5,60.0,37.36882719999994,2088,2243.915023528402,0.9519143845839461,True,False,False,True,True,True
ACO,n0500_i02,500,medium,5,120.0,37.36882719999994,2088,2243.915023528402,0.9519143845839461,True,False,False,True,True,True
ACO,n0500_i02,500,medium,5,150.0,37.36882719999994,2088,2243.915023528402,0.9519143845839461,True,False,False,True,True,True
BRKGA-R-LS,n0500_i02,500,medium,1,1.0,0.9400693000061437,1309,2242.4665667698537,0.8867494914638832,True,False,False,True,True,True
BRKGA-R-LS,n0500_i02,500,medium,1,5.0,4.930106300045736,6995,2242.34110352957,0.8811050021856629,True,False,False,True,True,True
BRKGA-R-LS,n0500_i02,500,medium,1,15.0,14.810652400017716,18486,2242.2176042472793,0.8755488697824164,True,False,False,True,True,True
BRKGA-R-LS,n0500_i02,500,medium,1,30.0,29.845441399957053,39785,2241.9922113229586,0.865408625182988,True,False,False,True,True,True
BRKGA-R-LS,n0500_i02,500,medium,1,60.0,59.484784799977206,81789,2241.5891052502693,0.8472732103783548,True,False,False,True,True,True
BRKGA-R-LS,n0500_i02,500,medium,1,120.0,119.73104889993556,167034,2240.5976873990658,0.8026701264894331,True,False,False,True,True,True
BRKGA-R-LS,n0500_i02,500,medium,1,150.0,149.25095819996204,208807,2240.158882954203,0.7829286709151869,True,False,False,True,True,True
BRKGA-R-LS,n0500_i02,500,medium,2,1.0,0.9986061999807134,1421,2242.4586485550176,0.886393257409639,True,False,False,True,True,True
BRKGA-R-LS,n0500_i02,500,medium,2,5.0,4.920214500045404,6995,2242.34110352957,0.8811050021856629,True,False,False,True,True,True
BRKGA-R-LS,n0500_i02,500,medium,2,15.0,14.677096400060691,18486,2242.2176042472793,0.8755488697824164,True,False,False,True,True,True
BRKGA-R-LS,n0500_i02,500,medium,2,30.0,29.885052500059828,40251,2241.9906006361875,0.8653361616933688,True,False,False,True,True,True
BRKGA-R-LS,n0500_i02,500,medium,2,60.0,59.57946689997334,82678,2241.5383497494167,0.8449897616189812,True,False,False,True,True,True
BRKGA-R-LS,n0500_i02,500,medium,2,120.0,119.43090200005099,168220,2240.5960151407216,0.8025948929447517,True,False,False,True,True,True
BRKGA-R-LS,n0500_i02,500,medium,2,150.0,149.55413599999156,211233,2240.1462842857454,0.782361867054014,True,False,False,True,True,True
BRKGA-R-LS,n0500_i02,500,medium,3,1.0,0.930511400103569,1309,2242.4665667698537,0.8867494914638832,True,False,False,True,True,True
BRKGA-R-LS,n0500_i02,500,medium,3,5.0,4.889050300000235,6995,2242.34110352957,0.8811050021856629,True,False,False,True,True,True
BRKGA-R-LS,n0500_i02,500,medium,3,15.0,14.67298190004658,18486,2242.2176042472793,0.8755488697824164,True,False,False,True,True,True
BRKGA-R-LS,n0500_i02,500,medium,3,30.0,29.881534000043757,40251,2241.9906006361875,0.8653361616933688,True,False,False,True,True,True
BRKGA-R-LS,n0500_i02,500,medium,3,60.0,59.47331780008972,82678,2241.5383497494167,0.8449897616189812,True,False,False,True,True,True
BRKGA-R-LS,n0500_i02,500,medium,3,120.0,119.28879990009591,168220,2240.5960151407216,0.8025948929447517,True,False,False,True,True,True
BRKGA-R-LS,n0500_i02,500,medium,3,150.0,149.36546170001384,211233,2240.1462842857454,0.782361867054014,True,False,False,True,True,True
BRKGA-R-LS,n0500_i02,500,medium,4,1.0,0.9288356000324711,1309,2242.4665667698537,0.8867494914638832,True,False,False,True,True,True
BRKGA-R-LS,n0500_i02,500,medium,4,5.0,4.921925000031479,6995,2242.34110352957,0.8811050021856629,True,False,False,True,True,True
BRKGA-R-LS,n0500_i02,500,medium,4,15.0,14.985199399990961,18486,2242.2176042472793,0.8755488697824164,True,False,False,True,True,True
BRKGA-R-LS,n0500_i02,500,medium,4,30.0,29.953832400031388,39785,2241.9922113229586,0.865408625182988,True,False,False,True,True,True
BRKGA-R-LS,n0500_i02,500,medium,4,60.0,59.40978460002225,81789,2241.5891052502693,0.8472732103783548,True,False,False,True,True,True
BRKGA-R-LS,n0500_i02,500,medium,4,120.0,119.27673939999659,167034,2240.5976873990658,0.8026701264894331,True,False,False,True,True,True
BRKGA-R-LS,n0500_i02,500,medium,4,150.0,149.54811129998416,210035,2240.152657504526,0.7826485929905735,True,False,False,True,True,True
BRKGA-R-LS,n0500_i02,500,medium,5,1.0,0.9300656999694183,1309,2242.4665667698537,0.8867494914638832,True,False,False,True,True,True
BRKGA-R-LS,n0500_i02,500,medium,5,5.0,4.896798599977046,6995,2242.34110352957,0.8811050021856629,True,False,False,True,True,True
BRKGA-R-LS,n0500_i02,500,medium,5,15.0,14.733423299971037,18486,2242.2176042472793,0.8755488697824164,True,False,False,True,True,True
BRKGA-R-LS,n0500_i02,500,medium,5,30.0,29.974581100046635,40251,2241.9906006361875,0.8653361616933688,True,False,False,True,True,True
BRKGA-R-LS,n0500_i02,500,medium,5,60.0,59.76401629997417,82678,2241.5383497494167,0.8449897616189812,True,False,False,True,True,True
BRKGA-R-LS,n0500_i02,500,medium,5,120.0,119.83166030002758,168220,2240.5960151407216,0.8025948929447517,True,False,False,True,True,True
BRKGA-R-LS,n0500_i02,500,medium,5,150.0,149.9507569000125,211233,2240.1462842857454,0.782361867054014,True,False,False,True,True,True
GA,n0500_i02,500,medium,1,1.0,0.9782933999085799,1333,2241.4161588677307,0.8394924930962414,True,False,False,True,True,True
GA,n0500_i02,500,medium,1,5.0,4.9291158999549225,6726,2235.3688018086063,0.5674268107132366,True,False,False,True,True,True
GA,n0500_i02,500,medium,1,15.0,14.373065199935809,17665,2232.587969646794,0.4423194303652344,True,False,False,True,True,True
GA,n0500_i02,500,medium,1,30.0,29.243276799912564,37939,2230.808387291528,0.36225746559143396,True,False,False,True,True,True
GA,n0500_i02,500,medium,1,60.0,59.96829309989698,79906,2229.3485763645785,0.29658175765693223,True,False,False,True,True,True
GA,n0500_i02,500,medium,1,120.0,119.79497599997558,161664,2227.563658627936,0.21627975840844163,True,False,False,True,True,True
GA,n0500_i02,500,medium,1,150.0,148.87292119988706,201289,2226.8512035890653,0.184226984870765,True,False,False,True,True,True
GA,n0500_i02,500,medium,2,1.0,0.9951001000590622,1351,2241.275364632824,0.8331582748218914,True,False,False,True,True,True
GA,n0500_i02,500,medium,2,5.0,4.978536900016479,6855,2236.3939935434005,0.613549354193507,True,False,False,True,True,True
GA,n0500_i02,500,medium,2,15.0,14.829655600013211,18083,2233.636318895507,0.48948381158800747,True,False,False,True,True,True
GA,n0500_i02,500,medium,2,30.0,29.68610379996244,38357,2231.478749042272,0.39241649628474734,True,False,False,True,True,True
GA,n0500_i02,500,medium,2,60.0,59.801409899955615,79460,2230.045053495372,0.32791569808758436,True,False,False,True,True,True
GA,n0500_i02,500,medium,2,120.0,119.41816450003535,160714,2227.98157581425,0.2350815131853499,True,False,False,True,True,True
GA,n0500_i02,500,medium,2,150.0,149.88082740001846,202045,2227.123341329012,0.1964702407587296,True,False,False,True,True,True
GA,n0500_i02,500,medium,3,1.0,0.9758531000697985,1330,2241.3271149930515,0.8354864814965015,True,False,False,True,True,True
GA,n0500_i02,500,medium,3,5.0,4.973253700067289,6838,2237.2085042843114,0.6501935308755934,True,False,False,True,True,True
GA,n0500_i02,500,medium,3,15.0,14.842181600048207,18297,2234.2487474240424,0.5170364736679525,True,False,False,True,True,True
GA,n0500_i02,500,medium,3,30.0,29.964940400095657,39054,2232.855139545354,0.45433918710413296,True,False,False,True,True,True
GA,n0500_i02,500,medium,3,60.0,59.97958120005205,80272,2231.406098929397,0.3891480267134589,True,False,False,True,True,True
GA,n0500_i02,500,medium,3,120.0,119.59644260001369,162156,2229.503667302735,0.30355917299860447,True,False,False,True,True,True
GA,n0500_i02,500,medium,3,150.0,149.34885730000678,202917,2228.7721289039896,0.2706478545998185,True,False,False,True,True,True
GA,n0500_i02,500,medium,4,1.0,0.9879723999183625,1335,2241.0076280754106,0.8211130245614144,True,False,False,True,True,True
GA,n0500_i02,500,medium,4,5.0,4.996713600005023,6884,2236.808638769972,0.6322039061591092,True,False,False,True,True,True
GA,n0500_i02,500,medium,4,15.0,14.863633899949491,18059,2234.017943652068,0.5066527994273082,True,False,False,True,True,True
GA,n0500_i02,500,medium,4,30.0,29.267635899945162,37767,2231.652136780423,0.4002170697973979,True,False,False,True,True,True
GA,n0500_i02,500,medium,4,60.0,59.450347999925725,79047,2229.333745756406,0.2959145406407846,True,False,False,True,True,True
GA,n0500_i02,500,medium,4,120.0,119.70315770001616,161317,2227.361646935178,0.20719141642661787,True,False,False,True,True,True
GA,n0500_i02,500,medium,4,150.0,148.87046329991426,201086,2226.8428927448304,0.1838530867387607,True,False,False,True,True,True
GA,n0500_i02,500,medium,5,1.0,0.9817156998906285,1340,2240.384543833032,0.7930809705703054,True,False,False,True,True,True
GA,n0500_i02,500,medium,5,5.0,4.971790899988264,6839,2236.9589897346586,0.6389680739442318,True,False,False,True,True,True
GA,n0500_i02,500,medium,5,15.0,14.879948399960995,18497,2233.721498059753,0.4933159530042948,True,False,False,True,True,True
GA,n0500_i02,500,medium,5,30.0,29.669973999960348,38646,2231.9209661756136,0.412311485941848,True,False,False,True,True,True
GA,n0500_i02,500,medium,5,60.0,59.921927199931815,80021,2229.4048835719236,0.29911497318226726,True,False,False,True,True,True
GA,n0500_i02,500,medium,5,120.0,118.94120089989156,160859,2227.6125087454247,0.21847748551783863,True,False,False,True,True,True
GA,n0500_i02,500,medium,5,150.0,148.42246839997824,201221,2227.2185667314984,0.20075435427383653,True,False,False,True,True,True
HPSO,n0500_i02,500,medium,1,1.0,0.993760299985297,1171,2238.572080336113,0.7115397099398377,True,False,False,True,True,True
HPSO,n0500_i02,500,medium,1,5.0,4.803639000048861,5755,2233.4501102419226,0.48110643550325866,True,False,False,True,True,True
HPSO,n0500_i02,500,medium,1,15.0,14.988594399997965,15923,2230.388631873826,0.34337301027739,True,False,False,True,True,True
HPSO,n0500_i02,500,medium,1,30.0,29.76573440001812,33935,2228.2509698239523,0.2472013308781045,True,False,False,True,True,True
HPSO,n0500_i02,500,medium,1,60.0,59.830786900012754,70683,2226.0327368391227,0.14740483055543893,True,False,False,True,True,True
HPSO,n0500_i02,500,medium,1,120.0,119.37409270007629,143391,2224.3731184642406,0.07273994782350497,True,False,True,True,True,True
HPSO,n0500_i02,500,medium,1,150.0,149.64958069997374,180433,2223.8469051115767,0.0490660364814327,True,False,True,True,True,True
HPSO,n0500_i02,500,medium,2,1.0,0.9807447000639513,1149,2238.5551274450504,0.7107770131402019,True,False,False,True,True,True
HPSO,n0500_i02,500,medium,2,5.0,4.759212400065735,5729,2233.853625223259,0.4992602467757988,True,False,False,True,True,True
HPSO,n0500_i02,500,medium,2,15.0,14.553352800081484,15812,2230.795433741128,0.3616746958798961,True,False,False,True,True,True
HPSO,n0500_i02,500,medium,2,30.0,29.90648400003556,34576,2229.2219166856794,0.2908834415771634,True,False,False,True,True,True
HPSO,n0500_i02,500,medium,2,60.0,59.63442640006542,70757,2226.869833697972,0.18506513833896254,True,False,False,True,True,True
HPSO,n0500_i02,500,medium,2,120.0,118.38129210006446,142412,2225.180730961627,0.10907377813222402,True,False,False,True,True,True
HPSO,n0500_i02,500,medium,2,150.0,146.64450779999606,176613,2224.7336543945516,0.08896016649831584,True,False,True,True,True,True
HPSO,n0500_i02,500,medium,3,1.0,0.9929485999746248,1146,2237.389288735967,0.6583268765211464,True,False,False,True,True,True
HPSO,n0500_i02,500,medium,3,5.0,4.780130699975416,5734,2233.341975263999,0.47624153067447633,True,False,False,True,True,True
HPSO,n0500_i02,500,medium,3,15.0,14.990365599980578,16008,2229.830523486497,0.3182641672311159,True,False,False,True,True,True
HPSO,n0500_i02,500,medium,3,30.0,29.771138999960385,33903,2227.328920912632,0.20571909925257195,True,False,False,True,True,True
HPSO,n0500_i02,500,medium,3,60.0,59.856664999970235,70437,2225.5153618832132,0.12412855150474328,True,False,False,True,True,True
HPSO,n0500_i02,500,medium,3,120.0,119.75414590002038,143143,2223.7381865791076,0.04417487800762447,True,False,True,True,True,True
HPSO,n0500_i02,500,medium,3,150.0,149.5786329000257,179528,2222.8760919208885,0.005389939533842607,True,False,True,True,True,True
HPSO,n0500_i02,500,medium,4,1.0,0.9650234000291675,1120,2237.872129786997,0.6800495032400007,True,False,False,True,True,True
HPSO,n0500_i02,500,medium,4,5.0,4.847763700061478,5799,2232.581832729607,0.4420433354454317,True,False,False,True,True,True
HPSO,n0500_i02,500,medium,4,15.0,14.769975799950771,15951,2229.295052107576,0.2941737448071698,True,False,False,True,True,True
HPSO,n0500_i02,500,medium,4,30.0,29.964291500044055,34508,2226.1471452858555,0.1525519736505822,True,False,False,True,True,True
HPSO,n0500_i02,500,medium,4,60.0,58.80303690000437,69705,2224.522323189797,0.07945254724113823,True,False,True,True,True,True
HPSO,n0500_i02,500,medium,4,120.0,118.59315810003318,142542,2223.031485374492,0.01238096479978822,True,False,True,True,True,True
HPSO,n0500_i02,500,medium,4,150.0,146.94907590001822,176934,2222.7562867010506,0.0,True,True,True,True,True,True
HPSO,n0500_i02,500,medium,5,1.0,0.9786643000552431,1123,2236.43438673677,0.6153666111555673,True,False,False,True,True,True
HPSO,n0500_i02,500,medium,5,5.0,4.774203600012697,5713,2232.033960032965,0.4173949878096568,True,False,False,True,True,True
HPSO,n0500_i02,500,medium,5,15.0,14.945464299991727,15375,2229.2876622098634,0.29384127931121135,True,False,False,True,True,True
HPSO,n0500_i02,500,medium,5,30.0,29.630912699969485,33415,2226.80189772206,0.1820087539607733,True,False,False,True,True,True
HPSO,n0500_i02,500,medium,5,60.0,59.708993099979125,70095,2224.9511223779514,0.09874387444240576,True,False,True,True,True,True
HPSO,n0500_i02,500,medium,5,120.0,119.27525409997907,142632,2223.76072019074,0.045188646892999736,True,False,True,True,True,True
HPSO,n0500_i02,500,medium,5,150.0,149.39595130004454,179216,2223.4326200312994,0.030427687205086026,True,False,True,True,True,True
TS,n0500_i02,500,medium,1,1.0,0.9602026999928057,1367,2239.8487746215897,0.76897714890314,True,False,False,True,True,True
TS,n0500_i02,500,medium,1,5.0,4.974049800075591,7059,2234.489401299812,0.5278632960780125,True,False,False,True,True,True
TS,n0500_i02,500,medium,1,15.0,14.836940800072625,18272,2231.5210424148036,0.39431924076396785,True,False,False,True,True,True
TS,n0500_i02,500,medium,1,30.0,29.138557100086473,38559,2228.964188322619,0.2792884518519139,True,False,False,True,True,True
TS,n0500_i02,500,medium,1,60.0,59.30937450006604,81126,2226.6740492387044,0.17625695453406506,True,False,False,True,True,True
TS,n0500_i02,500,medium,1,120.0,119.27544830006082,165289,2224.8410302458233,0.09379091883558584,True,False,True,True,True,True
TS,n0500_i02,500,medium,1,150.0,147.9555396999931,205399,2224.2826594304097,0.06867026936293044,True,False,True,True,True,True
TS,n0500_i02,500,medium,2,1.0,0.9813402000581846,1398,2239.8971428062837,0.7711531942475359,True,False,False,True,True,True
TS,n0500_i02,500,medium,2,5.0,4.906147700035945,6927,2234.9725215584203,0.5495984841190441,True,False,False,True,True,True
TS,n0500_i02,500,medium,2,15.0,14.905710000079125,18526,2231.865036441815,0.40979525264478106,True,False,False,True,True,True
TS,n0500_i02,500,medium,2,30.0,29.857121400069445,39519,2229.2661827143565,0.29287493425416106,True,False,False,True,True,True
TS,n0500_i02,500,medium,2,60.0,59.829464700073004,81578,2227.257198814882,0.20249238032800887,True,False,False,True,True,True
TS,n0500_i02,500,medium,2,120.0,84.23902790003922,115781,2226.2482298559976,0.1570996863596596,True,False,False,True,True,True
TS,n0500_i02,500,medium,2,150.0,84.23902790003922,115781,2226.2482298559976,0.1570996863596596,True,False,False,True,True,True
TS,n0500_i02,500,medium,3,1.0,0.9695362999336794,1358,2239.8142790948473,0.7674252231725159,True,False,False,True,True,True
TS,n0500_i02,500,medium,3,5.0,4.995373599929735,7056,2234.809232693957,0.5422522507312224,True,False,False,True,True,True
TS,n0500_i02,500,medium,3,15.0,14.062514299992472,17309,2231.755684224398,0.40487558519985284,True,False,False,True,True,True
TS,n0500_i02,500,medium,3,30.0,29.047711299965158,38499,2229.1809383053137,0.2890398575274471,True,False,False,True,True,True
TS,n0500_i02,500,medium,3,60.0,59.708304699976,81642,2226.9075254709733,0.18676086059276442,True,False,False,True,True,True
TS,n0500_i02,500,medium,3,120.0,80.4411376999924,110838,2226.3656699534617,0.16238322095887872,True,False,False,True,True,True
TS,n0500_i02,500,medium,3,150.0,80.4411376999924,110838,2226.3656699534617,0.16238322095887872,True,False,False,True,True,True
TS,n0500_i02,500,medium,4,1.0,0.9785198000026867,1385,2239.4522177284844,0.7511363763687,True,False,False,True,True,True
TS,n0500_i02,500,medium,4,5.0,4.938005400006659,6964,2233.796513992436,0.4966908588872249,True,False,False,True,True,True
TS,n0500_i02,500,medium,4,15.0,14.953961199964397,18398,2230.9039018097824,0.36655458619011355,True,False,False,True,True,True
TS,n0500_i02,500,medium,4,30.0,29.790782700059935,39157,2228.1891928194627,0.24442203362184522,True,False,False,True,True,True
TS,n0500_i02,500,medium,4,60.0,59.89761500002351,81267,2226.2912954709036,0.15903717339607884,True,False,False,True,True,True
TS,n0500_i02,500,medium,4,120.0,118.02108249999583,162446,2224.226488650694,0.06614319160583973,True,False,True,True,True,True
TS,n0500_i02,500,medium,4,150.0,148.92132660001516,205580,2223.5396450587955,0.03524265626563634,True,False,True,True,True,True
TS,n0500_i02,500,medium,5,1.0,0.9811608999734744,1390,2240.2554106138878,0.7872713719239474,True,False,False,True,True,True
TS,n0500_i02,500,medium,5,5.0,4.988760699983686,7075,2235.0110553850864,0.5513320896832967,True,False,False,True,True,True
TS,n0500_i02,500,medium,5,15.0,14.775795700028539,18227,2231.164856866462,0.3782947422405437,True,False,False,True,True,True
TS,n0500_i02,500,medium,5,30.0,28.56253320001997,37681,2228.4362448296015,0.2555367029005643,True,False,False,True,True,True
TS,n0500_i02,500,medium,5,60.0,57.29272879997734,78047,2226.2475225884355,0.1570678669664876,True,False,False,True,True,True
TS,n0500_i02,500,medium,5,120.0,115.89250139996875,159898,2224.1760567674323,0.06387430213903013,True,False,True,True,True,True
TS,n0500_i02,500,medium,5,150.0,148.69840390002355,205727,2223.719655871031,0.04334119650203883,True,False,True,True,True,True
2PGA,n0500_i03,500,high,1,1.0,0.009381999989273027,1,4486.544855270945,1.9896263526330042,True,False,False,False,True,True
2PGA,n0500_i03,500,high,1,5.0,4.536906099994667,4510,4479.556828858227,1.8307722174875358,True,False,False,False,True,True
2PGA,n0500_i03,500,high,1,15.0,14.134353299989016,10953,4472.791390217388,1.6769780214303547,True,False,False,False,True,True
2PGA,n0500_i03,500,high,1,30.0,28.635252199994284,25506,4460.386977093055,1.3949967863184223,True,False,False,False,True,True
2PGA,n0500_i03,500,high,1,60.0,58.79917969999951,55967,4448.504633769959,1.1248834151587532,True,False,False,False,True,True
2PGA,n0500_i03,500,high,1,120.0,119.77872129999741,117638,4438.81340067285,0.9045790886993378,True,False,False,True,True,True
2PGA,n0500_i03,500,high,1,150.0,140.38991630000237,138667,4437.09541782106,0.865525332460088,True,False,False,True,True,True
2PGA,n0500_i03,500,high,2,1.0,0.8505866999912541,842,4486.17472419861,1.9812124102816762,True,False,False,False,True,True
2PGA,n0500_i03,500,high,2,5.0,4.749742599989986,4832,4484.023361920403,1.9323069291193133,True,False,False,False,True,True
2PGA,n0500_i03,500,high,2,15.0,13.968676999997115,10421,4474.835021233898,1.7234345198049756,True,False,False,False,True,True
2PGA,n0500_i03,500,high,2,30.0,28.95133650000207,25414,4458.42764728622,1.3504566510145497,True,False,False,False,True,True
2PGA,n0500_i03,500,high,2,60.0,58.66201400000136,55618,4448.227883632524,1.1185922392047585,True,False,False,False,True,True
2PGA,n0500_i03,500,high,2,120.0,119.94357629999286,117263,4438.324787819538,0.8934717791888119,True,False,False,True,True,True
2PGA,n0500_i03,500,high,2,150.0,147.6989998999925,145363,4436.045788754298,0.8416648162318374,True,False,False,True,True,True
2PGA,n0500_i03,500,high,3,1.0,0.009721299997181632,1,4486.544855270945,1.9896263526330042,True,False,False,False,True,True
2PGA,n0500_i03,500,high,3,5.0,4.3848199999920325,4496,4479.801604154176,1.8363365307351438,True,False,False,False,True,True
2PGA,n0500_i03,500,high,3,15.0,13.82478959999571,10470,4468.264564048038,1.574072706880135,True,False,False,False,True,True
2PGA,n0500_i03,500,high,3,30.0,28.47435599999153,25392,4456.856410908661,1.3147387843201686,True,False,False,False,True,True
2PGA,n0500_i03,500,high,3,60.0,58.35886579999351,55493,4448.375664879622,1.1219516515498058,True,False,False,False,True,True
2PGA,n0500_i03,500,high,3,120.0,118.49354309999035,114916,4438.338418163549,0.8937816286916284,True,False,False,True,True,True
2PGA,n0500_i03,500,high,3,150.0,144.24732889998995,141230,4437.691549965812,0.8790768061801246,True,False,False,True,True,True
2PGA,n0500_i03,500,high,4,1.0,0.7655283000058262,778,4486.145781832256,1.9805544828061987,True,False,False,False,True,True
2PGA,n0500_i03,500,high,4,5.0,4.656602100003511,4736,4480.846036130192,1.8600789049720807,True,False,False,False,True,True
2PGA,n0500_i03,500,high,4,15.0,13.917695600001025,10799,4471.885674310659,1.6563889869085258,True,False,False,False,True,True
2PGA,n0500_i03,500,high,4,30.0,28.367896299998392,25546,4461.7243890722575,1.4253992792029284,True,False,False,False,True,True
2PGA,n0500_i03,500,high,4,60.0,59.979959999996936,57814,4449.510054179631,1.1477389655249373,True,False,False,False,True,True
2PGA,n0500_i03,500,high,4,120.0,118.70205170000554,117703,4440.077222828992,0.9333087133078298,True,False,False,True,True,True
2PGA,n0500_i03,500,high,4,150.0,148.80112809999264,148386,4438.236739520362,0.8914702360362001,True,False,False,True,True,True
2PGA,n0500_i03,500,high,5,1.0,0.9342535999894608,934,4486.078778216454,1.9790313343789938,True,False,False,False,True,True
2PGA,n0500_i03,500,high,5,5.0,4.102720199996838,4205,4480.78275877837,1.8586404632140956,True,False,False,False,True,True
2PGA,n0500_i03,500,high,5,15.0,13.933614599998691,11017,4471.939616412122,1.657615216657773,True,False,False,False,True,True
2PGA,n0500_i03,500,high,5,30.0,29.794545500000822,27230,4458.948309291979,1.3622925124928917,True,False,False,False,True,True
2PGA,n0500_i03,500,high,5,60.0,57.5858969999972,55482,4449.067956086903,1.1376890449862926,True,False,False,False,True,True
2PGA,n0500_i03,500,high,5,120.0,118.2743657999963,117143,4440.04662486435,0.9326131502227294,True,False,False,True,True,True
2PGA,n0500_i03,500,high,5,150.0,148.39070360000187,147947,4437.052387835722,0.8645471605553753,True,False,False,True,True,True
ACO,n0500_i03,500,high,1,1.0,0.8623499000023003,58,4487.520113138193,2.0117962380764127,True,False,False,False,True,True
ACO,n0500_i03,500,high,1,5.0,0.8623499000023003,58,4487.520113138193,2.0117962380764127,True,False,False,False,True,True
ACO,n0500_i03,500,high,1,15.0,7.803908500001853,463,4487.137814236524,2.0031056925911868,True,False,False,False,True,True
ACO,n0500_i03,500,high,1,30.0,27.686573499999213,1571,4486.245741122781,1.9828267905663892,True,False,False,False,True,True
ACO,n0500_i03,500,high,1,60.0,56.94034599999941,3204,4484.399728646473,1.9408626224204404,True,False,False,False,True,True
ACO,n0500_i03,500,high,1,120.0,97.33177799999976,5450,4479.986419449664,1.8405378133566552,True,False,False,False,True,True
ACO,n0500_i03,500,high,1,150.0,97.33177799999976,5450,4479.986419449664,1.8405378133566552,True,False,False,False,True,True
ACO,n0500_i03,500,high,2,1.0,0.1642772999985027,11,4486.754800024282,1.994398886428675,True,False,False,False,True,True
ACO,n0500_i03,500,high,2,5.0,0.1642772999985027,11,4486.754800024282,1.994398886428675,True,False,False,False,True,True
ACO,n0500_i03,500,high,2,15.0,0.1642772999985027,11,4486.754800024282,1.994398886428675,True,False,False,False,True,True
ACO,n0500_i03,500,high,2,30.0,15.574542999998812,892,4482.657263978745,1.901252337417833,True,False,False,False,True,True
ACO,n0500_i03,500,high,2,60.0,15.574542999998812,892,4482.657263978745,1.901252337417833,True,False,False,False,True,True
ACO,n0500_i03,500,high,2,120.0,62.13135159999729,3456,4480.937925330096,1.8621677607544977,True,False,False,False,True,True
ACO,n0500_i03,500,high,2,150.0,142.10566109999854,7847,4478.057931841253,1.7966987931412517,True,False,False,False,True,True
ACO,n0500_i03,500,high,3,1.0,0.04632130000027246,3,4490.747356696118,2.0851590094827985,True,False,False,False,True,True
ACO,n0500_i03,500,high,3,5.0,2.853106400001707,178,4487.558429662969,2.0126672620316124,True,False,False,False,True,True
ACO,n0500_i03,500,high,3,15.0,2.853106400001707,178,4487.558429662969,2.0126672620316124,True,False,False,False,True,True
ACO,n0500_i03,500,high,3,30.0,27.410427700000582,1552,4486.971915073567,1.9993344177710384,True,False,False,False,True,True
ACO,n0500_i03,500,high,3,60.0,51.05643840000266,2868,4481.644619763172,1.8782325730989602,True,False,False,False,True,True
ACO,n0500_i03,500,high,3,120.0,90.59324910000214,5063,4480.286109133626,1.8473504586939995,True,False,False,False,True,True
ACO,n0500_i03,500,high,3,150.0,90.59324910000214,5063,4480.286109133626,1.8473504586939995,True,False,False,False,True,True
ACO,n0500_i03,500,high,4,1.0,0.45685130000128993,31,4491.550496418175,2.103416248138348,True,False,False,False,True,True
ACO,n0500_i03,500,high,4,5.0,2.627604400000564,166,4491.259366284698,2.09679818134284,True,False,False,False,True,True
ACO,n0500_i03,500,high,4,15.0,13.694189099998766,789,4488.268076615872,2.028799192036472,True,False,False,False,True,True
ACO,n0500_i03,500,high,4,30.0,16.073916900000768,919,4484.78593156617,1.9496419153388935,True,False,False,False,True,True
ACO,n0500_i03,500,high,4,60.0,47.62522610000087,2670,4483.944334745201,1.9305104571502216,True,False,False,False,True,True
ACO,n0500_i03,500,high,4,120.0,74.72361889999956,4168,4481.687129669422,1.8791989223932462,True,False,False,False,True,True
ACO,n0500_i03,500,high,4,150.0,139.3469785999987,7759,4480.91961935831,1.8617516233296727,True,False,False,False,True,True
ACO,n0500_i03,500,high,5,1.0,0.7446402000023227,51,4489.9709329548095,2.067509087366377,True,False,False,False,True,True
ACO,n0500_i03,500,high,5,5.0,4.526862300001085,277,4489.73576510322,2.062163173731833,True,False,False,False,True,True
ACO,n0500_i03,500,high,5,15.0,4.526862300001085,277,4489.73576510322,2.062163173731833,True,False,False,False,True,True
ACO,n0500_i03,500,high,5,30.0,27.21886920000179,1545,4484.922077099019,1.952736820766734,True,False,False,False,True,True
ACO,n0500_i03,500,high,5,60.0,58.84958360000019,3300,4482.563414948922,1.8991189301314046,True,False,False,False,True,True
ACO,n0500_i03,500,high,5,120.0,97.28167050000047,5439,4480.899511808421,1.8612945318336114,True,False,False,False,True,True
ACO,n0500_i03,500,high,5,150.0,144.44525200000135,8121,4478.080553613705,1.7972130387788752,True,False,False,False,True,True
BRKGA-R-LS,n0500_i03,500,high,1,1.0,0.967488499940373,1806,4485.832538637899,1.9734337345733082,True,False,False,False,True,True
BRKGA-R-LS,n0500_i03,500,high,1,5.0,4.8703875000355765,9088,4485.005719708383,1.9546382123166797,True,False,False,False,True,True
BRKGA-R-LS,n0500_i03,500,high,1,15.0,14.967778299935162,24494,4484.09887109385,1.9340234287051878,True,False,False,False,True,True
BRKGA-R-LS,n0500_i03,500,high,1,30.0,29.807107100030407,52197,4482.811577448331,1.9047602424119918,True,False,False,False,True,True
BRKGA-R-LS,n0500_i03,500,high,1,60.0,59.957554399967194,108764,4478.3251318738785,1.8027728729438603,True,False,False,False,True,True
BRKGA-R-LS,n0500_i03,500,high,1,120.0,119.78968559997156,221059,4472.384421421959,1.6677266717343395,True,False,False,False,True,True
BRKGA-R-LS,n0500_i03,500,high,1,150.0,149.4558151999954,276617,4469.835153023642,1.609775856618465,True,False,False,False,True,True
BRKGA-R-LS,n0500_i03,500,high,2,1.0,0.9720425999257714,1806,4485.832538637899,1.9734337345733082,True,False,False,False,True,True
BRKGA-R-LS,n0500_i03,500,high,2,5.0,4.992984399897978,9364,4484.930250283846,1.9529226163162217,True,False,False,False,True,True
BRKGA-R-LS,n0500_i03,500,high,2,15.0,14.98798119998537,24973,4484.06798054674,1.9333212145383343,True,False,False,False,True,True
BRKGA-R-LS,n0500_i03,500,high,2,30.0,29.822131900000386,52765,4482.672058150235,1.9015886434330798,True,False,False,False,True,True
BRKGA-R-LS,n0500_i03,500,high,2,60.0,59.63658259995282,108764,4478.3251318738785,1.8027728729438603,True,False,False,False,True,True
BRKGA-R-LS,n0500_i03,500,high,2,120.0,119.74922189989593,221059,4472.384421421959,1.6677266717343395,True,False,False,False,True,True
BRKGA-R-LS,n0500_i03,500,high,2,150.0,149.40723799995612,276617,4469.835153023642,1.609775856618465,True,False,False,False,True,True
BRKGA-R-LS,n0500_i03,500,high,3,1.0,0.9681548000080511,1806,4485.832538637899,1.9734337345733082,True,False,False,False,True,True
BRKGA-R-LS,n0500_i03,500,high,3,5.0,4.99876139999833,9364,4484.930250283846,1.9529226163162217,True,False,False,False,True,True
BRKGA-R-LS,n0500_i03,500,high,3,15.0,14.987345700035803,25412,4483.976751716139,1.9312473704900277,True,False,False,False,True,True
BRKGA-R-LS,n0500_i03,500,high,3,30.0,29.93609049997758,53345,4482.666632071838,1.9014652960184997,True,False,False,False,True,True
BRKGA-R-LS,n0500_i03,500,high,3,60.0,59.84855879994575,109578,4478.2551297718555,1.8011815619329312,True,False,False,False,True,True
BRKGA-R-LS,n0500_i03,500,high,3,120.0,119.88179300003685,222305,4472.31259737212,1.6660939436011055,True,False,False,False,True,True
BRKGA-R-LS,n0500_i03,500,high,3,150.0,149.5224395999685,277941,4469.828715832132,1.6096295242450922,True,False,False,False,True,True
BRKGA-R-LS,n0500_i03,500,high,4,1.0,0.9759679000126198,1806,4485.832538637899,1.9734337345733082,True,False,False,False,True,True
BRKGA-R-LS,n0500_i03,500,high,4,5.0,4.98191410000436,9364,4484.930250283846,1.9529226163162217,True,False,False,False,True,True
BRKGA-R-LS,n0500_i03,500,high,4,15.0,14.857885899953544,24494,4484.09887109385,1.9340234287051878,True,False,False,False,True,True
BRKGA-R-LS,n0500_i03,500,high,4,30.0,29.94325450004544,52765,4482.672058150235,1.9015886434330798,True,False,False,False,True,True
BRKGA-R-LS,n0500_i03,500,high,4,60.0,59.73515209998004,108764,4478.3251318738785,1.8027728729438603,True,False,False,False,True,True
BRKGA-R-LS,n0500_i03,500,high,4,120.0,119.5561184999533,221059,4472.384421421959,1.6677266717343395,True,False,False,False,True,True
BRKGA-R-LS,n0500_i03,500,high,4,150.0,149.7833907000022,277941,4469.828715832132,1.6096295242450922,True,False,False,False,True,True
BRKGA-R-LS,n0500_i03,500,high,5,1.0,0.9671200000448152,1806,4485.832538637899,1.9734337345733082,True,False,False,False,True,True
BRKGA-R-LS,n0500_i03,500,high,5,5.0,4.857086000032723,9088,4485.005719708383,1.9546382123166797,True,False,False,False,True,True
BRKGA-R-LS,n0500_i03,500,high,5,15.0,14.799701299984008,24494,4484.09887109385,1.9340234287051878,True,False,False,False,True,True
BRKGA-R-LS,n0500_i03,500,high,5,30.0,29.878311899956316,52765,4482.672058150235,1.9015886434330798,True,False,False,False,True,True
BRKGA-R-LS,n0500_i03,500,high,5,60.0,59.63413679995574,108764,4478.3251318738785,1.8027728729438603,True,False,False,False,True,True
BRKGA-R-LS,n0500_i03,500,high,5,120.0,119.99438309995458,222305,4472.31259737212,1.6660939436011055,True,False,False,False,True,True
BRKGA-R-LS,n0500_i03,500,high,5,150.0,149.6244933999842,277941,4469.828715832132,1.6096295242450922,True,False,False,False,True,True
GA,n0500_i03,500,high,1,1.0,0.9047025999752805,1607,4473.329338083446,1.689206830820723,True,False,False,False,True,True
GA,n0500_i03,500,high,1,5.0,4.967195899924263,8906,4455.088546854376,1.2745511120344475,True,False,False,False,True,True
GA,n0500_i03,500,high,1,15.0,14.961443699896336,23648,4442.480358883477,0.9879375994948297,True,False,False,True,True,True
GA,n0500_i03,500,high,1,30.0,29.736876699957065,50032,4434.455831386225,0.8055213777692006,True,False,False,True,True,True
GA,n0500_i03,500,high,1,60.0,58.837106599938124,102182,4429.918607219468,0.7023796924917056,True,False,False,True,True,True
GA,n0500_i03,500,high,1,120.0,119.82312399998773,210489,4420.503475726957,0.4883517993226471,True,False,False,True,True,True
GA,n0500_i03,500,high,1,150.0,149.00993959989864,262021,4418.451330023322,0.4417017422550169,True,False,False,True,True,True
GA,n0500_i03,500,high,2,1.0,0.9793848999543115,1740,4472.638763764889,1.673508466268407,True,False,False,False,True,True
GA,n0500_i03,500,high,2,5.0,4.999663900001906,8965,4453.149029457563,1.23046135900926,True,False,False,False,True,True
GA,n0500_i03,500,high,2,15.0,14.951019500032999,24130,4440.093123311067,0.9336701683423824,True,False,False,True,True,True
GA,n0500_i03,500,high,2,30.0,29.97084199998062,50790,4433.057380911435,0.7737313375495025,True,False,False,True,True,True
GA,n0500_i03,500,high,2,60.0,59.93722660001367,103972,4425.375416548228,0.5991023746545324,True,False,False,True,True,True
GA,n0500_i03,500,high,2,120.0,119.57090649998281,209470,4419.397848276836,0.46321830926279767,True,False,False,True,True,True
GA,n0500_i03,500,high,2,150.0,149.74098140001297,262908,4416.740272444601,0.4028054136210623,True,False,False,True,True,True
GA,n0500_i03,500,high,3,1.0,0.997218000004068,1770,4474.231088359438,1.7097057173087993,True,False,False,False,True,True
GA,n0500_i03,500,high,3,5.0,4.943144000018947,8891,4455.339479908726,1.2802554054892852,True,False,False,False,True,True
GA,n0500_i03,500,high,3,15.0,14.728439100086689,23206,4445.98648375125,1.0676399933736596,True,False,False,False,True,True
GA,n0500_i03,500,high,3,30.0,29.81360410002526,50228,4436.030615702479,0.8413198973832393,True,False,False,True,True,True
GA,n0500_i03,500,high,3,60.0,59.862647100002505,103836,4425.591050056875,0.604004227123526,True,False,False,True,True,True
GA,n0500_i03,500,high,3,120.0,119.17226920009125,209467,4417.036366148061,0.4095363139364187,True,False,False,True,True,True
GA,n0500_i03,500,high,3,150.0,149.6310765000526,263781,4415.182030792693,0.36738294734202315,True,False,False,True,True,True
GA,n0500_i03,500,high,4,1.0,0.9923038000706583,1767,4473.8104610323935,1.7001438773399873,True,False,False,False,True,True
GA,n0500_i03,500,high,4,5.0,4.99184370005969,8916,4455.638652447988,1.28705629492169,True,False,False,False,True,True
GA,n0500_i03,500,high,4,15.0,14.967670700047165,24094,4441.480869207385,0.9652168685323036,True,False,False,True,True,True
GA,n0500_i03,500,high,4,30.0,29.98513270006515,49714,4433.029180775559,0.7730902827035537,True,False,False,True,True,True
GA,n0500_i03,500,high,4,60.0,59.269053900032304,101023,4423.989557104337,0.5675985579271403,True,False,False,True,True,True
GA,n0500_i03,500,high,4,120.0,119.1844486000482,206860,4416.331155442181,0.39350523017090994,True,False,False,True,True,True
GA,n0500_i03,500,high,4,150.0,146.22178610006813,254480,4415.532521420539,0.37535041659224133,True,False,False,True,True,True
GA,n0500_i03,500,high,5,1.0,0.9770455000689253,1712,4473.473464082591,1.692483150856452,True,False,False,False,True,True
GA,n0500_i03,500,high,5,5.0,4.789097900036722,8550,4455.56075379123,1.2852854768083404,True,False,False,False,True,True
GA,n0500_i03,500,high,5,15.0,14.952477400074713,23564,4443.482965424475,1.0107291840646346,True,False,False,False,True,True
GA,n0500_i03,500,high,5,30.0,29.8813991000643,50137,4436.423927068078,0.8502607818526323,True,False,False,True,True,True
GA,n0500_i03,500,high,5,60.0,59.8285047999816,103320,4428.156628956415,0.6623258179652792,True,False,False,True,True,True
GA,n0500_i03,500,high,5,120.0,118.90784290002193,208029,4419.467712733507,0.464806491273913,True,False,False,True,True,True
GA,n0500_i03,500,high,5,150.0,148.23035710002296,259915,4416.681314317763,0.4014651579185992,True,False,False,True,True,True
HPSO,n0500_i03,500,high,1,1.0,0.8166843999642879,1162,4457.427804941044,1.3277279030613773,True,False,False,False,True,True
HPSO,n0500_i03,500,high,1,5.0,4.940689299954101,7282,4436.881692499849,0.8606668575410578,True,False,False,True,True,True
HPSO,n0500_i03,500,high,1,15.0,14.92949889996089,20461,4423.325637476328,0.5525061166447799,True,False,False,True,True,True
HPSO,n0500_i03,500,high,1,30.0,29.98296189995017,43531,4415.613240592225,0.3771853515868511,True,False,False,True,True,True
HPSO,n0500_i03,500,high,1,60.0,59.400187799939886,88644,4407.644264304572,0.19603193839052463,True,False,False,True,True,True
HPSO,n0500_i03,500,high,1,120.0,119.46714899991639,180416,4403.2845938811715,0.09692646372200196,True,False,True,True,True,True
HPSO,n0500_i03,500,high,1,150.0,149.85917789989617,226610,4402.182345537279,0.0718697886261617,True,False,True,True,True,True
HPSO,n0500_i03,500,high,2,1.0,0.8599962000735104,1199,4461.534926948312,1.4210923633350403,True,False,False,False,True,True
HPSO,n0500_i03,500,high,2,5.0,4.9951531999977306,7248,4437.880700559576,0.8833766402405763,True,False,False,True,True,True
HPSO,n0500_i03,500,high,2,15.0,14.935286200023256,19873,4424.73051497376,0.5844422580757611,True,False,False,True,True,True
HPSO,n0500_i03,500,high,2,30.0,29.9285675000865,42855,4414.175319113149,0.34449804340066403,True,False,False,True,True,True
HPSO,n0500_i03,500,high,2,60.0,59.62601850007195,88224,4407.298338053749,0.1881682280733147,True,False,False,True,True,True
HPSO,n0500_i03,500,high,2,120.0,119.63082000007853,179604,4402.641321603456,0.08230338485762369,True,False,True,True,True,True
HPSO,n0500_i03,500,high,2,150.0,149.87377870001364,225524,4400.4344286570085,0.032135562118924745,True,False,True,True,True,True
HPSO,n0500_i03,500,high,3,1.0,0.8358996999450028,1201,4458.2273113292695,1.3459025475666813,True,False,False,False,True,True
HPSO,n0500_i03,500,high,3,5.0,4.952980399946682,7317,4438.066994946366,0.8876115460563474,True,False,False,True,True,True
HPSO,n0500_i03,500,high,3,15.0,14.775162999983877,20161,4423.744928792249,0.5620375859654265,True,False,False,True,True,True
HPSO,n0500_i03,500,high,3,30.0,29.99033599998802,43492,4415.88048590511,0.38326046071532616,True,False,False,True,True,True
HPSO,n0500_i03,500,high,3,60.0,59.98746930004563,89364,4407.24557210927,0.1869687351148944,True,False,False,True,True,True
HPSO,n0500_i03,500,high,3,120.0,119.54432800004724,180460,4400.2892963386,0.028836366099795983,True,False,True,True,True,True
HPSO,n0500_i03,500,high,3,150.0,148.96902329998557,225221,4399.0207786020765,0.0,True,True,True,True,True,True
HPSO,n0500_i03,500,high,4,1.0,0.8237709000241011,1158,4461.2741305980635,1.4151638541650613,True,False,False,False,True,True
HPSO,n0500_i03,500,high,4,5.0,4.943281800020486,7253,4434.660527319973,0.8101745936563212,True,False,False,True,True,True
HPSO,n0500_i03,500,high,4,15.0,14.775310800061561,19541,4422.530967174994,0.5344414076713766,True,False,False,True,True,True
HPSO,n0500_i03,500,high,4,30.0,29.83414619998075,42563,4414.906698166257,0.36112399471841106,True,False,False,True,True,True
HPSO,n0500_i03,500,high,4,60.0,59.67483929998707,88270,4409.2850122121545,0.23332996425035718,True,False,False,True,True,True
HPSO,n0500_i03,500,high,4,120.0,116.27102500002366,174967,4403.537133870311,0.10266728655165622,True,False,False,True,True,True
HPSO,n0500_i03,500,high,4,150.0,149.82365399994887,226291,4402.781244024833,0.08548414776870349,True,False,True,True,True,True
HPSO,n0500_i03,500,high,5,1.0,0.8356005999958143,1196,4456.511662496019,1.3069018490113207,True,False,False,False,True,True
HPSO,n0500_i03,500,high,5,5.0,4.995758900069632,7433,4436.099525912351,0.842886387139492,True,False,False,True,True,True
HPSO,n0500_i03,500,high,5,15.0,14.872387300012633,20098,4423.647995779307,0.5598340725514089,True,False,False,True,True,True
HPSO,n0500_i03,500,high,5,30.0,29.939161799964495,43311,4415.181571829039,0.3673725140279556,True,False,False,True,True,True
HPSO,n0500_i03,500,high,5,60.0,59.25844180001877,88641,4409.460158970224,0.23731145847111065,True,False,False,True,True,True
HPSO,n0500_i03,500,high,5,120.0,118.17089359997772,179313,4405.464879368224,0.1464894368649684,True,False,False,True,True,True
HPSO,n0500_i03,500,high,5,150.0,149.67811580002308,227364,4403.825485104217,0.1092221824800507,True,False,False,True,True,True
TS,n0500_i03,500,high,1,1.0,0.9774378000292927,1823,4470.74219258316,1.6303949808547085,True,False,False,False,True,True
TS,n0500_i03,500,high,1,5.0,4.957069399999455,9199,4446.814718867201,1.0864677088502532,True,False,False,False,True,True
TS,n0500_i03,500,high,1,15.0,14.961217899923213,23871,4431.033027341934,0.7277130604968509,True,False,False,True,True,True
TS,n0500_i03,500,high,1,30.0,29.847875999985263,51092,4419.588155460726,0.46754443531374457,True,False,False,True,True,True
TS,n0500_i03,500,high,1,60.0,57.79026459995657,102172,4412.584034501906,0.30832443360587325,True,False,False,True,True,True
TS,n0500_i03,500,high,1,120.0,80.08943069993984,143074,4407.626536733562,0.19562894936404662,True,False,False,True,True,True
TS,n0500_i03,500,high,1,150.0,80.08943069993984,143074,4407.626536733562,0.19562894936404662,True,False,False,True,True,True
TS,n0500_i03,500,high,2,1.0,0.9753772999392822,1811,4472.098799233662,1.6612338133762707,True,False,False,False,True,True
TS,n0500_i03,500,high,2,5.0,4.964462299947627,9203,4445.073604406894,1.0468881172107734,True,False,False,False,True,True
TS,n0500_i03,500,high,2,15.0,14.997704299981706,24131,4428.692340851328,0.6745037985176364,True,False,False,True,True,True
TS,n0500_i03,500,high,2,30.0,29.817863499978557,51360,4418.689483370675,0.4471155231698758,True,False,False,True,True,True
TS,n0500_i03,500,high,2,60.0,54.70375089999288,97142,4413.147936520453,0.3211432414026028,True,False,False,True,True,True
TS,n0500_i03,500,high,2,120.0,83.28714629996102,149750,4408.472570318452,0.21486126554235857,True,False,False,True,True,True
TS,n0500_i03,500,high,2,150.0,83.28714629996102,149750,4408.472570318452,0.21486126554235857,True,False,False,True,True,True
TS,n0500_i03,500,high,3,1.0,0.9891384999500588,1833,4472.149436159256,1.662384908770953,True,False,False,False,True,True
TS,n0500_i03,500,high,3,5.0,4.966358799953014,9208,4446.28833729083,1.0745018281949157,True,False,False,False,True,True
TS,n0500_i03,500,high,3,15.0,14.899068999919109,23942,4428.903407048217,0.6793018253402365,True,False,False,True,True,True
TS,n0500_i03,500,high,3,30.0,29.891015599947423,51264,4417.940946002073,0.43009952333094825,True,False,False,True,True,True
TS,n0500_i03,500,high,3,60.0,56.31865329993889,99608,4411.434015150421,0.2821818121143172,True,False,False,True,True,True
TS,n0500_i03,500,high,3,120.0,64.51231050002389,114516,4410.468574112984,0.2602350861035412,True,False,False,True,True,True
TS,n0500_i03,500,high,3,150.0,64.51231050002389,114516,4410.468574112984,0.2602350861035412,True,False,False,True,True,True
TS,n0500_i03,500,high,4,1.0,0.9964400000171736,1852,4472.724383682338,1.675454806641838,True,False,False,False,True,True
TS,n0500_i03,500,high,4,5.0,4.933575000031851,9185,4446.206284122744,1.0726365683515262,True,False,False,False,True,True
TS,n0500_i03,500,high,4,15.0,14.603987999958917,23748,4430.468919902853,0.7148895830123749,True,False,False,True,True,True
TS,n0500_i03,500,high,4,30.0,28.06971850001719,48536,4422.561697650694,0.5351399830418356,True,False,False,True,True,True
TS,n0500_i03,500,high,4,60.0,58.02758909994736,103565,4414.150354161609,0.3439305318385148,True,False,False,True,True,True
TS,n0500_i03,500,high,4,120.0,76.29165599995758,137020,4410.027386043153,0.25020585250733396,True,False,False,True,True,True
TS,n0500_i03,500,high,4,150.0,76.29165599995758,137020,4410.027386043153,0.25020585250733396,True,False,False,True,True,True
TS,n0500_i03,500,high,5,1.0,0.9841566000832245,1809,4472.992077874236,1.6815401198369966,True,False,False,False,True,True
TS,n0500_i03,500,high,5,5.0,4.926761400070973,9158,4447.237979053023,1.0960893998384138,True,False,False,False,True,True
TS,n0500_i03,500,high,5,15.0,14.928204900003038,23969,4431.337436461522,0.7346329896108179,True,False,False,True,True,True
TS,n0500_i03,500,high,5,30.0,29.993987600086257,51536,4420.750898637479,0.493976299023249,True,False,False,True,True,True
TS,n0500_i03,500,high,5,60.0,53.52615010004956,94549,4414.906386739716,0.3611169152669456,True,False,False,True,True,True
TS,n0500_i03,500,high,5,120.0,115.5169251000043,207978,4408.820819338747,0.22277777782593342,True,False,False,True,True,True
TS,n0500_i03,500,high,5,150.0,125.34512960002758,225951,4408.4722290213695,0.21485350706382625,True,False,False,True,True,True
2PGA,n0500_i04,500,medium,1,1.0,0.009778100007679313,1,2088.8329880449487,0.5969100212858447,True,False,False,True,True,True
2PGA,n0500_i04,500,medium,1,5.0,4.91859870000917,3635,2088.476731261944,0.5797529140640185,True,False,False,True,True,True
2PGA,n0500_i04,500,medium,1,15.0,13.346173400001135,7538,2086.937048356027,0.5056027337315828,True,False,False,True,True,True
2PGA,n0500_i04,500,medium,1,30.0,29.76257190000615,19663,2085.1321052649296,0.418677786276303,True,False,False,True,True,True
2PGA,n0500_i04,500,medium,1,60.0,58.05847360000189,40496,2083.2983007265207,0.3303628892966229,True,False,False,True,True,True
2PGA,n0500_i04,500,medium,1,120.0,119.24105240000063,85501,2082.096284275855,0.2724745174527351,True,False,False,True,True,True
2PGA,n0500_i04,500,medium,1,150.0,147.54335980000906,106562,2081.8400315012273,0.26013354167369346,True,False,False,True,True,True
2PGA,n0500_i04,500,medium,2,1.0,0.009603800004697405,1,2088.8329880449487,0.5969100212858447,True,False,False,True,True,True
2PGA,n0500_i04,500,medium,2,5.0,4.76334640001005,3540,2088.7308537615404,0.5919912971097534,True,False,False,True,True,True
2PGA,n0500_i04,500,medium,2,15.0,12.864981700011413,9661,2087.106506401506,0.5137637288187977,True,False,False,True,True,True
2PGA,n0500_i04,500,medium,2,30.0,29.084526000006008,19487,2085.713259413408,0.4466658120866951,True,False,False,True,True,True
2PGA,n0500_i04,500,medium,2,60.0,58.204198500010534,41381,2084.1271075283835,0.37027771434448775,True,False,False,True,True,True
2PGA,n0500_i04,500,medium,2,120.0,119.68724370001291,87199,2082.776949509229,0.30525493581467517,True,False,False,True,True,True
2PGA,n0500_i04,500,medium,2,150.0,141.5605365000083,103579,2082.7306396794265,0.3030246829374036,True,False,False,True,True,True
2PGA,n0500_i04,500,medium,3,1.0,0.010286999997333623,1,2088.8329880449487,0.5969100212858447,True,False,False,True,True,True
2PGA,n0500_i04,500,medium,3,5.0,0.010286999997333623,1,2088.8329880449487,0.5969100212858447,True,False,False,True,True,True
2PGA,n0500_i04,500,medium,3,15.0,14.946798100005253,10081,2086.632612669104,0.4909412985762061,True,False,False,True,True,True
2PGA,n0500_i04,500,medium,3,30.0,28.00176199999987,19507,2085.1506165783653,0.41956927972873725,True,False,False,True,True,True
2PGA,n0500_i04,500,medium,3,60.0,59.44923529999505,42879,2083.549845352115,0.34247712351835086,True,False,False,True,True,True
2PGA,n0500_i04,500,medium,3,120.0,116.93262849999883,85617,2082.604319879581,0.29694119918753165,True,False,False,True,True,True
2PGA,n0500_i04,500,medium,3,150.0,148.38139290000254,106431,2082.1193033764457,0.2735831031578413,True,False,False,True,True,True
2PGA,n0500_i04,500,medium,4,1.0,0.0096956999914255,1,2088.8329880449487,0.5969100212858447,True,False,False,True,True,True
2PGA,n0500_i04,500,medium,4,5.0,0.0096956999914255,1,2088.8329880449487,0.5969100212858447,True,False,False,True,True,True
2PGA,n0500_i04,500,medium,4,15.0,13.093685699990601,9776,2087.525190552257,0.5339272996171675,True,False,False,True,True,True
2PGA,n0500_i04,500,medium,4,30.0,29.652897099993424,19431,2086.0445570599886,0.46262090267271067,True,False,False,True,True,True
2PGA,n0500_i04,500,medium,4,60.0,57.83588469999086,40509,2084.665706733484,0.39621632029486126,True,False,False,True,True,True
2PGA,n0500_i04,500,medium,4,120.0,118.69142419999116,109153,2082.1796549749424,0.2764895989659607,True,False,False,True,True,True
2PGA,n0500_i04,500,medium,4,150.0,149.9138341999933,147556,2081.3174492293188,0.23496630135971214,True,False,False,True,True,True
2PGA,n0500_i04,500,medium,5,1.0,0.8263921999896411,1001,2088.791508916417,0.5949124120061486,True,False,False,True,True,True
2PGA,n0500_i04,500,medium,5,5.0,4.665213000000222,3495,2088.6271722555707,0.5869980596481666,True,False,False,True,True,True
2PGA,n0500_i04,500,medium,5,15.0,14.800477999990107,16255,2085.3376351281404,0.42857597788589497,True,False,False,True,True,True
2PGA,n0500_i04,500,medium,5,30.0,29.422402999989572,34591,2083.7589496972196,0.35254745997413234,True,False,False,True,True,True
2PGA,n0500_i04,500,medium,5,60.0,59.58816410000145,72234,2082.5536953120363,0.2945031511983889,True,False,False,True,True,True
2PGA,n0500_i04,500,medium,5,120.0,117.2665030999924,133305,2081.5704959614036,0.2471528761047541,True,False,False,True,True,True
2PGA,n0500_i04,500,medium,5,150.0,145.438525199992,154208,2081.377470591302,0.23785689318076148,True,False,False,True,True,True
ACO,n0500_i04,500,medium,1,1.0,0.7557808999990812,50,2091.561125566976,0.7282954438638065,True,False,False,True,True,True
ACO,n0500_i04,500,medium,1,5.0,1.2897577000003366,85,2091.415021078364,0.7212591416899553,True,False,False,True,True,True
ACO,n0500_i04,500,medium,1,15.0,9.618017599997984,554,2091.337372894748,0.7175196529968704,True,False,False,True,True,True
ACO,n0500_i04,500,medium,1,30.0,28.78845480000018,1600,2090.727886405576,0.6881671591108885,True,False,False,True,True,True
ACO,n0500_i04,500,medium,1,60.0,30.370445100001234,1686,2089.5345850511612,0.6306985009341017,True,False,False,True,True,True
ACO,n0500_i04,500,medium,1,120.0,30.370445100001234,1686,2089.5345850511612,0.6306985009341017,True,False,False,True,True,True
ACO,n0500_i04,500,medium,1,150.0,30.370445100001234,1686,2089.5345850511612,0.6306985009341017,True,False,False,True,True,True
ACO,n0500_i04,500,medium,2,1.0,0.9568456999986665,64,2091.7680171692446,0.7382592159876136,True,False,False,True,True,True
ACO,n0500_i04,500,medium,2,5.0,4.1281712999989395,251,2091.152824507435,0.7086319163423092,True,False,False,True,True,True
ACO,n0500_i04,500,medium,2,15.0,10.501036199999362,611,2090.3525202543465,0.670089756486361,True,False,False,True,True,True
ACO,n0500_i04,500,medium,2,30.0,10.501036199999362,611,2090.3525202543465,0.670089756486361,True,False,False,True,True,True
ACO,n0500_i04,500,medium,2,60.0,35.016612799998256,1961,2089.4671373144474,0.6274502594805386,True,False,False,True,True,True
ACO,n0500_i04,500,medium,2,120.0,35.016612799998256,1961,2089.4671373144474,0.6274502594805386,True,False,False,True,True,True
ACO,n0500_i04,500,medium,2,150.0,35.016612799998256,1961,2089.4671373144474,0.6274502594805386,True,False,False,True,True,True
ACO,n0500_i04,500,medium,3,1.0,0.16638130000137608,11,2090.7810881791925,0.6907293237569321,True,False,False,True,True,True
ACO,n0500_i04,500,medium,3,5.0,0.16638130000137608,11,2090.7810881791925,0.6907293237569321,True,False,False,True,True,True
ACO,n0500_i04,500,medium,3,15.0,0.16638130000137608,11,2090.7810881791925,0.6907293237569321,True,False,False,True,True,True
ACO,n0500_i04,500,medium,3,30.0,27.543450299999677,1532,2090.6672794204064,0.6852483640379128,True,False,False,True,True,True
ACO,n0500_i04,500,medium,3,60.0,34.035879600000044,1891,2090.242550286205,0.664793670560168,True,False,False,True,True,True
ACO,n0500_i04,500,medium,3,120.0,34.035879600000044,1891,2090.242550286205,0.664793670560168,True,False,False,True,True,True
ACO,n0500_i04,500,medium,3,150.0,34.035879600000044,1891,2090.242550286205,0.664793670560168,True,False,False,True,True,True
ACO,n0500_i04,500,medium,4,1.0,0.29947549999997136,20,2091.4221818019873,0.7216039977287738,True,False,False,True,True,True
ACO,n0500_i04,500,medium,4,5.0,1.7428512000005867,114,2091.2233582594067,0.7120287783897613,True,False,False,True,True,True
ACO,n0500_i04,500,medium,4,15.0,13.004073799998878,751,2090.7956402812824,0.6914301440297558,True,False,False,True,True,True
ACO,n0500_i04,500,medium,4,30.0,22.064868900000874,1253,2090.653779680836,0.6845982248957998,True,False,False,True,True,True
ACO,n0500_i04,500,medium,4,60.0,35.656629500001145,2011,2090.325766728327,0.6688013231529429,True,False,False,True,True,True
ACO,n0500_i04,500,medium,4,120.0,35.656629500001145,2011,2090.325766728327,0.6688013231529429,True,False,False,True,True,True
ACO,n0500_i04,500,medium,4,150.0,35.656629500001145,2011,2090.325766728327,0.6688013231529429,True,False,False,True,True,True
ACO,n0500_i04,500,medium,5,1.0,0.2647102000009909,17,2091.671845826168,0.7336276633448374,True,False,False,True,True,True
ACO,n0500_i04,500,medium,5,5.0,2.5925033999992593,159,2090.7606328595325,0.6897442081622117,True,False,False,True,True,True
ACO,n0500_i04,500,medium,5,15.0,2.5925033999992593,159,2090.7606328595325,0.6897442081622117,True,False,False,True,True,True
ACO,n0500_i04,500,medium,5,30.0,2.5925033999992593,159,2090.7606328595325,0.6897442081622117,True,False,False,True,True,True
ACO,n0500_i04,500,medium,5,60.0,30.855122400000255,1706,2090.4567438714666,0.6751091016870244,True,False,False,True,True,True
ACO,n0500_i04,500,medium,5,120.0,30.855122400000255,1706,2090.4567438714666,0.6751091016870244,True,False,False,True,True,True
ACO,n0500_i04,500,medium,5,150.0,30.855122400000255,1706,2090.4567438714666,0.6751091016870244,True,False,False,True,True,True
BRKGA-R-LS,n0500_i04,500,medium,1,1.0,0.9951966000953689,1341,2088.7971822184104,0.5951856347354948,True,False,False,True,True,True
BRKGA-R-LS,n0500_i04,500,medium,1,5.0,4.8638032000744715,6663,2088.739073020325,0.5923871315499123,True,False,False,True,True,True
BRKGA-R-LS,n0500_i04,500,medium,1,15.0,14.912187800044194,17963,2088.6438065190887,0.5877991555327897,True,False,False,True,True,True
BRKGA-R-LS,n0500_i04,500,medium,1,30.0,29.900297600077465,38428,2088.4764145738536,0.579737662560649,True,False,False,True,True,True
BRKGA-R-LS,n0500_i04,500,medium,1,60.0,59.488802000065334,78891,2088.1916807080015,0.5660250549720711,True,False,False,True,True,True
BRKGA-R-LS,n0500_i04,500,medium,1,120.0,119.3127828000579,160685,2087.5620027246296,0.535700151163012,True,False,False,True,True,True
BRKGA-R-LS,n0500_i04,500,medium,1,150.0,149.76478740002494,202316,2087.3561460108644,0.5257862186320589,True,False,False,True,True,True
BRKGA-R-LS,n0500_i04,500,medium,2,1.0,0.9927741999272257,1341,2088.7971822184104,0.5951856347354948,True,False,False,True,True,True
BRKGA-R-LS,n0500_i04,500,medium,2,5.0,4.887107999995351,6663,2088.739073020325,0.5923871315499123,True,False,False,True,True,True
BRKGA-R-LS,n0500_i04,500,medium,2,15.0,14.927820899989456,18457,2088.637757512462,0.5875078390997277,True,False,False,True,True,True
BRKGA-R-LS,n0500_i04,500,medium,2,30.0,29.97982020000927,38906,2088.467455804046,0.5793062137251546,True,False,False,True,True,True
BRKGA-R-LS,n0500_i04,500,medium,2,60.0,59.85838839993812,79645,2088.1873815009094,0.5658180078067477,True,False,False,True,True,True
BRKGA-R-LS,n0500_i04,500,medium,2,120.0,119.26192940003239,160685,2087.5620027246296,0.535700151163012,True,False,False,True,True,True
BRKGA-R-LS,n0500_i04,500,medium,2,150.0,149.83815860003233,202316,2087.3561460108644,0.5257862186320589,True,False,False,True,True,True
BRKGA-R-LS,n0500_i04,500,medium,3,1.0,0.9160006999736652,1223,2088.797790185705,0.5952149140658963,True,False,False,True,True,True
BRKGA-R-LS,n0500_i04,500,medium,3,5.0,4.884195900056511,6663,2088.739073020325,0.5923871315499123,True,False,False,True,True,True
BRKGA-R-LS,n0500_i04,500,medium,3,15.0,14.875177099951543,17963,2088.6438065190887,0.5877991555327897,True,False,False,True,True,True
BRKGA-R-LS,n0500_i04,500,medium,3,30.0,29.837980399955995,38428,2088.4764145738536,0.579737662560649,True,False,False,True,True,True
BRKGA-R-LS,n0500_i04,500,medium,3,60.0,59.96016310004052,79645,2088.1873815009094,0.5658180078067477,True,False,False,True,True,True
BRKGA-R-LS,n0500_i04,500,medium,3,120.0,119.24017570004798,160685,2087.5620027246296,0.535700151163012,True,False,False,True,True,True
BRKGA-R-LS,n0500_i04,500,medium,3,150.0,149.77819890005048,202316,2087.3561460108644,0.5257862186320589,True,False,False,True,True,True
BRKGA-R-LS,n0500_i04,500,medium,4,1.0,0.9852722999639809,1341,2088.7971822184104,0.5951856347354948,True,False,False,True,True,True
BRKGA-R-LS,n0500_i04,500,medium,4,5.0,4.889326400007121,6663,2088.739073020325,0.5923871315499123,True,False,False,True,True,True
BRKGA-R-LS,n0500_i04,500,medium,4,15.0,14.852123499964364,17963,2088.6438065190887,0.5877991555327897,True,False,False,True,True,True
BRKGA-R-LS,n0500_i04,500,medium,4,30.0,29.832484099897556,38428,2088.4764145738536,0.579737662560649,True,False,False,True,True,True
BRKGA-R-LS,n0500_i04,500,medium,4,60.0,59.927433499949984,79645,2088.1873815009094,0.5658180078067477,True,False,False,True,True,True
BRKGA-R-LS,n0500_i04,500,medium,4,120.0,119.92378720000852,161797,2087.5580858539684,0.5355115170846887,True,False,False,True,True,True
BRKGA-R-LS,n0500_i04,500,medium,4,150.0,149.52744059998076,202316,2087.3561460108644,0.5257862186320589,True,False,False,True,True,True
BRKGA-R-LS,n0500_i04,500,medium,5,1.0,0.9151188000105321,1223,2088.797790185705,0.5952149140658963,True,False,False,True,True,True
BRKGA-R-LS,n0500_i04,500,medium,5,5.0,4.885733300005086,6663,2088.739073020325,0.5923871315499123,True,False,False,True,True,True
BRKGA-R-LS,n0500_i04,500,medium,5,15.0,14.844839200028218,17963,2088.6438065190887,0.5877991555327897,True,False,False,True,True,True
BRKGA-R-LS,n0500_i04,500,medium,5,30.0,29.81887109996751,38428,2088.4764145738536,0.579737662560649,True,False,False,True,True,True
BRKGA-R-LS,n0500_i04,500,medium,5,60.0,59.9708391999593,79645,2088.1873815009094,0.5658180078067477,True,False,False,True,True,True
BRKGA-R-LS,n0500_i04,500,medium,5,120.0,119.38222040003166,160685,2087.5620027246296,0.535700151163012,True,False,False,True,True,True
BRKGA-R-LS,n0500_i04,500,medium,5,150.0,149.9301162000047,202316,2087.3561460108644,0.5257862186320589,True,False,False,True,True,True
GA,n0500_i04,500,medium,1,1.0,0.9514768000226468,1237,2087.658799073747,0.54036180371173,True,False,False,True,True,True
GA,n0500_i04,500,medium,1,5.0,4.8248912000563,6362,2084.953087224793,0.4100563877351605,True,False,False,True,True,True
GA,n0500_i04,500,medium,1,15.0,14.446176100056618,17130,2083.522655634058,0.34116768344510073,True,False,False,True,True,True
GA,n0500_i04,500,medium,1,30.0,29.91647950001061,37388,2081.9933289753776,0.2675162536003309,True,False,False,True,True,True
GA,n0500_i04,500,medium,1,60.0,58.948612299980596,75439,2080.760236934323,0.208131300465314,True,False,False,True,True,True
GA,n0500_i04,500,medium,1,120.0,119.80046579998452,155246,2078.7430186664715,0.11098331125518036,True,False,False,True,True,True
GA,n0500_i04,500,medium,1,150.0,148.4064681000309,192749,2078.269295967833,0.08816911789327603,True,False,True,True,True,True
GA,n0500_i04,500,medium,2,1.0,0.9758136000018567,1277,2087.5803285985176,0.5365827139610541,True,False,False,True,True,True
GA,n0500_i04,500,medium,2,5.0,4.991774699999951,6571,2085.3236584802576,0.42790287113321773,True,False,False,True,True,True
GA,n0500_i04,500,medium,2,15.0,14.89145350002218,17346,2083.9187557424066,0.36024362067273386,True,False,False,True,True,True
GA,n0500_i04,500,medium,2,30.0,29.87785100005567,37087,2081.9209337833795,0.26402974574781746,True,False,False,True,True,True
GA,n0500_i04,500,medium,2,60.0,59.15744330000598,75698,2080.61873551648,0.20131667934426886,True,False,False,True,True,True
GA,n0500_i04,500,medium,2,120.0,118.18349319999106,153410,2079.558981702832,0.15027958846798842,True,False,False,True,True,True
GA,n0500_i04,500,medium,2,150.0,146.84396600001492,191076,2079.3390069948905,0.13968574203391868,True,False,False,True,True,True
GA,n0500_i04,500,medium,3,1.0,0.9435063999844715,1231,2087.667197223647,0.5407662534377916,True,False,False,True,True,True
GA,n0500_i04,500,medium,3,5.0,4.932724599959329,6516,2084.903735949179,0.4076796607010819,True,False,False,True,True,True
GA,n0500_i04,500,medium,3,15.0,14.445392899913713,17152,2083.4039679959137,0.3354517599014848,True,False,False,True,True,True
GA,n0500_i04,500,medium,3,30.0,29.666224999935366,36434,2082.092332341671,0.2722841947367535,True,False,False,True,True,True
GA,n0500_i04,500,medium,3,60.0,59.86373979994096,76219,2081.257263668257,0.23206780181218942,True,False,False,True,True,True
GA,n0500_i04,500,medium,3,120.0,117.66825999994762,151966,2080.2768552558064,0.18485193658223223,True,False,False,True,True,True
GA,n0500_i04,500,medium,3,150.0,149.42117829993367,193607,2079.659938281813,0.15514159512430095,True,False,False,True,True,True
GA,n0500_i04,500,medium,4,1.0,0.8771449999185279,1127,2087.8487487477964,0.5495096630084169,True,False,False,True,True,True
GA,n0500_i04,500,medium,4,5.0,4.939036999945529,6527,2085.7881911010036,0.450274476004738,True,False,False,True,True,True
GA,n0500_i04,500,medium,4,15.0,14.960310599999502,17361,2084.0162433283717,0.3649385627622438,True,False,False,True,True,True
GA,n0500_i04,500,medium,4,30.0,29.90586349996738,36954,2082.865667952358,0.3095275613868268,True,False,False,True,True,True
GA,n0500_i04,500,medium,4,60.0,59.862519299960695,76289,2081.7929559471445,0.2578664119867487,True,False,False,True,True,True
GA,n0500_i04,500,medium,4,120.0,117.40814889990725,151952,2080.144602502205,0.1784827254340747,True,False,False,True,True,True
GA,n0500_i04,500,medium,4,150.0,149.77338789997157,194537,2079.58906376603,0.15172832210159426,True,False,False,True,True,True
GA,n0500_i04,500,medium,5,1.0,0.8632363000651821,1129,2087.7154904698778,0.5430920264285176,True,False,False,True,True,True
GA,n0500_i04,500,medium,5,5.0,4.888209199998528,6467,2085.1228753232413,0.41823327797006904,True,False,False,True,True,True
GA,n0500_i04,500,medium,5,15.0,14.351955800084397,17041,2083.5216351103136,0.3411185356501895,True,False,False,True,True,True
GA,n0500_i04,500,medium,5,30.0,29.906777000054717,37533,2082.764065336226,0.3046344419792692,True,False,False,True,True,True
GA,n0500_i04,500,medium,5,60.0,59.32898260001093,76248,2081.5583408366383,0.2465674927833927,True,False,False,True,True,True
GA,n0500_i04,500,medium,5,120.0,119.96839230007026,156071,2080.489841351911,0.19510921577508025,True,False,False,True,True,True
GA,n0500_i04,500,medium,5,150.0,147.8827802001033,192918,2080.03183872367,0.173052091320243,True,False,False,True,True,True
HPSO,n0500_i04,500,medium,1,1.0,0.9997445000335574,1119,2085.9519310437154,0.45816009078492503,True,False,False,True,True,True
HPSO,n0500_i04,500,medium,1,5.0,4.96745200001169,5801,2083.271536288429,0.3290739304445409,True,False,False,True,True,True
HPSO,n0500_i04,500,medium,1,15.0,14.840243500075303,15307,2082.118075383281,0.27352396376344706,True,False,False,True,True,True
HPSO,n0500_i04,500,medium,1,30.0,29.41997580009047,32598,2081.015374233803,0.22041855564834995,True,False,False,True,True,True
HPSO,n0500_i04,500,medium,1,60.0,59.15298560005613,67862,2079.640740537366,0.1542170435771954,True,False,False,True,True,True
HPSO,n0500_i04,500,medium,1,120.0,119.0761248000199,138759,2078.8396250355486,0.11563581448217547,True,False,False,True,True,True
HPSO,n0500_i04,500,medium,1,150.0,149.1381772001041,174366,2078.5934367669906,0.10377953911590061,True,False,False,True,True,True
HPSO,n0500_i04,500,medium,2,1.0,0.9917316000210121,1114,2085.3068820689004,0.427094929496222,True,False,False,True,True,True
HPSO,n0500_i04,500,medium,2,5.0,4.9587919999612495,5801,2083.2095097739316,0.32608677171353745,True,False,False,True,True,True
HPSO,n0500_i04,500,medium,2,15.0,14.97441979998257,15961,2081.2440722471397,0.2314325110968486,True,False,False,True,True,True
HPSO,n0500_i04,500,medium,2,30.0,29.66484089998994,33298,2079.9862190716494,0.1708550769798138,True,False,False,True,True,True
HPSO,n0500_i04,500,medium,2,60.0,59.68721280002501,68775,2078.9010712304544,0.11859502537910456,True,False,False,True,True,True
HPSO,n0500_i04,500,medium,2,120.0,119.20602849998977,139223,2077.7373099477627,0.0625489988603628,True,False,True,True,True,True
HPSO,n0500_i04,500,medium,2,150.0,147.9738688999787,173218,2077.5321644138444,0.0526693163127579,True,False,True,True,True,True
HPSO,n0500_i04,500,medium,3,1.0,0.9931555000366643,1090,2085.827831924545,0.4521835536484738,True,False,False,True,True,True
HPSO,n0500_i04,500,medium,3,5.0,4.938826599973254,5702,2082.32501561817,0.28349007800429066,True,False,False,True,True,True
HPSO,n0500_i04,500,medium,3,15.0,14.906260899966583,15367,2080.798469576761,0.2099725609745108,True,False,False,True,True,True
HPSO,n0500_i04,500,medium,3,30.0,29.967973500024527,33244,2079.7306507158105,0.15854706238804894,True,False,False,True,True,True
HPSO,n0500_i04,500,medium,3,60.0,59.846487600007094,68622,2078.7119683534956,0.10948794730869031,True,False,False,True,True,True
HPSO,n0500_i04,500,medium,3,120.0,119.05369219998829,138747,2077.687906237729,0.060169746616915036,True,False,True,True,True,True
HPSO,n0500_i04,500,medium,3,150.0,149.9305430999957,175238,2077.4653490435808,0.049451529237909755,True,False,True,True,True,True
HPSO,n0500_i04,500,medium,4,1.0,0.988889200030826,1098,2085.4748286727154,0.43518313448390916,True,False,False,True,True,True
HPSO,n0500_i04,500,medium,4,5.0,4.996688200044446,5773,2081.928489102558,0.26439360526552336,True,False,False,True,True,True
HPSO,n0500_i04,500,medium,4,15.0,14.78610230004415,15482,2079.7813029270283,0.16098644167945986,True,False,False,True,True,True
HPSO,n0500_i04,500,medium,4,30.0,29.44381590001285,32786,2078.784549222281,0.11298339724090026,True,False,False,True,True,True
HPSO,n0500_i04,500,medium,4,60.0,58.84871769999154,67506,2077.561577204687,0.05408581820200525,True,False,True,True,True,True
HPSO,n0500_i04,500,medium,4,120.0,118.38326570007484,137740,2076.6410540248935,0.009753988888602455,True,False,True,True,True,True
HPSO,n0500_i04,500,medium,4,150.0,149.91847270005383,174828,2076.438518442526,0.0,True,True,True,True,True,True
HPSO,n0500_i04,500,medium,5,1.0,0.9643044000258669,1056,2085.236961274228,0.42372758709473757,True,False,False,True,True,True
HPSO,n0500_i04,500,medium,5,5.0,4.8983590999851,5631,2083.0150638243413,0.3167223745564203,True,False,False,True,True,True
HPSO,n0500_i04,500,medium,5,15.0,14.540827100048773,14868,2081.393834539565,0.23864497084921465,True,False,False,True,True,True
HPSO,n0500_i04,500,medium,5,30.0,29.96640630008187,33047,2079.696391482537,0.15689715881665478,True,False,False,True,True,True
HPSO,n0500_i04,500,medium,5,60.0,59.981659900047816,68501,2078.553738291798,0.1018676850041491,True,False,False,True,True,True
HPSO,n0500_i04,500,medium,5,120.0,119.57065370003693,138787,2077.6297701914946,0.057369950441015095,True,False,True,True,True,True
HPSO,n0500_i04,500,medium,5,150.0,146.64852310006972,170654,2077.335455336019,0.04319592829389013,True,False,True,True,True,True
TS,n0500_i04,500,medium,1,1.0,0.9985529000405222,1360,2086.9768910167286,0.5075215317286234,True,False,False,True,True,True
TS,n0500_i04,500,medium,1,5.0,4.987857099971734,6763,2083.8412255827643,0.35650981594152426,True,False,False,True,True,True
TS,n0500_i04,500,medium,1,15.0,14.886748800054193,17753,2081.98891351301,0.26730360765255945,True,False,False,True,True,True
TS,n0500_i04,500,medium,1,30.0,29.93600200000219,38187,2080.381468763846,0.1898900586894106,True,False,False,True,True,True
TS,n0500_i04,500,medium,1,60.0,58.497834200039506,76704,2078.4270647030653,0.09576716299940824,True,False,True,True,True,True
TS,n0500_i04,500,medium,1,120.0,102.98657149996143,136468,2077.2044747578457,0.03688798433070138,True,False,True,True,True,True
TS,n0500_i04,500,medium,1,150.0,102.98657149996143,136468,2077.2044747578457,0.03688798433070138,True,False,True,True,True,True
TS,n0500_i04,500,medium,2,1.0,0.9987856999505311,1340,2086.976252309368,0.5074907719755788,True,False,False,True,True,True
TS,n0500_i04,500,medium,2,5.0,4.998126999940723,6781,2083.277503213365,0.32936129387393326,True,False,False,True,True,True
TS,n0500_i04,500,medium,2,15.0,14.938860099995509,17603,2081.34252586328,0.23617397660454295,True,False,False,True,True,True
TS,n0500_i04,500,medium,2,30.0,29.990195099962875,37976,2079.619215933376,0.15318043190779013,True,False,False,True,True,True
TS,n0500_i04,500,medium,2,60.0,59.929644999909215,78394,2078.2911075678544,0.08921955111476265,True,False,True,True,True,True
TS,n0500_i04,500,medium,2,120.0,119.96928289998323,159242,2076.765312502793,0.015738200643301184,True,False,True,True,True,True
TS,n0500_i04,500,medium,2,150.0,125.15058449993376,166200,2076.608813410355,0.008201300752067677,True,False,True,True,True,True
TS,n0500_i04,500,medium,3,1.0,0.9483457000460476,1275,2087.2411062351416,0.5202459738956473,True,False,False,True,True,True
TS,n0500_i04,500,medium,3,5.0,4.9273338000057265,6655,2083.576049830166,0.34373911503981275,True,False,False,True,True,True
TS,n0500_i04,500,medium,3,15.0,14.940406700014137,17542,2080.8560100628533,0.21274367534083358,True,False,False,True,True,True
TS,n0500_i04,500,medium,3,30.0,29.97296320006717,37886,2078.9081594765194,0.11893639094336467,True,False,False,True,True,True
TS,n0500_i04,500,medium,3,60.0,59.90441380010452,78300,2077.867721344453,0.06882953139393011,True,False,True,True,True,True
TS,n0500_i04,500,medium,3,120.0,117.7787254001014,156150,2077.0024721977684,0.02715966546726565,True,False,True,True,True,True
TS,n0500_i04,500,medium,3,150.0,117.7787254001014,156150,2077.0024721977684,0.02715966546726565,True,False,True,True,True,True
TS,n0500_i04,500,medium,4,1.0,0.909863599925302,1236,2086.706089845855,0.4944799141479193,True,False,False,True,True,True
TS,n0500_i04,500,medium,4,5.0,4.910753599950112,6651,2083.514592279825,0.34077935727212094,True,False,False,True,True,True
TS,n0500_i04,500,medium,4,15.0,14.949143799953163,17931,2081.4811090747685,0.24284805870509624,True,False,False,True,True,True
TS,n0500_i04,500,medium,4,30.0,29.863500499981456,37953,2079.811300588986,0.16243111060132726,True,False,False,True,True,True
TS,n0500_i04,500,medium,4,60.0,59.495440699975006,77906,2078.632294829466,0.10565091946885717,True,False,False,True,True,True
TS,n0500_i04,500,medium,4,120.0,89.60121240001172,118353,2077.6901889362794,0.060279679973007295,True,False,True,True,True,True
TS,n0500_i04,500,medium,4,150.0,89.60121240001172,118353,2077.6901889362794,0.060279679973007295,True,False,True,True,True,True
TS,n0500_i04,500,medium,5,1.0,0.904212599969469,1226,2086.611746270519,0.48993638567365166,True,False,False,True,True,True
TS,n0500_i04,500,medium,5,5.0,4.9824700999306515,6743,2083.8902264204944,0.3588696661029846,True,False,False,True,True,True
TS,n0500_i04,500,medium,5,15.0,14.89837599999737,17737,2082.046758503458,0.27008938676107047,True,False,False,True,True,True
TS,n0500_i04,500,medium,5,30.0,29.851002499926835,37987,2080.7389946398325,0.20710828464751452,True,False,False,True,True,True
TS,n0500_i04,500,medium,5,60.0,59.99148849991616,78738,2079.5497394806284,0.1498344887396964,True,False,False,True,True,True
TS,n0500_i04,500,medium,5,120.0,116.17798239993863,154591,2077.4868812582345,0.05048850743218058,True,False,True,True,True,True
TS,n0500_i04,500,medium,5,150.0,116.17798239993863,154591,2077.4868812582345,0.05048850743218058,True,False,True,True,True,True
2PGA,n0500_i05,500,low,1,1.0,0.705506600002991,515,1452.5676317814482,0.6001784353433793,True,False,False,True,True,True
2PGA,n0500_i05,500,low,1,5.0,0.705506600002991,515,1452.5676317814482,0.6001784353433793,True,False,False,True,True,True
2PGA,n0500_i05,500,low,1,15.0,14.438421700004255,10522,1451.1248465559909,0.5002557550156639,True,False,False,True,True,True
2PGA,n0500_i05,500,low,1,30.0,28.416175400008797,19464,1450.2955537205396,0.4428215912657573,True,False,False,True,True,True
2PGA,n0500_i05,500,low,1,60.0,59.86691840000276,43233,1449.0869422635062,0.35911703556982494,True,False,False,True,True,True
2PGA,n0500_i05,500,low,1,120.0,117.36959830000706,87339,1448.37194487895,0.30959860841132786,True,False,False,True,True,True
2PGA,n0500_i05,500,low,1,150.0,149.7915542999981,112081,1447.925583099418,0.2786850222311317,True,False,False,True,True,True
2PGA,n0500_i05,500,low,2,1.0,0.46236940000380855,340,1452.581071817742,0.601109249179341,True,False,False,True,True,True
2PGA,n0500_i05,500,low,2,5.0,0.46236940000380855,340,1452.581071817742,0.601109249179341,True,False,False,True,True,True
2PGA,n0500_i05,500,low,2,15.0,13.196438500002841,10016,1451.1007401646984,0.4985862236200916,True,False,False,True,True,True
2PGA,n0500_i05,500,low,2,30.0,28.360928399997647,19298,1450.3904631449727,0.4493947138001336,True,False,False,True,True,True
2PGA,n0500_i05,500,low,2,60.0,59.53285850000975,42989,1449.6136330036984,0.3955939480965034,True,False,False,True,True,True
2PGA,n0500_i05,500,low,2,120.0,118.97018630000821,88433,1448.0316802703578,0.2860329722298135,True,False,False,True,True,True
2PGA,n0500_i05,500,low,2,150.0,149.23784820000583,111672,1447.795367778359,0.2696667264582255,True,False,False,True,True,True
2PGA,n0500_i05,500,low,3,1.0,0.00999710000178311,1,1452.6007092314765,0.6024692735131297,True,False,False,True,True,True
2PGA,n0500_i05,500,low,3,5.0,0.00999710000178311,1,1452.6007092314765,0.6024692735131297,True,False,False,True,True,True
2PGA,n0500_i05,500,low,3,15.0,13.67104339999787,10477,1451.3317613751492,0.5145860121911704,True,False,False,True,True,True
2PGA,n0500_i05,500,low,3,30.0,28.61020749999443,19494,1450.465997603877,0.45462598832224743,True,False,False,True,True,True
2PGA,n0500_i05,500,low,3,60.0,59.832363599998644,43459,1449.4139534531466,0.3817647824343437,True,False,False,True,True,True
2PGA,n0500_i05,500,low,3,120.0,114.44372769999609,85139,1448.50850893139,0.3190565969708481,True,False,False,True,True,True
2PGA,n0500_i05,500,low,3,150.0,149.62444869999308,112051,1448.3839880489272,0.31043267976341415,True,False,False,True,True,True
2PGA,n0500_i05,500,low,4,1.0,0.009700700000394136,1,1452.6007092314765,0.6024692735131297,True,False,False,True,True,True
2PGA,n0500_i05,500,low,4,5.0,4.87589010001102,3719,1452.2086055770515,0.5753134311707471,True,False,False,True,True,True
2PGA,n0500_i05,500,low,4,15.0,13.774271400005091,10542,1450.741148782896,0.47368207707184096,True,False,False,True,True,True
2PGA,n0500_i05,500,low,4,30.0,28.895858500007307,19515,1449.8774805272649,0.4138671818997094,True,False,False,True,True,True
2PGA,n0500_i05,500,low,4,60.0,59.93375310000556,43294,1448.8430254644334,0.34222413986347316,True,False,False,True,True,True
2PGA,n0500_i05,500,low,4,120.0,117.32193520000146,87192,1447.9756855585963,0.2821549579663844,True,False,False,True,True,True
2PGA,n0500_i05,500,low,4,150.0,147.965872700006,110621,1447.6089009406337,0.25675263093729916,True,False,False,True,True,True
2PGA,n0500_i05,500,low,5,1.0,0.0121285000059288,1,1452.6007092314765,0.6024692735131297,True,False,False,True,True,True
2PGA,n0500_i05,500,low,5,5.0,4.982839799995418,3756,1452.4331611485493,0.5908654303114874,True,False,False,True,True,True
2PGA,n0500_i05,500,low,5,15.0,13.837617500001215,10558,1450.9167246661925,0.48584189999650906,True,False,False,True,True,True
2PGA,n0500_i05,500,low,5,30.0,28.82894999999553,19496,1450.0590207371772,0.4264400749690475,True,False,False,True,True,True
2PGA,n0500_i05,500,low,5,60.0,59.47479970000859,43009,1449.048133772883,0.3564292838974833,True,False,False,True,True,True
2PGA,n0500_i05,500,low,5,120.0,113.92859789999784,84453,1448.2324332909502,0.29993648298632225,True,False,False,True,True,True
2PGA,n0500_i05,500,low,5,150.0,149.9092107000033,111787,1447.846010470057,0.2731740769662584,True,False,False,True,True,True
ACO,n0500_i05,500,low,1,1.0,0.1628257999982452,11,1453.986124862983,0.6984187196437285,True,False,False,True,True,True
ACO,n0500_i05,500,low,1,5.0,1.2339609999980894,83,1453.545893843317,0.6679297302416566,True,False,False,True,True,True
ACO,n0500_i05,500,low,1,15.0,14.658864499997435,843,1453.4533715645998,0.6615219337683409,True,False,False,True,True,True
ACO,n0500_i05,500,low,1,30.0,24.050014699998428,1365,1453.1228155101844,0.6386286809314383,True,False,False,True,True,True
ACO,n0500_i05,500,low,1,60.0,39.564331599998695,2233,1453.0131092245745,0.6310307752185704,True,False,False,True,True,True
ACO,n0500_i05,500,low,1,120.0,39.564331599998695,2233,1453.0131092245745,0.6310307752185704,True,False,False,True,True,True
ACO,n0500_i05,500,low,1,150.0,39.564331599998695,2233,1453.0131092245745,0.6310307752185704,True,False,False,True,True,True
ACO,n0500_i05,500,low,2,1.0,0.5921927000017604,40,1454.0744136647484,0.7045333190724326,True,False,False,True,True,True
ACO,n0500_i05,500,low,2,5.0,2.6565584000018134,169,1453.613590985122,0.6726182173015065,True,False,False,True,True,True
ACO,n0500_i05,500,low,2,15.0,13.468129000000772,775,1453.2139348431679,0.6449393138799385,True,False,False,True,True,True
ACO,n0500_i05,500,low,2,30.0,24.00843470000109,1354,1452.8741103025216,0.6214041553938582,True,False,False,True,True,True
ACO,n0500_i05,500,low,2,60.0,24.00843470000109,1354,1452.8741103025216,0.6214041553938582,True,False,False,True,True,True
ACO,n0500_i05,500,low,2,120.0,24.00843470000109,1354,1452.8741103025216,0.6214041553938582,True,False,False,True,True,True
ACO,n0500_i05,500,low,2,150.0,24.00843470000109,1354,1452.8741103025216,0.6214041553938582,True,False,False,True,True,True
ACO,n0500_i05,500,low,3,1.0,0.7329446999974607,49,1454.097506419741,0.706132649266766,True,False,False,True,True,True
ACO,n0500_i05,500,low,3,5.0,2.714140199997928,172,1453.6940011401741,0.6781871669113289,True,False,False,True,True,True
ACO,n0500_i05,500,low,3,15.0,8.47869069999797,501,1453.3523894891318,0.6545282388872348,True,False,False,True,True,True
ACO,n0500_i05,500,low,3,30.0,22.994446400000015,1311,1453.2037651552728,0.644234993892013,True,False,False,True,True,True
ACO,n0500_i05,500,low,3,60.0,22.994446400000015,1311,1453.2037651552728,0.644234993892013,True,False,False,True,True,True
ACO,n0500_i05,500,low,3,120.0,22.994446400000015,1311,1453.2037651552728,0.644234993892013,True,False,False,True,True,True
ACO,n0500_i05,500,low,3,150.0,22.994446400000015,1311,1453.2037651552728,0.644234993892013,True,False,False,True,True,True
ACO,n0500_i05,500,low,4,1.0,0.37929950000034296,25,1453.83442655148,0.6879125808095437,True,False,False,True,True,True
ACO,n0500_i05,500,low,4,5.0,2.6063620999993873,164,1453.6764482848805,0.6769715124137673,True,False,False,True,True,True
ACO,n0500_i05,500,low,4,15.0,5.376010699998005,321,1453.4476269898053,0.6611240829304701,True,False,False,True,True,True
ACO,n0500_i05,500,low,4,30.0,27.327638300001126,1543,1453.1424793554063,0.6399905358253276,True,False,False,True,True,True
ACO,n0500_i05,500,low,4,60.0,49.65640350000103,2787,1453.0977296749973,0.6368913163910125,True,False,False,True,True,True
ACO,n0500_i05,500,low,4,120.0,49.65640350000103,2787,1453.0977296749973,0.6368913163910125,True,False,False,True,True,True
ACO,n0500_i05,500,low,4,150.0,49.65640350000103,2787,1453.0977296749973,0.6368913163910125,True,False,False,True,True,True
ACO,n0500_i05,500,low,5,1.0,0.9645156000005954,64,1453.8833592217466,0.6913015007141542,True,False,False,True,True,True
ACO,n0500_i05,500,low,5,5.0,3.078396500000963,190,1453.8581011236686,0.6895522057980433,True,False,False,True,True,True
ACO,n0500_i05,500,low,5,15.0,5.7438595999992685,338,1453.5141447082474,0.6657308869084599,True,False,False,True,True,True
ACO,n0500_i05,500,low,5,30.0,20.35277710000082,1134,1453.2516142595769,0.6475488694910844,True,False,False,True,True,True
ACO,n0500_i05,500,low,5,60.0,37.15271330000178,2047,1453.2313417665619,0.6461448616018702,True,False,False,True,True,True
ACO,n0500_i05,500,low,5,120.0,70.5452355999987,3855,1453.124415777928,0.6387395103462195,True,False,False,True,True,True
ACO,n0500_i05,500,low,5,150.0,70.5452355999987,3855,1453.124415777928,0.6387395103462195,True,False,False,True,True,True
BRKGA-R-LS,n0500_i05,500,low,1,1.0,0.9720568999182433,1339,1452.4928171842025,0.594997016132452,True,False,False,True,True,True
BRKGA-R-LS,n0500_i05,500,low,1,5.0,4.9715137999737635,6910,1452.4051588210828,0.5889260788636764,True,False,False,True,True,True
BRKGA-R-LS,n0500_i05,500,low,1,15.0,14.826686799991876,18492,1452.2570574965252,0.5786690558163413,True,False,False,True,True,True
BRKGA-R-LS,n0500_i05,500,low,1,30.0,29.79722770000808,39232,1452.036971802918,0.5634266260915402,True,False,False,True,True,True
BRKGA-R-LS,n0500_i05,500,low,1,60.0,59.594981399946846,80653,1451.708751834226,0.5406951630642565,True,False,False,True,True,True
BRKGA-R-LS,n0500_i05,500,low,1,120.0,119.83027359994594,164371,1451.1666563452814,0.5031513670139901,True,False,False,True,True,True
BRKGA-R-LS,n0500_i05,500,low,1,150.0,149.83361550001428,206064,1450.9294440592812,0.48672280439387644,True,False,False,True,True,True
BRKGA-R-LS,n0500_i05,500,low,2,1.0,0.9749998999759555,1339,1452.4928171842025,0.594997016132452,True,False,False,True,True,True
BRKGA-R-LS,n0500_i05,500,low,2,5.0,4.954641700023785,6910,1452.4051588210828,0.5889260788636764,True,False,False,True,True,True
BRKGA-R-LS,n0500_i05,500,low,2,15.0,14.895467599970289,18096,1452.264232518146,0.5791659748165494,True,False,False,True,True,True
BRKGA-R-LS,n0500_i05,500,low,2,30.0,29.786382999969646,38742,1452.037122344461,0.563437052116296,True,False,False,True,True,True
BRKGA-R-LS,n0500_i05,500,low,2,60.0,59.861125600058585,80653,1451.708751834226,0.5406951630642565,True,False,False,True,True,True
BRKGA-R-LS,n0500_i05,500,low,2,120.0,119.99591699999291,164371,1451.1666563452814,0.5031513670139901,True,False,False,True,True,True
BRKGA-R-LS,n0500_i05,500,low,2,150.0,149.97431119997054,206064,1450.9294440592812,0.48672280439387644,True,False,False,True,True,True
BRKGA-R-LS,n0500_i05,500,low,3,1.0,0.972100600018166,1339,1452.4928171842025,0.594997016132452,True,False,False,True,True,True
BRKGA-R-LS,n0500_i05,500,low,3,5.0,4.828731600078754,6660,1452.4057531793653,0.5889672422133014,True,False,False,True,True,True
BRKGA-R-LS,n0500_i05,500,low,3,15.0,14.71845080005005,17696,1452.2643401723967,0.5791734306049063,True,False,False,True,True,True
BRKGA-R-LS,n0500_i05,500,low,3,30.0,29.944930400000885,38742,1452.037122344461,0.563437052116296,True,False,False,True,True,True
BRKGA-R-LS,n0500_i05,500,low,3,60.0,59.551537699997425,79869,1451.7176583313612,0.541311998508913,True,False,False,True,True,True
BRKGA-R-LS,n0500_i05,500,low,3,120.0,119.48959860007744,163329,1451.1676645135833,0.5032211895192215,True,False,False,True,True,True
BRKGA-R-LS,n0500_i05,500,low,3,150.0,149.38098910008557,204824,1450.9310390656008,0.48683326941928673,True,False,False,True,True,True
BRKGA-R-LS,n0500_i05,500,low,4,1.0,0.9905346999876201,1339,1452.4928171842025,0.594997016132452,True,False,False,True,True,True
BRKGA-R-LS,n0500_i05,500,low,4,5.0,4.826414600014687,6660,1452.4057531793653,0.5889672422133014,True,False,False,True,True,True
BRKGA-R-LS,n0500_i05,500,low,4,15.0,14.946719500003383,18492,1452.2570574965252,0.5786690558163413,True,False,False,True,True,True
BRKGA-R-LS,n0500_i05,500,low,4,30.0,29.92978869995568,39232,1452.036971802918,0.5634266260915402,True,False,False,True,True,True
BRKGA-R-LS,n0500_i05,500,low,4,60.0,59.77971059991978,80653,1451.708751834226,0.5406951630642565,True,False,False,True,True,True
BRKGA-R-LS,n0500_i05,500,low,4,120.0,119.44587409996893,163329,1451.1676645135833,0.5032211895192215,True,False,False,True,True,True
BRKGA-R-LS,n0500_i05,500,low,4,150.0,149.41384169994853,204824,1450.9310390656008,0.48683326941928673,True,False,False,True,True,True
BRKGA-R-LS,n0500_i05,500,low,5,1.0,0.9760420001111925,1339,1452.4928171842025,0.594997016132452,True,False,False,True,True,True
BRKGA-R-LS,n0500_i05,500,low,5,5.0,4.992934300098568,6910,1452.4051588210828,0.5889260788636764,True,False,False,True,True,True
BRKGA-R-LS,n0500_i05,500,low,5,15.0,14.980257300077938,18492,1452.2570574965252,0.5786690558163413,True,False,False,True,True,True
BRKGA-R-LS,n0500_i05,500,low,5,30.0,29.977657800074667,39232,1452.036971802918,0.5634266260915402,True,False,False,True,True,True
BRKGA-R-LS,n0500_i05,500,low,5,60.0,59.81366430001799,80653,1451.708751834226,0.5406951630642565,True,False,False,True,True,True
BRKGA-R-LS,n0500_i05,500,low,5,120.0,119.35301790002268,163329,1451.1676645135833,0.5032211895192215,True,False,False,True,True,True
BRKGA-R-LS,n0500_i05,500,low,5,150.0,149.26445490005426,204824,1450.9310390656008,0.48683326941928673,True,False,False,True,True,True
GA,n0500_i05,500,low,1,1.0,0.986089100013487,1297,1451.6883281214734,0.5392806821807085,True,False,False,True,True,True
GA,n0500_i05,500,low,1,5.0,4.959013700019568,6620,1449.9369401431345,0.41798516431602245,True,False,False,True,True,True
GA,n0500_i05,500,low,1,15.0,14.953191299922764,17699,1448.7456361754448,0.33547926985840226,True,False,False,True,True,True
GA,n0500_i05,500,low,1,30.0,29.908163200016133,37621,1447.7660120161397,0.2676336404574475,True,False,False,True,True,True
GA,n0500_i05,500,low,1,60.0,59.665365000022575,77244,1446.849779183169,0.204178291137749,True,False,False,True,True,True
GA,n0500_i05,500,low,1,120.0,118.3949112999253,155516,1446.0330510131082,0.14761431584076656,True,False,False,True,True,True
GA,n0500_i05,500,low,1,150.0,149.68328029999975,197135,1445.6597260317017,0.12175902420260075,True,False,False,True,True,True
GA,n0500_i05,500,low,2,1.0,0.93500800000038,1242,1452.0203875839388,0.5622780562404582,True,False,False,True,True,True
GA,n0500_i05,500,low,2,5.0,4.85124360001646,6466,1450.425647380806,0.45183146120210393,True,False,False,True,True,True
GA,n0500_i05,500,low,2,15.0,14.976103599998169,18023,1449.1702179333477,0.36488444154946764,True,False,False,True,True,True
GA,n0500_i05,500,low,2,30.0,29.74373490002472,37593,1448.0435550724496,0.286855382961806,True,False,False,True,True,True
GA,n0500_i05,500,low,2,60.0,59.94418820005376,77694,1447.2067477506375,0.22890078997183538,True,False,False,True,True,True
GA,n0500_i05,500,low,2,120.0,119.77494250005111,157058,1446.4028464933424,0.17322516554042455,True,False,False,True,True,True
GA,n0500_i05,500,low,2,150.0,149.75986520003062,196867,1446.1275008129273,0.1541556062475575,True,False,False,True,True,True
GA,n0500_i05,500,low,3,1.0,0.9366081000771374,1210,1452.029600427038,0.5629161082246847,True,False,False,True,True,True
GA,n0500_i05,500,low,3,5.0,4.956907100044191,6612,1450.1069314246647,0.42975821562201766,True,False,False,True,True,True
GA,n0500_i05,500,low,3,15.0,14.943419000017457,17414,1448.7430095214497,0.33529735622160295,True,False,False,True,True,True
GA,n0500_i05,500,low,3,30.0,29.778292400063947,37171,1447.6601613731755,0.2603027641961893,True,False,False,True,True,True
GA,n0500_i05,500,low,3,60.0,59.198193500051275,76278,1446.9796800822526,0.21317481105241703,True,False,False,True,True,True
GA,n0500_i05,500,low,3,120.0,119.9442212000722,156911,1445.916742963566,0.13955919311780357,True,False,False,True,True,True
GA,n0500_i05,500,low,3,150.0,149.93793100002222,196710,1445.612610950078,0.11849598466170463,True,False,False,True,True,True
GA,n0500_i05,500,low,4,1.0,0.9941532000666484,1320,1451.5595850671793,0.5303643508850615,True,False,False,True,True,True
GA,n0500_i05,500,low,4,5.0,4.94842430006247,6616,1449.913406589246,0.4163553058030024,True,False,False,True,True,True
GA,n0500_i05,500,low,4,15.0,14.925081700086594,17989,1448.6661443246676,0.32997391905932266,True,False,False,True,True,True
GA,n0500_i05,500,low,4,30.0,29.922978100017644,37951,1447.922614720769,0.27847944184009005,True,False,False,True,True,True
GA,n0500_i05,500,low,4,60.0,59.94378520001192,78071,1447.310142066358,0.23606154888115644,True,False,False,True,True,True
GA,n0500_i05,500,low,4,120.0,118.37521800003015,155941,1446.7240646598245,0.1954717061886876,True,False,False,True,True,True
GA,n0500_i05,500,low,4,150.0,149.4936858000001,197462,1446.4344953754373,0.17541706567393195,True,False,False,True,True,True
GA,n0500_i05,500,low,5,1.0,0.9743195000337437,1282,1451.5175188152289,0.5274509771049135,True,False,False,True,True,True
GA,n0500_i05,500,low,5,5.0,4.887970200041309,6511,1450.0056613669453,0.42274457601321525,True,False,False,True,True,True
GA,n0500_i05,500,low,5,15.0,14.817231600056402,17411,1448.8814258242646,0.3448836257052912,True,False,False,True,True,True
GA,n0500_i05,500,low,5,30.0,29.40202030004002,36851,1448.1455311623852,0.29391792009893863,True,False,False,True,True,True
GA,n0500_i05,500,low,5,60.0,59.56071890005842,77127,1447.380197912944,0.24091339227405062,True,False,False,True,True,True
GA,n0500_i05,500,low,5,120.0,119.94909270002972,157811,1446.4417030033317,0.17591624288014301,True,False,False,True,True,True
GA,n0500_i05,500,low,5,150.0,148.0350713999942,195182,1446.1910876139996,0.1585594242826284,True,False,False,True,True,True
HPSO,n0500_i05,500,low,1,1.0,0.987029799958691,1112,1450.5225424287619,0.45854210165738996,True,False,False,True,True,True
HPSO,n0500_i05,500,low,1,5.0,4.946667299955152,5791,1448.6636634512402,0.32980210171738666,True,False,False,True,True,True
HPSO,n0500_i05,500,low,1,15.0,14.948161499924026,16024,1447.1379596036318,0.22413674338866227,True,False,False,True,True,True
HPSO,n0500_i05,500,low,1,30.0,29.995809699990787,33848,1446.285548634237,0.16510149177963432,True,False,False,True,True,True
HPSO,n0500_i05,500,low,1,60.0,59.9239491999615,69495,1445.4450946323602,0.10689434141664614,True,False,False,True,True,True
HPSO,n0500_i05,500,low,1,120.0,119.28743319993373,140030,1444.7343343675877,0.0576693635936359,True,False,True,True,True,True
HPSO,n0500_i05,500,low,1,150.0,149.72810549999122,176135,1444.618222141268,0.0496278029594064,True,False,True,True,True,True
HPSO,n0500_i05,500,low,2,1.0,0.9919590000063181,1073,1450.4688705048777,0.45482495623739083,True,False,False,True,True,True
HPSO,n0500_i05,500,low,2,5.0,4.902282900060527,5724,1448.5934803928087,0.3249414480398144,True,False,False,True,True,True
HPSO,n0500_i05,500,low,2,15.0,14.99531799997203,15454,1447.43897520712,0.24498411927682914,True,False,False,True,True,True
HPSO,n0500_i05,500,low,2,30.0,29.819674500031397,33077,1446.384652111221,0.17196508095097562,True,False,False,True,True,True
HPSO,n0500_i05,500,low,2,60.0,59.84142970002722,68859,1445.711074893354,0.12531528177825418,True,False,False,True,True,True
HPSO,n0500_i05,500,low,2,120.0,119.95439610001631,140466,1444.8267585708813,0.06407036767747186,True,False,True,True,True,True
HPSO,n0500_i05,500,low,2,150.0,148.66110230004415,174481,1444.609122469294,0.048997588844587735,True,False,True,True,True,True
HPSO,n0500_i05,500,low,3,1.0,0.9925498000811785,1132,1449.9766667416307,0.42073650119693595,True,False,False,True,True,True
HPSO,n0500_i05,500,low,3,5.0,4.939420700073242,5804,1448.3645193421705,0.3090843395341698,True,False,False,True,True,True
HPSO,n0500_i05,500,low,3,15.0,14.981657000025734,15926,1447.2940194433547,0.2349449476878771,True,False,False,True,True,True
HPSO,n0500_i05,500,low,3,30.0,29.95274000009522,33597,1446.3417355873282,0.1689928200613843,True,False,False,True,True,True
HPSO,n0500_i05,500,low,3,60.0,59.523786700097844,68872,1445.6344239680795,0.12000668437382041,True,False,False,True,True,True
HPSO,n0500_i05,500,low,3,120.0,118.56834740005434,139017,1444.8909830968682,0.06851835249610903,True,False,True,True,True,True
HPSO,n0500_i05,500,low,3,150.0,149.38632570009213,175674,1444.72524343368,0.05703975464926627,True,False,True,True,True,True
HPSO,n0500_i05,500,low,4,1.0,0.9597726999782026,1059,1450.0614696088587,0.4266096759726324,True,False,False,True,True,True
HPSO,n0500_i05,500,low,4,5.0,4.917786400066689,5732,1448.0418607188137,0.2867380374596924,True,False,False,True,True,True
HPSO,n0500_i05,500,low,4,15.0,14.91334279999137,15296,1446.6161211004146,0.18799588124257646,True,False,False,True,True,True
HPSO,n0500_i05,500,low,4,30.0,29.951164000085555,33225,1445.5969456121718,0.11741105356855518,True,False,False,True,True,True
HPSO,n0500_i05,500,low,4,60.0,59.995070500066504,68948,1444.972260474122,0.07414736313602445,True,False,True,True,True,True
HPSO,n0500_i05,500,low,4,120.0,119.99545330007095,140333,1444.2840013248672,0.026480740453618413,True,False,True,True,True,True
HPSO,n0500_i05,500,low,4,150.0,149.96241550007835,175939,1444.12594370976,0.015534176634516478,True,False,True,True,True,True
HPSO,n0500_i05,500,low,5,1.0,0.9967241999693215,1114,1450.374741067828,0.44830585312918403,True,False,False,True,True,True
HPSO,n0500_i05,500,low,5,5.0,4.92531949991826,5714,1448.4205295357776,0.3129634260206026,True,False,False,True,True,True
HPSO,n0500_i05,500,low,5,15.0,14.994031999958679,15796,1446.5478931874786,0.1832706346754249,True,False,False,True,True,True
HPSO,n0500_i05,500,low,5,30.0,29.779415600001812,33316,1445.7169676446933,0.12572339484868694,True,False,False,True,True,True
HPSO,n0500_i05,500,low,5,60.0,59.78548959991895,68941,1444.8358352099585,0.06469898660768923,True,False,True,True,True,True
HPSO,n0500_i05,500,low,5,120.0,118.95275599998422,138867,1444.1104020974656,0.014457814380688177,True,False,True,True,True,True
HPSO,n0500_i05,500,low,5,150.0,148.39976349996869,173625,1443.9016454777227,0.0,True,True,True,True,True,True
TS,n0500_i05,500,low,1,1.0,0.9902536000590771,1352,1451.3142755573265,0.513375000493976,True,False,False,True,True,True
TS,n0500_i05,500,low,1,5.0,4.961241099983454,6814,1449.5578296950482,0.39172918979908344,True,False,False,True,True,True
TS,n0500_i05,500,low,1,15.0,14.958454499952495,17887,1448.0888517329504,0.28999248448410303,True,False,False,True,True,True
TS,n0500_i05,500,low,1,30.0,29.676621100050397,37957,1446.9173868193714,0.2088605793264325,True,False,False,True,True,True
TS,n0500_i05,500,low,1,60.0,58.19929550006054,76794,1445.5641806846772,0.11514185970779786,True,False,False,True,True,True
TS,n0500_i05,500,low,1,120.0,119.62363869999535,160383,1444.9246855917638,0.07085247926998828,True,False,True,True,True,True
TS,n0500_i05,500,low,1,150.0,123.62276820000261,165822,1444.8580955794391,0.0662406684494068,True,False,True,True,True,True
TS,n0500_i05,500,low,2,1.0,0.9989677000558004,1368,1451.438393704316,0.521971025533373,True,False,False,True,True,True
TS,n0500_i05,500,low,2,5.0,4.96583030000329,6838,1449.5455437462965,0.39087830436722765,True,False,False,True,True,True
TS,n0500_i05,500,low,2,15.0,14.96199159999378,17971,1448.0778614478372,0.2892313325630156,True,False,False,True,True,True
TS,n0500_i05,500,low,2,30.0,29.752439100062475,38223,1447.2446376398743,0.23152492225643143,True,False,False,True,True,True
TS,n0500_i05,500,low,2,60.0,59.99100580008235,79583,1446.2755554228736,0.16440939399064666,True,False,False,True,True,True
TS,n0500_i05,500,low,2,120.0,112.86102220008615,151739,1445.0586358888922,0.08012944751418637,True,False,True,True,True,True
TS,n0500_i05,500,low,2,150.0,148.13304610003252,199713,1444.497746915291,0.041284074953110754,True,False,True,True,True,True
TS,n0500_i05,500,low,3,1.0,0.9713293999666348,1305,1451.3476210001604,0.5156843989864821,True,False,False,True,True,True
TS,n0500_i05,500,low,3,5.0,4.954621399985626,6784,1449.0715654780852,0.35805208869694066,True,False,False,True,True,True
TS,n0500_i05,500,low,3,15.0,14.966844899929129,17869,1447.4326791938847,0.24454807758001873,True,False,False,True,True,True
TS,n0500_i05,500,low,3,30.0,29.395936699933372,37517,1446.1040959038953,0.15253465726496387,True,False,False,True,True,True
TS,n0500_i05,500,low,3,60.0,59.61793619999662,78711,1445.0706015297958,0.08095814945112441,True,False,True,True,True,True
TS,n0500_i05,500,low,3,120.0,118.7199364999542,158989,1443.9190817711005,0.001207581792877052,True,False,True,True,True,True
TS,n0500_i05,500,low,3,150.0,118.7199364999542,158989,1443.9190817711005,0.001207581792877052,True,False,True,True,True,True
TS,n0500_i05,500,low,4,1.0,0.9834810000611469,1357,1451.452950980389,0.5229792158154871,True,False,False,True,True,True
TS,n0500_i05,500,low,4,5.0,4.998368400032632,6884,1449.0316459167957,0.3552873878314414,True,False,False,True,True,True
TS,n0500_i05,500,low,4,15.0,14.768884800025262,17906,1447.596895624924,0.25592118125044844,True,False,False,True,True,True
TS,n0500_i05,500,low,4,30.0,29.659582199994475,38307,1446.4707144542479,0.17792548298365354,True,False,False,True,True,True
TS,n0500_i05,500,low,4,60.0,59.94596570008434,79771,1445.3707112437455,0.10174278633339837,True,False,False,True,True,True
TS,n0500_i05,500,low,4,120.0,119.46372740005609,160819,1444.2850770283073,0.026555240226060258,True,False,True,True,True,True
TS,n0500_i05,500,low,4,150.0,120.19020830001682,161804,1444.272555761016,0.025688057386391565,True,False,True,True,True,True
TS,n0500_i05,500,low,5,1.0,0.9962376999901608,1363,1451.3802707810564,0.5179456181628899,True,False,False,True,True,True
TS,n0500_i05,500,low,5,5.0,4.98973140004091,6786,1448.8850377265067,0.34513377447777444,True,False,False,True,True,True
TS,n0500_i05,500,low,5,15.0,14.984751999960281,17896,1447.2902208653784,0.23468187035236485,True,False,False,True,True,True
TS,n0500_i05,500,low,5,30.0,29.872267300030217,38196,1446.0053788331004,0.1456978293477647,True,False,False,True,True,True
TS,n0500_i05,500,low,5,60.0,59.73733210004866,78790,1445.1016856413814,0.08311093538934929,True,False,True,True,True,True
TS,n0500_i05,500,low,5,120.0,64.65466210001614,85473,1444.9754890681552,0.07437096521052872,True,False,True,True,True,True
TS,n0500_i05,500,low,5,150.0,64.65466210001614,85473,1444.9754890681552,0.07437096521052872,True,False,True,True,True,True
2PGA,n0500_i06,500,high,1,1.0,0.010167300002649426,1,3399.2419736732495,0.9204212735058727,True,False,False,True,True,True
2PGA,n0500_i06,500,high,1,5.0,4.760115200013388,3931,3397.319085545583,0.8633324632920464,True,False,False,True,True,True
2PGA,n0500_i06,500,high,1,15.0,13.305441100004828,11028,3391.9735696129433,0.7046289276142658,True,False,False,True,True,True
2PGA,n0500_i06,500,high,1,30.0,29.887308500008658,22209,3388.448290869207,0.5999665885752065,True,False,False,True,True,True
2PGA,n0500_i06,500,high,1,60.0,59.006402900005924,46360,3385.0819834166073,0.500023963459466,True,False,False,True,True,True
2PGA,n0500_i06,500,high,1,120.0,116.06551910001144,93841,3381.870284260993,0.4046715189148592,True,False,False,True,True,True
2PGA,n0500_i06,500,high,1,150.0,148.93082530000538,121143,3381.531409551002,0.39461063511898076,True,False,False,True,True,True
2PGA,n0500_i06,500,high,2,1.0,0.009671299994806759,1,3399.2419736732495,0.9204212735058727,True,False,False,True,True,True
2PGA,n0500_i06,500,high,2,5.0,4.9749466000066604,4063,3396.6914322915427,0.8446980055799914,True,False,False,True,True,True
2PGA,n0500_i06,500,high,2,15.0,12.661986799997976,10489,3392.6367855688977,0.7243192097973572,True,False,False,True,True,True
2PGA,n0500_i06,500,high,2,30.0,28.93224629999895,22541,3389.215446934635,0.6227427586464,True,False,False,True,True,True
2PGA,n0500_i06,500,high,2,60.0,59.87189860000217,48252,3386.631355953166,0.5460234334325108,True,False,False,True,True,True
2PGA,n0500_i06,500,high,2,120.0,119.27380870000343,97711,3383.9630286058605,0.4668032066668699,True,False,False,True,True,True
2PGA,n0500_i06,500,high,2,150.0,147.46214970000437,121240,3383.046841406229,0.4396024369457601,True,False,False,True,True,True
2PGA,n0500_i06,500,high,3,1.0,0.009847799999988638,1,3399.2419736732495,0.9204212735058727,True,False,False,True,True,True
2PGA,n0500_i06,500,high,3,5.0,4.992916799994418,4142,3397.981811177744,0.8830081882049583,True,False,False,True,True,True
2PGA,n0500_i06,500,high,3,15.0,12.409885100001702,10324,3393.6194235015028,0.7534928417087873,True,False,False,True,True,True
2PGA,n0500_i06,500,high,3,30.0,29.540312699988135,22571,3390.469582885446,0.6599769212833467,True,False,False,True,True,True
2PGA,n0500_i06,500,high,3,60.0,58.2458648999891,46401,3385.9951109635626,0.5271338948585529,True,False,False,True,True,True
2PGA,n0500_i06,500,high,3,120.0,119.62995019998925,97361,3383.5978251858205,0.4559606472708613,True,False,False,True,True,True
2PGA,n0500_i06,500,high,3,150.0,148.60112120000122,121419,3382.5663105206577,0.4253359093545016,True,False,False,True,True,True
2PGA,n0500_i06,500,high,4,1.0,0.009841999999480322,1,3399.2419736732495,0.9204212735058727,True,False,False,True,True,True
2PGA,n0500_i06,500,high,4,5.0,4.9444450000009965,4088,3397.60763595638,0.8718992641381706,True,False,False,True,True,True
2PGA,n0500_i06,500,high,4,15.0,13.085680700009107,10870,3392.461238071981,0.7191073633093564,True,False,False,True,True,True
2PGA,n0500_i06,500,high,4,30.0,29.641228899999987,21963,3389.844957785696,0.6414323667347134,True,False,False,True,True,True
2PGA,n0500_i06,500,high,4,60.0,58.63352380000288,46041,3386.635766915515,0.546154390917132,True,False,False,True,True,True
2PGA,n0500_i06,500,high,4,120.0,119.6522435000079,96754,3383.5227584927084,0.45373198501287537,True,False,False,True,True,True
2PGA,n0500_i06,500,high,4,150.0,149.08282360000885,121181,3382.205190420118,0.41461458002312374,True,False,False,True,True,True
2PGA,n0500_i06,500,high,5,1.0,0.009859600002528168,1,3399.2419736732495,0.9204212735058727,True,False,False,True,True,True
2PGA,n0500_i06,500,high,5,5.0,4.951174300003913,4063,3398.1310340906984,0.8874384815926182,True,False,False,True,True,True
2PGA,n0500_i06,500,high,5,15.0,14.998342499995488,12411,3393.0377971179596,0.7362248801733714,True,False,False,True,True,True
2PGA,n0500_i06,500,high,5,30.0,29.92826289999357,24101,3389.44877124164,0.6296699463955037,True,False,False,True,True,True
2PGA,n0500_i06,500,high,5,60.0,59.03725680000207,48312,3384.9509433741473,0.49613350305941745,True,False,False,True,True,True
2PGA,n0500_i06,500,high,5,120.0,117.19463919999544,96541,3381.5882462487302,0.39629806529398603,True,False,False,True,True,True
2PGA,n0500_i06,500,high,5,150.0,149.41290100000333,123268,3380.550747183535,0.3654956559505768,True,False,False,True,True,True
ACO,n0500_i06,500,high,1,1.0,0.13580849999925704,9,3403.2422910279124,1.0391870794670297,True,False,False,False,True,True
ACO,n0500_i06,500,high,1,5.0,2.605113000001438,164,3400.2749556316685,0.9510895740325701,True,False,False,True,True,True
ACO,n0500_i06,500,high,1,15.0,2.605113000001438,164,3400.2749556316685,0.9510895740325701,True,False,False,True,True,True
ACO,n0500_i06,500,high,1,30.0,20.62989110000126,1165,3399.8536898733214,0.9385825744927433,True,False,False,True,True,True
ACO,n0500_i06,500,high,1,60.0,20.62989110000126,1165,3399.8536898733214,0.9385825744927433,True,False,False,True,True,True
ACO,n0500_i06,500,high,1,120.0,20.62989110000126,1165,3399.8536898733214,0.9385825744927433,True,False,False,True,True,True
ACO,n0500_i06,500,high,1,150.0,20.62989110000126,1165,3399.8536898733214,0.9385825744927433,True,False,False,True,True,True
ACO,n0500_i06,500,high,2,1.0,0.8768076000014844,58,3402.757449121524,1.0247925615648867,True,False,False,False,True,True
ACO,n0500_i06,500,high,2,5.0,1.981262200002675,126,3402.5202649975427,1.0177507793390301,True,False,False,False,True,True
ACO,n0500_i06,500,high,2,15.0,10.6035054999993,611,3402.068182323391,1.0043288534275443,True,False,False,False,True,True
ACO,n0500_i06,500,high,2,30.0,27.7483143999998,1558,3400.3158885386856,0.9523048350384388,True,False,False,True,True,True
ACO,n0500_i06,500,high,2,60.0,35.63404580000133,1992,3399.300299583499,0.9221529170543855,True,False,False,True,True,True
ACO,n0500_i06,500,high,2,120.0,35.63404580000133,1992,3399.300299583499,0.9221529170543855,True,False,False,True,True,True
ACO,n0500_i06,500,high,2,150.0,35.63404580000133,1992,3399.300299583499,0.9221529170543855,True,False,False,True,True,True
ACO,n0500_i06,500,high,3,1.0,0.7107797999997274,47,3402.475845666213,1.01643200954706,True,False,False,False,True,True
ACO,n0500_i06,500,high,3,5.0,3.4897497999991174,211,3401.717038768552,0.9939037187191944,True,False,False,True,True,True
ACO,n0500_i06,500,high,3,15.0,3.4897497999991174,211,3401.717038768552,0.9939037187191944,True,False,False,True,True,True
ACO,n0500_i06,500,high,3,30.0,28.141275699999824,1575,3401.0485363970083,0.9740564876361972,True,False,False,True,True,True
ACO,n0500_i06,500,high,3,60.0,46.858004800000344,2612,3400.2531436634135,0.9504419964131647,True,False,False,True,True,True
ACO,n0500_i06,500,high,3,120.0,46.858004800000344,2612,3400.2531436634135,0.9504419964131647,True,False,False,True,True,True
ACO,n0500_i06,500,high,3,150.0,46.858004800000344,2612,3400.2531436634135,0.9504419964131647,True,False,False,True,True,True
ACO,n0500_i06,500,high,4,1.0,0.5254846000025282,35,3401.458375486457,0.9862242397061742,True,False,False,True,True,True
ACO,n0500_i06,500,high,4,5.0,0.5254846000025282,35,3401.458375486457,0.9862242397061742,True,False,False,True,True,True
ACO,n0500_i06,500,high,4,15.0,13.111562300000514,754,3401.141366567969,0.9768125314932637,True,False,False,True,True,True
ACO,n0500_i06,500,high,4,30.0,28.702151100002084,1612,3400.9769481861954,0.9719310983731168,True,False,False,True,True,True
ACO,n0500_i06,500,high,4,60.0,52.61413080000057,2931,3399.837784288021,0.9381103520438674,True,False,False,True,True,True
ACO,n0500_i06,500,high,4,120.0,52.61413080000057,2931,3399.837784288021,0.9381103520438674,True,False,False,True,True,True
ACO,n0500_i06,500,high,4,150.0,52.61413080000057,2931,3399.837784288021,0.9381103520438674,True,False,False,True,True,True
ACO,n0500_i06,500,high,5,1.0,0.8785831999994116,59,3403.614217371187,1.0502292363763286,True,False,False,False,True,True
ACO,n0500_i06,500,high,5,5.0,3.1974929999996675,200,3401.955312991413,1.0009778649953325,True,False,False,False,True,True
ACO,n0500_i06,500,high,5,15.0,12.334463600000163,710,3401.871183279073,0.9984801298894755,True,False,False,True,True,True
ACO,n0500_i06,500,high,5,30.0,29.726480899997114,1668,3401.236238247923,0.9796291859068289,True,False,False,True,True,True
ACO,n0500_i06,500,high,5,60.0,45.786139800002275,2555,3400.572758268506,0.9599310651058012,True,False,False,True,True,True
ACO,n0500_i06,500,high,5,120.0,45.786139800002275,2555,3400.572758268506,0.9599310651058012,True,False,False,True,True,True
ACO,n0500_i06,500,high,5,150.0,45.786139800002275,2555,3400.572758268506,0.9599310651058012,True,False,False,True,True,True
BRKGA-R-LS,n0500_i06,500,high,1,1.0,0.9903169000754133,1494,3399.0107416240885,0.9135562030007424,True,False,False,True,True,True
BRKGA-R-LS,n0500_i06,500,high,1,5.0,4.930332600022666,7481,3398.809672350999,0.9075866380499326,True,False,False,True,True,True
BRKGA-R-LS,n0500_i06,500,high,1,15.0,14.846333000110462,19975,3398.50088358144,0.8984189786276989,True,False,False,True,True,True
BRKGA-R-LS,n0500_i06,500,high,1,30.0,29.80015770008322,42566,3398.0743022922275,0.8857541657817289,True,False,False,True,True,True
BRKGA-R-LS,n0500_i06,500,high,1,60.0,59.720801800023764,87992,3397.114486878244,0.8572581138165473,True,False,False,True,True,True
BRKGA-R-LS,n0500_i06,500,high,1,120.0,119.4690398001112,178405,3395.1128214765135,0.7978304775506472,True,False,False,True,True,True
BRKGA-R-LS,n0500_i06,500,high,1,150.0,149.7998827000847,224493,3394.2267876681235,0.7715249347567447,True,False,False,True,True,True
BRKGA-R-LS,n0500_i06,500,high,2,1.0,0.9913026000140235,1494,3399.0107416240885,0.9135562030007424,True,False,False,True,True,True
BRKGA-R-LS,n0500_i06,500,high,2,5.0,4.951830100035295,7481,3398.809672350999,0.9075866380499326,True,False,False,True,True,True
BRKGA-R-LS,n0500_i06,500,high,2,15.0,14.835765000083484,19725,3398.5044179601528,0.898523911136588,True,False,False,True,True,True
BRKGA-R-LS,n0500_i06,500,high,2,30.0,29.743236600072123,42166,3398.074579117578,0.8857623844761414,True,False,False,True,True,True
BRKGA-R-LS,n0500_i06,500,high,2,60.0,59.540423099999316,87130,3397.1159011565783,0.8573001024617815,True,False,False,True,True,True
BRKGA-R-LS,n0500_i06,500,high,2,120.0,119.29457680007908,177135,3395.194896922562,0.8002672233473738,True,False,False,True,True,True
BRKGA-R-LS,n0500_i06,500,high,2,150.0,149.7381426000502,223019,3394.2608593785444,0.7725364930382137,True,False,False,True,True,True
BRKGA-R-LS,n0500_i06,500,high,3,1.0,0.997920099995099,1494,3399.0107416240885,0.9135562030007424,True,False,False,True,True,True
BRKGA-R-LS,n0500_i06,500,high,3,5.0,4.9255125999916345,7481,3398.809672350999,0.9075866380499326,True,False,False,True,True,True
BRKGA-R-LS,n0500_i06,500,high,3,15.0,14.995909499935806,19975,3398.50088358144,0.8984189786276989,True,False,False,True,True,True
BRKGA-R-LS,n0500_i06,500,high,3,30.0,29.8867678999668,42566,3398.0743022922275,0.8857541657817289,True,False,False,True,True,True
BRKGA-R-LS,n0500_i06,500,high,3,60.0,59.739332099910825,87992,3397.114486878244,0.8572581138165473,True,False,False,True,True,True
BRKGA-R-LS,n0500_i06,500,high,3,120.0,119.33582589996513,178405,3395.1128214765135,0.7978304775506472,True,False,False,True,True,True
BRKGA-R-LS,n0500_i06,500,high,3,150.0,149.65760239993688,224493,3394.2267876681235,0.7715249347567447,True,False,False,True,True,True
BRKGA-R-LS,n0500_i06,500,high,4,1.0,0.9092039000242949,1358,3399.015886207379,0.9137089410279197,True,False,False,True,True,True
BRKGA-R-LS,n0500_i06,500,high,4,5.0,4.9384141999762505,7481,3398.809672350999,0.9075866380499326,True,False,False,True,True,True
BRKGA-R-LS,n0500_i06,500,high,4,15.0,14.930771699990146,20219,3398.496003062943,0.8982740804455269,True,False,False,True,True,True
BRKGA-R-LS,n0500_i06,500,high,4,30.0,29.82906539994292,42566,3398.0743022922275,0.8857541657817289,True,False,False,True,True,True
BRKGA-R-LS,n0500_i06,500,high,4,60.0,59.80642439995427,87992,3397.114486878244,0.8572581138165473,True,False,False,True,True,True
BRKGA-R-LS,n0500_i06,500,high,4,120.0,119.58605769998394,178405,3395.1128214765135,0.7978304775506472,True,False,False,True,True,True
BRKGA-R-LS,n0500_i06,500,high,4,150.0,149.99083319993224,224493,3394.2267876681235,0.7715249347567447,True,False,False,True,True,True
BRKGA-R-LS,n0500_i06,500,high,5,1.0,0.9975236000027508,1494,3399.0107416240885,0.9135562030007424,True,False,False,True,True,True
BRKGA-R-LS,n0500_i06,500,high,5,5.0,4.964096400071867,7481,3398.809672350999,0.9075866380499326,True,False,False,True,True,True
BRKGA-R-LS,n0500_i06,500,high,5,15.0,14.982220000005327,19975,3398.50088358144,0.8984189786276989,True,False,False,True,True,True
BRKGA-R-LS,n0500_i06,500,high,5,30.0,29.75782360008452,42166,3398.074579117578,0.8857623844761414,True,False,False,True,True,True
BRKGA-R-LS,n0500_i06,500,high,5,60.0,59.52106120006647,87130,3397.1159011565783,0.8573001024617815,True,False,False,True,True,True
BRKGA-R-LS,n0500_i06,500,high,5,120.0,119.35447460005525,177135,3395.194896922562,0.8002672233473738,True,False,False,True,True,True
BRKGA-R-LS,n0500_i06,500,high,5,150.0,149.81960060005076,223019,3394.2608593785444,0.7725364930382137,True,False,False,True,True,True
GA,n0500_i06,500,high,1,1.0,0.9823513999581337,1423,3396.65076530974,0.8434906396533451,True,False,False,True,True,True
GA,n0500_i06,500,high,1,5.0,4.968587500043213,7308,3389.503460877892,0.631293632256234,True,False,False,True,True,True
GA,n0500_i06,500,high,1,15.0,14.88340359996073,19848,3384.607816725563,0.48594638305046695,True,False,False,True,True,True
GA,n0500_i06,500,high,1,30.0,29.490771000040695,41206,3382.1274628297397,0.41230691813076353,True,False,False,True,True,True
GA,n0500_i06,500,high,1,60.0,59.95762070000637,85848,3379.287928999092,0.3280037256458598,True,False,False,True,True,True
GA,n0500_i06,500,high,1,120.0,119.33697529998608,172178,3376.5323265059524,0.24619237869739416,True,False,False,True,True,True
GA,n0500_i06,500,high,1,150.0,149.8047488000011,216414,3375.982203892176,0.22985973560685646,True,False,False,True,True,True
GA,n0500_i06,500,high,2,1.0,0.9468786999350414,1347,3396.316019897986,0.8335523509892081,True,False,False,True,True,True
GA,n0500_i06,500,high,2,5.0,4.9630711999488994,7222,3387.70855735481,0.5780045692540593,True,False,False,True,True,True
GA,n0500_i06,500,high,2,15.0,14.609935999964364,18672,3382.898400766076,0.4351953685304041,True,False,False,True,True,True
GA,n0500_i06,500,high,2,30.0,29.926354499999434,40560,3380.1587755441737,0.35385837232147205,True,False,False,True,True,True
GA,n0500_i06,500,high,2,60.0,59.88244790001772,84048,3376.986840587764,0.25968649090430473,True,False,False,True,True,True
GA,n0500_i06,500,high,2,120.0,119.86788969999179,170932,3374.4943786363247,0.18568754875908194,True,False,False,True,True,True
GA,n0500_i06,500,high,2,150.0,148.5952259999467,212523,3373.8457314499587,0.1664298001748636,True,False,False,True,True,True
GA,n0500_i06,500,high,3,1.0,0.9795474999118596,1409,3395.2870917084456,0.8030044031959016,True,False,False,True,True,True
GA,n0500_i06,500,high,3,5.0,4.969578100019135,7278,3388.5974389268617,0.6043946595766856,True,False,False,True,True,True
GA,n0500_i06,500,high,3,15.0,14.994852599920705,19642,3385.0458270130835,0.4989505125243401,True,False,False,True,True,True
GA,n0500_i06,500,high,3,30.0,29.56286629999522,40754,3382.275674875349,0.4167071997807766,True,False,False,True,True,True
GA,n0500_i06,500,high,3,60.0,58.87662959995214,83453,3379.5507996224037,0.3358081168161606,True,False,False,True,True,True
GA,n0500_i06,500,high,3,120.0,116.02368059998844,166621,3376.746924101119,0.25256358730102785,True,False,False,True,True,True
GA,n0500_i06,500,high,3,150.0,149.14846219995525,214850,3375.5948038607467,0.21835817888449569,True,False,False,True,True,True
GA,n0500_i06,500,high,4,1.0,0.994148499914445,1426,3396.1915250432044,0.8298562112944655,True,False,False,True,True,True
GA,n0500_i06,500,high,4,5.0,4.9342597998911515,7214,3389.5945568378297,0.6339981889557679,True,False,False,True,True,True
GA,n0500_i06,500,high,4,15.0,14.394528899923898,18772,3385.7273187905016,0.5191833873252918,True,False,False,True,True,True
GA,n0500_i06,500,high,4,30.0,29.722554599982686,40611,3381.584719236936,0.39619335150224605,True,False,False,True,True,True
GA,n0500_i06,500,high,4,60.0,59.95062079990748,84688,3378.531306593523,0.30554029041341985,True,False,False,True,True,True
GA,n0500_i06,500,high,4,120.0,119.64078029990196,171509,3375.542518766368,0.21680588169827955,True,False,False,True,True,True
GA,n0500_i06,500,high,4,150.0,147.66863039997406,212129,3375.118045587636,0.20420365674673896,True,False,False,True,True,True
GA,n0500_i06,500,high,5,1.0,0.9860100999940187,1412,3395.505394628071,0.8094856195330892,True,False,False,True,True,True
GA,n0500_i06,500,high,5,5.0,4.925142899970524,7177,3389.678822462316,0.6364999591703913,True,False,False,True,True,True
GA,n0500_i06,500,high,5,15.0,14.969353900058195,19752,3384.790653831094,0.4913746514283887,True,False,False,True,True,True
GA,n0500_i06,500,high,5,30.0,29.895529699977487,41324,3381.986591930081,0.40812458846760913,True,False,False,True,True,True
GA,n0500_i06,500,high,5,60.0,59.99584770004731,84946,3377.8713979933023,0.2859482006322055,True,False,False,True,True,True
GA,n0500_i06,500,high,5,120.0,119.62199720006902,171119,3375.206610500987,0.20683306896118783,True,False,False,True,True,True
GA,n0500_i06,500,high,5,150.0,148.9091092000017,213594,3374.772084866912,0.19393239569795842,True,False,False,True,True,True
HPSO,n0500_i06,500,high,1,1.0,0.9736776000354439,1183,3390.55624333257,0.6625497916171535,True,False,False,True,True,True
HPSO,n0500_i06,500,high,1,5.0,4.963277300004847,6206,3384.48788364976,0.48238567844972874,True,False,False,True,True,True
HPSO,n0500_i06,500,high,1,15.0,14.920161899994127,16730,3380.37953330007,0.3604124705283595,True,False,False,True,True,True
HPSO,n0500_i06,500,high,1,30.0,29.86614030005876,35886,3377.1099990738944,0.26334295502187416,True,False,False,True,True,True
HPSO,n0500_i06,500,high,1,60.0,59.672780800028704,74457,3374.5524424023693,0.18741140948312884,True,False,False,True,True,True
HPSO,n0500_i06,500,high,1,120.0,119.9390366000589,152162,3371.354188413877,0.09245813979591591,True,False,True,True,True,True
HPSO,n0500_i06,500,high,1,150.0,149.83606520004105,190848,3370.847951367999,0.07742841954358852,True,False,True,True,True,True
HPSO,n0500_i06,500,high,2,1.0,0.9615702999290079,1184,3391.262321131072,0.6835126031582502,True,False,False,True,True,True
HPSO,n0500_i06,500,high,2,5.0,4.976993900025263,6244,3384.9875723315686,0.49722098369256856,True,False,False,True,True,True
HPSO,n0500_i06,500,high,2,15.0,14.98338650004007,17149,3380.0912238900514,0.35185282477747637,True,False,False,True,True,True
HPSO,n0500_i06,500,high,2,30.0,29.874057100038044,36192,3377.8646034714106,0.2857464774195117,True,False,False,True,True,True
HPSO,n0500_i06,500,high,2,60.0,59.70056100003421,74723,3375.0237253541313,0.20140337427975505,True,False,False,True,True,True
HPSO,n0500_i06,500,high,2,120.0,119.72696050000377,151658,3372.6946422887827,0.13225500356757122,True,False,False,True,True,True
HPSO,n0500_i06,500,high,2,150.0,149.9224714000011,190194,3371.907528403575,0.10888630386904243,True,False,False,True,True,True
HPSO,n0500_i06,500,high,3,1.0,0.9451222999487072,1150,3389.330800668952,0.6261675067381549,True,False,False,True,True,True
HPSO,n0500_i06,500,high,3,5.0,4.964762999908999,6158,3383.6154947073596,0.45648523939205765,True,False,False,True,True,True
HPSO,n0500_i06,500,high,3,15.0,14.952640699921176,16728,3378.369162839444,0.30072638893325326,True,False,False,True,True,True
HPSO,n0500_i06,500,high,3,30.0,29.650085899978876,35688,3374.9634051068524,0.19961252066772672,True,False,False,True,True,True
HPSO,n0500_i06,500,high,3,60.0,59.45039479993284,73959,3372.315173673908,0.1209889234326919,True,False,False,True,True,True
HPSO,n0500_i06,500,high,3,120.0,117.05240719998255,148255,3370.061022153979,0.054065202565687566,True,False,True,True,True,True
HPSO,n0500_i06,500,high,3,150.0,148.33155479992274,188593,3369.657408609486,0.042082281297533254,True,False,True,True,True,True
HPSO,n0500_i06,500,high,4,1.0,0.9806248999666423,1198,3390.186711356859,0.6515787213163066,True,False,False,True,True,True
HPSO,n0500_i06,500,high,4,5.0,4.937655999907292,6193,3385.142352469736,0.501816266073058,True,False,False,True,True,True
HPSO,n0500_i06,500,high,4,15.0,14.983890799921937,17238,3379.868261521729,0.3452332736206271,True,False,False,True,True,True
HPSO,n0500_i06,500,high,4,30.0,29.950359199894592,36356,3376.4478351202433,0.24368390583615662,True,False,False,True,True,True
HPSO,n0500_i06,500,high,4,60.0,59.66189389990177,74642,3373.331572030264,0.15116487180576924,True,False,False,True,True,True
HPSO,n0500_i06,500,high,4,120.0,119.83813259995077,151944,3371.1700417329503,0.08699099130834298,True,False,True,True,True,True
HPSO,n0500_i06,500,high,4,150.0,148.3803801999893,188321,3370.7567052791974,0.07471940565380303,True,False,True,True,True,True
HPSO,n0500_i06,500,high,5,1.0,0.9825008000480011,1178,3391.0107718895656,0.6760443335791881,True,False,False,True,True,True
HPSO,n0500_i06,500,high,5,5.0,4.995747399982065,6113,3382.751038398783,0.43082031306148644,True,False,False,True,True,True
HPSO,n0500_i06,500,high,5,15.0,14.938832800020464,16683,3378.387620869196,0.30127439115047205,True,False,False,True,True,True
HPSO,n0500_i06,500,high,5,30.0,29.80401179997716,35723,3374.595705931639,0.18869586455678275,True,False,False,True,True,True
HPSO,n0500_i06,500,high,5,60.0,59.944052800070494,74136,3370.510364029798,0.06740575665235708,True,False,True,True,True,True
HPSO,n0500_i06,500,high,5,120.0,119.0498478000518,149919,3368.64644049706,0.012067551957789194,True,False,True,True,True,True
HPSO,n0500_i06,500,high,5,150.0,149.6974229000043,189176,3368.2399763878466,0.0,True,True,True,True,True,True
TS,n0500_i06,500,high,1,1.0,0.9468681999715045,1417,3393.5298457224358,0.7508333584268672,True,False,False,True,True,True
TS,n0500_i06,500,high,1,5.0,4.972034899983555,7467,3385.684962499922,0.5179258673482023,True,False,False,True,True,True
TS,n0500_i06,500,high,1,15.0,14.967878600000404,19713,3380.6227692379316,0.36763392563746383,True,False,False,True,True,True
TS,n0500_i06,500,high,1,30.0,29.552599199931137,41537,3377.056164494429,0.2617446550241701,True,False,False,True,True,True
TS,n0500_i06,500,high,1,60.0,54.97418979997747,79421,3373.559882567177,0.1579432052533085,True,False,False,True,True,True
TS,n0500_i06,500,high,1,120.0,65.26140630000737,94681,3373.1585030335855,0.14602660974927323,True,False,False,True,True,True
TS,n0500_i06,500,high,1,150.0,65.26140630000737,94681,3373.1585030335855,0.14602660974927323,True,False,False,True,True,True
TS,n0500_i06,500,high,2,1.0,0.9219690000172704,1381,3394.544107457325,0.7809458724401047,True,False,False,True,True,True
TS,n0500_i06,500,high,2,5.0,4.997994699981064,7481,3385.6618874768133,0.5172407907719868,True,False,False,True,True,True
TS,n0500_i06,500,high,2,15.0,14.920119400019757,19632,3379.6589300169794,0.33901841048091513,True,False,False,True,True,True
TS,n0500_i06,500,high,2,30.0,29.99185450002551,41964,3375.2587953537573,0.2083823900646699,True,False,False,True,True,True
TS,n0500_i06,500,high,2,60.0,59.210540600004606,85362,3371.9753893088073,0.11090103279893417,True,False,False,True,True,True
TS,n0500_i06,500,high,2,120.0,118.22129310003947,172983,3368.5339824909906,0.008728775419955474,True,False,True,True,True,True
TS,n0500_i06,500,high,2,150.0,118.22129310003947,172983,3368.5339824909906,0.008728775419955474,True,False,True,True,True,True
TS,n0500_i06,500,high,3,1.0,0.981904299929738,1472,3393.625774207698,0.7536813884346732,True,False,False,True,True,True
TS,n0500_i06,500,high,3,5.0,4.9574090000241995,7421,3386.508741475793,0.5423831204431665,True,False,False,True,True,True
TS,n0500_i06,500,high,3,15.0,14.99997959996108,20009,3380.65591159662,0.3686178923061365,True,False,False,True,True,True
TS,n0500_i06,500,high,3,30.0,29.920755599974655,42290,3377.2688894237303,0.26806026587115417,True,False,False,True,True,True
TS,n0500_i06,500,high,3,60.0,59.7061913999496,86709,3374.7293812817547,0.19266456485881087,True,False,False,True,True,True
TS,n0500_i06,500,high,3,120.0,89.24328729999252,130766,3372.79436733524,0.1352157500451552,True,False,False,True,True,True
TS,n0500_i06,500,high,3,150.0,89.24328729999252,130766,3372.79436733524,0.1352157500451552,True,False,False,True,True,True
TS,n0500_i06,500,high,4,1.0,0.9939467000076547,1488,3393.8324293962255,0.7598167941651436,True,False,False,True,True,True
TS,n0500_i06,500,high,4,5.0,4.956415299908258,7429,3385.331617270302,0.5074353669059194,True,False,False,True,True,True
TS,n0500_i06,500,high,4,15.0,14.962391899898648,19695,3381.136915149664,0.3828984529673719,True,False,False,True,True,True
TS,n0500_i06,500,high,4,30.0,29.898592799901962,42092,3377.9813427176396,0.2892123601074225,True,False,False,True,True,True
TS,n0500_i06,500,high,4,60.0,59.33095059997868,86064,3375.991274034855,0.23012901994355603,True,False,False,True,True,True
TS,n0500_i06,500,high,4,120.0,118.5808436999796,174604,3371.860384399715,0.10748664101275836,True,False,False,True,True,True
TS,n0500_i06,500,high,4,150.0,125.61223039997276,185053,3371.283319567879,0.09035410782387925,True,False,True,True,True,True
TS,n0500_i06,500,high,5,1.0,0.9540538999717683,1433,3394.2496212305077,0.7722028425823239,True,False,False,True,True,True
TS,n0500_i06,500,high,5,5.0,4.9893378999549896,7511,3386.438101279925,0.5402858768867856,True,False,False,True,True,True
TS,n0500_i06,500,high,5,15.0,14.91282839991618,19969,3380.232154938938,0.3560369402168327,True,False,False,True,True,True
TS,n0500_i06,500,high,5,30.0,29.947312099975534,42209,3374.9339565207365,0.19873821876755493,True,False,False,True,True,True
TS,n0500_i06,500,high,5,60.0,59.812135500018485,86612,3372.3063945437584,0.12072827899491663,True,False,False,True,True,True
TS,n0500_i06,500,high,5,120.0,95.16693269996904,139309,3370.5184634554153,0.06764622127702913,True,False,True,True,True,True
TS,n0500_i06,500,high,5,150.0,95.16693269996904,139309,3370.5184634554153,0.06764622127702913,True,False,True,True,True,True
